#pragma once
#include <Arduino.h>

#define ARM1_WIDTH 320
#define ARM1_HEIGHT 240

const uint16_t Arm1[76800] PROGMEM = {
  0x4249, 0x424A, 0x4249, 0x4249, 0x4249, 0x4249, 0x4249, 0x424A, 0x424A, 0x4249, 0x4249, 0x424A,
  0x4249, 0x4249, 0x424A, 0x4249, 0x4249, 0x424A, 0x4249, 0x4249, 0x4249, 0x424A, 0x4249, 0x4249,
  0x424A, 0x424A, 0x4249, 0x4249, 0x424A, 0x4249, 0x4249, 0x4249, 0x4249, 0x4249, 0x4249, 0x424A,
  0x4249, 0x4249, 0x4249, 0x424A, 0x4249, 0x4249, 0x4249, 0x424A, 0x4249, 0x4249, 0x4249, 0x424A,
  0x4249, 0x4249, 0x4249, 0x4249, 0x4249, 0x4249, 0x4249, 0x4249, 0x4249, 0x424A, 0x424A, 0x4249,
  0x424A, 0x4249, 0x4249, 0x4249, 0x4249, 0x4249, 0x4249, 0x4249, 0x4249, 0x4249, 0x4249, 0x4249,
  0x4249, 0x424A, 0x4249, 0x4249, 0x4249, 0x424A, 0x4249, 0x4249, 0x4249, 0x424A, 0x4249, 0x424A,
  0x4249, 0x424A, 0x424A, 0x4249, 0x4249, 0x424A, 0x4249, 0x4249, 0x424A, 0x424A, 0x4249, 0x4249,
  0x4249, 0x424A, 0x4249, 0x4249, 0x4249, 0x4249, 0x424A, 0x4249, 0x424A, 0x4249, 0x4249, 0x4249,
  0x4249, 0x424A, 0x4249, 0x4249, 0x4249, 0x4249, 0x4249, 0x4249, 0x4249, 0x4249, 0x4249, 0x4249,
  0x4249, 0x4249, 0x4249, 0x4249, 0x4249, 0x4249, 0x4249, 0x4249, 0x4249, 0x4249, 0x4249, 0x424A,
  0x424A, 0x4249, 0x424A, 0x4249, 0x4249, 0x4249, 0x4249, 0x4249, 0x4249, 0x424A, 0x4249, 0x4249,
  0x4249, 0x4249, 0x424A, 0x4249, 0x4249, 0x4249, 0x4249, 0x4249, 0x4249, 0x4249, 0x424A, 0x4249,
  0x4249, 0x4249, 0x4249, 0x4249, 0x4249, 0x424A, 0x4249, 0x4249, 0x4249, 0x4249, 0x4249, 0x4249,
  0x4249, 0x4249, 0x424A, 0x424A, 0x4249, 0x4249, 0x4249, 0x424A, 0x4249, 0x4249, 0x4249, 0x424A,
  0x4249, 0x4249, 0x4249, 0x4249, 0x4249, 0x424A, 0x4249, 0x4249, 0x4249, 0x4249, 0x4249, 0x4249,
  0x4249, 0x4249, 0x4249, 0x424A, 0x4249, 0x424A, 0x4249, 0x4249, 0x424A, 0x4249, 0x4249, 0x4249,
  0x4249, 0x4249, 0x4249, 0x4249, 0x4249, 0x4249, 0x424A, 0x4249, 0x4249, 0x4249, 0x424A, 0x424A,
  0x4249, 0x4249, 0x4249, 0x4249, 0x4249, 0x4249, 0x4249, 0x424A, 0x4249, 0x4249, 0x4249, 0x4249,
  0x4249, 0x424A, 0x4249, 0x424A, 0x4249, 0x4249, 0x4249, 0x4249, 0x424A, 0x4249, 0x4249, 0x424A,
  0x4249, 0x424A, 0x4249, 0x4249, 0x4249, 0x4249, 0x4249, 0x4249, 0x4249, 0x4249, 0x4249, 0x424A,
  0x4249, 0x4249, 0x424A, 0x4249, 0x4249, 0x424A, 0x4249, 0x4249, 0x4249, 0x4249, 0x4249, 0x424A,
  0x424A, 0x4249, 0x4249, 0x424A, 0x4249, 0x4249, 0x424A, 0x4249, 0x4249, 0x424A, 0x4249, 0x4249,
  0x4249, 0x424A, 0x4249, 0x4249, 0x424A, 0x424A, 0x4249, 0x4249, 0x424A, 0x4249, 0x4249, 0x4249,
  0x4249, 0x4249, 0x4249, 0x424A, 0x4249, 0x4249, 0x4249, 0x424A, 0x4249, 0x4249, 0x4249, 0x424A,
  0x4249, 0x4249, 0x4249, 0x424A, 0x4249, 0x4249, 0x4249, 0x4249, 0x4249, 0x4249, 0x4249, 0x4249,
  0x4249, 0x424A, 0x424A, 0x4249, 0x424A, 0x4249, 0x4249, 0x4249, 0x4249, 0x424A, 0x4249, 0x4249,
  0x4249, 0x4249, 0x424A, 0x4249, 0x4249, 0x4249, 0x4249, 0x4249, 0x4249, 0x4249, 0x4249, 0x4249,
  0x4249, 0x4249, 0x4249, 0x4249, 0x424A, 0x4249, 0x4249, 0x4249, 0x424A, 0x4249, 0x4249, 0x4249,
  0x424A, 0x4249, 0x4249, 0x4249, 0x4249, 0x424A, 0x4249, 0x4249, 0x4249, 0x4249, 0x4249, 0x4249,
  0x4249, 0x4249, 0x4249, 0x4249, 0x4249, 0x424A, 0x4249, 0x4249, 0x4249, 0x4249, 0x4249, 0x424A,
  0x4249, 0x4249, 0x4249, 0x4249, 0x4249, 0x4249, 0x4249, 0x4249, 0x4249, 0x4249, 0x424A, 0x4249,
  0x4249, 0x424A, 0x4249, 0x4249, 0x4249, 0x424A, 0x424A, 0x4249, 0x4249, 0x4249, 0x424A, 0x4249,
  0x4249, 0x424A, 0x4249, 0x4249, 0x424A, 0x4249, 0x4249, 0x4249, 0x424A, 0x4249, 0x4249, 0x4249,
  0x424A, 0x4249, 0x4249, 0x4249, 0x4249, 0x4249, 0x4249, 0x4249, 0x4249, 0x4249, 0x4249, 0x424A,
  0x4249, 0x424A, 0x4249, 0x4249, 0x4249, 0x4249, 0x424A, 0x4249, 0x4249, 0x4249, 0x4249, 0x4249,
  0x424A, 0x424A, 0x4249, 0x4249, 0x424A, 0x4249, 0x4249, 0x4249, 0x424A, 0x4249, 0x424A, 0x4249,
  0x4249, 0x4249, 0x4249, 0x4249, 0x424A, 0x4249, 0x4249, 0x4249, 0x4249, 0x4249, 0x4249, 0x424A,
  0x4249, 0x4249, 0x4249, 0x4249, 0x424A, 0x4249, 0x424A, 0x4249, 0x4249, 0x4249, 0x4249, 0x4249,
  0x4249, 0x4249, 0x424A, 0x424A, 0x4249, 0x4249, 0x424A, 0x4249, 0x4249, 0x4249, 0x4249, 0x4249,
  0x4249, 0x424A, 0x4249, 0x4249, 0x424A, 0x4249, 0x424A, 0x4249, 0x424A, 0x4249, 0x4249, 0x4249,
  0x4249, 0x4249, 0x4249, 0x4249, 0x4249, 0x424A, 0x4249, 0x4249, 0x4249, 0x4249, 0x4249, 0x4249,
  0x4249, 0x4249, 0x4249, 0x4249, 0x4249, 0x424A, 0x4249, 0x4249, 0x4249, 0x424A, 0x424A, 0x4249,
  0x4249, 0x4249, 0x4249, 0x4249, 0x4249, 0x4249, 0x424A, 0x4249, 0x4249, 0x424A, 0x4249, 0x4249,
  0x4249, 0x4249, 0x424A, 0x4249, 0x4249, 0x424A, 0x4249, 0x4249, 0x4249, 0x4249, 0x424A, 0x4249,
  0x4249, 0x424A, 0x4249, 0x424A, 0x4249, 0x4249, 0x424A, 0x4249, 0x4249, 0x4249, 0x4249, 0x4249,
  0x424A, 0x4249, 0x424A, 0x4249, 0x424A, 0x4249, 0x4249, 0x4249, 0x4249, 0x4249, 0x4249, 0x4249,
  0x424A, 0x4249, 0x4249, 0x4249, 0x424A, 0x4249, 0x4249, 0x4249, 0x4249, 0x424A, 0x4249, 0x4249,
  0x4249, 0x424A, 0x4249, 0x4249, 0x4249, 0x4249, 0x424A, 0x4249, 0x4249, 0x4249, 0x4249, 0x4249,
  0x4249, 0x4249, 0x4249, 0x4249, 0x4249, 0x4249, 0x4249, 0x4249, 0x424A, 0x4249, 0x4249, 0x4249,
  0x424A, 0x4249, 0x4249, 0x4249, 0x424A, 0x4249, 0x4249, 0x4249, 0x4249, 0x424A, 0x4249, 0x4249,
  0x4249, 0x4249, 0x4249, 0x4249, 0x4249, 0x4249, 0x4249, 0x4249, 0x4249, 0x424A, 0x4249, 0x4249,
  0x4249, 0x4249, 0x4249, 0x424A, 0x4249, 0x4249, 0x4249, 0x4249, 0x4249, 0x4249, 0x4249, 0x4249,
  0x4249, 0x4249, 0x424A, 0x4249, 0x4249, 0x4249, 0x424A, 0x4249, 0x424A, 0x4249, 0x4249, 0x4249,
  0x424A, 0x4249, 0x4249, 0x424A, 0x4249, 0x4249, 0x4249, 0x424A, 0x4249, 0x4249, 0x424A, 0x4249,
  0x4249, 0x4249, 0x424A, 0x4249, 0x4249, 0x4249, 0x424A, 0x4249, 0x4249, 0x424A, 0x4249, 0x4249,
  0x4249, 0x424A, 0x4249, 0x424A, 0x4249, 0x4249, 0x424A, 0x4249, 0x4249, 0x424A, 0x4249, 0x4249,
  0x4249, 0x4249, 0x4249, 0x424A, 0x4249, 0x4249, 0x4249, 0x4249, 0x4249, 0x4249, 0x4249, 0x424A,
  0x424A, 0x4249, 0x4249, 0x4249, 0x4249, 0x4249, 0x4249, 0x4249, 0x4249, 0x4249, 0x424A, 0x4249,
  0x4249, 0x4249, 0x4249, 0x424A, 0x4249, 0x4249, 0x4249, 0x4249, 0x4249, 0x4249, 0x4249, 0x4249,
  0x4249, 0x4249, 0x4249, 0x4249, 0x4249, 0x4249, 0x4249, 0x4249, 0x4249, 0x4249, 0x4249, 0x424A,
  0x4249, 0x4249, 0x4249, 0x424A, 0x4249, 0x424A, 0x4249, 0x4249, 0x4249, 0x4249, 0x4249, 0x4249,
  0x4249, 0x4249, 0x4249, 0x424A, 0x4249, 0x4249, 0x4249, 0x4249, 0x4249, 0x424A, 0x4249, 0x4249,
  0x4249, 0x424A, 0x4249, 0x424A, 0x4249, 0x4249, 0x4249, 0x424A, 0x4249, 0x424A, 0x4249, 0x4249,
  0x4249, 0x4249, 0x424A, 0x4249, 0x4249, 0x424A, 0x4249, 0x424A, 0x4249, 0x4249, 0x424A, 0x4249,
  0x4249, 0x424A, 0x4249, 0x4249, 0x424A, 0x4249, 0x424A, 0x4249, 0x4249, 0x4249, 0x4249, 0x4249,
  0x424A, 0x4249, 0x4249, 0x4249, 0x4249, 0x4249, 0x424A, 0x424A, 0x4249, 0x4249, 0x424A, 0x4249,
  0x4249, 0x4249, 0x424A, 0x4249, 0x4249, 0x4249, 0x4249, 0x4249, 0x424A, 0x4249, 0x424A, 0x4249,
  0x4249, 0x4249, 0x4249, 0x4249, 0x4249, 0x4249, 0x424A, 0x4249, 0x424A, 0x424A, 0x4249, 0x4249,
  0x4249, 0x424A, 0x4249, 0x4249, 0x424A, 0x4249, 0x4249, 0x4249, 0x4249, 0x4249, 0x424A, 0x4249,
  0x4249, 0x424A, 0x4249, 0x4249, 0x4249, 0x424A, 0x4249, 0x424A, 0x4249, 0x4249, 0x424A, 0x4249,
  0x4249, 0x4249, 0x4249, 0x424A, 0x4249, 0x4249, 0x424A, 0x4249, 0x4249, 0x4249, 0x4249, 0x4249,
  0x4249, 0x4249, 0x424A, 0x4249, 0x4249, 0x424A, 0x4249, 0x4249, 0x4249, 0x4249, 0x4249, 0x4249,
  0x424A, 0x4249, 0x4249, 0x4249, 0x4249, 0x4249, 0x424A, 0x4249, 0x4249, 0x4249, 0x4249, 0x424A,
  0x4249, 0x424A, 0x4249, 0x4249, 0x4249, 0x4249, 0x4249, 0x424A, 0x4249, 0x4249, 0x424A, 0x4249,
  0x424A, 0x4249, 0x4249, 0x4249, 0x424A, 0x4249, 0x4249, 0x424A, 0x4249, 0x4249, 0x4249, 0x424A,
  0x4249, 0x4249, 0x424A, 0x4249, 0x4249, 0x4249, 0x424A, 0x4249, 0x4249, 0x4249, 0x424A, 0x4249,
  0x4249, 0x424A, 0x4249, 0x4249, 0x4249, 0x424A, 0x4249, 0x424A, 0x4249, 0x4249, 0x424A, 0x4249,
  0x4249, 0x424A, 0x4249, 0x4249, 0x4249, 0x4249, 0x4249, 0x424A, 0x4249, 0x4249, 0x4249, 0x4249,
  0x4249, 0x4249, 0x4249, 0x424A, 0x424A, 0x4249, 0x4249, 0x4249, 0x4249, 0x4249, 0x4249, 0x4249,
  0x4249, 0x4249, 0x4249, 0x4249, 0x424A, 0x4249, 0x4249, 0x4249, 0x424A, 0x4249, 0x4249, 0x4249,
  0x4249, 0x424A, 0x4249, 0x4249, 0x4249, 0x4249, 0x4249, 0x4249, 0x4249, 0x4249, 0x4249, 0x4249,
  0x4249, 0x4249, 0x4249, 0x4249, 0x4249, 0x4249, 0x4249, 0x4249, 0x424A, 0x4249, 0x4249, 0x4249,
  0x4249, 0x4249, 0x4249, 0x4249, 0x424A, 0x4249, 0x424A, 0x4249, 0x4249, 0x4249, 0x4249, 0x4249,
  0x4249, 0x424A, 0x424A, 0x4249, 0x424A, 0x424A, 0x4249, 0x4249, 0x4249, 0x4249, 0x424A, 0x424A,
  0x4249, 0x424A, 0x4249, 0x4249, 0x4249, 0x4249, 0x4249, 0x4249, 0x4249, 0x4249, 0x4249, 0x424A,
  0x424A, 0x4249, 0x4249, 0x424A, 0x4249, 0x4249, 0x4249, 0x4249, 0x424A, 0x4249, 0x4249, 0x424A,
  0x4249, 0x4249, 0x4249, 0x424A, 0x424A, 0x4249, 0x4249, 0x4249, 0x4249, 0x4249, 0x4249, 0x4249,
  0x4249, 0x4249, 0x4249, 0x4249, 0x4249, 0x424A, 0x4249, 0x424A, 0x4249, 0x4249, 0x424A, 0x4249,
  0x4249, 0x4249, 0x424A, 0x4249, 0x4249, 0x4249, 0x4249, 0x424A, 0x4249, 0x4249, 0x4249, 0x4249,
  0x4249, 0x4249, 0x4249, 0x4249, 0x4249, 0x4249, 0x424A, 0x4249, 0x4249, 0x424A, 0x4249, 0x4249,
  0x4249, 0x4249, 0x4249, 0x4249, 0x4249, 0x4249, 0x424A, 0x4249, 0x4249, 0x4249, 0x4249, 0x4249,
  0x4249, 0x4249, 0x424A, 0x4249, 0x424A, 0x4249, 0x4249, 0x4249, 0x4249, 0x4249, 0x4249, 0x4249,
  0x424A, 0x4249, 0x4249, 0x4249, 0x4249, 0x4249, 0x4249, 0x4249, 0x424A, 0x4249, 0x4249, 0x4249,
  0x4249, 0x424A, 0x4249, 0x4249, 0x424A, 0x4249, 0x4249, 0x4249, 0x4249, 0x4249, 0x424A, 0x424A,
  0x4249, 0x424A, 0x4249, 0x4249, 0x4249, 0x4249, 0x424A, 0x424A, 0x4249, 0x4249, 0x424A, 0x4249,
  0x4249, 0x4249, 0x4249, 0x4249, 0x4249, 0x424A, 0x4249, 0x4249, 0x4249, 0x4249, 0x4249, 0x4249,
  0x4249, 0x4249, 0x4249, 0x424A, 0x4249, 0x4249, 0x4249, 0x4249, 0x4249, 0x4249, 0x4249, 0x4249,
  0x4249, 0x4249, 0x4249, 0x4249, 0x4249, 0x424A, 0x4249, 0x4249, 0x4249, 0x4249, 0x4249, 0x4249,
  0x4249, 0x4249, 0x4249, 0x4249, 0x4249, 0x4249, 0x4249, 0x4249, 0x4249, 0x4249, 0x4249, 0x424A,
  0x424A, 0x4249, 0x4249, 0x424A, 0x4249, 0x424A, 0x4249, 0x4249, 0x4249, 0x4249, 0x424A, 0x4249,
  0x424A, 0x4249, 0x4249, 0x4249, 0x4249, 0x4249, 0x4249, 0x4249, 0x424A, 0x4249, 0x4249, 0x4249,
  0x424A, 0x4249, 0x4249, 0x4249, 0x4249, 0x424A, 0x4249, 0x4249, 0x4249, 0x4249, 0x4249, 0x4249,
  0x4249, 0x4249, 0x4249, 0x4249, 0x4249, 0x4249, 0x4249, 0x4249, 0x4249, 0x4249, 0x4249, 0x4249,
  0x424A, 0x4249, 0x4249, 0x4249, 0x4249, 0x4249, 0x4249, 0x4249, 0x424A, 0x4249, 0x424A, 0x4249,
  0x4249, 0x4249, 0x4249, 0x4249, 0x4249, 0x424A, 0x424A, 0x4249, 0x424A, 0x424A, 0x4249, 0x4249,
  0x4249, 0x4249, 0x424A, 0x424A, 0x4249, 0x424A, 0x4249, 0x4249, 0x4249, 0x4249, 0x4249, 0x4249,
  0x4249, 0x424A, 0x4249, 0x4249, 0x4249, 0x4249, 0x4249, 0x424A, 0x4249, 0x4249, 0x424A, 0x4249,
  0x4249, 0x4249, 0x424A, 0x4249, 0x4249, 0x4249, 0x424A, 0x424A, 0x4249, 0x4249, 0x424A, 0x4249,
  0x4249, 0x4249, 0x424A, 0x4249, 0x4249, 0x4249, 0x4249, 0x424A, 0x4249, 0x424A, 0x4249, 0x4249,
  0x4249, 0x4249, 0x4249, 0x424A, 0x4249, 0x424A, 0x4249, 0x4249, 0x4249, 0x4249, 0x4249, 0x4249,
  0x4249, 0x4249, 0x4249, 0x424A, 0x4249, 0x4249, 0x4249, 0x4249, 0x4249, 0x4249, 0x4249, 0x424A,
  0x424A, 0x4249, 0x424A, 0x4249, 0x424A, 0x4249, 0x4249, 0x4249, 0x4249, 0x4249, 0x4249, 0x4249,
  0x4249, 0x4249, 0x424A, 0x4249, 0x424A, 0x4249, 0x4249, 0x424A, 0x4249, 0x4249, 0x424A, 0x4249,
  0x4249, 0x4249, 0x424A, 0x424A, 0x4249, 0x424A, 0x4249, 0x4249, 0x4249, 0x424A, 0x424A, 0x4249,
  0x424A, 0x4249, 0x4249, 0x4249, 0x4249, 0x4249, 0x4249, 0x4249, 0x4249, 0x424A, 0x4249, 0x4249,
  0x4249, 0x4249, 0x424A, 0x4249, 0x4249, 0x4249, 0x424A, 0x4249, 0x4249, 0x4249, 0x424A, 0x4249,
  0x4249, 0x4249, 0x4249, 0x4249, 0x4249, 0x4249, 0x4249, 0x4249, 0x424A, 0x4249, 0x424A, 0x4249,
  0x4249, 0x4249, 0x4249, 0x4249, 0x4249, 0x4249, 0x424A, 0x4249, 0x4249, 0x4249, 0x4249, 0x424A,
  0x4249, 0x424A, 0x4249, 0x4249, 0x424A, 0x4249, 0x4249, 0x4249, 0x424A, 0x4249, 0x424A, 0x4249,
  0x424A, 0x4249, 0x4249, 0x4249, 0x4249, 0x4249, 0x4249, 0x4249, 0x4249, 0x4249, 0x4249, 0x424A,
  0x4249, 0x4249, 0x4249, 0x424A, 0x424A, 0x4249, 0x4249, 0x4249, 0x4249, 0x4249, 0x4249, 0x4249,
  0x4249, 0x4249, 0x4249, 0x4249, 0x4249, 0x4249, 0x4249, 0x4249, 0x424A, 0x4249, 0x424A, 0x4249,
  0x424A, 0x4249, 0x4249, 0x4249, 0x4249, 0x4249, 0x4249, 0x424A, 0x4249, 0x4249, 0x4249, 0x4249,
  0x4249, 0x4249, 0x424A, 0x4249, 0x424A, 0x4249, 0x4249, 0x4249, 0x4249, 0x424A, 0x4249, 0x424A,
  0x4249, 0x4249, 0x4249, 0x424A, 0x4249, 0x424A, 0x4249, 0x424A, 0x4249, 0x4249, 0x424A, 0x424A,
  0x4249, 0x424A, 0x4249, 0x424A, 0x4249, 0x4249, 0x4249, 0x4249, 0x4249, 0x4249, 0x4249, 0x4249,
  0x4249, 0x4249, 0x424A, 0x4249, 0x4249, 0x4249, 0x4249, 0x4249, 0x4249, 0x4249, 0x4249, 0x424A,
  0x4249, 0x4249, 0x4249, 0x4249, 0x4249, 0x424A, 0x4249, 0x4249, 0x4249, 0x4249, 0x4249, 0x424A,
  0x4249, 0x4249, 0x424A, 0x4249, 0x4249, 0x4249, 0x424A, 0x4249, 0x4249, 0x4249, 0x424A, 0x424A,
  0x4249, 0x4249, 0x424A, 0x4249, 0x4249, 0x4249, 0x424A, 0x4249, 0x4249, 0x4249, 0x4249, 0x424A,
  0x4249, 0x424A, 0x4249, 0x4249, 0x4249, 0x4249, 0x4249, 0x424A, 0x4249, 0x424A, 0x4249, 0x4249,
  0x4249, 0x4249, 0x4249, 0x4249, 0x4249, 0x4249, 0x4249, 0x424A, 0x4249, 0x4249, 0x4249, 0x4249,
  0x4249, 0x4249, 0x4249, 0x424A, 0x4249, 0x424A, 0x4249, 0x424A, 0x4249, 0x4249, 0x4249, 0x4249,
  0x4249, 0x424A, 0x424A, 0x4249, 0x4249, 0x4249, 0x4249, 0x4249, 0x4249, 0x424A, 0x4249, 0x424A,
  0x4249, 0x4249, 0x4249, 0x4249, 0x424A, 0x4249, 0x4249, 0x4249, 0x424A, 0x4249, 0x4249, 0x424A,
  0x4249, 0x4249, 0x424A, 0x4249, 0x4249, 0x4249, 0x4249, 0x424A, 0x4249, 0x4249, 0x4249, 0x4249,
  0x4249, 0x4249, 0x424A, 0x4249, 0x4249, 0x4249, 0x4249, 0x4249, 0x424A, 0x4249, 0x4249, 0x4249,
  0x424A, 0x4249, 0x4249, 0x424A, 0x4249, 0x4249, 0x4249, 0x424A, 0x4249, 0x4249, 0x4249, 0x4249,
  0x424A, 0x4249, 0x4249, 0x4249, 0x4249, 0x424A, 0x4249, 0x424A, 0x424A, 0x4249, 0x4249, 0x4249,
  0x4249, 0x4249, 0x4249, 0x4249, 0x4249, 0x4249, 0x4249, 0x4249, 0x4249, 0x4249, 0x4249, 0x4249,
  0x4249, 0x4249, 0x424A, 0x4249, 0x4249, 0x4249, 0x4249, 0x4249, 0x4249, 0x4249, 0x424A, 0x4249,
  0x424A, 0x424A, 0x4249, 0x4249, 0x4249, 0x4249, 0x4249, 0x424A, 0x4249, 0x4249, 0x4249, 0x4249,
  0x4249, 0x4249, 0x4249, 0x4249, 0x424A, 0x4249, 0x4249, 0x424A, 0x4249, 0x4249, 0x4249, 0x424A,
  0x4249, 0x4249, 0x424A, 0x4249, 0x4249, 0x4249, 0x4249, 0x4249, 0x4249, 0x4249, 0x4249, 0x4249,
  0x424A, 0x4249, 0x424A, 0x4249, 0x4249, 0x4249, 0x4249, 0x4249, 0x4249, 0x4249, 0x4249, 0x4249,
  0x4249, 0x4249, 0x4249, 0x4249, 0x4249, 0x4249, 0x4249, 0x4249, 0x4249, 0x4249, 0x424A, 0x424A,
  0x4249, 0x424A, 0x424A, 0x424A, 0x4249, 0x424A, 0x4249, 0x4249, 0x4249, 0x4249, 0x4249, 0x4249,
  0x424A, 0x4249, 0x4249, 0x4249, 0x4249, 0x4249, 0x4249, 0x424A, 0x4249, 0x4249, 0x4249, 0x4249,
  0x4249, 0x424A, 0x4249, 0x4249, 0x4249, 0x4249, 0x4249, 0x4249, 0x4249, 0x4249, 0x4249, 0x424A,
  0x424A, 0x4249, 0x4249, 0x424A, 0x424A, 0x4249, 0x4249, 0x424A, 0x4249, 0x424A, 0x4249, 0x4249,
  0x424A, 0x4249, 0x424A, 0x4249, 0x4249, 0x4249, 0x4249, 0x4249, 0x424A, 0x4249, 0x424A, 0x4249,
  0x4249, 0x424A, 0x4249, 0x4249, 0x4249, 0x4249, 0x4249, 0x424A, 0x4249, 0x4249, 0x4249, 0x4249,
  0x424A, 0x4249, 0x4249, 0x4249, 0x424A, 0x4249, 0x4249, 0x4249, 0x4249, 0x4249, 0x4249, 0x4249,
  0x424A, 0x4249, 0x4249, 0x424A, 0x4249, 0x4249, 0x424A, 0x4249, 0x4249, 0x424A, 0x4249, 0x424A,
  0x4249, 0x4249, 0x4249, 0x4249, 0x4249, 0x424A, 0x424A, 0x4249, 0x4249, 0x4249, 0x4249, 0x4249,
  0x4249, 0x424A, 0x4249, 0x424A, 0x4249, 0x4249, 0x4249, 0x4249, 0x424A, 0x4249, 0x4249, 0x4249,
  0x424A, 0x4249, 0x4249, 0x424A, 0x4249, 0x4249, 0x424A, 0x4249, 0x4249, 0x4249, 0x4249, 0x424A,
  0x4249, 0x4249, 0x4249, 0x4249, 0x4249, 0x4249, 0x424A, 0x4249, 0x4249, 0x4249, 0x4249, 0x4249,
  0x424A, 0x4249, 0x4249, 0x4249, 0x424A, 0x4249, 0x4249, 0x424A, 0x4249, 0x4249, 0x4249, 0x424A,
  0x4249, 0x424A, 0x4249, 0x4249, 0x4249, 0x4249, 0x424A, 0x424A, 0x4249, 0x4249, 0x4249, 0x4249,
  0x4249, 0x4249, 0x424A, 0x424A, 0x4249, 0x4249, 0x4249, 0x4249, 0x4249, 0x4249, 0x4249, 0x4249,
  0x4249, 0x4249, 0x4249, 0x4249, 0x424A, 0x424A, 0x4249, 0x4249, 0x4249, 0x4249, 0x4249, 0x4249,
  0x4249, 0x4249, 0x424A, 0x4249, 0x4249, 0x4249, 0x424A, 0x4249, 0x4249, 0x4249, 0x424A, 0x4249,
  0x4249, 0x424A, 0x424A, 0x4249, 0x4249, 0x4249, 0x4249, 0x4249, 0x4249, 0x4249, 0x4249, 0x424A,
  0x4249, 0x4249, 0x4249, 0x4249, 0x4249, 0x4249, 0x4249, 0x4249, 0x4249, 0x4249, 0x424A, 0x4249,
  0x4249, 0x4249, 0x4249, 0x4249, 0x4249, 0x4249, 0x4249, 0x424A, 0x4249, 0x4249, 0x424A, 0x4249,
  0x4249, 0x424A, 0x424A, 0x4249, 0x424A, 0x4249, 0x4249, 0x4249, 0x4249, 0x4249, 0x4249, 0x4249,
  0x424A, 0x4249, 0x4249, 0x424A, 0x4249, 0x4249, 0x4249, 0x4249, 0x4249, 0x4249, 0x4249, 0x424A,
  0x4249, 0x4249, 0x4249, 0x424A, 0x424A, 0x4249, 0x4249, 0x4249, 0x424A, 0x424A, 0x4249, 0x4249,
  0x424A, 0x4249, 0x4249, 0x4249, 0x424A, 0x424A, 0x4249, 0x4249, 0x424A, 0x4249, 0x4249, 0x424A,
  0x4249, 0x4249, 0x424A, 0x4249, 0x4249, 0x424A, 0x424A, 0x4249, 0x4249, 0x4249, 0x4249, 0x4249,
  0x424A, 0x4249, 0x424A, 0x4249, 0x424A, 0x424A, 0x4249, 0x424A, 0x4249, 0x424A, 0x424A, 0x4249,
  0x4249, 0x4249, 0x4249, 0x4249, 0x424A, 0x4249, 0x4249, 0x4249, 0x4249, 0x4249, 0x4249, 0x4249,
  0x4249, 0x4249, 0x4249, 0x4249, 0x4249, 0x4249, 0x424A, 0x4249, 0x4249, 0x4249, 0x4249, 0x424A,
  0x4249, 0x4249, 0x4249, 0x424A, 0x4249, 0x4249, 0x424A, 0x4249, 0x4249, 0x4249, 0x4249, 0x424A,
  0x4249, 0x4249, 0x4249, 0x424A, 0x4249, 0x4249, 0x424A, 0x4249, 0x4249, 0x4249, 0x4249, 0x4249,
  0x424A, 0x4249, 0x4249, 0x424A, 0x4249, 0x4249, 0x424A, 0x4249, 0x4249, 0x4249, 0x4249, 0x424A,
  0x424A, 0x4249, 0x4249, 0x4249, 0x4249, 0x4249, 0x4249, 0x4249, 0x4249, 0x4249, 0x4249, 0x4249,
  0x424A, 0x4249, 0x4249, 0x4249, 0x4249, 0x4249, 0x4249, 0x4249, 0x4249, 0x4249, 0x424A, 0x4249,
  0x4249, 0x424A, 0x4249, 0x424A, 0x424A, 0x424A, 0x4249, 0x4249, 0x4249, 0x4249, 0x424A, 0x4249,
  0x424A, 0x4249, 0x4249, 0x4249, 0x4249, 0x424A, 0x4249, 0x4249, 0x4249, 0x4249, 0x424A, 0x424A,
  0x4249, 0x4249, 0x4249, 0x4249, 0x4249, 0x4249, 0x424A, 0x424A, 0x4249, 0x4249, 0x4249, 0x4249,
  0x4249, 0x4249, 0x4249, 0x4249, 0x4249, 0x4249, 0x4249, 0x4249, 0x424A, 0x424A, 0x4249, 0x4249,
  0x4249, 0x4249, 0x4249, 0x4249, 0x4249, 0x4249, 0x424A, 0x4249, 0x4249, 0x4249, 0x424A, 0x4249,
  0x4249, 0x4249, 0x424A, 0x4249, 0x4249, 0x424A, 0x424A, 0x4249, 0x4249, 0x4249, 0x4249, 0x4249,
  0x4249, 0x4249, 0x4249, 0x424A, 0x4249, 0x4249, 0x4249, 0x4249, 0x4249, 0x4249, 0x4249, 0x4249,
  0x4249, 0x424A, 0x4249, 0x4249, 0x4249, 0x4249, 0x4249, 0x424A, 0x4249, 0x4249, 0x4249, 0x4249,
  0x4249, 0x4249, 0x4249, 0x424A, 0x424A, 0x4249, 0x4249, 0x424A, 0x4249, 0x4249, 0x424A, 0x4249,
  0x4249, 0x4249, 0x4249, 0x4249, 0x4249, 0x424A, 0x4249, 0x424A, 0x4249, 0x4249, 0x4249, 0x4249,
  0x4249, 0x4249, 0x424A, 0x424A, 0x4249, 0x4249, 0x4249, 0x4249, 0x4249, 0x4249, 0x4249, 0x4249,
  0x4249, 0x4249, 0x424A, 0x4249, 0x424A, 0x4249, 0x4249, 0x4249, 0x4249, 0x424A, 0x4249, 0x4249,
  0x424A, 0x4249, 0x4249, 0x4249, 0x4249, 0x4249, 0x4249, 0x424A, 0x424A, 0x4249, 0x424A, 0x4249,
  0x4249, 0x4249, 0x4249, 0x424A, 0x4249, 0x4249, 0x4249, 0x424A, 0x4249, 0x4249, 0x4249, 0x4249,
  0x4249, 0x4249, 0x4249, 0x424A, 0x4249, 0x4249, 0x424A, 0x4249, 0x4249, 0x424A, 0x4249, 0x4249,
  0x4249, 0x424A, 0x4249, 0x424A, 0x4249, 0x4249, 0x424A, 0x4249, 0x4249, 0x4249, 0x4249, 0x4249,
  0x4249, 0x4249, 0x4249, 0x4249, 0x4249, 0x4249, 0x4249, 0x4249, 0x4249, 0x4249, 0x4249, 0x4249,
  0x4249, 0x4249, 0x4249, 0x4249, 0x4249, 0x424A, 0x4249, 0x4249, 0x424A, 0x4249, 0x4249, 0x4249,
  0x424A, 0x4249, 0x4249, 0x4249, 0x4249, 0x4249, 0x4249, 0x424A, 0x4249, 0x4249, 0x4249, 0x4249,
  0x4249, 0x4249, 0x4249, 0x4249, 0x4249, 0x4249, 0x4249, 0x4249, 0x424A, 0x4249, 0x424A, 0x4249,
  0x4249, 0x4249, 0x4249, 0x424A, 0x4249, 0x4249, 0x4249, 0x4249, 0x4249, 0x4249, 0x4249, 0x424A,
  0x4249, 0x424A, 0x4249, 0x424A, 0x4249, 0x4249, 0x424A, 0x4249, 0x424A, 0x424A, 0x4249, 0x4249,
  0x4249, 0x4249, 0x424A, 0x4249, 0x4249, 0x424A, 0x4249, 0x4249, 0x4249, 0x424A, 0x4249, 0x424A,
  0x4249, 0x4249, 0x4249, 0x4249, 0x4249, 0x424A, 0x4249, 0x4249, 0x4249, 0x4249, 0x4249, 0x4249,
  0x4249, 0x4249, 0x4249, 0x4249, 0x4249, 0x4249, 0x4249, 0x4249, 0x4249, 0x4249, 0x4249, 0x4249,
  0x4249, 0x4249, 0x4249, 0x4249, 0x424A, 0x4249, 0x4249, 0x4249, 0x424A, 0x4249, 0x4249, 0x4249,
  0x4249, 0x424A, 0x4249, 0x4249, 0x424A, 0x4249, 0x4249, 0x424A, 0x4249, 0x4249, 0x4249, 0x4249,
  0x4249, 0x4249, 0x4249, 0x4249, 0x4249, 0x424A, 0x4249, 0x4249, 0x4249, 0x4249, 0x4249, 0x424A,
  0x4249, 0x4249, 0x4249, 0x4249, 0x4249, 0x424A, 0x4249, 0x4249, 0x4249, 0x4249, 0x4249, 0x424A,
  0x4249, 0x4249, 0x4249, 0x4249, 0x4249, 0x4249, 0x4249, 0x424A, 0x424A, 0x4249, 0x4249, 0x424A,
  0x4249, 0x4249, 0x424A, 0x4249, 0x4249, 0x4249, 0x4249, 0x4249, 0x4249, 0x424A, 0x4249, 0x424A,
  0x4249, 0x4249, 0x4249, 0x4249, 0x4249, 0x4249, 0x424A, 0x424A, 0x4249, 0x4249, 0x4249, 0x4249,
  0x4249, 0x4249, 0x4249, 0x4249, 0x4249, 0x4249, 0x424A, 0x4249, 0x424A, 0x4249, 0x4249, 0x4249,
  0x4249, 0x424A, 0x4249, 0x4249, 0x4249, 0x424A, 0x4249, 0x4249, 0x4249, 0x4249, 0x4249, 0x4249,
  0x4249, 0x424A, 0x4249, 0x4249, 0x4249, 0x4249, 0x4249, 0x424A, 0x4249, 0x4249, 0x4249, 0x4249,
  0x4249, 0x4249, 0x4249, 0x4249, 0x4249, 0x4249, 0x424A, 0x4249, 0x4249, 0x4249, 0x4249, 0x424A,
  0x4249, 0x4249, 0x4249, 0x424A, 0x4249, 0x4249, 0x424A, 0x4249, 0x4249, 0x4249, 0x4249, 0x4249,
  0x4249, 0x4249, 0x424A, 0x424A, 0x4249, 0x4249, 0x424A, 0x4249, 0x4249, 0x4249, 0x424A, 0x4249,
  0x4249, 0x4249, 0x424A, 0x4249, 0x4249, 0x424A, 0x4249, 0x4249, 0x4249, 0x424A, 0x4249, 0x424A,
  0x424A, 0x4249, 0x4249, 0x4249, 0x4249, 0x4249, 0x424A, 0x4249, 0x4249, 0x4249, 0x4249, 0x4249,
  0x424A, 0x4249, 0x4249, 0x4249, 0x4249, 0x4249, 0x4249, 0x4249, 0x424A, 0x424A, 0x4249, 0x4249,
  0x424A, 0x4249, 0x4249, 0x4249, 0x4249, 0x4249, 0x4249, 0x4249, 0x4249, 0x4249, 0x4249, 0x4249,
  0x4249, 0x4249, 0x4249, 0x4249, 0x424A, 0x4249, 0x4249, 0x4249, 0x4249, 0x424A, 0x4249, 0x424A,
  0x4249, 0x4249, 0x4249, 0x4249, 0x4249, 0x424A, 0x4249, 0x424A, 0x424A, 0x4249, 0x4249, 0x4249,
  0x4249, 0x4249, 0x4249, 0x4249, 0x4249, 0x4249, 0x4249, 0x4249, 0x4249, 0x4249, 0x424A, 0x4249,
  0x4249, 0x424A, 0x4249, 0x4249, 0x4249, 0x4249, 0x4249, 0x424A, 0x4249, 0x4249, 0x4249, 0x4249,
  0x4249, 0x424A, 0x4249, 0x4249, 0x4249, 0x4249, 0x4249, 0x424A, 0x4249, 0x4249, 0x4249, 0x4249,
  0x4249, 0x4249, 0x4249, 0x424A, 0x4249, 0x4249, 0x4249, 0x424A, 0x4249, 0x4249, 0x4249, 0x4249,
  0x4249, 0x4249, 0x4249, 0x4249, 0x4249, 0x4249, 0x424A, 0x4249, 0x4249, 0x424A, 0x4249, 0x4249,
  0x4249, 0x4249, 0x424A, 0x4249, 0x4249, 0x4249, 0x4249, 0x4249, 0x4249, 0x4249, 0x4249, 0x424A,
  0x4249, 0x4249, 0x4249, 0x4249, 0x4249, 0x4249, 0x424A, 0x4249, 0x4249, 0x4249, 0x424A, 0x4249,
  0x424A, 0x4249, 0x424A, 0x4249, 0x4249, 0x4249, 0x424A, 0x424A, 0x4249, 0x424A, 0x4249, 0x4249,
  0x424A, 0x4249, 0x424A, 0x4249, 0x4249, 0x4249, 0x4249, 0x4249, 0x424A, 0x4249, 0x4249, 0x4249,
  0x4249, 0x424A, 0x4249, 0x4249, 0x4249, 0x424A, 0x4249, 0x4249, 0x4249, 0x4249, 0x4249, 0x424A,
  0x4249, 0x4249, 0x4249, 0x4249, 0x424A, 0x424A, 0x4249, 0x4249, 0x4249, 0x424A, 0x4249, 0x4249,
  0x4249, 0x4249, 0x4249, 0x4249, 0x4249, 0x424A, 0x4249, 0x4249, 0x4249, 0x4249, 0x4249, 0x424A,
  0x4249, 0x4249, 0x4249, 0x4249, 0x4249, 0x4249, 0x4249, 0x4249, 0x4249, 0x4249, 0x424A, 0x4249,
  0x4249, 0x4249, 0x4249, 0x424A, 0x4249, 0x4249, 0x4249, 0x424A, 0x4249, 0x4249, 0x424A, 0x4249,
  0x4249, 0x4249, 0x4249, 0x4249, 0x4249, 0x4249, 0x424A, 0x424A, 0x4249, 0x4249, 0x424A, 0x4249,
  0x4249, 0x4249, 0x424A, 0x4249, 0x4249, 0x4249, 0x424A, 0x4249, 0x4249, 0x424A, 0x4249, 0x4249,
  0x4249, 0x4249, 0x4249, 0x424A, 0x424A, 0x424A, 0x4249, 0x424A, 0x4249, 0x4249, 0x4249, 0x4249,
  0x4249, 0x424A, 0x4249, 0x4249, 0x4249, 0x424A, 0x4249, 0x4249, 0x4249, 0x4249, 0x424A, 0x4249,
  0x424A, 0x4249, 0x4249, 0x424A, 0x4249, 0x4249, 0x4249, 0x424A, 0x4249, 0x4249, 0x4249, 0x4249,
  0x4249, 0x4249, 0x4249, 0x4249, 0x424A, 0x4249, 0x4249, 0x4249, 0x4249, 0x4249, 0x4249, 0x4249,
  0x4249, 0x4249, 0x4249, 0x424A, 0x4249, 0x4249, 0x4249, 0x4249, 0x4249, 0x424A, 0x4249, 0x4249,
  0x4249, 0x4249, 0x424A, 0x4249, 0x4249, 0x4249, 0x4249, 0x4249, 0x4249, 0x424A, 0x4249, 0x4249,
  0x4249, 0x4249, 0x4249, 0x4249, 0x424A, 0x424A, 0x4249, 0x4249, 0x424A, 0x4249, 0x4249, 0x4249,
  0x424A, 0x4249, 0x4249, 0x4249, 0x4249, 0x4249, 0x4249, 0x4249, 0x4249, 0x424A, 0x4249, 0x4249,
  0x424A, 0x424A, 0x4249, 0x424A, 0x4249, 0x4249, 0x4249, 0x4249, 0x4249, 0x4249, 0x4249, 0x4249,
  0x4249, 0x424A, 0x4249, 0x424A, 0x4249, 0x4249, 0x4249, 0x4249, 0x424A, 0x4249, 0x424A, 0x4249,
  0x424A, 0x4249, 0x4249, 0x4249, 0x4249, 0x4249, 0x4249, 0x424A, 0x424A, 0x4249, 0x4249, 0x4249,
  0x4249, 0x4249, 0x424A, 0x4249, 0x4249, 0x4249, 0x4249, 0x424A, 0x4249, 0x4249, 0x4249, 0x4249,
  0x424A, 0x4249, 0x4249, 0x4249, 0x4249, 0x424A, 0x4249, 0x4249, 0x424A, 0x4249, 0x4249, 0x424A,
  0x4249, 0x424A, 0x4249, 0x4249, 0x4249, 0x424A, 0x4249, 0x4249, 0x4249, 0x424A, 0x4249, 0x4249,
  0x424A, 0x424A, 0x4249, 0x4249, 0x424A, 0x4249, 0x4249, 0x4249, 0x424A, 0x4249, 0x4249, 0x4249,
  0x4249, 0x4249, 0x4249, 0x4249, 0x4249, 0x4249, 0x4249, 0x424A, 0x4249, 0x4249, 0x4249, 0x4249,
  0x424A, 0x4249, 0x4249, 0x4249, 0x424A, 0x4249, 0x4249, 0x4249, 0x4249, 0x424A, 0x4249, 0x424A,
  0x4249, 0x424A, 0x4249, 0x4249, 0x4249, 0x424A, 0x4249, 0x4249, 0x4249, 0x424A, 0x4249, 0x4249,
  0x424A, 0x4249, 0x4249, 0x4249, 0x4249, 0x4249, 0x4249, 0x424A, 0x4249, 0x4249, 0x4249, 0x4249,
  0x4249, 0x424A, 0x4249, 0x4249, 0x4249, 0x4249, 0x4249, 0x424A, 0x4249, 0x4249, 0x4249, 0x4249,
  0x4249, 0x4249, 0x4249, 0x4249, 0x424A, 0x4249, 0x4249, 0x424A, 0x4249, 0x4249, 0x4249, 0x4249,
  0x4249, 0x4249, 0x4249, 0x4249, 0x4249, 0x4249, 0x4249, 0x424A, 0x424A, 0x424A, 0x4249, 0x424A,
  0x4249, 0x4249, 0x4249, 0x4249, 0x4249, 0x424A, 0x4249, 0x4249, 0x4249, 0x424A, 0x4249, 0x4249,
  0x4249, 0x4249, 0x424A, 0x4249, 0x424A, 0x4249, 0x4249, 0x424A, 0x4249, 0x4249, 0x4249, 0x424A,
  0x4249, 0x4249, 0x4249, 0x4249, 0x4249, 0x4249, 0x4249, 0x4249, 0x424A, 0x4249, 0x4249, 0x4249,
  0x4249, 0x4249, 0x4249, 0x4249, 0x4249, 0x4249, 0x4249, 0x424A, 0x4249, 0x4249, 0x4249, 0x4249,
  0x4249, 0x424A, 0x4249, 0x4249, 0x4249, 0x4249, 0x424A, 0x4249, 0x424A, 0x4249, 0x4249, 0x4249,
  0x4249, 0x4249, 0x4249, 0x4249, 0x4249, 0x4249, 0x424A, 0x424A, 0x4249, 0x424A, 0x4249, 0x4249,
  0x4249, 0x424A, 0x424A, 0x4249, 0x4249, 0x4249, 0x4249, 0x424A, 0x4249, 0x4249, 0x4249, 0x4249,
  0x4249, 0x424A, 0x4249, 0x4249, 0x424A, 0x4249, 0x4249, 0x424A, 0x424A, 0x4249, 0x4249, 0x424A,
  0x424A, 0x4249, 0x4249, 0x424A, 0x4249, 0x424A, 0x4249, 0x424A, 0x4249, 0x4249, 0x424A, 0x4249,
  0x4249, 0x4249, 0x4249, 0x4249, 0x4249, 0x4249, 0x4249, 0x4249, 0x4249, 0x4249, 0x4249, 0x4249,
  0x424A, 0x4249, 0x424A, 0x4249, 0x4249, 0x4249, 0x4249, 0x424A, 0x4249, 0x4249, 0x4249, 0x4249,
  0x4249, 0x4249, 0x4249, 0x4249, 0x4249, 0x4249, 0x4249, 0x424A, 0x4249, 0x4249, 0x4249, 0x424A,
  0x424A, 0x4249, 0x4249, 0x4249, 0x424A, 0x4249, 0x4249, 0x4249, 0x4249, 0x4249, 0x4249, 0x424A,
  0x4249, 0x4249, 0x424A, 0x424A, 0x424A, 0x424A, 0x4249, 0x4249, 0x424A, 0x4249, 0x424A, 0x4249,
  0x4249, 0x4249, 0x4249, 0x4249, 0x4249, 0x4249, 0x4249, 0x4249, 0x4249, 0x4249, 0x4249, 0x4249,
  0x4249, 0x424A, 0x4249, 0x424A, 0x4249, 0x4249, 0x4249, 0x424A, 0x4249, 0x4249, 0x4249, 0x4249,
  0x424A, 0x4249, 0x4249, 0x4249, 0x4249, 0x4249, 0x4249, 0x4249, 0x424A, 0x4249, 0x424A, 0x4249,
  0x4249, 0x4249, 0x424A, 0x424A, 0x4249, 0x4249, 0x4249, 0x4249, 0x4249, 0x4249, 0x424A, 0x4249,
  0x4249, 0x4249, 0x4249, 0x424A, 0x4249, 0x4249, 0x4249, 0x4249, 0x4249, 0x4249, 0x4249, 0x4249,
  0x4249, 0x4249, 0x424A, 0x4249, 0x424A, 0x4249, 0x4249, 0x424A, 0x4249, 0x4249, 0x4249, 0x4249,
  0x424A, 0x4249, 0x4249, 0x4249, 0x4249, 0x4249, 0x424A, 0x4249, 0x4249, 0x4249, 0x4249, 0x424A,
  0x4249, 0x4249, 0x4249, 0x4249, 0x424A, 0x4249, 0x4249, 0x4249, 0x4249, 0x4249, 0x424A, 0x4249,
  0x4249, 0x4249, 0x4249, 0x4249, 0x4249, 0x4249, 0x4249, 0x4249, 0x4249, 0x4249, 0x424A, 0x4249,
  0x4249, 0x424A, 0x4249, 0x4249, 0x4249, 0x4249, 0x4249, 0x4249, 0x4249, 0x4249, 0x424A, 0x4249,
  0x424A, 0x4249, 0x424A, 0x4249, 0x4249, 0x4249, 0x424A, 0x4249, 0x4249, 0x4249, 0x424A, 0x4249,
  0x4249, 0x4249, 0x4249, 0x424A, 0x4249, 0x4249, 0x4249, 0x4249, 0x4249, 0x4249, 0x424A, 0x4249,
  0x424A, 0x4249, 0x4249, 0x4249, 0x4249, 0x4249, 0x4249, 0x4249, 0x4249, 0x4249, 0x424A, 0x424A,
  0x4249, 0x424A, 0x4249, 0x4249, 0x4249, 0x424A, 0x424A, 0x4249, 0x4249, 0x4249, 0x4249, 0x424A,
  0x4249, 0x4249, 0x4249, 0x4249, 0x4249, 0x424A, 0x4249, 0x4249, 0x424A, 0x4249, 0x4249, 0x424A,
  0x424A, 0x4249, 0x4249, 0x424A, 0x424A, 0x4249, 0x4249, 0x424A, 0x4249, 0x424A, 0x4249, 0x424A,
  0x4249, 0x4249, 0x424A, 0x4249, 0x4249, 0x4249, 0x4249, 0x4249, 0x4249, 0x4249, 0x4249, 0x4249,
  0x4249, 0x4249, 0x4249, 0x4249, 0x4249, 0x4249, 0x424A, 0x4249, 0x4249, 0x424A, 0x4249, 0x424A,
  0x4249, 0x4249, 0x424A, 0x4249, 0x4249, 0x4249, 0x4249, 0x4249, 0x4249, 0x4249, 0x4249, 0x4249,
  0x4249, 0x424A, 0x4249, 0x4249, 0x4249, 0x424A, 0x4249, 0x4249, 0x424A, 0x4249, 0x4249, 0x4249,
  0x424A, 0x4249, 0x4249, 0x4249, 0x4249, 0x4249, 0x4249, 0x4249, 0x4249, 0x4249, 0x4249, 0x4249,
  0x4249, 0x4249, 0x4249, 0x4249, 0x4249, 0x4249, 0x4249, 0x4249, 0x4249, 0x424A, 0x4249, 0x424A,
  0x4249, 0x424A, 0x4249, 0x4249, 0x424A, 0x4249, 0x4249, 0x4249, 0x4249, 0x4249, 0x424A, 0x4249,
  0x4249, 0x4249, 0x424A, 0x4249, 0x4249, 0x4249, 0x424A, 0x4249, 0x424A, 0x4249, 0x4249, 0x4249,
  0x424A, 0x4249, 0x4249, 0x4249, 0x4249, 0x4249, 0x4249, 0x4249, 0x4249, 0x4249, 0x4249, 0x4249,
  0x4249, 0x4249, 0x4249, 0x4249, 0x4249, 0x4249, 0x4249, 0x4249, 0x4249, 0x4249, 0x4249, 0x4249,
  0x4249, 0x4249, 0x4249, 0x4249, 0x4249, 0x4249, 0x4249, 0x4249, 0x4249, 0x4249, 0x424A, 0x4249,
  0x4249, 0x4249, 0x424A, 0x4249, 0x4249, 0x4249, 0x4249, 0x4249, 0x424A, 0x4249, 0x4249, 0x4249,
  0x4249, 0x4249, 0x424A, 0x424A, 0x4249, 0x424A, 0x4249, 0x4249, 0x424A, 0x4249, 0x4249, 0x424A,
  0x4249, 0x424A, 0x4249, 0x4249, 0x424A, 0x4249, 0x4249, 0x4249, 0x424A, 0x4249, 0x4249, 0x4249,
  0x4249, 0x4249, 0x424A, 0x4249, 0x4249, 0x424A, 0x4249, 0x4249, 0x424A, 0x4249, 0x4249, 0x4249,
  0x424A, 0x424A, 0x4249, 0x4249, 0x4249, 0x4249, 0x4249, 0x424A, 0x4249, 0x4249, 0x4249, 0x4249,
  0x4249, 0x4249, 0x4249, 0x424A, 0x4249, 0x424A, 0x424A, 0x4249, 0x4249, 0x424A, 0x4249, 0x424A,
  0x4249, 0x4249, 0x4249, 0x4249, 0x4249, 0x424A, 0x4249, 0x4249, 0x4249, 0x424A, 0x4249, 0x4249,
  0x4249, 0x4249, 0x4249, 0x4249, 0x424A, 0x4249, 0x4249, 0x4249, 0x424A, 0x4249, 0x424A, 0x4249,
  0x4249, 0x4249, 0x424A, 0x4249, 0x4249, 0x4249, 0x4249, 0x4249, 0x4249, 0x4249, 0x4249, 0x4249,
  0x4249, 0x424A, 0x4249, 0x424A, 0x4249, 0x4249, 0x4249, 0x4249, 0x4249, 0x4249, 0x4249, 0x4249,
  0x4249, 0x4249, 0x4249, 0x424A, 0x424A, 0x4249, 0x4249, 0x4249, 0x4249, 0x424A, 0x4249, 0x4249,
  0x4249, 0x4249, 0x424A, 0x424A, 0x4249, 0x424A, 0x4249, 0x4249, 0x4249, 0x4249, 0x424A, 0x4249,
  0x4249, 0x424A, 0x4249, 0x424A, 0x4249, 0x4249, 0x424A, 0x4249, 0x4249, 0x4249, 0x4249, 0x4249,
  0x4249, 0x4249, 0x4249, 0x4249, 0x4249, 0x424A, 0x4249, 0x4249, 0x4249, 0x424A, 0x4249, 0x4249,
  0x424A, 0x4249, 0x4249, 0x4249, 0x424A, 0x4249, 0x4249, 0x4249, 0x4249, 0x4249, 0x4249, 0x4249,
  0x4249, 0x4249, 0x4249, 0x4249, 0x4249, 0x4249, 0x4249, 0x4249, 0x4249, 0x4249, 0x4249, 0x4249,
  0x4249, 0x424A, 0x4249, 0x424A, 0x4249, 0x424A, 0x4249, 0x4249, 0x424A, 0x4249, 0x4249, 0x4249,
  0x4249, 0x4249, 0x424A, 0x4249, 0x4249, 0x4249, 0x4249, 0x4249, 0x4249, 0x4249, 0x4249, 0x4249,
  0x4249, 0x4249, 0x424A, 0x424A, 0x4249, 0x4249, 0x4249, 0x4249, 0x424A, 0x4249, 0x4249, 0x4249,
  0x4249, 0x4249, 0x4249, 0x424A, 0x4249, 0x4249, 0x4249, 0x4249, 0x4249, 0x4249, 0x424A, 0x4249,
  0x4249, 0x4249, 0x4249, 0x424A, 0x4249, 0x4249, 0x4249, 0x4249, 0x424A, 0x4249, 0x4249, 0x4249,
  0x4249, 0x4249, 0x4249, 0x424A, 0x4249, 0x4249, 0x4249, 0x4249, 0x4249, 0x424A, 0x4249, 0x4249,
  0x4249, 0x424A, 0x424A, 0x4249, 0x4249, 0x4249, 0x4249, 0x4249, 0x424A, 0x4249, 0x4249, 0x4249,
  0x424A, 0x4249, 0x4249, 0x4249, 0x424A, 0x4249, 0x4249, 0x424A, 0x424A, 0x4249, 0x424A, 0x424A,
  0x4249, 0x4249, 0x4249, 0x4249, 0x424A, 0x4249, 0x4249, 0x424A, 0x4249, 0x4249, 0x424A, 0x4249,
  0x4249, 0x424A, 0x424A, 0x4249, 0x4249, 0x424A, 0x4249, 0x4249, 0x4249, 0x4249, 0x424A, 0x4249,
  0x4249, 0x4249, 0x4249, 0x424A, 0x4249, 0x424A, 0x4249, 0x424A, 0x4249, 0x4249, 0x424A, 0x4249,
  0x424A, 0x4249, 0x424A, 0x4249, 0x424A, 0x4249, 0x4249, 0x4249, 0x4249, 0x4249, 0x4249, 0x4249,
  0x4249, 0x4249, 0x4249, 0x4249, 0x4249, 0x4249, 0x4249, 0x424A, 0x4249, 0x424A, 0x4249, 0x4249,
  0x4249, 0x4249, 0x4249, 0x4249, 0x4249, 0x4249, 0x4249, 0x4249, 0x4249, 0x4249, 0x4249, 0x4249,
  0x4249, 0x4249, 0x4249, 0x4249, 0x424A, 0x4249, 0x4249, 0x4249, 0x4249, 0x4249, 0x424A, 0x4249,
  0x424A, 0x424A, 0x4249, 0x4249, 0x4249, 0x4249, 0x424A, 0x4249, 0x424A, 0x4249, 0x4249, 0x4249,
  0x4249, 0x4249, 0x4249, 0x4249, 0x4249, 0x4249, 0x4249, 0x4249, 0x4249, 0x424A, 0x4249, 0x4249,
  0x4249, 0x4249, 0x424A, 0x4249, 0x4249, 0x4249, 0x4249, 0x424A, 0x4249, 0x424A, 0x4249, 0x4249,
  0x4249, 0x4249, 0x4249, 0x4249, 0x4249, 0x4249, 0x4249, 0x4249, 0x4249, 0x4249, 0x4249, 0x4249,
  0x424A, 0x4249, 0x4249, 0x424A, 0x4249, 0x424A, 0x4249, 0x424A, 0x4249, 0x4249, 0x424A, 0x4249,
  0x424A, 0x4249, 0x424A, 0x424A, 0x4249, 0x4249, 0x4249, 0x424A, 0x424A, 0x4249, 0x4249, 0x4249,
  0x4249, 0x4249, 0x4249, 0x4249, 0x4249, 0x4249, 0x424A, 0x4249, 0x4249, 0x4249, 0x4249, 0x4249,
  0x4249, 0x4249, 0x4249, 0x424A, 0x4249, 0x4249, 0x424A, 0x4249, 0x4249, 0x4249, 0x4249, 0x4249,
  0x4249, 0x4249, 0x4249, 0x4249, 0x4249, 0x4249, 0x424A, 0x424A, 0x4249, 0x4249, 0x4249, 0x4249,
  0x424A, 0x4249, 0x4249, 0x4249, 0x4249, 0x4249, 0x4249, 0x424A, 0x4249, 0x4249, 0x4249, 0x4249,
  0x4249, 0x4249, 0x424A, 0x4249, 0x4249, 0x4249, 0x4249, 0x424A, 0x4249, 0x4249, 0x4249, 0x4249,
  0x424A, 0x4249, 0x4249, 0x4249, 0x4249, 0x4249, 0x4249, 0x424A, 0x4249, 0x4249, 0x4249, 0x4249,
  0x4249, 0x424A, 0x4249, 0x4249, 0x4249, 0x424A, 0x424A, 0x4249, 0x4249, 0x424A, 0x4249, 0x4249,
  0x4249, 0x4249, 0x4249, 0x424A, 0x4249, 0x4249, 0x4249, 0x4249, 0x424A, 0x4249, 0x4249, 0x4249,
  0x4249, 0x4249, 0x424A, 0x424A, 0x4249, 0x424A, 0x4249, 0x4249, 0x424A, 0x4249, 0x4249, 0x4249,
  0x4249, 0x4249, 0x424A, 0x424A, 0x4249, 0x4249, 0x4249, 0x4249, 0x424A, 0x4249, 0x4249, 0x4249,
  0x4249, 0x424A, 0x4249, 0x424A, 0x4249, 0x4249, 0x4249, 0x424A, 0x424A, 0x424A, 0x4249, 0x424A,
  0x4249, 0x4249, 0x4249, 0x4249, 0x4249, 0x4249, 0x4249, 0x4249, 0x4249, 0x4249, 0x4249, 0x4249,
  0x424A, 0x424A, 0x4249, 0x4249, 0x424A, 0x4249, 0x4249, 0x4249, 0x4249, 0x424A, 0x4249, 0x4249,
  0x424A, 0x4249, 0x4249, 0x4249, 0x4249, 0x4249, 0x4249, 0x4249, 0x4249, 0x424A, 0x424A, 0x4249,
  0x424A, 0x4249, 0x424A, 0x4249, 0x4249, 0x4249, 0x4249, 0x424A, 0x4249, 0x4249, 0x4249, 0x424A,
  0x4249, 0x4249, 0x4249, 0x4249, 0x4249, 0x4249, 0x424A, 0x4249, 0x4249, 0x424A, 0x4249, 0x4249,
  0x4249, 0x4249, 0x4249, 0x4249, 0x4249, 0x4249, 0x4249, 0x4249, 0x4249, 0x4249, 0x4249, 0x4249,
  0x4249, 0x4249, 0x4249, 0x4249, 0x424A, 0x4249, 0x4249, 0x4249, 0x4249, 0x4249, 0x424A, 0x4249,
  0x4249, 0x424A, 0x4249, 0x4249, 0x4249, 0x4249, 0x4249, 0x4249, 0x4249, 0x4249, 0x424A, 0x4249,
  0x4249, 0x424A, 0x4249, 0x4249, 0x4249, 0x424A, 0x4249, 0x424A, 0x424A, 0x4249, 0x424A, 0x4249,
  0x4249, 0x4249, 0x424A, 0x4249, 0x4249, 0x4249, 0x4249, 0x4249, 0x4249, 0x4249, 0x4249, 0x4249,
  0x4249, 0x4249, 0x4249, 0x4249, 0x4249, 0x4249, 0x4249, 0x4249, 0x424A, 0x4249, 0x4249, 0x4249,
  0x424A, 0x4249, 0x4249, 0x424A, 0x4249, 0x4249, 0x4249, 0x424A, 0x4249, 0x424A, 0x4249, 0x4249,
  0x4249, 0x4249, 0x424A, 0x424A, 0x4249, 0x4249, 0x4249, 0x4249, 0x4249, 0x4249, 0x424A, 0x424A,
  0x4249, 0x4249, 0x424A, 0x4249, 0x4249, 0x424A, 0x4249, 0x424A, 0x4249, 0x4249, 0x4249, 0x4249,
  0x4249, 0x4249, 0x4249, 0x4249, 0x424A, 0x4249, 0x4249, 0x4249, 0x4249, 0x4249, 0x4249, 0x4249,
  0x4249, 0x4249, 0x4249, 0x4249, 0x4249, 0x4249, 0x424A, 0x4249, 0x4249, 0x4249, 0x4249, 0x424A,
  0x4249, 0x4249, 0x4249, 0x4249, 0x424A, 0x4249, 0x424A, 0x4249, 0x4249, 0x4249, 0x4249, 0x4249,
  0x4249, 0x424A, 0x4249, 0x4249, 0x4249, 0x4249, 0x4249, 0x424A, 0x4249, 0x4249, 0x4249, 0x4249,
  0x424A, 0x4249, 0x4249, 0x4249, 0x4249, 0x4249, 0x424A, 0x424A, 0x4249, 0x424A, 0x4249, 0x4249,
  0x424A, 0x4249, 0x4249, 0x4249, 0x4249, 0x4249, 0x424A, 0x424A, 0x4249, 0x4249, 0x4249, 0x4249,
  0x424A, 0x4249, 0x4249, 0x4249, 0x4249, 0x424A, 0x4249, 0x424A, 0x4249, 0x4249, 0x4249, 0x424A,
  0x424A, 0x424A, 0x4249, 0x424A, 0x4249, 0x4249, 0x4249, 0x4249, 0x4249, 0x4249, 0x4249, 0x4249,
  0x4249, 0x4249, 0x4249, 0x4249, 0x4249, 0x4249, 0x4249, 0x4249, 0x424A, 0x4249, 0x4249, 0x4249,
  0x4249, 0x424A, 0x4249, 0x4249, 0x424A, 0x4249, 0x4249, 0x4249, 0x424A, 0x4249, 0x4249, 0x4249,
  0x4249, 0x4249, 0x4249, 0x4249, 0x4249, 0x4249, 0x424A, 0x4249, 0x4249, 0x4249, 0x4249, 0x4249,
  0x4249, 0x4249, 0x424A, 0x4249, 0x4249, 0x424A, 0x424A, 0x4249, 0x424A, 0x4249, 0x4249, 0x4249,
  0x424A, 0x4249, 0x4249, 0x4249, 0x4249, 0x4249, 0x4249, 0x4249, 0x424A, 0x4249, 0x424A, 0x424A,
  0x4249, 0x424A, 0x4249, 0x4249, 0x424A, 0x424A, 0x4249, 0x4249, 0x4249, 0x4249, 0x4249, 0x4249,
  0x4249, 0x4249, 0x424A, 0x4249, 0x4249, 0x4249, 0x4249, 0x4249, 0x4249, 0x4249, 0x4249, 0x4249,
  0x4249, 0x4249, 0x424A, 0x4249, 0x4249, 0x4249, 0x4249, 0x4249, 0x4249, 0x4249, 0x4249, 0x4249,
  0x4249, 0x424A, 0x4249, 0x4249, 0x4249, 0x4249, 0x4249, 0x4249, 0x4249, 0x4249, 0x424A, 0x424A,
  0x4249, 0x4249, 0x4249, 0x4249, 0x4249, 0x4249, 0x4249, 0x4249, 0x424A, 0x4249, 0x424A, 0x4249,
  0x4249, 0x424A, 0x4249, 0x424A, 0x4249, 0x4249, 0x4249, 0x4249, 0x4249, 0x424A, 0x424A, 0x4249,
  0x4249, 0x424A, 0x424A, 0x4249, 0x4249, 0x424A, 0x4249, 0x4249, 0x4249, 0x4249, 0x424A, 0x4249,
  0x4249, 0x4249, 0x424A, 0x4249, 0x424A, 0x424A, 0x4249, 0x4249, 0x4249, 0x424A, 0x424A, 0x4249,
  0x4249, 0x424A, 0x4249, 0x4249, 0x4249, 0x4249, 0x424A, 0x4249, 0x4249, 0x4249, 0x424A, 0x4249,
  0x424A, 0x4249, 0x424A, 0x4249, 0x4249, 0x4249, 0x4249, 0x424A, 0x424A, 0x4249, 0x424A, 0x4249,
  0x4249, 0x4249, 0x424A, 0x424A, 0x4249, 0x4249, 0x424A, 0x4249, 0x4249, 0x4249, 0x4249, 0x4249,
  0x424A, 0x4249, 0x4249, 0x4249, 0x4249, 0x4249, 0x4249, 0x424A, 0x4249, 0x4249, 0x4249, 0x4249,
  0x4249, 0x4249, 0x4249, 0x424A, 0x424A, 0x4249, 0x4249, 0x4249, 0x4249, 0x4249, 0x4249, 0x4249,
  0x4249, 0x4249, 0x424A, 0x4249, 0x4249, 0x4249, 0x4249, 0x4249, 0x4249, 0x4249, 0x424A, 0x4249,
  0x4249, 0x4249, 0x4249, 0x4249, 0x4249, 0x4249, 0x4249, 0x4249, 0x4249, 0x424A, 0x4249, 0x424A,
  0x4249, 0x4249, 0x4249, 0x4249, 0x424A, 0x4249, 0x4249, 0x424A, 0x4249, 0x424A, 0x4249, 0x4249,
  0x4249, 0x4249, 0x4249, 0x4249, 0x4249, 0x424A, 0x4249, 0x4249, 0x4249, 0x4249, 0x4249, 0x4249,
  0x424A, 0x4249, 0x4249, 0x4249, 0x4249, 0x424A, 0x4249, 0x4249, 0x424A, 0x4249, 0x4249, 0x4249,
  0x424A, 0x4249, 0x4249, 0x4249, 0x4249, 0x4249, 0x4249, 0x4249, 0x4249, 0x4249, 0x424A, 0x4249,
  0x4249, 0x4249, 0x4249, 0x4249, 0x4249, 0x4249, 0x424A, 0x4249, 0x4249, 0x424A, 0x424A, 0x4249,
  0x424A, 0x4249, 0x4249, 0x4249, 0x424A, 0x4249, 0x4249, 0x4249, 0x4249, 0x4249, 0x4249, 0x4249,
  0x424A, 0x4249, 0x424A, 0x424A, 0x4249, 0x424A, 0x4249, 0x4249, 0x424A, 0x424A, 0x4249, 0x4249,
  0x4249, 0x424A, 0x4249, 0x424A, 0x4249, 0x424A, 0x424A, 0x4249, 0x4249, 0x4249, 0x4249, 0x4249,
  0x4249, 0x4249, 0x4249, 0x4249, 0x4249, 0x4249, 0x4249, 0x4249, 0x4249, 0x424A, 0x4249, 0x4249,
  0x4249, 0x4249, 0x4249, 0x424A, 0x4249, 0x424A, 0x4249, 0x4249, 0x4249, 0x424A, 0x4249, 0x4249,
  0x4249, 0x4249, 0x4249, 0x4249, 0x4249, 0x4249, 0x4249, 0x4249, 0x424A, 0x4249, 0x4249, 0x4249,
  0x4249, 0x4249, 0x4249, 0x4249, 0x4249, 0x4249, 0x4249, 0x4249, 0x4249, 0x4249, 0x424A, 0x4249,
  0x4249, 0x4249, 0x4249, 0x4249, 0x424A, 0x4249, 0x4249, 0x4249, 0x424A, 0x4249, 0x4249, 0x4249,
  0x424A, 0x4249, 0x4249, 0x4249, 0x4249, 0x4249, 0x424A, 0x424A, 0x4249, 0x4249, 0x4249, 0x4249,
  0x4249, 0x4249, 0x4249, 0x4249, 0x4249, 0x4249, 0x424A, 0x4249, 0x4249, 0x4249, 0x4249, 0x4249,
  0x4249, 0x4249, 0x424A, 0x4249, 0x4249, 0x4249, 0x4249, 0x4249, 0x4249, 0x4249, 0x4249, 0x424A,
  0x4249, 0x4249, 0x4249, 0x424A, 0x4249, 0x4249, 0x4249, 0x4249, 0x4249, 0x4249, 0x4249, 0x4249,
  0x424A, 0x4249, 0x424A, 0x4249, 0x4249, 0x4249, 0x4249, 0x424A, 0x4249, 0x4249, 0x4249, 0x424A,
  0x4249, 0x424A, 0x4249, 0x4249, 0x4249, 0x424A, 0x4249, 0x4249, 0x424A, 0x4249, 0x4249, 0x4249,
  0x4249, 0x4249, 0x4249, 0x424A, 0x4249, 0x4249, 0x4249, 0x4249, 0x424A, 0x4249, 0x4249, 0x4249,
  0x4249, 0x4249, 0x4249, 0x4249, 0x4249, 0x424A, 0x4249, 0x4249, 0x4249, 0x4249, 0x4249, 0x4249,
  0x424A, 0x4249, 0x4249, 0x4249, 0x4249, 0x4249, 0x4249, 0x4249, 0x424A, 0x4249, 0x4249, 0x4249,
  0x4249, 0x4249, 0x4249, 0x4249, 0x4249, 0x4249, 0x4249, 0x424A, 0x4249, 0x4249, 0x424A, 0x4249,
  0x424A, 0x4249, 0x4249, 0x4249, 0x4249, 0x424A, 0x4249, 0x4249, 0x4249, 0x4249, 0x424A, 0x4249,
  0x4249, 0x4249, 0x424A, 0x4249, 0x4249, 0x4249, 0x424A, 0x424A, 0x4249, 0x4249, 0x4249, 0x4249,
  0x4249, 0x424A, 0x4249, 0x424A, 0x4249, 0x4249, 0x4249, 0x4249, 0x4249, 0x4249, 0x4249, 0x424A,
  0x424A, 0x4249, 0x424A, 0x4249, 0x4249, 0x424A, 0x4249, 0x4249, 0x4249, 0x4249, 0x424A, 0x4249,
  0x4249, 0x424A, 0x4249, 0x4249, 0x4249, 0x4249, 0x4249, 0x4249, 0x424A, 0x4249, 0x4249, 0x424A,
  0x4249, 0x4249, 0x424A, 0x4249, 0x4249, 0x424A, 0x4249, 0x424A, 0x4249, 0x424A, 0x424A, 0x4249,
  0x4249, 0x4249, 0x4249, 0x4249, 0x4249, 0x4249, 0x4249, 0x4249, 0x4249, 0x4249, 0x4249, 0x4249,
  0x4249, 0x424A, 0x4249, 0x4249, 0x4249, 0x4249, 0x4249, 0x424A, 0x4249, 0x424A, 0x4249, 0x4249,
  0x4249, 0x424A, 0x4249, 0x4249, 0x4249, 0x4249, 0x4249, 0x4249, 0x4249, 0x4249, 0x4249, 0x4249,
  0x424A, 0x4249, 0x4249, 0x4249, 0x4249, 0x4249, 0x4249, 0x4249, 0x4249, 0x4249, 0x4249, 0x4249,
  0x4249, 0x4249, 0x424A, 0x4249, 0x4249, 0x4249, 0x4249, 0x4249, 0x424A, 0x4249, 0x4249, 0x4249,
  0x4249, 0x4249, 0x4249, 0x4249, 0x4249, 0x424A, 0x4249, 0x4249, 0x424A, 0x424A, 0x4249, 0x4249,
  0x424A, 0x424A, 0x4249, 0x4249, 0x4249, 0x4249, 0x424A, 0x424A, 0x424A, 0x4249, 0x4249, 0x4249,
  0x424A, 0x4249, 0x4249, 0x424A, 0x424A, 0x4249, 0x4249, 0x4249, 0x4249, 0x4249, 0x424A, 0x4249,
  0x4249, 0x4249, 0x424A, 0x4249, 0x4249, 0x4249, 0x424A, 0x4249, 0x4249, 0x424A, 0x4249, 0x4249,
  0x424A, 0x4249, 0x4249, 0x4249, 0x4249, 0x4249, 0x4249, 0x424A, 0x4249, 0x4249, 0x4249, 0x424A,
  0x4249, 0x4249, 0x424A, 0x4249, 0x424A, 0x4249, 0x4249, 0x424A, 0x4249, 0x4249, 0x4249, 0x424A,
  0x4249, 0x4249, 0x4249, 0x4249, 0x4249, 0x4249, 0x424A, 0x4249, 0x4249, 0x424A, 0x424A, 0x4249,
  0x4249, 0x424A, 0x4249, 0x4249, 0x4249, 0x4249, 0x424A, 0x4249, 0x424A, 0x4249, 0x4249, 0x4249,
  0x424A, 0x4249, 0x4249, 0x424A, 0x4249, 0x424A, 0x4249, 0x4249, 0x4249, 0x424A, 0x4249, 0x4249,
  0x4249, 0x4249, 0x4249, 0x4249, 0x424A, 0x4249, 0x4249, 0x4249, 0x4249, 0x4249, 0x4249, 0x4249,
  0x4249, 0x4249, 0x4249, 0x4249, 0x4249, 0x4249, 0x4249, 0x4249, 0x4249, 0x4249, 0x4249, 0x424A,
  0x4249, 0x4249, 0x4249, 0x4249, 0x4249, 0x424A, 0x4249, 0x424A, 0x424A, 0x4249, 0x4249, 0x4249,
  0x4249, 0x4249, 0x4249, 0x4249, 0x4249, 0x4249, 0x4249, 0x424A, 0x4249, 0x4249, 0x424A, 0x4249,
  0x4249, 0x4249, 0x4249, 0x4249, 0x4249, 0x4249, 0x4249, 0x4249, 0x424A, 0x4249, 0x4249, 0x424A,
  0x4249, 0x4249, 0x4249, 0x4249, 0x4249, 0x4249, 0x4249, 0x4249, 0x424A, 0x4249, 0x4249, 0x424A,
  0x4249, 0x424A, 0x4249, 0x4249, 0x4249, 0x4249, 0x4249, 0x4249, 0x4249, 0x4249, 0x424A, 0x4249,
  0x4249, 0x4249, 0x4249, 0x424A, 0x4249, 0x4249, 0x4249, 0x4249, 0x4249, 0x4249, 0x424A, 0x4249,
  0x424A, 0x4249, 0x4249, 0x4249, 0x4249, 0x424A, 0x4249, 0x4249, 0x4249, 0x424A, 0x424A, 0x4249,
  0x4249, 0x4249, 0x424A, 0x4249, 0x424A, 0x4249, 0x4249, 0x4249, 0x424A, 0x4249, 0x4249, 0x4249,
  0x4249, 0x424A, 0x4249, 0x4249, 0x4249, 0x424A, 0x4249, 0x424A, 0x4249, 0x4249, 0x4249, 0x424A,
  0x4249, 0x4249, 0x4249, 0x424A, 0x4249, 0x424A, 0x4249, 0x4249, 0x4249, 0x4249, 0x4249, 0x4249,
  0x424A, 0x4249, 0x4249, 0x4249, 0x4249, 0x4249, 0x4249, 0x4249, 0x4249, 0x424A, 0x4249, 0x4249,
  0x424A, 0x424A, 0x4249, 0x4249, 0x424A, 0x424A, 0x4249, 0x4249, 0x4249, 0x4249, 0x424A, 0x424A,
  0x424A, 0x4249, 0x4249, 0x4249, 0x424A, 0x4249, 0x4249, 0x424A, 0x424A, 0x4249, 0x4249, 0x4249,
  0x4249, 0x4249, 0x424A, 0x4249, 0x4249, 0x4249, 0x424A, 0x4249, 0x4249, 0x4249, 0x424A, 0x4249,
  0x4249, 0x424A, 0x4249, 0x4249, 0x424A, 0x4249, 0x4249, 0x4249, 0x4249, 0x4249, 0x4249, 0x424A,
  0x4249, 0x4249, 0x4249, 0x424A, 0x4249, 0x4249, 0x424A, 0x4249, 0x4249, 0x4249, 0x4249, 0x4249,
  0x4249, 0x424A, 0x4249, 0x4249, 0x424A, 0x4249, 0x4249, 0x4249, 0x4249, 0x424A, 0x4249, 0x4249,
  0x424A, 0x4249, 0x4249, 0x4249, 0x4249, 0x4249, 0x424A, 0x4249, 0x4249, 0x4249, 0x4249, 0x4249,
  0x4249, 0x4249, 0x4249, 0x424A, 0x4249, 0x4249, 0x4249, 0x424A, 0x4249, 0x4249, 0x424A, 0x4249,
  0x4249, 0x424A, 0x4249, 0x4249, 0x4249, 0x424A, 0x4249, 0x4249, 0x4249, 0x4249, 0x4249, 0x424A,
  0x4249, 0x4249, 0x4249, 0x4249, 0x4249, 0x424A, 0x4249, 0x4249, 0x4249, 0x4249, 0x4249, 0x4249,
  0x4249, 0x4249, 0x4249, 0x4249, 0x4249, 0x424A, 0x4249, 0x424A, 0x4249, 0x4249, 0x4249, 0x424A,
  0x4249, 0x424A, 0x4249, 0x4249, 0x4249, 0x424A, 0x4249, 0x4249, 0x4249, 0x4249, 0x424A, 0x4249,
  0x424A, 0x4249, 0x4249, 0x4249, 0x4249, 0x424A, 0x4249, 0x4249, 0x424A, 0x4249, 0x4249, 0x4249,
  0x4249, 0x4249, 0x4249, 0x4249, 0x4249, 0x424A, 0x4249, 0x4249, 0x4249, 0x424A, 0x4249, 0x4249,
  0x424A, 0x4249, 0x424A, 0x4249, 0x4249, 0x424A, 0x4249, 0x4249, 0x424A, 0x4249, 0x424A, 0x4249,
  0x4249, 0x424A, 0x4249, 0x4249, 0x4249, 0x4249, 0x424A, 0x4249, 0x4249, 0x4249, 0x4249, 0x4249,
  0x4249, 0x4249, 0x4249, 0x4249, 0x4249, 0x4249, 0x4249, 0x424A, 0x4249, 0x4249, 0x4249, 0x4249,
  0x4249, 0x4249, 0x424A, 0x4249, 0x4249, 0x4249, 0x4249, 0x4249, 0x4249, 0x4249, 0x424A, 0x4249,
  0x424A, 0x424A, 0x4249, 0x4249, 0x4249, 0x424A, 0x4249, 0x4249, 0x424A, 0x4249, 0x424A, 0x4249,
  0x424A, 0x4249, 0x4249, 0x4249, 0x424A, 0x4249, 0x4249, 0x4249, 0x4249, 0x4249, 0x424A, 0x4249,
  0x4249, 0x4249, 0x424A, 0x4249, 0x4249, 0x4249, 0x424A, 0x4249, 0x4249, 0x4249, 0x424A, 0x4249,
  0x424A, 0x4249, 0x4249, 0x424A, 0x4249, 0x4249, 0x4249, 0x4249, 0x4249, 0x424A, 0x4249, 0x4249,
  0x4249, 0x424A, 0x4249, 0x4249, 0x4249, 0x4249, 0x4249, 0x4249, 0x4249, 0x4249, 0x4249, 0x4249,
  0x4249, 0x424A, 0x4249, 0x4249, 0x4249, 0x4249, 0x4249, 0x424A, 0x4249, 0x4249, 0x4249, 0x4249,
  0x4249, 0x4249, 0x4249, 0x4249, 0x4249, 0x4249, 0x4249, 0x4249, 0x4249, 0x4249, 0x4249, 0x4249,
  0x4249, 0x4249, 0x4249, 0x4249, 0x424A, 0x4249, 0x424A, 0x4249, 0x4249, 0x4249, 0x424A, 0x4249,
  0x4249, 0x4249, 0x4249, 0x4249, 0x4249, 0x424A, 0x4249, 0x4249, 0x424A, 0x4249, 0x4249, 0x4249,
  0x4249, 0x424A, 0x4249, 0x4249, 0x424A, 0x4249, 0x4249, 0x4249, 0x4249, 0x4249, 0x424A, 0x4249,
  0x4249, 0x4249, 0x4249, 0x4249, 0x4249, 0x4249, 0x4249, 0x424A, 0x4249, 0x4249, 0x4249, 0x424A,
  0x4249, 0x4249, 0x424A, 0x4249, 0x4249, 0x424A, 0x4249, 0x4249, 0x4249, 0x424A, 0x4249, 0x4249,
  0x4249, 0x4249, 0x4249, 0x424A, 0x4249, 0x4249, 0x4249, 0x4249, 0x4249, 0x424A, 0x4249, 0x4249,
  0x4249, 0x4249, 0x4249, 0x4249, 0x4249, 0x424A, 0x4249, 0x4249, 0x4249, 0x4249, 0x4249, 0x4249,
  0x4249, 0x4249, 0x4249, 0x4249, 0x4249, 0x4249, 0x4249, 0x4249, 0x4249, 0x4249, 0x4249, 0x4249,
  0x4249, 0x4249, 0x4249, 0x4249, 0x4249, 0x4249, 0x4249, 0x4249, 0x4249, 0x4249, 0x424A, 0x4249,
  0x424A, 0x4249, 0x4249, 0x4249, 0x4249, 0x424A, 0x4249, 0x4249, 0x4249, 0x424A, 0x4249, 0x4249,
  0x4249, 0x4249, 0x4249, 0x4249, 0x424A, 0x4249, 0x4249, 0x424A, 0x4249, 0x424A, 0x4249, 0x4249,
  0x424A, 0x4249, 0x4249, 0x424A, 0x4249, 0x424A, 0x4249, 0x4249, 0x4249, 0x424A, 0x4249, 0x4249,
  0x424A, 0x4249, 0x4249, 0x4249, 0x4249, 0x424A, 0x4249, 0x4249, 0x4249, 0x4249, 0x4249, 0x4249,
  0x4249, 0x4249, 0x4249, 0x4249, 0x424A, 0x4249, 0x4249, 0x4249, 0x4249, 0x424A, 0x4249, 0x4249,
  0x4249, 0x4249, 0x4249, 0x4249, 0x4249, 0x4249, 0x4249, 0x424A, 0x4249, 0x4249, 0x424A, 0x4249,
  0x4249, 0x4249, 0x4249, 0x424A, 0x4249, 0x4249, 0x4249, 0x4249, 0x4249, 0x4249, 0x4249, 0x4249,
  0x424A, 0x4249, 0x4249, 0x4249, 0x4249, 0x4249, 0x424A, 0x4249, 0x4249, 0x4249, 0x4249, 0x424A,
  0x4249, 0x4249, 0x4249, 0x4249, 0x4249, 0x4249, 0x424A, 0x4249, 0x4249, 0x424A, 0x424A, 0x4249,
  0x4249, 0x4249, 0x4249, 0x424A, 0x424A, 0x4249, 0x424A, 0x4249, 0x424A, 0x4249, 0x4249, 0x4249,
  0x4249, 0x4249, 0x424A, 0x4249, 0x424A, 0x424A, 0x4249, 0x4249, 0x4249, 0x4249, 0x4249, 0x424A,
  0x4249, 0x4249, 0x4249, 0x4249, 0x4249, 0x4249, 0x4249, 0x4249, 0x4249, 0x4249, 0x424A, 0x4249,
  0x4249, 0x4249, 0x4249, 0x4249, 0x424A, 0x4249, 0x4249, 0x4249, 0x424A, 0x4249, 0x4249, 0x4249,
  0x4249, 0x424A, 0x4249, 0x4249, 0x4249, 0x4249, 0x4249, 0x4249, 0x4249, 0x424A, 0x4249, 0x4249,
  0x4249, 0x4249, 0x4249, 0x4249, 0x4249, 0x4249, 0x4249, 0x4249, 0x4249, 0x4249, 0x4249, 0x4249,
  0x424A, 0x4249, 0x4249, 0x4249, 0x4249, 0x424A, 0x4249, 0x4249, 0x4249, 0x424A, 0x4249, 0x4249,
  0x4249, 0x4249, 0x424A, 0x4249, 0x4249, 0x4249, 0x4249, 0x424A, 0x4249, 0x4249, 0x4249, 0x424A,
  0x4249, 0x4249, 0x4249, 0x424A, 0x424A, 0x4249, 0x424A, 0x4249, 0x4249, 0x424A, 0x4249, 0x4249,
  0x424A, 0x4249, 0x4249, 0x4249, 0x4249, 0x4249, 0x4249, 0x4249, 0x4249, 0x424A, 0x4249, 0x4249,
  0x4249, 0x4249, 0x4249, 0x4249, 0x4249, 0x4249, 0x4249, 0x4249, 0x4249, 0x4249, 0x4249, 0x4249,
  0x4249, 0x4249, 0x4249, 0x4249, 0x4249, 0x4249, 0x4249, 0x4249, 0x4249, 0x4249, 0x4249, 0x4249,
  0x4249, 0x4249, 0x424A, 0x4249, 0x424A, 0x4249, 0x4249, 0x4249, 0x4249, 0x424A, 0x4249, 0x4249,
  0x4249, 0x424A, 0x4249, 0x4249, 0x4249, 0x4249, 0x4249, 0x4249, 0x424A, 0x4249, 0x4249, 0x424A,
  0x4249, 0x424A, 0x4249, 0x4249, 0x424A, 0x4249, 0x4249, 0x424A, 0x4249, 0x4249, 0x424A, 0x4249,
  0x4249, 0x4249, 0x424A, 0x424A, 0x424A, 0x4249, 0x4249, 0x4249, 0x4249, 0x4249, 0x424A, 0x4249,
  0x424A, 0x4249, 0x4249, 0x424A, 0x424A, 0x424A, 0x4249, 0x4249, 0x424A, 0x4249, 0x424A, 0x4249,
  0x424A, 0x424A, 0x4249, 0x424A, 0x4249, 0x4249, 0x4249, 0x4249, 0x4249, 0x4249, 0x424A, 0x4249,
  0x4249, 0x4249, 0x4249, 0x4249, 0x4249, 0x4249, 0x424A, 0x4249, 0x4249, 0x424A, 0x4249, 0x4249,
  0x4249, 0x424A, 0x4249, 0x4249, 0x4249, 0x4249, 0x4249, 0x424A, 0x4249, 0x4249, 0x4249, 0x4249,
  0x4249, 0x4249, 0x4249, 0x424A, 0x4249, 0x4249, 0x4249, 0x4249, 0x4249, 0x4249, 0x4249, 0x424A,
  0x4249, 0x4249, 0x424A, 0x4249, 0x4249, 0x4249, 0x424A, 0x4249, 0x4249, 0x4249, 0x424A, 0x4249,
  0x4249, 0x4249, 0x4249, 0x4249, 0x4249, 0x424A, 0x4249, 0x4249, 0x424A, 0x4249, 0x424A, 0x4249,
  0x424A, 0x4249, 0x4249, 0x4249, 0x4249, 0x4249, 0x424A, 0x4249, 0x4249, 0x4249, 0x4249, 0x424A,
  0x4249, 0x4249, 0x4249, 0x424A, 0x4249, 0x4249, 0x4249, 0x4249, 0x4249, 0x424A, 0x4249, 0x424A,
  0x4249, 0x4249, 0x4249, 0x4249, 0x4249, 0x424A, 0x424A, 0x4249, 0x424A, 0x4249, 0x4249, 0x4249,
  0x424A, 0x4249, 0x424A, 0x4249, 0x4249, 0x4249, 0x4249, 0x4249, 0x424A, 0x424A, 0x4249, 0x4249,
  0x4249, 0x4249, 0x4249, 0x4249, 0x4249, 0x424A, 0x4249, 0x4249, 0x424A, 0x4249, 0x4249, 0x4249,
  0x4249, 0x4249, 0x4249, 0x4249, 0x424A, 0x4249, 0x4249, 0x4249, 0x4249, 0x4249, 0x424A, 0x4249,
  0x424A, 0x4249, 0x424A, 0x4249, 0x4249, 0x424A, 0x4249, 0x4249, 0x4249, 0x4249, 0x424A, 0x4249,
  0x4249, 0x4249, 0x4249, 0x4249, 0x424A, 0x4249, 0x4249, 0x4249, 0x4249, 0x4249, 0x424A, 0x4249,
  0x424A, 0x4249, 0x4249, 0x424A, 0x4249, 0x4249, 0x4249, 0x424A, 0x424A, 0x4249, 0x424A, 0x4249,
  0x4249, 0x424A, 0x4249, 0x4249, 0x4249, 0x424A, 0x424A, 0x4249, 0x4249, 0x4249, 0x4249, 0x4249,
  0x424A, 0x4249, 0x424A, 0x4249, 0x4249, 0x4249, 0x424A, 0x4249, 0x4249, 0x424A, 0x4249, 0x4249,
  0x4249, 0x4249, 0x424A, 0x4249, 0x424A, 0x4249, 0x4249, 0x4249, 0x424A, 0x4249, 0x4249, 0x4249,
  0x4249, 0x4249, 0x4249, 0x4249, 0x4249, 0x4249, 0x4249, 0x424A, 0x4249, 0x4249, 0x4249, 0x424A,
  0x4249, 0x4249, 0x424A, 0x4249, 0x4249, 0x4249, 0x424A, 0x424A, 0x424A, 0x4249, 0x4249, 0x4249,
  0x4249, 0x4249, 0x424A, 0x4249, 0x424A, 0x4249, 0x4249, 0x424A, 0x424A, 0x424A, 0x4249, 0x4249,
  0x424A, 0x4249, 0x424A, 0x4249, 0x424A, 0x424A, 0x4249, 0x424A, 0x4249, 0x4249, 0x4249, 0x4249,
  0x4249, 0x4249, 0x424A, 0x4249, 0x4249, 0x4249, 0x4249, 0x4249, 0x4249, 0x4249, 0x424A, 0x4249,
  0x4249, 0x424A, 0x4249, 0x4249, 0x4249, 0x424A, 0x4249, 0x4249, 0x4249, 0x4249, 0x4249, 0x424A,
  0x4249, 0x4249, 0x4249, 0x4249, 0x4249, 0x424A, 0x4249, 0x4249, 0x4249, 0x4249, 0x4249, 0x4249,
  0x4249, 0x4249, 0x4249, 0x4249, 0x424A, 0x424A, 0x4249, 0x4249, 0x4249, 0x4249, 0x424A, 0x4249,
  0x4249, 0x4249, 0x4249, 0x424A, 0x424A, 0x4249, 0x4249, 0x4249, 0x4249, 0x4249, 0x4249, 0x424A,
  0x424A, 0x4249, 0x4249, 0x4249, 0x424A, 0x4249, 0x4249, 0x4249, 0x4249, 0x424A, 0x4249, 0x4249,
  0x424A, 0x4249, 0x4249, 0x4249, 0x4249, 0x4249, 0x424A, 0x4249, 0x4249, 0x424A, 0x4249, 0x4249,
  0x4249, 0x424A, 0x4249, 0x4249, 0x4249, 0x4249, 0x424A, 0x4249, 0x4249, 0x4249, 0x4249, 0x4249,
  0x4249, 0x424A, 0x4249, 0x4249, 0x424A, 0x4249, 0x4249, 0x424A, 0x4249, 0x4249, 0x4249, 0x4249,
  0x4249, 0x4249, 0x424A, 0x4249, 0x4249, 0x424A, 0x4249, 0x4249, 0x4249, 0x4249, 0x424A, 0x4249,
  0x4249, 0x4249, 0x4249, 0x424A, 0x4249, 0x4249, 0x424A, 0x4249, 0x4249, 0x424A, 0x4249, 0x4249,
  0x424A, 0x4249, 0x4249, 0x4249, 0x424A, 0x4249, 0x4249, 0x4249, 0x4249, 0x424A, 0x4249, 0x424A,
  0x4249, 0x4249, 0x424A, 0x4249, 0x4249, 0x4249, 0x4249, 0x4249, 0x4249, 0x4249, 0x4249, 0x424A,
  0x4249, 0x4249, 0x4249, 0x4249, 0x4249, 0x4249, 0x424A, 0x4249, 0x4249, 0x4249, 0x4249, 0x4249,
  0x424A, 0x4249, 0x424A, 0x4249, 0x4249, 0x4249, 0x424A, 0x4249, 0x4249, 0x4249, 0x4249, 0x4249,
  0x4249, 0x424A, 0x4249, 0x424A, 0x4249, 0x4249, 0x424A, 0x4249, 0x4249, 0x4249, 0x4249, 0x4249,
  0x4249, 0x4249, 0x4249, 0x424A, 0x4249, 0x4249, 0x4249, 0x4249, 0x4249, 0x4249, 0x4249, 0x4249,
  0x424A, 0x4249, 0x4249, 0x4249, 0x4249, 0x424A, 0x4249, 0x4249, 0x4249, 0x4249, 0x424A, 0x4249,
  0x4249, 0x424A, 0x424A, 0x4249, 0x4249, 0x4249, 0x4249, 0x4249, 0x4249, 0x4249, 0x424A, 0x4249,
  0x4249, 0x4249, 0x4249, 0x4249, 0x4249, 0x4249, 0x424A, 0x4249, 0x4249, 0x4249, 0x424A, 0x4249,
  0x4249, 0x4249, 0x4249, 0x4249, 0x4249, 0x4249, 0x424A, 0x4249, 0x4249, 0x424A, 0x4249, 0x4249,
  0x424A, 0x4249, 0x4249, 0x424A, 0x4249, 0x4249, 0x4249, 0x4249, 0x4249, 0x424A, 0x4249, 0x4249,
  0x4249, 0x4249, 0x424A, 0x4249, 0x4249, 0x4249, 0x424A, 0x4249, 0x4249, 0x4249, 0x424A, 0x424A,
  0x4249, 0x4249, 0x4249, 0x4249, 0x4249, 0x4249, 0x4249, 0x4249, 0x4249, 0x424A, 0x4249, 0x4249,
  0x4249, 0x4249, 0x4249, 0x4249, 0x4249, 0x4249, 0x4249, 0x4249, 0x424A, 0x424A, 0x4249, 0x4249,
  0x4249, 0x4249, 0x424A, 0x4249, 0x4249, 0x4249, 0x4249, 0x424A, 0x424A, 0x4249, 0x4249, 0x4249,
  0x4249, 0x4249, 0x4249, 0x424A, 0x424A, 0x4249, 0x4249, 0x4249, 0x424A, 0x4249, 0x4249, 0x4249,
  0x4249, 0x424A, 0x4249, 0x4249, 0x424A, 0x4249, 0x4249, 0x4249, 0x4249, 0x4249, 0x424A, 0x4249,
  0x4249, 0x424A, 0x4249, 0x4249, 0x4249, 0x424A, 0x4249, 0x4249, 0x4249, 0x4249, 0x424A, 0x4249,
  0x424A, 0x4249, 0x4249, 0x424A, 0x4249, 0x4249, 0x424A, 0x4249, 0x4249, 0x4249, 0x424A, 0x4249,
  0x4249, 0x4249, 0x4249, 0x4249, 0x424A, 0x4249, 0x4249, 0x4249, 0x4249, 0x4249, 0x4249, 0x4249,
  0x4249, 0x4249, 0x4249, 0x4249, 0x4249, 0x4249, 0x4249, 0x4249, 0x4249, 0x4249, 0x424A, 0x4249,
  0x4249, 0x4249, 0x4249, 0x424A, 0x4249, 0x4249, 0x4249, 0x4249, 0x4249, 0x4249, 0x4249, 0x4249,
  0x4249, 0x4249, 0x424A, 0x4249, 0x4249, 0x4249, 0x4249, 0x424A, 0x4249, 0x4249, 0x4249, 0x4249,
  0x424A, 0x4249, 0x4249, 0x4249, 0x424A, 0x4249, 0x424A, 0x4249, 0x424A, 0x4249, 0x4249, 0x4249,
  0x424A, 0x4249, 0x4249, 0x4249, 0x424A, 0x4249, 0x4249, 0x424A, 0x4249, 0x4249, 0x4249, 0x4249,
  0x4249, 0x4249, 0x4249, 0x4249, 0x424A, 0x4249, 0x4249, 0x424A, 0x4249, 0x4249, 0x4249, 0x4249,
  0x4249, 0x4249, 0x4249, 0x4249, 0x4249, 0x4249, 0x4249, 0x4249, 0x4249, 0x4249, 0x4249, 0x4249,
  0x424A, 0x4249, 0x4249, 0x424A, 0x4249, 0x4249, 0x4249, 0x424A, 0x4249, 0x4249, 0x424A, 0x4249,
  0x4249, 0x4249, 0x4249, 0x4249, 0x424A, 0x4249, 0x4249, 0x4249, 0x4249, 0x4249, 0x4249, 0x424A,
  0x4249, 0x4249, 0x4249, 0x4249, 0x4249, 0x424A, 0x4249, 0x4249, 0x4249, 0x4249, 0x4249, 0x4249,
  0x4249, 0x4249, 0x4249, 0x4249, 0x424A, 0x4249, 0x424A, 0x424A, 0x4249, 0x4249, 0x4249, 0x4249,
  0x4249, 0x424A, 0x4249, 0x4249, 0x424A, 0x4249, 0x424A, 0x424A, 0x4249, 0x4249, 0x4249, 0x424A,
  0x4249, 0x4249, 0x424A, 0x424A, 0x4249, 0x4249, 0x424A, 0x4249, 0x4249, 0x4249, 0x4249, 0x424A,
  0x4249, 0x4249, 0x424A, 0x4249, 0x424A, 0x4249, 0x4249, 0x4249, 0x4249, 0x4249, 0x4249, 0x4249,
  0x4249, 0x424A, 0x4249, 0x4249, 0x424A, 0x4249, 0x4249, 0x4249, 0x4249, 0x424A, 0x4249, 0x4249,
  0x4249, 0x4249, 0x4249, 0x4249, 0x4249, 0x4249, 0x4249, 0x424A, 0x4249, 0x4249, 0x4249, 0x424A,
  0x4249, 0x4249, 0x424A, 0x4249, 0x4249, 0x4249, 0x4249, 0x4249, 0x4249, 0x4249, 0x4249, 0x4249,
  0x4249, 0x4249, 0x424A, 0x4249, 0x424A, 0x4249, 0x4249, 0x4249, 0x4249, 0x4249, 0x4249, 0x4249,
  0x424A, 0x4249, 0x4249, 0x4249, 0x4249, 0x4249, 0x4249, 0x4249, 0x424A, 0x4249, 0x4249, 0x4249,
  0x4249, 0x424A, 0x4249, 0x4249, 0x424A, 0x4249, 0x4249, 0x424A, 0x4249, 0x4249, 0x424A, 0x4249,
  0x4249, 0x4249, 0x424A, 0x4249, 0x4249, 0x4249, 0x4249, 0x4249, 0x424A, 0x4249, 0x4249, 0x4249,
  0x4249, 0x4249, 0x4249, 0x4249, 0x4249, 0x4249, 0x4249, 0x4249, 0x4249, 0x4249, 0x4249, 0x4249,
  0x4249, 0x4249, 0x424A, 0x4249, 0x4249, 0x4249, 0x4249, 0x424A, 0x4249, 0x4249, 0x4249, 0x4249,
  0x4249, 0x4249, 0x4249, 0x4249, 0x4249, 0x4249, 0x424A, 0x4249, 0x4249, 0x4249, 0x4249, 0x424A,
  0x4249, 0x4249, 0x4249, 0x4249, 0x424A, 0x4249, 0x4249, 0x4249, 0x4249, 0x4249, 0x4249, 0x4249,
  0x4249, 0x424A, 0x4249, 0x4249, 0x4249, 0x424A, 0x4249, 0x4249, 0x4249, 0x424A, 0x4249, 0x4249,
  0x4249, 0x4249, 0x4249, 0x4249, 0x4249, 0x424A, 0x4249, 0x4249, 0x4249, 0x4249, 0x4249, 0x424A,
  0x4249, 0x424A, 0x4249, 0x4249, 0x4249, 0x424A, 0x4249, 0x4249, 0x424A, 0x4249, 0x4249, 0x4249,
  0x424A, 0x4249, 0x424A, 0x4249, 0x4249, 0x4249, 0x424A, 0x424A, 0x4249, 0x4249, 0x4249, 0x4249,
  0x4249, 0x4249, 0x424A, 0x4249, 0x424A, 0x4249, 0x4249, 0x424A, 0x4249, 0x4249, 0x424A, 0x4249,
  0x4249, 0x4249, 0x4249, 0x4249, 0x424A, 0x4249, 0x4249, 0x4249, 0x4249, 0x4249, 0x4249, 0x4249,
  0x4249, 0x4249, 0x4249, 0x424A, 0x4249, 0x4249, 0x424A, 0x4249, 0x4249, 0x4249, 0x4249, 0x424A,
  0x4249, 0x4249, 0x4249, 0x4249, 0x4249, 0x424A, 0x4249, 0x4249, 0x424A, 0x4249, 0x4249, 0x4249,
  0x4249, 0x424A, 0x4249, 0x424A, 0x4249, 0x4249, 0x424A, 0x4249, 0x4249, 0x4249, 0x4249, 0x4249,
  0x4249, 0x4249, 0x4249, 0x4249, 0x4249, 0x4249, 0x424A, 0x4249, 0x4249, 0x424A, 0x4249, 0x424A,
  0x4249, 0x4249, 0x424A, 0x424A, 0x4249, 0x4249, 0x4249, 0x4249, 0x424A, 0x424A, 0x4249, 0x4249,
  0x4249, 0x424A, 0x4249, 0x4249, 0x424A, 0x4249, 0x424A, 0x4249, 0x4249, 0x4249, 0x4249, 0x4249,
  0x4249, 0x4249, 0x4249, 0x4249, 0x4249, 0x4249, 0x4249, 0x4249, 0x4249, 0x424A, 0x4249, 0x4249,
  0x424A, 0x4249, 0x4249, 0x4249, 0x4249, 0x4249, 0x424A, 0x4249, 0x4249, 0x4249, 0x4249, 0x424A,
  0x4249, 0x4249, 0x4249, 0x424A, 0x4249, 0x4249, 0x424A, 0x4249, 0x4249, 0x4249, 0x4249, 0x4249,
  0x4249, 0x424A, 0x424A, 0x4249, 0x4249, 0x4249, 0x4249, 0x4249, 0x4249, 0x424A, 0x4249, 0x4249,
  0x4249, 0x4249, 0x424A, 0x4249, 0x4249, 0x424A, 0x424A, 0x4249, 0x424A, 0x4249, 0x4249, 0x4249,
  0x4249, 0x4249, 0x4249, 0x4249, 0x4249, 0x4249, 0x424A, 0x4249, 0x4249, 0x4249, 0x4249, 0x4249,
  0x4249, 0x424A, 0x4249, 0x4249, 0x424A, 0x4249, 0x4249, 0x424A, 0x4249, 0x4249, 0x4249, 0x4249,
  0x4249, 0x4249, 0x4249, 0x424A, 0x4249, 0x4249, 0x424A, 0x4249, 0x424A, 0x4249, 0x4249, 0x424A,
  0x4249, 0x424A, 0x4249, 0x4249, 0x4249, 0x4249, 0x424A, 0x424A, 0x4249, 0x424A, 0x4249, 0x4249,
  0x4249, 0x4249, 0x4249, 0x4249, 0x4249, 0x424A, 0x4249, 0x4249, 0x4249, 0x424A, 0x4249, 0x4249,
  0x4249, 0x424A, 0x4249, 0x4249, 0x4249, 0x4249, 0x4249, 0x4249, 0x4249, 0x424A, 0x4249, 0x4249,
  0x4249, 0x4249, 0x4249, 0x424A, 0x4249, 0x424A, 0x4249, 0x4249, 0x4249, 0x424A, 0x4249, 0x4249,
  0x424A, 0x4249, 0x4249, 0x4249, 0x424A, 0x4249, 0x424A, 0x4249, 0x4249, 0x4249, 0x424A, 0x424A,
  0x4249, 0x4249, 0x4249, 0x4249, 0x4249, 0x4249, 0x424A, 0x4249, 0x424A, 0x4249, 0x4249, 0x424A,
  0x4249, 0x4249, 0x424A, 0x4249, 0x4249, 0x424A, 0x4249, 0x424A, 0x4249, 0x424A, 0x4249, 0x4249,
  0x4249, 0x424A, 0x4249, 0x4249, 0x4249, 0x4249, 0x4249, 0x4249, 0x4249, 0x424A, 0x4249, 0x424A,
  0x424A, 0x4249, 0x424A, 0x4249, 0x424A, 0x4249, 0x424A, 0x4249, 0x4249, 0x4249, 0x4249, 0x424A,
  0x4249, 0x424A, 0x4249, 0x4249, 0x4249, 0x4249, 0x4249, 0x4249, 0x4249, 0x4249, 0x424A, 0x4249,
  0x4249, 0x4249, 0x4249, 0x4249, 0x4249, 0x424A, 0x4249, 0x424A, 0x424A, 0x4249, 0x4249, 0x4249,
  0x4249, 0x4249, 0x4249, 0x424A, 0x4249, 0x4249, 0x4249, 0x4249, 0x424A, 0x4249, 0x4249, 0x4249,
  0x4249, 0x4249, 0x4249, 0x424A, 0x4249, 0x424A, 0x4249, 0x424A, 0x4249, 0x4249, 0x424A, 0x4249,
  0x4249, 0x4249, 0x4249, 0x4249, 0x424A, 0x424A, 0x4249, 0x4249, 0x4249, 0x424A, 0x4249, 0x4249,
  0x4249, 0x424A, 0x4249, 0x4249, 0x424A, 0x4249, 0x4249, 0x4249, 0x4249, 0x4249, 0x4249, 0x4249,
  0x4249, 0x4249, 0x4249, 0x424A, 0x4249, 0x424A, 0x4249, 0x424A, 0x4249, 0x4249, 0x424A, 0x4249,
  0x4249, 0x4249, 0x4249, 0x4249, 0x4249, 0x424A, 0x4249, 0x4249, 0x4249, 0x4249, 0x4249, 0x4249,
  0x4249, 0x4249, 0x424A, 0x4249, 0x4249, 0x4249, 0x4249, 0x424A, 0x4249, 0x4249, 0x4249, 0x4249,
  0x4249, 0x4249, 0x4249, 0x424A, 0x4249, 0x424A, 0x4249, 0x424A, 0x424A, 0x4249, 0x4249, 0x4249,
  0x4249, 0x424A, 0x4249, 0x424A, 0x4249, 0x4249, 0x4249, 0x4249, 0x4249, 0x4249, 0x4249, 0x4249,
  0x4249, 0x4249, 0x4249, 0x424A, 0x4249, 0x424A, 0x4249, 0x4249, 0x4249, 0x4249, 0x4249, 0x424A,
  0x4249, 0x4249, 0x4249, 0x4249, 0x424A, 0x4249, 0x4249, 0x4249, 0x4249, 0x4249, 0x4249, 0x4249,
  0x4249, 0x424A, 0x4249, 0x424A, 0x4249, 0x4249, 0x4249, 0x4249, 0x4249, 0x424A, 0x4249, 0x4249,
  0x4249, 0x4249, 0x4249, 0x4249, 0x4249, 0x4249, 0x424A, 0x424A, 0x4249, 0x424A, 0x4249, 0x4249,
  0x424A, 0x4249, 0x4249, 0x4249, 0x424A, 0x4249, 0x4249, 0x4249, 0x424A, 0x4249, 0x4249, 0x424A,
  0x4249, 0x4249, 0x424A, 0x4249, 0x4249, 0x424A, 0x4249, 0x4249, 0x4249, 0x4249, 0x424A, 0x4249,
  0x4249, 0x424A, 0x4249, 0x4249, 0x4249, 0x4249, 0x4249, 0x4249, 0x4249, 0x424A, 0x4249, 0x4249,
  0x4249, 0x4249, 0x4249, 0x4249, 0x4249, 0x4249, 0x424A, 0x4249, 0x4249, 0x424A, 0x4249, 0x424A,
  0x4249, 0x424A, 0x4249, 0x4249, 0x4249, 0x424A, 0x4249, 0x4249, 0x4249, 0x4249, 0x4249, 0x4249,
  0x4249, 0x424A, 0x4249, 0x424A, 0x424A, 0x4249, 0x424A, 0x4249, 0x424A, 0x4249, 0x424A, 0x4249,
  0x4249, 0x4249, 0x4249, 0x424A, 0x4249, 0x424A, 0x4249, 0x4249, 0x4249, 0x4249, 0x4249, 0x4249,
  0x4249, 0x4249, 0x424A, 0x4249, 0x4249, 0x4249, 0x4249, 0x4249, 0x4249, 0x424A, 0x4249, 0x424A,
  0x424A, 0x4249, 0x4249, 0x4249, 0x4249, 0x4249, 0x4249, 0x424A, 0x4249, 0x4249, 0x4249, 0x4249,
  0x4249, 0x4249, 0x4249, 0x4249, 0x4249, 0x4249, 0x4249, 0x4249, 0x424A, 0x4249, 0x4249, 0x424A,
  0x4249, 0x4249, 0x4249, 0x424A, 0x424A, 0x4249, 0x4249, 0x4249, 0x4249, 0x4249, 0x4249, 0x4249,
  0x4249, 0x4249, 0x4249, 0x4249, 0x424A, 0x4249, 0x4249, 0x4249, 0x4249, 0x4249, 0x4249, 0x424A,
  0x4249, 0x424A, 0x424A, 0x4249, 0x4249, 0x4249, 0x4249, 0x4249, 0x424A, 0x424A, 0x4249, 0x4249,
  0x424A, 0x4249, 0x4249, 0x4249, 0x4249, 0x4249, 0x424A, 0x4249, 0x4249, 0x424A, 0x4249, 0x4249,
  0x4249, 0x4249, 0x424A, 0x4249, 0x4249, 0x424A, 0x4249, 0x4249, 0x4249, 0x424A, 0x4249, 0x4249,
  0x4249, 0x424A, 0x4249, 0x4249, 0x4249, 0x4249, 0x424A, 0x4249, 0x4249, 0x424A, 0x424A, 0x4249,
  0x4249, 0x4249, 0x4249, 0x4249, 0x4249, 0x4249, 0x4249, 0x4249, 0x4249, 0x4249, 0x4249, 0x4249,
  0x4249, 0x4249, 0x424A, 0x424A, 0x424A, 0x4249, 0x4249, 0x4249, 0x424A, 0x4249, 0x4249, 0x424A,
  0x4249, 0x4249, 0x4249, 0x4249, 0x4249, 0x4249, 0x4249, 0x424A, 0x4249, 0x4249, 0x4249, 0x4249,
  0x4249, 0x4249, 0x424A, 0x4249, 0x4249, 0x4249, 0x424A, 0x4249, 0x4249, 0x424A, 0x4249, 0x4249,
  0x4249, 0x424A, 0x4249, 0x4249, 0x4249, 0x4249, 0x4249, 0x424A, 0x4249, 0x4249, 0x4249, 0x424A,
  0x4249, 0x4249, 0x4249, 0x4249, 0x4249, 0x4249, 0x4249, 0x424A, 0x4249, 0x4249, 0x4249, 0x4249,
  0x4249, 0x424A, 0x4249, 0x4249, 0x424A, 0x4249, 0x4249, 0x424A, 0x4249, 0x424A, 0x4249, 0x4249,
  0x4249, 0x4249, 0x4249, 0x424A, 0x4249, 0x424A, 0x4249, 0x4249, 0x4249, 0x4249, 0x4249, 0x4249,
  0x4249, 0x4249, 0x424A, 0x424A, 0x4249, 0x4249, 0x4249, 0x424A, 0x4249, 0x4249, 0x4249, 0x4249,
  0x424A, 0x4249, 0x4249, 0x424A, 0x4249, 0x424A, 0x4249, 0x4249, 0x4249, 0x4249, 0x4249, 0x4249,
  0x4249, 0x4249, 0x4249, 0x4249, 0x4249, 0x4249, 0x4249, 0x4249, 0x424A, 0x4249, 0x4249, 0x4249,
  0x4249, 0x4249, 0x4249, 0x424A, 0x4249, 0x4249, 0x4249, 0x4249, 0x4249, 0x4249, 0x4249, 0x4249,
  0x4249, 0x4249, 0x424A, 0x4249, 0x4249, 0x424A, 0x4249, 0x4249, 0x424A, 0x4249, 0x4249, 0x4249,
  0x4249, 0x4249, 0x4249, 0x424A, 0x4249, 0x4249, 0x4249, 0x424A, 0x424A, 0x4249, 0x4249, 0x4249,
  0x4249, 0x4249, 0x424A, 0x4249, 0x4249, 0x4249, 0x4249, 0x4249, 0x4249, 0x4249, 0x4249, 0x4249,
  0x424A, 0x4249, 0x4249, 0x424A, 0x4249, 0x4249, 0x4249, 0x424A, 0x424A, 0x4249, 0x4249, 0x4249,
  0x4249, 0x4249, 0x4249, 0x4249, 0x4249, 0x4249, 0x4249, 0x4249, 0x424A, 0x4249, 0x4249, 0x4249,
  0x4249, 0x4249, 0x4249, 0x424A, 0x4249, 0x424A, 0x424A, 0x4249, 0x4249, 0x4249, 0x4249, 0x4249,
  0x424A, 0x424A, 0x4249, 0x4249, 0x424A, 0x4249, 0x4249, 0x4249, 0x4249, 0x4249, 0x424A, 0x4249,
  0x4249, 0x424A, 0x4249, 0x4249, 0x4249, 0x4249, 0x424A, 0x4249, 0x4249, 0x4249, 0x4249, 0x4249,
  0x424A, 0x4249, 0x4249, 0x4249, 0x4249, 0x4249, 0x4249, 0x4249, 0x424A, 0x4249, 0x424A, 0x4249,
  0x4249, 0x4249, 0x4249, 0x4249, 0x4249, 0x4249, 0x4249, 0x424A, 0x4249, 0x4249, 0x4249, 0x424A,
  0x4249, 0x4249, 0x4249, 0x4249, 0x424A, 0x4249, 0x4249, 0x4249, 0x4249, 0x4249, 0x4249, 0x424A,
  0x424A, 0x4249, 0x4249, 0x4249, 0x4249, 0x4249, 0x4249, 0x4249, 0x4249, 0x424A, 0x4249, 0x4249,
  0x4249, 0x4249, 0x4249, 0x424A, 0x4249, 0x4249, 0x4249, 0x4249, 0x424A, 0x4249, 0x4249, 0x4249,
  0x4249, 0x4249, 0x424A, 0x4249, 0x4249, 0x4249, 0x4249, 0x4249, 0x4249, 0x4249, 0x424A, 0x4249,
  0x4249, 0x4249, 0x4249, 0x4249, 0x4249, 0x4249, 0x4249, 0x4249, 0x4249, 0x4249, 0x4249, 0x4249,
  0x4249, 0x424A, 0x4249, 0x424A, 0x424A, 0x4249, 0x4249, 0x424A, 0x4249, 0x4249, 0x4249, 0x4249,
  0x4249, 0x4249, 0x4249, 0x424A, 0x4249, 0x4249, 0x4249, 0x4249, 0x4249, 0x424A, 0x4249, 0x4249,
  0x424A, 0x4249, 0x424A, 0x4249, 0x4249, 0x424A, 0x424A, 0x4249, 0x4249, 0x4249, 0x4249, 0x4249,
  0x424A, 0x4249, 0x424A, 0x4249, 0x4249, 0x4249, 0x4249, 0x4249, 0x4249, 0x4249, 0x4249, 0x424A,
  0x4249, 0x424A, 0x4249, 0x4249, 0x4249, 0x4249, 0x424A, 0x4249, 0x4249, 0x4249, 0x424A, 0x4249,
  0x4249, 0x4249, 0x4249, 0x424A, 0x4249, 0x4249, 0x4249, 0x424A, 0x4249, 0x4249, 0x4249, 0x4249,
  0x424A, 0x4249, 0x4249, 0x4249, 0x424A, 0x4249, 0x4249, 0x4249, 0x424A, 0x4249, 0x4249, 0x4249,
  0x4249, 0x4249, 0x4249, 0x4249, 0x4249, 0x424A, 0x4249, 0x424A, 0x4249, 0x424A, 0x4249, 0x4249,
  0x424A, 0x4249, 0x4249, 0x4249, 0x4249, 0x4249, 0x424A, 0x4249, 0x4249, 0x4249, 0x4249, 0x424A,
  0x4249, 0x4249, 0x4249, 0x4249, 0x4249, 0x4249, 0x424A, 0x4249, 0x424A, 0x4249, 0x424A, 0x4249,
  0x4249, 0x4249, 0x424A, 0x4249, 0x4249, 0x4249, 0x424A, 0x4249, 0x424A, 0x4249, 0x4249, 0x4249,
  0x424A, 0x4249, 0x4249, 0x4249, 0x4249, 0x424A, 0x4249, 0x4249, 0x4249, 0x424A, 0x4249, 0x4249,
  0x4249, 0x4249, 0x4249, 0x4249, 0x4249, 0x4249, 0x4249, 0x424A, 0x4249, 0x4249, 0x424A, 0x4249,
  0x4249, 0x4249, 0x4249, 0x4249, 0x4249, 0x4249, 0x4249, 0x4249, 0x424A, 0x4249, 0x4249, 0x4249,
  0x4249, 0x4249, 0x4249, 0x4249, 0x424A, 0x4249, 0x4249, 0x4249, 0x4249, 0x4249, 0x4249, 0x4249,
  0x424A, 0x4249, 0x424A, 0x4249, 0x4249, 0x4249, 0x4249, 0x4249, 0x4249, 0x4249, 0x4249, 0x424A,
  0x4249, 0x4249, 0x4249, 0x424A, 0x4249, 0x4249, 0x4249, 0x4249, 0x424A, 0x4249, 0x4249, 0x4249,
  0x4249, 0x4249, 0x4249, 0x424A, 0x424A, 0x4249, 0x4249, 0x4249, 0x4249, 0x4249, 0x4249, 0x4249,
  0x4249, 0x424A, 0x4249, 0x4249, 0x4249, 0x4249, 0x4249, 0x424A, 0x4249, 0x4249, 0x4249, 0x4249,
  0x424A, 0x4249, 0x4249, 0x4249, 0x424A, 0x424A, 0x4249, 0x4249, 0x4249, 0x424A, 0x424A, 0x4249,
  0x424A, 0x4249, 0x4249, 0x4249, 0x4249, 0x4249, 0x4249, 0x4249, 0x4249, 0x424A, 0x4249, 0x4249,
  0x424A, 0x4249, 0x4249, 0x4249, 0x4249, 0x424A, 0x4249, 0x4249, 0x4249, 0x4249, 0x424A, 0x424A,
  0x4249, 0x4249, 0x4249, 0x4249, 0x424A, 0x4249, 0x4249, 0x4249, 0x4249, 0x4249, 0x4249, 0x424A,
  0x4249, 0x4249, 0x424A, 0x4249, 0x424A, 0x4249, 0x4249, 0x424A, 0x4249, 0x4249, 0x424A, 0x4249,
  0x4249, 0x4249, 0x4249, 0x424A, 0x4249, 0x4249, 0x424A, 0x4249, 0x424A, 0x4249, 0x4249, 0x4249,
  0x4249, 0x4249, 0x4249, 0x424A, 0x4249, 0x4249, 0x4249, 0x4249, 0x4249, 0x424A, 0x4249, 0x424A,
  0x4249, 0x4249, 0x424A, 0x4249, 0x4249, 0x424A, 0x424A, 0x424A, 0x4249, 0x4249, 0x4249, 0x4249,
  0x4249, 0x424A, 0x4249, 0x4249, 0x4249, 0x424A, 0x4249, 0x4249, 0x4249, 0x4249, 0x4249, 0x424A,
  0x4249, 0x4249, 0x424A, 0x4249, 0x4249, 0x4249, 0x4249, 0x424A, 0x4249, 0x4249, 0x4249, 0x424A,
  0x4249, 0x4249, 0x4249, 0x4249, 0x4249, 0x4249, 0x424A, 0x4249, 0x4249, 0x4249, 0x4249, 0x4249,
  0x4249, 0x4249, 0x4249, 0x424A, 0x4249, 0x4249, 0x4249, 0x4249, 0x4249, 0x4249, 0x4249, 0x4249,
  0x424A, 0x4249, 0x4249, 0x4249, 0x4249, 0x4249, 0x424A, 0x4249, 0x4249, 0x4249, 0x4249, 0x4249,
  0x4249, 0x4249, 0x4249, 0x4249, 0x4249, 0x4249, 0x4249, 0x4249, 0x424A, 0x4249, 0x4249, 0x4249,
  0x4249, 0x4249, 0x4249, 0x4249, 0x4249, 0x4249, 0x424A, 0x4249, 0x4249, 0x4249, 0x424A, 0x4249,
  0x4249, 0x424A, 0x4249, 0x4249, 0x4249, 0x424A, 0x4249, 0x4249, 0x4249, 0x4249, 0x4249, 0x4249,
  0x4249, 0x4249, 0x4249, 0x4249, 0x4249, 0x424A, 0x4249, 0x4249, 0x4249, 0x4249, 0x424A, 0x4249,
  0x424A, 0x424A, 0x4249, 0x4249, 0x4249, 0x4249, 0x4249, 0x4249, 0x4249, 0x4249, 0x4249, 0x4249,
  0x4249, 0x4249, 0x4249, 0x4249, 0x4249, 0x4249, 0x4249, 0x4249, 0x4249, 0x4249, 0x424A, 0x4249,
  0x424A, 0x4249, 0x4249, 0x4249, 0x424A, 0x4249, 0x4249, 0x424A, 0x4249, 0x4249, 0x424A, 0x424A,
  0x4249, 0x4249, 0x4249, 0x424A, 0x4249, 0x4249, 0x4249, 0x4249, 0x424A, 0x4249, 0x424A, 0x4249,
  0x4249, 0x424A, 0x424A, 0x4249, 0x4249, 0x4249, 0x4249, 0x4249, 0x424A, 0x424A, 0x4249, 0x4249,
  0x4249, 0x424A, 0x424A, 0x4249, 0x424A, 0x4249, 0x4249, 0x4249, 0x4249, 0x4249, 0x4249, 0x4249,
  0x4249, 0x424A, 0x4249, 0x4249, 0x424A, 0x4249, 0x4249, 0x4249, 0x4249, 0x424A, 0x4249, 0x4249,
  0x4249, 0x4249, 0x424A, 0x424A, 0x4249, 0x4249, 0x4249, 0x4249, 0x424A, 0x4249, 0x4249, 0x4249,
  0x4249, 0x4249, 0x4249, 0x424A, 0x4249, 0x4249, 0x424A, 0x4249, 0x424A, 0x4249, 0x4249, 0x424A,
  0x4249, 0x4249, 0x424A, 0x4249, 0x4249, 0x4249, 0x4249, 0x424A, 0x4249, 0x4249, 0x424A, 0x4249,
  0x4249, 0x424A, 0x4249, 0x4249, 0x4249, 0x4249, 0x4249, 0x4249, 0x424A, 0x4249, 0x424A, 0x424A,
  0x4249, 0x4249, 0x4249, 0x4249, 0x4249, 0x4249, 0x4249, 0x4249, 0x424A, 0x4249, 0x4249, 0x4249,
  0x4249, 0x4249, 0x424A, 0x4249, 0x4249, 0x4249, 0x4249, 0x4249, 0x4249, 0x4249, 0x424A, 0x4249,
  0x4249, 0x424A, 0x4249, 0x4249, 0x424A, 0x4249, 0x4249, 0x4249, 0x424A, 0x4249, 0x4249, 0x4249,
  0x4249, 0x4249, 0x4249, 0x4249, 0x4249, 0x4249, 0x4249, 0x424A, 0x4249, 0x424A, 0x4249, 0x4249,
  0x4249, 0x4249, 0x4249, 0x4249, 0x4249, 0x4249, 0x424A, 0x4249, 0x424A, 0x4249, 0x424A, 0x4249,
  0x4249, 0x4249, 0x4249, 0x424A, 0x424A, 0x4249, 0x4249, 0x4249, 0x424A, 0x4249, 0x4249, 0x424A,
  0x4249, 0x4249, 0x4249, 0x4249, 0x4249, 0x4249, 0x4249, 0x4249, 0x4249, 0x4249, 0x4249, 0x4249,
  0x424A, 0x4249, 0x4249, 0x4249, 0x424A, 0x4249, 0x424A, 0x4249, 0x4249, 0x4249, 0x4249, 0x4249,
  0x4249, 0x4249, 0x424A, 0x4249, 0x4249, 0x4249, 0x4249, 0x4249, 0x4249, 0x4249, 0x424A, 0x4249,
  0x4249, 0x424A, 0x424A, 0x4249, 0x4249, 0x4249, 0x424A, 0x424A, 0x4249, 0x424A, 0x4249, 0x4249,
  0x424A, 0x4249, 0x4249, 0x424A, 0x4249, 0x424A, 0x4249, 0x424A, 0x4249, 0x4249, 0x4249, 0x424A,
  0x4249, 0x4249, 0x4249, 0x424A, 0x4249, 0x4249, 0x4249, 0x424A, 0x4249, 0x4249, 0x424A, 0x4249,
  0x424A, 0x4249, 0x4249, 0x4249, 0x424A, 0x4249, 0x424A, 0x4249, 0x4249, 0x4249, 0x424A, 0x4249,
  0x4249, 0x424A, 0x4249, 0x4249, 0x424A, 0x424A, 0x4249, 0x4249, 0x4249, 0x4249, 0x4249, 0x4249,
  0x4249, 0x4249, 0x4249, 0x4249, 0x424A, 0x4249, 0x4249, 0x4249, 0x424A, 0x424A, 0x4249, 0x4249,
  0x424A, 0x4249, 0x4249, 0x4249, 0x4249, 0x4249, 0x4249, 0x4249, 0x4249, 0x4249, 0x4249, 0x4249,
  0x4249, 0x424A, 0x4249, 0x424A, 0x424A, 0x424A, 0x4249, 0x4249, 0x4249, 0x424A, 0x4249, 0x4249,
  0x4249, 0x424A, 0x4249, 0x424A, 0x4249, 0x4249, 0x4249, 0x4249, 0x424A, 0x4249, 0x4249, 0x424A,
  0x4249, 0x4249, 0x4249, 0x4249, 0x4249, 0x424A, 0x4249, 0x4249, 0x4249, 0x424A, 0x4249, 0x4249,
  0x4249, 0x424A, 0x4249, 0x4249, 0x4249, 0x424A, 0x4249, 0x4249, 0x4249, 0x4249, 0x4249, 0x4249,
  0x4249, 0x424A, 0x424A, 0x4249, 0x4249, 0x424A, 0x4249, 0x4249, 0x4249, 0x4249, 0x4249, 0x4249,
  0x424A, 0x4249, 0x424A, 0x424A, 0x4249, 0x4249, 0x4249, 0x4249, 0x4249, 0x4249, 0x4249, 0x4249,
  0x424A, 0x4249, 0x4249, 0x4249, 0x4249, 0x4249, 0x424A, 0x4249, 0x4249, 0x4249, 0x4249, 0x4249,
  0x4249, 0x4249, 0x424A, 0x4249, 0x4249, 0x424A, 0x4249, 0x4249, 0x424A, 0x4249, 0x4249, 0x4249,
  0x424A, 0x4249, 0x4249, 0x4249, 0x4249, 0x4249, 0x4249, 0x4249, 0x4249, 0x4249, 0x4249, 0x424A,
  0x4249, 0x424A, 0x4249, 0x4249, 0x4249, 0x4249, 0x4249, 0x4249, 0x4249, 0x4249, 0x4249, 0x4249,
  0x4249, 0x424A, 0x4249, 0x4249, 0x4249, 0x4249, 0x4249, 0x4249, 0x4249, 0x424A, 0x4249, 0x424A,
  0x4249, 0x4249, 0x4249, 0x4249, 0x4249, 0x424A, 0x4249, 0x424A, 0x4249, 0x4249, 0x4249, 0x4249,
  0x424A, 0x4249, 0x4249, 0x4249, 0x4249, 0x4249, 0x424A, 0x4249, 0x4249, 0x4249, 0x4249, 0x4249,
  0x4249, 0x4249, 0x4249, 0x4249, 0x4249, 0x4249, 0x4249, 0x4249, 0x4249, 0x424A, 0x4249, 0x4249,
  0x424A, 0x4249, 0x4249, 0x4249, 0x4249, 0x4249, 0x4249, 0x4249, 0x424A, 0x4249, 0x424A, 0x4249,
  0x4249, 0x424A, 0x4249, 0x4249, 0x4249, 0x4249, 0x4249, 0x4249, 0x424A, 0x4249, 0x4249, 0x4249,
  0x4249, 0x4249, 0x4249, 0x4249, 0x4249, 0x4249, 0x4249, 0x4249, 0x4249, 0x4249, 0x424A, 0x4249,
  0x4249, 0x424A, 0x4249, 0x4249, 0x424A, 0x4249, 0x424A, 0x4249, 0x4249, 0x424A, 0x4249, 0x424A,
  0x4249, 0x4249, 0x4249, 0x4249, 0x4249, 0x424A, 0x4249, 0x424A, 0x4249, 0x4249, 0x4249, 0x4249,
  0x4249, 0x4249, 0x4249, 0x4249, 0x4249, 0x4249, 0x424A, 0x424A, 0x4249, 0x4249, 0x4249, 0x4249,
  0x424A, 0x4249, 0x4249, 0x4249, 0x4249, 0x4249, 0x4249, 0x4249, 0x424A, 0x4249, 0x4249, 0x424A,
  0x4249, 0x4249, 0x4249, 0x4249, 0x424A, 0x4249, 0x4249, 0x4249, 0x424A, 0x4249, 0x424A, 0x4249,
  0x4249, 0x424A, 0x4249, 0x424A, 0x4249, 0x4249, 0x4249, 0x4249, 0x4249, 0x424A, 0x4249, 0x4249,
  0x4249, 0x4249, 0x4249, 0x424A, 0x4249, 0x4249, 0x4249, 0x4249, 0x4249, 0x4249, 0x4249, 0x4249,
  0x424A, 0x4249, 0x4249, 0x4249, 0x4249, 0x424A, 0x4249, 0x4249, 0x4249, 0x4249, 0x4249, 0x424A,
  0x4249, 0x424A, 0x4249, 0x4249, 0x4249, 0x4249, 0x4249, 0x424A, 0x4249, 0x4249, 0x4249, 0x424A,
  0x424A, 0x4249, 0x424A, 0x4249, 0x4249, 0x4249, 0x4249, 0x424A, 0x4249, 0x4249, 0x4249, 0x4249,
  0x4249, 0x4249, 0x4249, 0x424A, 0x4249, 0x424A, 0x4249, 0x4249, 0x4249, 0x424A, 0x424A, 0x4249,
  0x4249, 0x4249, 0x4249, 0x4249, 0x4249, 0x4249, 0x4249, 0x424A, 0x4249, 0x4249, 0x4249, 0x424A,
  0x4249, 0x4249, 0x4249, 0x4249, 0x4249, 0x4249, 0x4249, 0x4249, 0x424A, 0x4249, 0x424A, 0x4249,
  0x4249, 0x4249, 0x4249, 0x424A, 0x4249, 0x4249, 0x4249, 0x4249, 0x4249, 0x4249, 0x4249, 0x4249,
  0x4249, 0x4249, 0x4249, 0x4249, 0x4249, 0x424A, 0x4249, 0x4249, 0x4249, 0x4249, 0x4249, 0x4249,
  0x4249, 0x424A, 0x4249, 0x424A, 0x4249, 0x4249, 0x4249, 0x4249, 0x4249, 0x424A, 0x4249, 0x424A,
  0x4249, 0x4249, 0x4249, 0x4249, 0x424A, 0x4249, 0x4249, 0x4249, 0x4249, 0x4249, 0x424A, 0x4249,
  0x4249, 0x4249, 0x4249, 0x4249, 0x4249, 0x4249, 0x4249, 0x4249, 0x4249, 0x4249, 0x4249, 0x4249,
  0x4249, 0x424A, 0x4249, 0x4249, 0x424A, 0x4249, 0x4249, 0x4249, 0x4249, 0x4249, 0x4249, 0x4249,
  0x424A, 0x4249, 0x424A, 0x4249, 0x4249, 0x424A, 0x4249, 0x4249, 0x424A, 0x4249, 0x4249, 0x4249,
  0x424A, 0x4249, 0x4249, 0x4249, 0x424A, 0x4249, 0x424A, 0x4249, 0x4249, 0x424A, 0x4249, 0x4249,
  0x4249, 0x4249, 0x4249, 0x424A, 0x4249, 0x4249, 0x4249, 0x4249, 0x4249, 0x4249, 0x424A, 0x4249,
  0x4249, 0x4249, 0x4249, 0x4249, 0x4249, 0x4249, 0x424A, 0x424A, 0x4249, 0x4249, 0x4249, 0x424A,
  0x4249, 0x424A, 0x4249, 0x4249, 0x424A, 0x4249, 0x4249, 0x4249, 0x4249, 0x4249, 0x424A, 0x4249,
  0x4249, 0x424A, 0x4249, 0x424A, 0x4249, 0x4249, 0x424A, 0x4249, 0x4249, 0x4249, 0x424A, 0x4249,
  0x4249, 0x4249, 0x4249, 0x424A, 0x4249, 0x4249, 0x4249, 0x424A, 0x4249, 0x4249, 0x4249, 0x424A,
  0x424A, 0x4249, 0x4249, 0x4249, 0x4249, 0x4249, 0x4249, 0x4249, 0x4249, 0x424A, 0x424A, 0x4249,
  0x4249, 0x4249, 0x4249, 0x4249, 0x4249, 0x4249, 0x4249, 0x4249, 0x4249, 0x4249, 0x424A, 0x4249,
  0x4249, 0x4249, 0x4249, 0x4249, 0x4249, 0x4249, 0x424A, 0x424A, 0x4249, 0x4249, 0x424A, 0x4249,
  0x4249, 0x4249, 0x4249, 0x4249, 0x4249, 0x4249, 0x4249, 0x4249, 0x4249, 0x424A, 0x4249, 0x4249,
  0x4249, 0x424A, 0x4249, 0x4249, 0x4249, 0x4249, 0x4249, 0x4249, 0x4249, 0x4249, 0x4249, 0x4249,
  0x4249, 0x4249, 0x4249, 0x4249, 0x4249, 0x4249, 0x4249, 0x4249, 0x4249, 0x4249, 0x4249, 0x4249,
  0x4249, 0x4249, 0x424A, 0x424A, 0x4249, 0x4249, 0x4249, 0x4249, 0x4249, 0x4249, 0x4249, 0x4249,
  0x424A, 0x4249, 0x424A, 0x424A, 0x4249, 0x4249, 0x4249, 0x4249, 0x4249, 0x4249, 0x4249, 0x4249,
  0x4249, 0x4249, 0x424A, 0x424A, 0x424A, 0x4249, 0x4249, 0x4249, 0x4249, 0x4249, 0x424A, 0x4249,
  0x4249, 0x4249, 0x424A, 0x4249, 0x4249, 0x424A, 0x4249, 0x4249, 0x4249, 0x4249, 0x4249, 0x4249,
  0x424A, 0x4249, 0x4249, 0x424A, 0x4249, 0x4249, 0x4249, 0x4249, 0x4249, 0x424A, 0x4249, 0x4249,
  0x4249, 0x4249, 0x4249, 0x4249, 0x4249, 0x4249, 0x4249, 0x4249, 0x4249, 0x424A, 0x4249, 0x4249,
  0x4249, 0x4249, 0x424A, 0x4249, 0x4249, 0x424A, 0x4249, 0x4249, 0x4249, 0x4249, 0x4249, 0x4249,
  0x424A, 0x4249, 0x4249, 0x4249, 0x4249, 0x4249, 0x4249, 0x4249, 0x4249, 0x424A, 0x4249, 0x4249,
  0x4249, 0x4249, 0x4249, 0x424A, 0x4249, 0x4249, 0x424A, 0x4249, 0x4249, 0x424A, 0x4249, 0x4249,
  0x424A, 0x4249, 0x4249, 0x4249, 0x424A, 0x4249, 0x4249, 0x4249, 0x424A, 0x4249, 0x424A, 0x4249,
  0x4249, 0x424A, 0x4249, 0x4249, 0x4249, 0x4249, 0x4249, 0x424A, 0x4249, 0x4249, 0x4249, 0x4249,
  0x4249, 0x4249, 0x424A, 0x4249, 0x4249, 0x4249, 0x4249, 0x4249, 0x4249, 0x4249, 0x424A, 0x424A,
  0x4249, 0x4249, 0x4249, 0x424A, 0x4249, 0x424A, 0x4249, 0x4249, 0x424A, 0x4249, 0x4249, 0x4249,
  0x4249, 0x4249, 0x424A, 0x4249, 0x4249, 0x424A, 0x4249, 0x424A, 0x4249, 0x4249, 0x424A, 0x4249,
  0x4249, 0x4249, 0x4249, 0x4249, 0x4249, 0x4249, 0x4249, 0x4249, 0x4249, 0x424A, 0x4249, 0x4249,
  0x4249, 0x4249, 0x4249, 0x424A, 0x4249, 0x4249, 0x4249, 0x424A, 0x424A, 0x4249, 0x4249, 0x4249,
  0x424A, 0x4249, 0x424A, 0x4249, 0x424A, 0x4249, 0x4249, 0x424A, 0x4249, 0x4249, 0x424A, 0x4249,
  0x424A, 0x4249, 0x4249, 0x4249, 0x4249, 0x4249, 0x424A, 0x4249, 0x4249, 0x4249, 0x424A, 0x4249,
  0x4249, 0x4249, 0x4249, 0x424A, 0x4249, 0x4249, 0x4249, 0x4249, 0x4249, 0x4249, 0x4249, 0x4249,
  0x4249, 0x4249, 0x4249, 0x4249, 0x4249, 0x4249, 0x4249, 0x4249, 0x424A, 0x4249, 0x4249, 0x4249,
  0x4249, 0x4249, 0x4249, 0x4249, 0x4249, 0x4249, 0x424A, 0x4249, 0x4249, 0x4249, 0x424A, 0x4249,
  0x424A, 0x4249, 0x424A, 0x4249, 0x4249, 0x4249, 0x4249, 0x4249, 0x424A, 0x4249, 0x4249, 0x4249,
  0x424A, 0x424A, 0x4249, 0x4249, 0x4249, 0x424A, 0x4249, 0x4249, 0x4249, 0x424A, 0x4249, 0x4249,
  0x424A, 0x4249, 0x4249, 0x4249, 0x4249, 0x4249, 0x4249, 0x424A, 0x4249, 0x4249, 0x424A, 0x4249,
  0x4249, 0x4249, 0x424A, 0x424A, 0x4249, 0x4249, 0x4249, 0x4249, 0x424A, 0x4249, 0x4249, 0x4249,
  0x4249, 0x4249, 0x424A, 0x4249, 0x4249, 0x424A, 0x4249, 0x4249, 0x424A, 0x4249, 0x424A, 0x424A,
  0x4249, 0x4249, 0x4249, 0x4249, 0x424A, 0x4249, 0x4249, 0x424A, 0x424A, 0x4249, 0x4249, 0x4249,
  0x4249, 0x4249, 0x4249, 0x424A, 0x4249, 0x424A, 0x4249, 0x4249, 0x4249, 0x4249, 0x4249, 0x4249,
  0x4249, 0x424A, 0x424A, 0x4249, 0x4249, 0x424A, 0x4249, 0x424A, 0x4249, 0x4249, 0x4249, 0x4249,
  0x4249, 0x4249, 0x4249, 0x4249, 0x4249, 0x4249, 0x4249, 0x4249, 0x424A, 0x4249, 0x4249, 0x4249,
  0x4249, 0x4249, 0x424A, 0x4249, 0x4249, 0x4249, 0x424A, 0x4249, 0x4249, 0x4249, 0x4249, 0x424A,
  0x4249, 0x4249, 0x424A, 0x4249, 0x4249, 0x4249, 0x4249, 0x4249, 0x4249, 0x424A, 0x4249, 0x424A,
  0x4249, 0x424A, 0x4249, 0x4249, 0x4249, 0x4249, 0x424A, 0x4249, 0x424A, 0x4249, 0x4249, 0x4249,
  0x4249, 0x4249, 0x4249, 0x424A, 0x4249, 0x424A, 0x424A, 0x4249, 0x4249, 0x4249, 0x424A, 0x4249,
  0x424A, 0x4249, 0x4249, 0x4249, 0x424A, 0x4249, 0x4249, 0x4249, 0x424A, 0x4249, 0x4249, 0x424A,
  0x4249, 0x4249, 0x4249, 0x424A, 0x4249, 0x4249, 0x4249, 0x4249, 0x4249, 0x4249, 0x4249, 0x4249,
  0x4249, 0x424A, 0x4249, 0x4249, 0x4249, 0x4249, 0x4249, 0x424A, 0x4249, 0x4249, 0x4249, 0x424A,
  0x424A, 0x4249, 0x4249, 0x4249, 0x424A, 0x4249, 0x424A, 0x4249, 0x424A, 0x4249, 0x4249, 0x424A,
  0x4249, 0x4249, 0x424A, 0x4249, 0x424A, 0x4249, 0x4249, 0x4249, 0x4249, 0x4249, 0x424A, 0x4249,
  0x4249, 0x4249, 0x424A, 0x4249, 0x4249, 0x4249, 0x4249, 0x424A, 0x4249, 0x4249, 0x4249, 0x4249,
  0x4249, 0x4249, 0x4249, 0x4249, 0x4249, 0x4249, 0x4249, 0x4249, 0x4249, 0x424A, 0x4249, 0x4249,
  0x424A, 0x4249, 0x4249, 0x4249, 0x424A, 0x4249, 0x4249, 0x424A, 0x4249, 0x4249, 0x4249, 0x4249,
  0x4249, 0x4249, 0x424A, 0x4249, 0x4249, 0x4249, 0x4249, 0x424A, 0x4249, 0x4249, 0x4249, 0x4249,
  0x4249, 0x424A, 0x4249, 0x424A, 0x4249, 0x4249, 0x4249, 0x4249, 0x4249, 0x4249, 0x4249, 0x4249,
  0x424A, 0x4249, 0x4249, 0x4249, 0x4249, 0x4249, 0x4249, 0x4249, 0x424A, 0x4249, 0x424A, 0x4249,
  0x4249, 0x424A, 0x4249, 0x424A, 0x4249, 0x4249, 0x4249, 0x424A, 0x4249, 0x424A, 0x4249, 0x4249,
  0x4249, 0x424A, 0x4249, 0x4249, 0x4249, 0x4249, 0x424A, 0x4249, 0x424A, 0x4249, 0x424A, 0x4249,
  0x424A, 0x4249, 0x4249, 0x4249, 0x4249, 0x4249, 0x424A, 0x4249, 0x4249, 0x4249, 0x4249, 0x4249,
  0x4249, 0x4249, 0x4249, 0x4249, 0x4249, 0x4249, 0x424A, 0x4249, 0x4249, 0x4249, 0x4249, 0x424A,
  0x4249, 0x4249, 0x4249, 0x424A, 0x4249, 0x424A, 0x424A, 0x4249, 0x4249, 0x4249, 0x424A, 0x4249,
  0x424A, 0x4249, 0x4249, 0x424A, 0x4249, 0x4249, 0x4249, 0x4249, 0x424A, 0x4249, 0x4249, 0x4249,
  0x4249, 0x4249, 0x4249, 0x424A, 0x4249, 0x4249, 0x4249, 0x424A, 0x424A, 0x4249, 0x4249, 0x4249,
  0x4249, 0x4249, 0x4249, 0x4249, 0x4249, 0x424A, 0x4249, 0x4249, 0x4249, 0x424A, 0x4249, 0x4249,
  0x4249, 0x4249, 0x424A, 0x4249, 0x4249, 0x4249, 0x4249, 0x424A, 0x4249, 0x4249, 0x424A, 0x4249,
  0x4249, 0x4249, 0x4249, 0x4249, 0x4249, 0x4249, 0x4249, 0x424A, 0x4249, 0x4249, 0x424A, 0x4249,
  0x4249, 0x4249, 0x4249, 0x424A, 0x4249, 0x4249, 0x4249, 0x4249, 0x4249, 0x424A, 0x424A, 0x4249,
  0x4249, 0x4249, 0x4249, 0x424A, 0x4249, 0x4249, 0x4249, 0x424A, 0x4249, 0x4249, 0x4249, 0x4249,
  0x424A, 0x4249, 0x4249, 0x424A, 0x4249, 0x4249, 0x4249, 0x4249, 0x424A, 0x4249, 0x4249, 0x424A,
  0x4249, 0x4249, 0x424A, 0x424A, 0x4249, 0x4249, 0x4249, 0x4249, 0x4249, 0x4249, 0x424A, 0x4249,
  0x424A, 0x4249, 0x4249, 0x4249, 0x4249, 0x4249, 0x424A, 0x4249, 0x4249, 0x4249, 0x424A, 0x4249,
  0x4249, 0x4249, 0x4249, 0x4249, 0x4249, 0x424A, 0x4249, 0x4249, 0x4249, 0x424A, 0x4249, 0x4249,
  0x4249, 0x4249, 0x4249, 0x4249, 0x4249, 0x424A, 0x4249, 0x4249, 0x424A, 0x4249, 0x4249, 0x4249,
  0x4249, 0x424A, 0x4249, 0x4249, 0x424A, 0x4249, 0x4249, 0x4249, 0x424A, 0x4249, 0x4249, 0x424A,
  0x4249, 0x4249, 0x4249, 0x4249, 0x4249, 0x4249, 0x424A, 0x4249, 0x4249, 0x4249, 0x4249, 0x424A,
  0x4249, 0x4249, 0x4249, 0x4249, 0x4249, 0x424A, 0x4249, 0x424A, 0x4249, 0x4249, 0x4249, 0x4249,
  0x4249, 0x4249, 0x4249, 0x4249, 0x424A, 0x4249, 0x4249, 0x4249, 0x4249, 0x4249, 0x4249, 0x4249,
  0x424A, 0x4249, 0x424A, 0x4249, 0x4249, 0x424A, 0x4249, 0x424A, 0x4249, 0x4249, 0x4249, 0x424A,
  0x4249, 0x424A, 0x4249, 0x4249, 0x4249, 0x4249, 0x4249, 0x424A, 0x4249, 0x4249, 0x424A, 0x4249,
  0x4249, 0x4249, 0x4249, 0x4249, 0x424A, 0x4249, 0x424A, 0x4249, 0x4249, 0x4249, 0x4249, 0x4249,
  0x4249, 0x4249, 0x4249, 0x4249, 0x4249, 0x4249, 0x424A, 0x4249, 0x4249, 0x4249, 0x4249, 0x4249,
  0x4249, 0x424A, 0x4249, 0x4249, 0x424A, 0x4249, 0x4249, 0x4249, 0x424A, 0x4249, 0x4249, 0x424A,
  0x424A, 0x4249, 0x4249, 0x4249, 0x4249, 0x4249, 0x4249, 0x4249, 0x4249, 0x4249, 0x4249, 0x4249,
  0x424A, 0x4249, 0x4249, 0x4249, 0x4249, 0x4249, 0x424A, 0x424A, 0x4249, 0x4249, 0x4249, 0x424A,
  0x4249, 0x4249, 0x4249, 0x4249, 0x4249, 0x4249, 0x4249, 0x4249, 0x424A, 0x4249, 0x424A, 0x4249,
  0x4249, 0x4249, 0x4249, 0x4249, 0x424A, 0x4249, 0x4249, 0x424A, 0x4249, 0x424A, 0x4249, 0x4249,
  0x424A, 0x4249, 0x4249, 0x4249, 0x4249, 0x424A, 0x4249, 0x4249, 0x4249, 0x4249, 0x4249, 0x4249,
  0x4249, 0x4249, 0x4249, 0x4249, 0x424A, 0x4249, 0x4249, 0x4249, 0x4249, 0x4249, 0x4249, 0x4249,
  0x424A, 0x4249, 0x4249, 0x4249, 0x4249, 0x4249, 0x4249, 0x4249, 0x4249, 0x424A, 0x4249, 0x4249,
  0x4249, 0x4249, 0x4249, 0x4249, 0x4249, 0x4249, 0x424A, 0x4249, 0x424A, 0x4249, 0x424A, 0x4249,
  0x4249, 0x4249, 0x4249, 0x4249, 0x4249, 0x4249, 0x4249, 0x424A, 0x4249, 0x4249, 0x4249, 0x4249,
  0x4249, 0x4249, 0x424A, 0x4249, 0x4249, 0x4249, 0x424A, 0x4249, 0x4249, 0x4249, 0x4249, 0x424A,
  0x424A, 0x4249, 0x424A, 0x4249, 0x4249, 0x4249, 0x4249, 0x4249, 0x4249, 0x4249, 0x4249, 0x424A,
  0x4249, 0x4249, 0x424A, 0x424A, 0x4249, 0x4249, 0x4249, 0x424A, 0x4249, 0x4249, 0x424A, 0x4249,
  0x4249, 0x4249, 0x424A, 0x4249, 0x4249, 0x4249, 0x4249, 0x424A, 0x4249, 0x4249, 0x4249, 0x424A,
  0x4249, 0x4249, 0x424A, 0x4249, 0x4249, 0x4249, 0x4249, 0x4249, 0x4249, 0x4249, 0x4249, 0x4249,
  0x4249, 0x424A, 0x4249, 0x4249, 0x4249, 0x4249, 0x4249, 0x4249, 0x4249, 0x4249, 0x4249, 0x4249,
  0x424A, 0x4249, 0x4249, 0x4249, 0x424A, 0x424A, 0x4249, 0x4249, 0x4249, 0x4249, 0x424A, 0x4249,
  0x4249, 0x4249, 0x424A, 0x4249, 0x4249, 0x4249, 0x4249, 0x424A, 0x424A, 0x4249, 0x4249, 0x424A,
  0x4249, 0x4249, 0x4249, 0x4249, 0x4249, 0x424A, 0x4249, 0x4249, 0x4249, 0x4249, 0x4249, 0x424A,
  0x4249, 0x4249, 0x424A, 0x4249, 0x4249, 0x4249, 0x4249, 0x4249, 0x424A, 0x4249, 0x424A, 0x4249,
  0x4249, 0x4249, 0x4249, 0x4249, 0x4249, 0x4249, 0x4249, 0x4249, 0x4249, 0x4249, 0x424A, 0x4249,
  0x4249, 0x4249, 0x4249, 0x4249, 0x4249, 0x424A, 0x4249, 0x4249, 0x424A, 0x4249, 0x4249, 0x4249,
  0x424A, 0x4249, 0x4249, 0x424A, 0x424A, 0x4249, 0x4249, 0x4249, 0x4249, 0x4249, 0x4249, 0x4249,
  0x4249, 0x4249, 0x4249, 0x4249, 0x424A, 0x4249, 0x4249, 0x4249, 0x4249, 0x4249, 0x424A, 0x424A,
  0x424A, 0x4249, 0x4249, 0x4249, 0x4249, 0x424A, 0x4249, 0x4249, 0x4249, 0x4249, 0x4249, 0x4249,
  0x4249, 0x4249, 0x4249, 0x4249, 0x424A, 0x4249, 0x4249, 0x4249, 0x424A, 0x424A, 0x4249, 0x424A,
  0x4249, 0x424A, 0x4249, 0x4249, 0x4249, 0x424A, 0x4249, 0x4249, 0x4249, 0x4249, 0x4249, 0x4249,
  0x424A, 0x4249, 0x4249, 0x424A, 0x4249, 0x4249, 0x4249, 0x4249, 0x4249, 0x4249, 0x4249, 0x4249,
  0x4249, 0x4249, 0x4249, 0x424A, 0x4249, 0x4249, 0x4249, 0x424A, 0x4249, 0x4249, 0x424A, 0x4249,
  0x4249, 0x4249, 0x4249, 0x4249, 0x4249, 0x424A, 0x4249, 0x424A, 0x4249, 0x424A, 0x4249, 0x424A,
  0x4249, 0x4249, 0x424A, 0x4249, 0x4249, 0x4249, 0x4249, 0x4249, 0x424A, 0x424A, 0x4249, 0x4249,
  0x4249, 0x424A, 0x4249, 0x4249, 0x4249, 0x4249, 0x424A, 0x4249, 0x4249, 0x424A, 0x4249, 0x4249,
  0x424A, 0x4249, 0x4249, 0x4249, 0x424A, 0x4249, 0x4249, 0x4249, 0x424A, 0x4249, 0x4249, 0x4249,
  0x4249, 0x4249, 0x4249, 0x4249, 0x4249, 0x424A, 0x4249, 0x4249, 0x4249, 0x424A, 0x424A, 0x4249,
  0x4249, 0x424A, 0x4249, 0x4249, 0x424A, 0x4249, 0x4249, 0x424A, 0x4249, 0x424A, 0x4249, 0x424A,
  0x4249, 0x4249, 0x4249, 0x4249, 0x4249, 0x4249, 0x4249, 0x4249, 0x4249, 0x4249, 0x4249, 0x424A,
  0x424A, 0x4249, 0x424A, 0x4249, 0x424A, 0x4249, 0x4249, 0x4249, 0x4249, 0x4249, 0x4249, 0x4249,
  0x4249, 0x4249, 0x4249, 0x4249, 0x4249, 0x424A, 0x4249, 0x4249, 0x4249, 0x4249, 0x4249, 0x4249,
  0x4249, 0x424A, 0x4249, 0x4249, 0x424A, 0x4249, 0x4249, 0x4249, 0x4249, 0x4249, 0x4249, 0x4249,
  0x4249, 0x4249, 0x4249, 0x4249, 0x4249, 0x424A, 0x4249, 0x4249, 0x4249, 0x424A, 0x4249, 0x4249,
  0x4249, 0x424A, 0x4249, 0x4249, 0x424A, 0x4249, 0x4249, 0x4249, 0x4249, 0x4249, 0x4249, 0x4249,
  0x4249, 0x4249, 0x4249, 0x424A, 0x424A, 0x4249, 0x4249, 0x424A, 0x4249, 0x4249, 0x424A, 0x424A,
  0x424A, 0x4249, 0x4249, 0x424A, 0x4249, 0x4249, 0x424A, 0x4249, 0x4249, 0x4249, 0x4249, 0x4249,
  0x4249, 0x4249, 0x4249, 0x424A, 0x4249, 0x4249, 0x4249, 0x424A, 0x4249, 0x4249, 0x4249, 0x424A,
  0x4249, 0x4249, 0x4249, 0x4249, 0x4249, 0x4249, 0x4249, 0x424A, 0x4249, 0x4249, 0x4249, 0x424A,
  0x4249, 0x424A, 0x4249, 0x4249, 0x424A, 0x4249, 0x4249, 0x4249, 0x4249, 0x424A, 0x4249, 0x4249,
  0x4249, 0x4249, 0x4249, 0x4249, 0x4249, 0x4249, 0x4249, 0x4249, 0x424A, 0x4249, 0x4249, 0x4249,
  0x424A, 0x424A, 0x4249, 0x424A, 0x4249, 0x424A, 0x4249, 0x4249, 0x4249, 0x424A, 0x4249, 0x4249,
  0x4249, 0x4249, 0x4249, 0x4249, 0x424A, 0x4249, 0x4249, 0x424A, 0x4249, 0x4249, 0x4249, 0x4249,
  0x4249, 0x4249, 0x4249, 0x4249, 0x4249, 0x4249, 0x4249, 0x424A, 0x4249, 0x4249, 0x4249, 0x424A,
  0x4249, 0x4249, 0x424A, 0x4249, 0x4249, 0x4249, 0x4249, 0x4249, 0x4249, 0x4249, 0x424A, 0x4249,
  0x4249, 0x4249, 0x4249, 0x424A, 0x4249, 0x424A, 0x424A, 0x4249, 0x4249, 0x424A, 0x4249, 0x424A,
  0x4249, 0x4249, 0x4249, 0x4249, 0x4249, 0x4249, 0x4249, 0x4249, 0x4249, 0x4249, 0x4249, 0x424A,
  0x4249, 0x4249, 0x4249, 0x4249, 0x424A, 0x4249, 0x4249, 0x4249, 0x4249, 0x4249, 0x4249, 0x4249,
  0x4249, 0x4249, 0x4249, 0x424A, 0x4249, 0x424A, 0x4249, 0x4249, 0x424A, 0x424A, 0x4249, 0x4249,
  0x424A, 0x4249, 0x4249, 0x4249, 0x424A, 0x4249, 0x4249, 0x424A, 0x424A, 0x4249, 0x4249, 0x4249,
  0x4249, 0x4249, 0x4249, 0x4249, 0x4249, 0x4249, 0x4249, 0x424A, 0x4249, 0x4249, 0x4249, 0x424A,
  0x4249, 0x4249, 0x4249, 0x4249, 0x4249, 0x4249, 0x4249, 0x4249, 0x4249, 0x424A, 0x4249, 0x4249,
  0x4249, 0x424A, 0x4249, 0x4249, 0x4249, 0x424A, 0x4249, 0x4249, 0x4249, 0x4249, 0x4249, 0x4249,
  0x424A, 0x424A, 0x4249, 0x424A, 0x4249, 0x4249, 0x4249, 0x424A, 0x4249, 0x4249, 0x424A, 0x4249,
  0x424A, 0x4249, 0x4249, 0x4249, 0x4249, 0x4249, 0x4249, 0x4249, 0x4249, 0x4249, 0x424A, 0x4249,
  0x4249, 0x4249, 0x4249, 0x4249, 0x4249, 0x424A, 0x4249, 0x4249, 0x424A, 0x4249, 0x4249, 0x4249,
  0x4249, 0x424A, 0x4249, 0x424A, 0x4249, 0x4249, 0x4249, 0x4249, 0x4249, 0x4249, 0x4249, 0x4249,
  0x4249, 0x4249, 0x4249, 0x424A, 0x4249, 0x424A, 0x4249, 0x424A, 0x4249, 0x424A, 0x4249, 0x4249,
  0x424A, 0x4249, 0x4249, 0x4249, 0x4249, 0x4249, 0x4249, 0x424A, 0x4249, 0x4249, 0x424A, 0x4249,
  0x424A, 0x4249, 0x424A, 0x4249, 0x4249, 0x424A, 0x4249, 0x4249, 0x4249, 0x4249, 0x424A, 0x4249,
  0x4249, 0x424A, 0x4249, 0x4249, 0x4249, 0x4249, 0x4249, 0x39E8, 0x31C8, 0x39E8, 0x4229, 0x4249,
  0x4249, 0x4249, 0x4249, 0x4249, 0x4249, 0x424A, 0x424A, 0x4249, 0x424A, 0x4249, 0x424A, 0x4249,
  0x4249, 0x4249, 0x4249, 0x4249, 0x4249, 0x4249, 0x4249, 0x4249, 0x4249, 0x4249, 0x4249, 0x4249,
  0x4249, 0x4249, 0x4249, 0x424A, 0x4249, 0x4249, 0x4249, 0x424A, 0x4249, 0x4249, 0x4249, 0x424A,
  0x4249, 0x4249, 0x4249, 0x424A, 0x4249, 0x424A, 0x4249, 0x4249, 0x4249, 0x4249, 0x4249, 0x424A,
  0x4249, 0x4249, 0x4249, 0x4249, 0x4249, 0x4249, 0x4249, 0x4249, 0x4249, 0x4249, 0x4249, 0x424A,
  0x4249, 0x4249, 0x424A, 0x4249, 0x4249, 0x4249, 0x4249, 0x424A, 0x4249, 0x424A, 0x424A, 0x4249,
  0x4249, 0x424A, 0x4249, 0x424A, 0x4249, 0x4249, 0x4249, 0x4249, 0x4249, 0x4249, 0x4249, 0x4249,
  0x4249, 0x4249, 0x4249, 0x424A, 0x4249, 0x4249, 0x4249, 0x4249, 0x424A, 0x4249, 0x4249, 0x4249,
  0x4249, 0x4249, 0x4249, 0x4249, 0x4249, 0x4249, 0x4249, 0x424A, 0x4249, 0x424A, 0x4249, 0x4249,
  0x424A, 0x424A, 0x4249, 0x4249, 0x424A, 0x4249, 0x4249, 0x4249, 0x424A, 0x4249, 0x4249, 0x424A,
  0x424A, 0x4249, 0x4249, 0x4249, 0x4249, 0x4249, 0x4249, 0x424A, 0x4249, 0x4249, 0x4249, 0x4249,
  0x4249, 0x4249, 0x424A, 0x4249, 0x4249, 0x4249, 0x4249, 0x4249, 0x4249, 0x4249, 0x4249, 0x424A,
  0x424A, 0x4249, 0x4249, 0x424A, 0x424A, 0x4249, 0x4249, 0x4249, 0x4249, 0x4249, 0x424A, 0x4249,
  0x4249, 0x4249, 0x424A, 0x4249, 0x424A, 0x424A, 0x4249, 0x424A, 0x424A, 0x4249, 0x424A, 0x4249,
  0x4249, 0x4249, 0x4249, 0x424A, 0x4249, 0x4249, 0x4249, 0x4249, 0x424A, 0x4249, 0x4249, 0x424A,
  0x4249, 0x4249, 0x4249, 0x4249, 0x4249, 0x4249, 0x424A, 0x4249, 0x4249, 0x424A, 0x4249, 0x4249,
  0x4249, 0x4249, 0x4249, 0x4249, 0x424A, 0x4249, 0x4249, 0x4249, 0x4249, 0x4249, 0x424A, 0x424A,
  0x4249, 0x424A, 0x4249, 0x424A, 0x4249, 0x4249, 0x4249, 0x424A, 0x4249, 0x4249, 0x4249, 0x4249,
  0x4249, 0x4249, 0x4249, 0x4249, 0x424A, 0x4249, 0x4249, 0x4249, 0x4249, 0x4249, 0x4249, 0x4249,
  0x4249, 0x4249, 0x424A, 0x4249, 0x4249, 0x4249, 0x4249, 0x4249, 0x424A, 0x4249, 0x424A, 0x4249,
  0x424A, 0x4249, 0x4249, 0x4249, 0x424A, 0x4249, 0x4249, 0x4249, 0x4249, 0x424A, 0x4249, 0x4249,
  0x424A, 0x4249, 0x4249, 0x4249, 0x4249, 0x4249, 0x424A, 0x4249, 0x424A, 0x4249, 0x4249, 0x4249,
  0x4249, 0x4249, 0x4249, 0x424A, 0x4249, 0x4249, 0x4249, 0x424A, 0x4249, 0x424A, 0x4249, 0x424A,
  0x4249, 0x4249, 0x4249, 0x4249, 0x4249, 0x4249, 0x4249, 0x4249, 0x424A, 0x4249, 0x4249, 0x424A,
  0x4249, 0x424A, 0x4249, 0x424A, 0x4249, 0x4249, 0x4249, 0x4249, 0x4249, 0x4249, 0x4249, 0x424A,
  0x4249, 0x4249, 0x4249, 0x4249, 0x4249, 0x424A, 0x4249, 0x4249, 0x4249, 0x4249, 0x4249, 0x424A,
  0x424A, 0x4249, 0x3A08, 0x2126, 0x1905, 0x2105, 0x2167, 0x39C8, 0x4229, 0x4249, 0x4249, 0x424A,
  0x4249, 0x4249, 0x4249, 0x4249, 0x4249, 0x4249, 0x4249, 0x4249, 0x4249, 0x4249, 0x4249, 0x4249,
  0x424A, 0x424A, 0x4249, 0x4249, 0x4249, 0x424A, 0x424A, 0x4249, 0x424A, 0x4249, 0x4249, 0x4249,
  0x424A, 0x4249, 0x424A, 0x4249, 0x4249, 0x4249, 0x4249, 0x4249, 0x424A, 0x4249, 0x4249, 0x4249,
  0x4249, 0x4249, 0x4249, 0x4249, 0x424A, 0x4249, 0x424A, 0x4249, 0x4249, 0x424A, 0x4249, 0x424A,
  0x4249, 0x4249, 0x424A, 0x4249, 0x424A, 0x4249, 0x4249, 0x4249, 0x4249, 0x4249, 0x4249, 0x424A,
  0x4249, 0x4249, 0x4249, 0x4249, 0x4249, 0x4249, 0x424A, 0x4249, 0x4249, 0x4249, 0x4249, 0x4249,
  0x4249, 0x4249, 0x4249, 0x424A, 0x424A, 0x4249, 0x4249, 0x424A, 0x424A, 0x4249, 0x4249, 0x4249,
  0x4249, 0x4249, 0x424A, 0x4249, 0x4249, 0x4249, 0x424A, 0x4249, 0x424A, 0x424A, 0x4249, 0x424A,
  0x424A, 0x4249, 0x424A, 0x4249, 0x4249, 0x4249, 0x4249, 0x424A, 0x4249, 0x4249, 0x4249, 0x4249,
  0x424A, 0x4249, 0x4249, 0x424A, 0x4249, 0x4249, 0x4249, 0x4249, 0x4249, 0x4249, 0x424A, 0x4249,
  0x424A, 0x4249, 0x4249, 0x4249, 0x4249, 0x4249, 0x424A, 0x4249, 0x4249, 0x4249, 0x4249, 0x424A,
  0x4249, 0x4249, 0x424A, 0x4249, 0x4249, 0x424A, 0x4249, 0x4249, 0x4249, 0x4249, 0x4249, 0x4249,
  0x4249, 0x4249, 0x4249, 0x424A, 0x4249, 0x4249, 0x4249, 0x4249, 0x424A, 0x4249, 0x4249, 0x4249,
  0x4249, 0x4249, 0x4249, 0x4249, 0x4249, 0x4249, 0x4249, 0x4249, 0x4249, 0x4249, 0x424A, 0x4249,
  0x4249, 0x4249, 0x4249, 0x4249, 0x4249, 0x4249, 0x4249, 0x424A, 0x4249, 0x4249, 0x4249, 0x424A,
  0x4249, 0x4249, 0x4249, 0x4249, 0x4249, 0x4249, 0x4249, 0x424A, 0x424A, 0x4249, 0x4249, 0x424A,
  0x4249, 0x4249, 0x4249, 0x424A, 0x4249, 0x4249, 0x4249, 0x4249, 0x4249, 0x4249, 0x4249, 0x4249,
  0x4249, 0x4249, 0x4249, 0x4249, 0x4249, 0x4249, 0x4249, 0x424A, 0x4249, 0x4249, 0x424A, 0x4249,
  0x4249, 0x4249, 0x424A, 0x4249, 0x4249, 0x4249, 0x4249, 0x4249, 0x424A, 0x4249, 0x4249, 0x4249,
  0x4249, 0x4249, 0x424A, 0x4249, 0x4249, 0x4249, 0x4249, 0x4249, 0x424A, 0x4249, 0x4249, 0x424A,
  0x4249, 0x4249, 0x424A, 0x4249, 0x4249, 0x424A, 0x4249, 0x4249, 0x4249, 0x4249, 0x4249, 0x4249,
  0x4249, 0x4249, 0x4249, 0x424A, 0x4249, 0x4249, 0x4249, 0x424A, 0x424A, 0x4249, 0x424A, 0x4249,
  0x4249, 0x424A, 0x4249, 0x4249, 0x4249, 0x4249, 0x4249, 0x4249, 0x4249, 0x4249, 0x4249, 0x4249,
  0x424A, 0x4249, 0x4249, 0x4249, 0x4249, 0x4249, 0x4249, 0x4249, 0x4249, 0x4249, 0x4249, 0x4249,
  0x4249, 0x4249, 0x4249, 0x424A, 0x4249, 0x4249, 0x4249, 0x4249, 0x4249, 0x4249, 0x424A, 0x424A,
  0x4249, 0x4249, 0x4249, 0x4249, 0x424A, 0x4249, 0x4249, 0x4249, 0x4249, 0x4249, 0x2966, 0x18C4,
  0x10C4, 0x10C4, 0x18E4, 0x1905, 0x2967, 0x31C8, 0x4229, 0x4249, 0x424A, 0x4249, 0x4249, 0x4249,
  0x424A, 0x4249, 0x4249, 0x424A, 0x4249, 0x4249, 0x424A, 0x4249, 0x4249, 0x4249, 0x4249, 0x4249,
  0x4249, 0x4249, 0x4249, 0x4249, 0x4249, 0x4249, 0x424A, 0x4249, 0x4249, 0x4249, 0x4249, 0x4249,
  0x4249, 0x424A, 0x424A, 0x4249, 0x4249, 0x424A, 0x4249, 0x4249, 0x424A, 0x4249, 0x4249, 0x4249,
  0x424A, 0x4249, 0x4249, 0x4249, 0x4249, 0x4249, 0x4249, 0x424A, 0x4249, 0x424A, 0x4249, 0x4249,
  0x4249, 0x4249, 0x4249, 0x4249, 0x424A, 0x4249, 0x4249, 0x4249, 0x4249, 0x4249, 0x424A, 0x4249,
  0x4249, 0x4249, 0x4249, 0x424A, 0x4249, 0x4249, 0x424A, 0x4249, 0x4249, 0x424A, 0x4249, 0x4249,
  0x4249, 0x4249, 0x4249, 0x4249, 0x4249, 0x4249, 0x4249, 0x424A, 0x4249, 0x4249, 0x4249, 0x4249,
  0x424A, 0x4249, 0x4249, 0x4249, 0x4249, 0x4249, 0x4249, 0x4249, 0x4249, 0x4249, 0x4249, 0x4249,
  0x4249, 0x4249, 0x424A, 0x4249, 0x4249, 0x4249, 0x4249, 0x4249, 0x4249, 0x4249, 0x4249, 0x424A,
  0x4249, 0x4249, 0x4249, 0x424A, 0x4249, 0x4249, 0x4249, 0x4249, 0x4249, 0x4249, 0x4249, 0x424A,
  0x4249, 0x4249, 0x4249, 0x424A, 0x4249, 0x4249, 0x4249, 0x4249, 0x4249, 0x424A, 0x4249, 0x4249,
  0x4249, 0x424A, 0x4249, 0x4249, 0x4249, 0x424A, 0x4249, 0x4249, 0x4249, 0x424A, 0x4249, 0x4249,
  0x424A, 0x4249, 0x4249, 0x4249, 0x4249, 0x4249, 0x4249, 0x424A, 0x4249, 0x4249, 0x4249, 0x4249,
  0x4249, 0x4249, 0x4249, 0x424A, 0x4249, 0x4249, 0x4249, 0x4249, 0x4249, 0x4249, 0x424A, 0x4249,
  0x424A, 0x4249, 0x4249, 0x4249, 0x4249, 0x4249, 0x4249, 0x4249, 0x4249, 0x4249, 0x424A, 0x4249,
  0x424A, 0x4249, 0x4249, 0x4249, 0x4249, 0x4249, 0x4249, 0x4249, 0x4249, 0x4249, 0x4249, 0x4249,
  0x4249, 0x424A, 0x4249, 0x4249, 0x4249, 0x4249, 0x4249, 0x424A, 0x4249, 0x424A, 0x4249, 0x4249,
  0x4249, 0x4249, 0x424A, 0x4249, 0x424A, 0x4249, 0x424A, 0x4249, 0x4249, 0x4249, 0x424A, 0x4249,
  0x4249, 0x4249, 0x4249, 0x424A, 0x4249, 0x4249, 0x4249, 0x4249, 0x424A, 0x4249, 0x4249, 0x4249,
  0x424A, 0x4249, 0x4249, 0x4249, 0x4249, 0x424A, 0x4249, 0x4249, 0x4249, 0x4249, 0x4249, 0x4249,
  0x4249, 0x4249, 0x424A, 0x4249, 0x424A, 0x424A, 0x4249, 0x4249, 0x424A, 0x4249, 0x4249, 0x4249,
  0x4249, 0x4249, 0x424A, 0x4249, 0x4249, 0x4249, 0x4249, 0x4249, 0x4249, 0x4249, 0x4249, 0x4249,
  0x4249, 0x4249, 0x4249, 0x424A, 0x4249, 0x4249, 0x424A, 0x4249, 0x4249, 0x4249, 0x4249, 0x424A,
  0x4249, 0x4249, 0x424A, 0x4249, 0x4249, 0x4249, 0x424A, 0x4249, 0x4249, 0x4249, 0x424A, 0x4249,
  0x4249, 0x424A, 0x4249, 0x4249, 0x4249, 0x4249, 0x424A, 0x4249, 0x4249, 0x424A, 0x4249, 0x4249,
  0x4249, 0x424A, 0x4249, 0x4249, 0x4249, 0x3A08, 0x1904, 0x10A3, 0x0883, 0x10A3, 0x10A3, 0x10C4,
  0x18E5, 0x2125, 0x2966, 0x31C8, 0x3A29, 0x4249, 0x4249, 0x4249, 0x4249, 0x424A, 0x4249, 0x4249,
  0x4249, 0x424A, 0x4249, 0x4249, 0x4249, 0x4249, 0x4249, 0x424A, 0x4249, 0x4249, 0x4249, 0x4249,
  0x4249, 0x4249, 0x4249, 0x4249, 0x4249, 0x424A, 0x424A, 0x4249, 0x4249, 0x4249, 0x4249, 0x4249,
  0x4249, 0x4249, 0x4249, 0x424A, 0x4249, 0x4249, 0x4249, 0x424A, 0x4249, 0x4249, 0x4249, 0x4249,
  0x4249, 0x4249, 0x424A, 0x4249, 0x4249, 0x4249, 0x4249, 0x4249, 0x424A, 0x4249, 0x4249, 0x4249,
  0x4249, 0x4249, 0x4249, 0x424A, 0x4249, 0x4249, 0x4249, 0x424A, 0x4249, 0x4249, 0x4249, 0x4249,
  0x4249, 0x424A, 0x4249, 0x4249, 0x4249, 0x424A, 0x4249, 0x4249, 0x4249, 0x424A, 0x4249, 0x4249,
  0x4249, 0x424A, 0x4249, 0x4249, 0x424A, 0x4249, 0x4249, 0x4249, 0x4249, 0x4249, 0x4249, 0x424A,
  0x4249, 0x4249, 0x4249, 0x4249, 0x4249, 0x4249, 0x4249, 0x424A, 0x4249, 0x4249, 0x4249, 0x4249,
  0x4249, 0x4249, 0x424A, 0x4249, 0x424A, 0x4249, 0x4249, 0x4249, 0x4249, 0x4249, 0x4249, 0x4249,
  0x4249, 0x4249, 0x424A, 0x4249, 0x424A, 0x4249, 0x4249, 0x424A, 0x4249, 0x4249, 0x4249, 0x4249,
  0x4249, 0x4249, 0x424A, 0x4249, 0x4249, 0x4249, 0x4249, 0x4249, 0x4249, 0x424A, 0x4249, 0x4249,
  0x4249, 0x4249, 0x424A, 0x4249, 0x4249, 0x4249, 0x4249, 0x424A, 0x4249, 0x4249, 0x4249, 0x424A,
  0x424A, 0x4249, 0x4249, 0x4249, 0x4249, 0x4249, 0x424A, 0x4249, 0x424A, 0x4249, 0x424A, 0x4249,
  0x4249, 0x424A, 0x424A, 0x4249, 0x424A, 0x4249, 0x4249, 0x4249, 0x424A, 0x4249, 0x4249, 0x424A,
  0x4249, 0x424A, 0x4249, 0x424A, 0x4249, 0x424A, 0x4249, 0x4249, 0x4249, 0x424A, 0x4249, 0x4249,
  0x4249, 0x4249, 0x4249, 0x424A, 0x4249, 0x4249, 0x4249, 0x424A, 0x4249, 0x4249, 0x4249, 0x4249,
  0x4249, 0x4249, 0x4249, 0x4249, 0x4249, 0x4249, 0x424A, 0x4249, 0x424A, 0x4249, 0x4249, 0x4249,
  0x4249, 0x4249, 0x4249, 0x4249, 0x4249, 0x4249, 0x4249, 0x4249, 0x4249, 0x424A, 0x4249, 0x424A,
  0x4249, 0x4249, 0x424A, 0x4249, 0x4249, 0x4249, 0x424A, 0x4249, 0x4249, 0x4249, 0x4249, 0x424A,
  0x4249, 0x4249, 0x4249, 0x4249, 0x4249, 0x424A, 0x4249, 0x4249, 0x424A, 0x4249, 0x4249, 0x4249,
  0x4249, 0x4249, 0x424A, 0x4249, 0x4249, 0x4249, 0x4249, 0x424A, 0x4249, 0x4249, 0x4249, 0x4249,
  0x4249, 0x4249, 0x4249, 0x4249, 0x4249, 0x4249, 0x424A, 0x4249, 0x424A, 0x4249, 0x4249, 0x4249,
  0x4249, 0x4249, 0x4249, 0x424A, 0x4249, 0x4249, 0x4249, 0x424A, 0x4249, 0x4249, 0x4249, 0x424A,
  0x4249, 0x4249, 0x4249, 0x424A, 0x4249, 0x424A, 0x4249, 0x4249, 0x4249, 0x4249, 0x4249, 0x4249,
  0x4249, 0x4249, 0x4249, 0x4249, 0x4249, 0x4249, 0x4249, 0x424A, 0x4249, 0x4249, 0x4249, 0x4249,
  0x4229, 0x2986, 0x1083, 0x10A3, 0x10A3, 0x10A3, 0x1083, 0x10A4, 0x10C4, 0x10A4, 0x10C5, 0x1905,
  0x2966, 0x31C8, 0x4229, 0x424A, 0x4249, 0x4249, 0x4249, 0x4249, 0x424A, 0x4249, 0x4249, 0x424A,
  0x4249, 0x4249, 0x4249, 0x424A, 0x4249, 0x4249, 0x424A, 0x4249, 0x424A, 0x4249, 0x4249, 0x424A,
  0x4249, 0x4249, 0x4249, 0x4249, 0x4249, 0x4249, 0x4249, 0x4249, 0x4249, 0x4249, 0x4249, 0x424A,
  0x424A, 0x4249, 0x4249, 0x4249, 0x4249, 0x424A, 0x4249, 0x424A, 0x4249, 0x424A, 0x4249, 0x4249,
  0x4249, 0x4249, 0x424A, 0x4249, 0x4249, 0x4249, 0x4249, 0x424A, 0x424A, 0x4249, 0x4249, 0x424A,
  0x4249, 0x4249, 0x4249, 0x4249, 0x4249, 0x4249, 0x424A, 0x4249, 0x4249, 0x4249, 0x4249, 0x4249,
  0x4249, 0x424A, 0x4249, 0x4249, 0x4249, 0x4249, 0x424A, 0x4249, 0x4249, 0x4249, 0x4249, 0x424A,
  0x4249, 0x4249, 0x4249, 0x424A, 0x424A, 0x4249, 0x4249, 0x4249, 0x4249, 0x4249, 0x424A, 0x4249,
  0x424A, 0x4249, 0x424A, 0x4249, 0x4249, 0x424A, 0x424A, 0x4249, 0x424A, 0x4249, 0x4249, 0x4249,
  0x424A, 0x4249, 0x4249, 0x424A, 0x4249, 0x424A, 0x4249, 0x424A, 0x4249, 0x424A, 0x4249, 0x4249,
  0x4249, 0x4249, 0x4249, 0x4249, 0x4249, 0x424A, 0x4249, 0x424A, 0x4249, 0x4249, 0x4249, 0x424A,
  0x4249, 0x4249, 0x4249, 0x424A, 0x4249, 0x4249, 0x4249, 0x424A, 0x4249, 0x4249, 0x4249, 0x4249,
  0x424A, 0x4249, 0x4249, 0x4249, 0x4249, 0x424A, 0x4249, 0x4249, 0x4249, 0x4249, 0x4249, 0x4249,
  0x424A, 0x4249, 0x4249, 0x4249, 0x4249, 0x4249, 0x4249, 0x4249, 0x4249, 0x4249, 0x4249, 0x4249,
  0x4249, 0x4249, 0x4249, 0x4249, 0x424A, 0x4249, 0x4249, 0x4249, 0x4249, 0x4249, 0x4249, 0x4249,
  0x4249, 0x4249, 0x4249, 0x4249, 0x4249, 0x424A, 0x4249, 0x4249, 0x424A, 0x4249, 0x4249, 0x424A,
  0x424A, 0x4249, 0x4249, 0x4249, 0x4249, 0x4249, 0x4249, 0x424A, 0x424A, 0x4249, 0x424A, 0x4249,
  0x4249, 0x4249, 0x4249, 0x4249, 0x4249, 0x4249, 0x4249, 0x4249, 0x424A, 0x4249, 0x4249, 0x4249,
  0x424A, 0x424A, 0x4249, 0x424A, 0x4249, 0x4249, 0x4249, 0x4249, 0x4249, 0x4249, 0x4249, 0x4249,
  0x424A, 0x4249, 0x4249, 0x4249, 0x4249, 0x4249, 0x424A, 0x4249, 0x4249, 0x4249, 0x424A, 0x4249,
  0x4249, 0x4249, 0x4249, 0x424A, 0x4249, 0x4249, 0x4249, 0x4249, 0x4249, 0x4249, 0x4249, 0x4249,
  0x424A, 0x4249, 0x4249, 0x4249, 0x4249, 0x424A, 0x4249, 0x424A, 0x4249, 0x424A, 0x4249, 0x424A,
  0x4249, 0x4249, 0x4249, 0x424A, 0x4249, 0x4249, 0x424A, 0x4249, 0x4249, 0x424A, 0x4249, 0x4249,
  0x424A, 0x4249, 0x4249, 0x4249, 0x4249, 0x4249, 0x4249, 0x4249, 0x4249, 0x4249, 0x4249, 0x4249,
  0x4249, 0x4249, 0x4249, 0x4249, 0x424A, 0x4249, 0x424A, 0x4249, 0x424A, 0x4249, 0x4249, 0x4249,
  0x424A, 0x4249, 0x4249, 0x4249, 0x4249, 0x4249, 0x424A, 0x4249, 0x3A09, 0x18E4, 0x10A2, 0x10A3,
  0x1083, 0x0883, 0x10C3, 0x10A3, 0x08A3, 0x10A4, 0x10C3, 0x18C4, 0x10E4, 0x2125, 0x2987, 0x4229,
  0x4249, 0x4249, 0x4249, 0x4249, 0x4249, 0x4249, 0x4249, 0x4249, 0x4249, 0x424A, 0x424A, 0x4249,
  0x424A, 0x4249, 0x4249, 0x4249, 0x4249, 0x424A, 0x4249, 0x4249, 0x4249, 0x424A, 0x4249, 0x4249,
  0x4249, 0x424A, 0x424A, 0x4249, 0x424A, 0x4249, 0x4249, 0x4249, 0x4249, 0x4249, 0x4249, 0x424A,
  0x4249, 0x4249, 0x4249, 0x424A, 0x4249, 0x4249, 0x424A, 0x4249, 0x4249, 0x424A, 0x4249, 0x4249,
  0x424A, 0x424A, 0x4249, 0x4249, 0x4249, 0x4249, 0x4249, 0x4249, 0x4249, 0x424A, 0x4249, 0x424A,
  0x4249, 0x4249, 0x4249, 0x424A, 0x4249, 0x4249, 0x4249, 0x424A, 0x4249, 0x4249, 0x4249, 0x424A,
  0x4249, 0x4249, 0x4249, 0x4249, 0x424A, 0x4249, 0x4249, 0x4249, 0x4249, 0x424A, 0x4249, 0x4249,
  0x4249, 0x4249, 0x4249, 0x4249, 0x424A, 0x4249, 0x4249, 0x4249, 0x4249, 0x4249, 0x4249, 0x4249,
  0x4249, 0x4249, 0x4249, 0x4249, 0x4249, 0x4249, 0x4249, 0x4249, 0x424A, 0x4249, 0x4249, 0x4249,
  0x4249, 0x4249, 0x4249, 0x4249, 0x4249, 0x4249, 0x4249, 0x4249, 0x4249, 0x4249, 0x424A, 0x4249,
  0x424A, 0x4249, 0x4249, 0x4249, 0x4249, 0x424A, 0x4249, 0x4249, 0x4249, 0x4249, 0x424A, 0x4249,
  0x4249, 0x424A, 0x4249, 0x4249, 0x4249, 0x424A, 0x4249, 0x424A, 0x4249, 0x4249, 0x4249, 0x4249,
  0x424A, 0x4249, 0x4249, 0x4249, 0x4249, 0x424A, 0x4249, 0x424A, 0x4249, 0x4249, 0x4249, 0x424A,
  0x4249, 0x4249, 0x4249, 0x424A, 0x4249, 0x4249, 0x424A, 0x4249, 0x424A, 0x4249, 0x4249, 0x4249,
  0x4249, 0x4249, 0x4249, 0x424A, 0x4249, 0x4249, 0x424A, 0x4249, 0x4249, 0x4249, 0x424A, 0x4249,
  0x4249, 0x4249, 0x4249, 0x4249, 0x424A, 0x4249, 0x4249, 0x4249, 0x4249, 0x4249, 0x424A, 0x424A,
  0x4249, 0x4249, 0x4249, 0x4249, 0x424A, 0x4249, 0x4249, 0x424A, 0x4249, 0x4249, 0x424A, 0x4249,
  0x4249, 0x424A, 0x4249, 0x4249, 0x424A, 0x4249, 0x4249, 0x4249, 0x4249, 0x4249, 0x4249, 0x4249,
  0x424A, 0x4249, 0x4249, 0x4249, 0x4249, 0x424A, 0x4249, 0x4249, 0x4249, 0x4249, 0x4249, 0x424A,
  0x424A, 0x4249, 0x424A, 0x4249, 0x4249, 0x424A, 0x4249, 0x424A, 0x4249, 0x4249, 0x4249, 0x4249,
  0x4249, 0x424A, 0x4249, 0x4249, 0x4249, 0x4249, 0x4249, 0x4249, 0x4249, 0x424A, 0x424A, 0x4249,
  0x4249, 0x4249, 0x4249, 0x4249, 0x4249, 0x4249, 0x424A, 0x4249, 0x424A, 0x424A, 0x4249, 0x4249,
  0x424A, 0x4249, 0x424A, 0x4249, 0x424A, 0x4249, 0x4249, 0x4249, 0x4249, 0x4249, 0x4249, 0x424A,
  0x4249, 0x4249, 0x424A, 0x4249, 0x4249, 0x424A, 0x4249, 0x424A, 0x4229, 0x424A, 0x4249, 0x4249,
  0x4249, 0x424A, 0x4249, 0x4249, 0x424A, 0x4249, 0x4249, 0x4249, 0x424A, 0x4249, 0x424A, 0x4249,
  0x4249, 0x4249, 0x4249, 0x4249, 0x2986, 0x10C3, 0x1083, 0x10A3, 0x10C3, 0x1083, 0x10A3, 0x10A3,
  0x1082, 0x10A3, 0x10C3, 0x10A4, 0x10A3, 0x10C4, 0x2966, 0x4249, 0x4249, 0x424A, 0x4249, 0x4249,
  0x4249, 0x4249, 0x4249, 0x424A, 0x4249, 0x4249, 0x4249, 0x4249, 0x4249, 0x4249, 0x4249, 0x4249,
  0x4249, 0x4249, 0x4249, 0x4249, 0x4249, 0x4249, 0x4249, 0x4249, 0x424A, 0x4249, 0x4249, 0x4249,
  0x4249, 0x4249, 0x4249, 0x4249, 0x424A, 0x4249, 0x4249, 0x4249, 0x4249, 0x4249, 0x4249, 0x4249,
  0x4249, 0x4249, 0x4249, 0x4249, 0x4249, 0x4249, 0x4249, 0x4249, 0x4249, 0x4249, 0x424A, 0x4249,
  0x4249, 0x4249, 0x424A, 0x4249, 0x424A, 0x4249, 0x4249, 0x4249, 0x4249, 0x424A, 0x4249, 0x4249,
  0x4249, 0x4249, 0x424A, 0x4249, 0x4249, 0x424A, 0x4249, 0x4249, 0x4249, 0x424A, 0x4249, 0x424A,
  0x4249, 0x4249, 0x4249, 0x4249, 0x424A, 0x4249, 0x4249, 0x4249, 0x4249, 0x424A, 0x4249, 0x424A,
  0x4249, 0x4249, 0x4249, 0x424A, 0x4249, 0x4249, 0x4249, 0x424A, 0x4249, 0x4249, 0x424A, 0x4249,
  0x424A, 0x4249, 0x4249, 0x4249, 0x4249, 0x4249, 0x4249, 0x424A, 0x4249, 0x4249, 0x424A, 0x4249,
  0x4249, 0x4249, 0x424A, 0x4249, 0x424A, 0x4249, 0x4249, 0x4249, 0x4249, 0x4249, 0x4249, 0x4249,
  0x424A, 0x4249, 0x4249, 0x4249, 0x4249, 0x424A, 0x4249, 0x4249, 0x4249, 0x424A, 0x4249, 0x4249,
  0x424A, 0x4249, 0x4249, 0x4249, 0x4249, 0x4249, 0x4249, 0x424A, 0x4249, 0x4249, 0x4249, 0x424A,
  0x4249, 0x4249, 0x4249, 0x4249, 0x424A, 0x4249, 0x4249, 0x424A, 0x4249, 0x4249, 0x4249, 0x424A,
  0x4249, 0x4249, 0x4249, 0x4249, 0x4249, 0x424A, 0x4249, 0x4249, 0x424A, 0x4249, 0x4249, 0x4249,
  0x4249, 0x4249, 0x4249, 0x4249, 0x424A, 0x4249, 0x4249, 0x4249, 0x424A, 0x4249, 0x4249, 0x424A,
  0x4249, 0x4249, 0x4249, 0x424A, 0x4249, 0x4249, 0x4249, 0x4249, 0x4249, 0x424A, 0x4249, 0x4249,
  0x4249, 0x4249, 0x4249, 0x4249, 0x4249, 0x4249, 0x4249, 0x4249, 0x4249, 0x424A, 0x4249, 0x4249,
  0x4249, 0x4249, 0x424A, 0x4249, 0x424A, 0x4249, 0x4249, 0x4249, 0x4249, 0x424A, 0x424A, 0x4249,
  0x4249, 0x4249, 0x4249, 0x424A, 0x4249, 0x4249, 0x4249, 0x4249, 0x4249, 0x4249, 0x4249, 0x4249,
  0x4249, 0x4249, 0x4249, 0x424A, 0x4249, 0x4249, 0x424A, 0x4249, 0x4249, 0x4249, 0x4249, 0x424A,
  0x424A, 0x4249, 0x424A, 0x424A, 0x4249, 0x4249, 0x4249, 0x4249, 0x424A, 0x4249, 0x4249, 0x4249,
  0x4249, 0x4249, 0x4249, 0x4249, 0x4249, 0x4249, 0x4249, 0x4249, 0x4249, 0x4249, 0x4249, 0x4249,
  0x4249, 0x424A, 0x4249, 0x4249, 0x4249, 0x424A, 0x4249, 0x4249, 0x4249, 0x4249, 0x424A, 0x4249,
  0x4249, 0x4249, 0x4249, 0x4229, 0x2986, 0x31C8, 0x4229, 0x4249, 0x4249, 0x4249, 0x4249, 0x4249,
  0x4249, 0x424A, 0x4249, 0x4249, 0x4249, 0x4249, 0x4249, 0x4249, 0x424A, 0x4249, 0x4249, 0x3A08,
  0x18E4, 0x10A3, 0x10C3, 0x18A3, 0x10A3, 0x10C3, 0x10C3, 0x10A3, 0x1083, 0x10C3, 0x1083, 0x10A3,
  0x10A3, 0x10E4, 0x31E8, 0x4249, 0x4249, 0x424A, 0x4249, 0x424A, 0x424A, 0x4249, 0x424A, 0x424A,
  0x4249, 0x4249, 0x4249, 0x4249, 0x424A, 0x4249, 0x424A, 0x4249, 0x4249, 0x424A, 0x4249, 0x424A,
  0x4249, 0x424A, 0x4249, 0x424A, 0x4249, 0x4249, 0x4249, 0x4249, 0x424A, 0x424A, 0x4249, 0x4249,
  0x4249, 0x4249, 0x4249, 0x424A, 0x4249, 0x4249, 0x424A, 0x4249, 0x4249, 0x4249, 0x4249, 0x424A,
  0x4249, 0x4249, 0x4249, 0x4249, 0x4249, 0x4249, 0x4249, 0x4249, 0x424A, 0x4249, 0x4249, 0x4249,
  0x4249, 0x4249, 0x4249, 0x4249, 0x424A, 0x4249, 0x4249, 0x4249, 0x4249, 0x424A, 0x4249, 0x4249,
  0x4249, 0x424A, 0x4249, 0x4249, 0x424A, 0x4249, 0x4249, 0x4249, 0x4249, 0x4249, 0x4249, 0x424A,
  0x4249, 0x4249, 0x4249, 0x424A, 0x4249, 0x4249, 0x4249, 0x4249, 0x424A, 0x4249, 0x4249, 0x424A,
  0x4249, 0x4249, 0x4249, 0x424A, 0x4249, 0x4249, 0x4249, 0x4249, 0x4249, 0x424A, 0x4249, 0x4249,
  0x424A, 0x4249, 0x4249, 0x4249, 0x4249, 0x4249, 0x4249, 0x4249, 0x424A, 0x4249, 0x4249, 0x4249,
  0x4249, 0x4249, 0x4249, 0x4249, 0x4249, 0x424A, 0x4249, 0x424A, 0x4249, 0x4249, 0x424A, 0x4249,
  0x424A, 0x4249, 0x4249, 0x4249, 0x4249, 0x4249, 0x4249, 0x4249, 0x4249, 0x4249, 0x4249, 0x424A,
  0x4249, 0x424A, 0x4249, 0x4249, 0x4249, 0x4249, 0x424A, 0x4249, 0x4249, 0x4249, 0x424A, 0x4249,
  0x4249, 0x4249, 0x4249, 0x4249, 0x424A, 0x4249, 0x424A, 0x4249, 0x4249, 0x4249, 0x4249, 0x4249,
  0x4249, 0x4249, 0x4249, 0x424A, 0x4249, 0x4249, 0x4249, 0x4249, 0x424A, 0x424A, 0x4249, 0x4249,
  0x4249, 0x4249, 0x4249, 0x424A, 0x4249, 0x4249, 0x4249, 0x424A, 0x4249, 0x4249, 0x4249, 0x4249,
  0x424A, 0x4249, 0x4249, 0x4249, 0x4249, 0x4249, 0x424A, 0x4249, 0x4249, 0x424A, 0x4249, 0x424A,
  0x4249, 0x4249, 0x424A, 0x4249, 0x4249, 0x4249, 0x4249, 0x424A, 0x4249, 0x4249, 0x4249, 0x4249,
  0x4249, 0x4249, 0x424A, 0x4249, 0x4249, 0x4249, 0x4249, 0x4249, 0x424A, 0x4249, 0x4249, 0x424A,
  0x4249, 0x424A, 0x424A, 0x4249, 0x4249, 0x4249, 0x4249, 0x4249, 0x424A, 0x4249, 0x4249, 0x4249,
  0x4249, 0x4249, 0x4249, 0x4249, 0x424A, 0x4249, 0x4249, 0x424A, 0x4249, 0x4249, 0x4249, 0x4249,
  0x4249, 0x4249, 0x4249, 0x4249, 0x4249, 0x424A, 0x4249, 0x424A, 0x4249, 0x424A, 0x4249, 0x4249,
  0x4249, 0x4249, 0x4249, 0x4249, 0x4249, 0x4249, 0x4249, 0x4249, 0x4249, 0x4249, 0x4249, 0x424A,
  0x4249, 0x4249, 0x4249, 0x4249, 0x424A, 0x4249, 0x424A, 0x4249, 0x4A28, 0x4A48, 0x4249, 0x31C7,
  0x10C3, 0x10C4, 0x2965, 0x39E8, 0x4229, 0x424A, 0x4249, 0x4249, 0x4249, 0x4249, 0x4249, 0x424A,
  0x4249, 0x4249, 0x4249, 0x4249, 0x4249, 0x424A, 0x4249, 0x2986, 0x18C3, 0x18C3, 0x18C3, 0x18C3,
  0x10C3, 0x10A3, 0x18A3, 0x1083, 0x10A3, 0x10A3, 0x08A2, 0x10A3, 0x10C3, 0x2125, 0x4229, 0x424A,
  0x4249, 0x4249, 0x4249, 0x4249, 0x4249, 0x4249, 0x4249, 0x4249, 0x4249, 0x4249, 0x4249, 0x4249,
  0x424A, 0x4249, 0x4249, 0x424A, 0x4249, 0x4249, 0x4249, 0x4249, 0x4249, 0x4249, 0x4249, 0x4249,
  0x4249, 0x4249, 0x4249, 0x4249, 0x4249, 0x4249, 0x4249, 0x424A, 0x424A, 0x4249, 0x4249, 0x424A,
  0x4249, 0x4249, 0x424A, 0x4249, 0x4249, 0x424A, 0x4249, 0x4249, 0x4249, 0x424A, 0x4249, 0x424A,
  0x4249, 0x424A, 0x4249, 0x4249, 0x4249, 0x4249, 0x4249, 0x4249, 0x4249, 0x424A, 0x4249, 0x424A,
  0x4249, 0x4249, 0x424A, 0x4249, 0x424A, 0x4249, 0x4249, 0x4249, 0x4249, 0x4249, 0x4249, 0x4249,
  0x4249, 0x4249, 0x4249, 0x424A, 0x4249, 0x424A, 0x4249, 0x4249, 0x4249, 0x4249, 0x424A, 0x4249,
  0x4249, 0x4249, 0x424A, 0x4249, 0x4249, 0x4249, 0x4249, 0x4249, 0x424A, 0x4249, 0x424A, 0x4249,
  0x4249, 0x4249, 0x4249, 0x4249, 0x4249, 0x4249, 0x4249, 0x424A, 0x4249, 0x4249, 0x4249, 0x4249,
  0x424A, 0x424A, 0x4249, 0x4249, 0x4249, 0x4249, 0x4249, 0x424A, 0x424A, 0x4249, 0x4249, 0x4249,
  0x4249, 0x4249, 0x4249, 0x4249, 0x4249, 0x4249, 0x4249, 0x4249, 0x4249, 0x4249, 0x424A, 0x424A,
  0x424A, 0x4249, 0x4249, 0x4249, 0x424A, 0x4249, 0x4249, 0x4249, 0x4249, 0x4249, 0x4249, 0x4249,
  0x424A, 0x4249, 0x4249, 0x424A, 0x424A, 0x4249, 0x4249, 0x4249, 0x4249, 0x4249, 0x4249, 0x424A,
  0x4249, 0x4249, 0x4249, 0x4249, 0x4249, 0x424A, 0x4249, 0x4249, 0x424A, 0x424A, 0x4249, 0x4249,
  0x4249, 0x424A, 0x424A, 0x4249, 0x4249, 0x4249, 0x4249, 0x4249, 0x4249, 0x4249, 0x4249, 0x4249,
  0x4249, 0x4249, 0x4249, 0x4249, 0x4249, 0x4249, 0x4249, 0x4249, 0x4249, 0x4249, 0x4249, 0x424A,
  0x4249, 0x424A, 0x4249, 0x4249, 0x4249, 0x4249, 0x424A, 0x4249, 0x4249, 0x424A, 0x4249, 0x4249,
  0x424A, 0x4249, 0x4249, 0x4249, 0x4249, 0x4249, 0x424A, 0x4249, 0x4249, 0x424A, 0x4249, 0x4249,
  0x424A, 0x4249, 0x4249, 0x424A, 0x4249, 0x4249, 0x4249, 0x4249, 0x4249, 0x4249, 0x4249, 0x4249,
  0x424A, 0x4249, 0x4249, 0x424A, 0x4249, 0x4249, 0x4249, 0x4249, 0x4249, 0x4249, 0x424A, 0x4249,
  0x4249, 0x4249, 0x4249, 0x4249, 0x4249, 0x4249, 0x4249, 0x4249, 0x424A, 0x4249, 0x4249, 0x4249,
  0x4249, 0x4249, 0x4249, 0x424A, 0x4249, 0x4249, 0x424A, 0x4249, 0x4249, 0x424A, 0x424A, 0x4249,
  0x4249, 0x4249, 0x424A, 0x4249, 0x424A, 0x424A, 0x4249, 0x4249, 0x4249, 0x424A, 0x4249, 0x4249,
  0x4249, 0x4249, 0x4249, 0x4A48, 0x4A27, 0x4A27, 0x4A27, 0x2965, 0x10A3, 0x10A3, 0x2104, 0x2944,
  0x2986, 0x39E8, 0x4229, 0x424A, 0x4249, 0x4249, 0x424A, 0x4249, 0x4249, 0x4249, 0x424A, 0x424A,
  0x4249, 0x4249, 0x3A09, 0x2104, 0x18C3, 0x18C3, 0x18C3, 0x18A3, 0x10E3, 0x10A3, 0x18A3, 0x10A3,
  0x10C3, 0x10C3, 0x10A3, 0x10A3, 0x18A3, 0x31C7, 0x4249, 0x4249, 0x4249, 0x4249, 0x4249, 0x4249,
  0x424A, 0x4249, 0x4249, 0x4249, 0x424A, 0x4249, 0x424A, 0x4249, 0x4249, 0x4249, 0x4249, 0x4249,
  0x4249, 0x4249, 0x4249, 0x424A, 0x4249, 0x4249, 0x4249, 0x4249, 0x4249, 0x424A, 0x4249, 0x4249,
  0x424A, 0x4249, 0x4249, 0x4249, 0x424A, 0x4249, 0x4249, 0x4249, 0x4249, 0x4249, 0x4249, 0x4249,
  0x4249, 0x4249, 0x4249, 0x4249, 0x4249, 0x424A, 0x4249, 0x4249, 0x4249, 0x424A, 0x4249, 0x4249,
  0x424A, 0x4249, 0x4249, 0x4249, 0x4249, 0x4249, 0x4249, 0x4249, 0x4249, 0x4249, 0x4249, 0x4249,
  0x4249, 0x4249, 0x424A, 0x424A, 0x424A, 0x4249, 0x4249, 0x4249, 0x424A, 0x4249, 0x4249, 0x4249,
  0x4249, 0x4249, 0x4249, 0x4249, 0x424A, 0x4249, 0x4249, 0x424A, 0x424A, 0x4249, 0x4249, 0x4249,
  0x4249, 0x4249, 0x4249, 0x424A, 0x4249, 0x4249, 0x4249, 0x4249, 0x4249, 0x424A, 0x4249, 0x4249,
  0x424A, 0x424A, 0x4249, 0x4249, 0x4249, 0x424A, 0x424A, 0x4249, 0x4249, 0x4249, 0x4249, 0x4249,
  0x4249, 0x4249, 0x4249, 0x4249, 0x4249, 0x4249, 0x4249, 0x424A, 0x424A, 0x4249, 0x424A, 0x4249,
  0x424A, 0x4249, 0x4249, 0x424A, 0x4249, 0x4249, 0x4249, 0x4249, 0x4249, 0x4249, 0x424A, 0x4249,
  0x4249, 0x4249, 0x424A, 0x4249, 0x4249, 0x424A, 0x4249, 0x424A, 0x4249, 0x4249, 0x4249, 0x4249,
  0x4249, 0x4249, 0x4249, 0x4249, 0x424A, 0x4249, 0x4249, 0x4249, 0x4249, 0x4249, 0x424A, 0x4249,
  0x4249, 0x424A, 0x424A, 0x4249, 0x4249, 0x4249, 0x4249, 0x4249, 0x4249, 0x4249, 0x4249, 0x4249,
  0x4249, 0x4249, 0x424A, 0x4249, 0x424A, 0x424A, 0x4249, 0x424A, 0x4249, 0x4249, 0x4249, 0x424A,
  0x4249, 0x4249, 0x424A, 0x424A, 0x4249, 0x4249, 0x4249, 0x4249, 0x4249, 0x424A, 0x4249, 0x4249,
  0x4249, 0x4249, 0x4249, 0x4249, 0x424A, 0x4249, 0x4249, 0x4249, 0x4249, 0x4249, 0x424A, 0x4249,
  0x4249, 0x424A, 0x4249, 0x4249, 0x4249, 0x4249, 0x4249, 0x4249, 0x4249, 0x4249, 0x4249, 0x4249,
  0x4249, 0x4249, 0x4249, 0x424A, 0x4249, 0x4249, 0x4249, 0x4249, 0x4249, 0x4249, 0x4249, 0x4249,
  0x4249, 0x424A, 0x4249, 0x4249, 0x424A, 0x4249, 0x4249, 0x4249, 0x424A, 0x4249, 0x4249, 0x424A,
  0x424A, 0x4249, 0x4249, 0x424A, 0x4249, 0x4249, 0x4249, 0x4249, 0x424A, 0x4249, 0x4249, 0x4249,
  0x424A, 0x4249, 0x4249, 0x4249, 0x4249, 0x4249, 0x4249, 0x424A, 0x4249, 0x424A, 0x4249, 0x4249,
  0x4249, 0x4249, 0x4249, 0x4249, 0x4249, 0x4249, 0x424A, 0x4249, 0x4249, 0x4249, 0x4A48, 0x4A27,
  0x4A47, 0x4A27, 0x4A27, 0x4207, 0x2945, 0x1904, 0x2944, 0x2924, 0x2944, 0x2964, 0x3186, 0x39E8,
  0x4229, 0x4249, 0x4249, 0x4249, 0x4249, 0x424A, 0x4249, 0x4249, 0x4249, 0x4249, 0x29A7, 0x18E4,
  0x18C3, 0x18E3, 0x18E3, 0x18E3, 0x18C3, 0x10E3, 0x10C3, 0x10C3, 0x18A3, 0x10A3, 0x18C3, 0x1083,
  0x2125, 0x4229, 0x4249, 0x4249, 0x4249, 0x4249, 0x4249, 0x424A, 0x4249, 0x4249, 0x4249, 0x4249,
  0x4249, 0x4249, 0x424A, 0x4249, 0x4249, 0x4249, 0x4249, 0x4249, 0x424A, 0x424A, 0x4249, 0x4249,
  0x424A, 0x4249, 0x424A, 0x4249, 0x424A, 0x4249, 0x4249, 0x424A, 0x4249, 0x4249, 0x4249, 0x4249,
  0x4249, 0x4249, 0x4249, 0x4249, 0x424A, 0x4249, 0x4249, 0x4249, 0x424A, 0x4249, 0x424A, 0x4249,
  0x4249, 0x4249, 0x4249, 0x4249, 0x4249, 0x424A, 0x4249, 0x424A, 0x4249, 0x4249, 0x4249, 0x424A,
  0x424A, 0x4249, 0x424A, 0x4249, 0x424A, 0x4249, 0x4249, 0x424A, 0x4249, 0x4249, 0x4249, 0x4249,
  0x4249, 0x4249, 0x424A, 0x4249, 0x4249, 0x4249, 0x424A, 0x4249, 0x4249, 0x424A, 0x4249, 0x424A,
  0x4249, 0x4249, 0x4249, 0x4249, 0x4249, 0x4249, 0x4249, 0x4249, 0x424A, 0x4249, 0x4249, 0x4249,
  0x4249, 0x4249, 0x424A, 0x4249, 0x4249, 0x424A, 0x424A, 0x4249, 0x4249, 0x4249, 0x4249, 0x4249,
  0x4249, 0x4249, 0x4249, 0x4249, 0x4249, 0x4249, 0x424A, 0x4249, 0x424A, 0x424A, 0x4249, 0x424A,
  0x4249, 0x424A, 0x4249, 0x424A, 0x4249, 0x4249, 0x4249, 0x4249, 0x4249, 0x4249, 0x4249, 0x4249,
  0x4249, 0x424A, 0x4249, 0x4249, 0x424A, 0x4249, 0x4249, 0x4249, 0x424A, 0x4249, 0x4249, 0x4249,
  0x4249, 0x4249, 0x4249, 0x4249, 0x4249, 0x4249, 0x424A, 0x4249, 0x4249, 0x424A, 0x4249, 0x4249,
  0x4249, 0x4249, 0x424A, 0x4249, 0x4249, 0x4249, 0x4249, 0x4249, 0x4249, 0x4249, 0x4249, 0x4249,
  0x4249, 0x424A, 0x4249, 0x4249, 0x424A, 0x4249, 0x4249, 0x424A, 0x4249, 0x424A, 0x4249, 0x4249,
  0x424A, 0x4249, 0x4249, 0x4249, 0x4249, 0x4249, 0x4249, 0x4249, 0x4249, 0x424A, 0x4249, 0x4249,
  0x4249, 0x4249, 0x424A, 0x4249, 0x4249, 0x4249, 0x4249, 0x4249, 0x4249, 0x424A, 0x4249, 0x4249,
  0x4249, 0x4249, 0x4249, 0x4249, 0x4249, 0x424A, 0x4249, 0x4249, 0x424A, 0x4249, 0x4249, 0x4249,
  0x424A, 0x4249, 0x4249, 0x4249, 0x424A, 0x424A, 0x4249, 0x4249, 0x424A, 0x4249, 0x4249, 0x4249,
  0x424A, 0x4249, 0x4249, 0x424A, 0x4249, 0x4249, 0x4249, 0x424A, 0x4249, 0x424A, 0x4249, 0x4249,
  0x4249, 0x424A, 0x4249, 0x4249, 0x4249, 0x4249, 0x4249, 0x4249, 0x4249, 0x4249, 0x4249, 0x4249,
  0x424A, 0x4249, 0x424A, 0x4249, 0x424A, 0x4249, 0x4249, 0x4249, 0x4249, 0x4249, 0x4249, 0x424A,
  0x4249, 0x4249, 0x4249, 0x4249, 0x4249, 0x4249, 0x4249, 0x4249, 0x4249, 0x4249, 0x424A, 0x4249,
  0x4249, 0x4249, 0x4249, 0x4249, 0x4229, 0x39C7, 0x4207, 0x4A27, 0x4A27, 0x4A47, 0x4A27, 0x4206,
  0x2944, 0x2945, 0x2944, 0x2944, 0x2944, 0x2944, 0x2945, 0x2944, 0x3166, 0x39E8, 0x4229, 0x424A,
  0x4249, 0x4249, 0x4249, 0x4249, 0x4249, 0x3A29, 0x2104, 0x18E3, 0x18E4, 0x2104, 0x18E4, 0x18E3,
  0x18E4, 0x18C3, 0x18C4, 0x18E3, 0x18C3, 0x18A3, 0x10C3, 0x10C3, 0x31A7, 0x4249, 0x424A, 0x4249,
  0x4249, 0x424A, 0x4249, 0x4249, 0x4249, 0x424A, 0x4249, 0x424A, 0x4249, 0x4249, 0x4249, 0x4249,
  0x424A, 0x424A, 0x4249, 0x4249, 0x4249, 0x4249, 0x4249, 0x4249, 0x424A, 0x4249, 0x4249, 0x4249,
  0x4249, 0x4249, 0x424A, 0x4249, 0x4249, 0x4249, 0x424A, 0x4249, 0x4249, 0x4249, 0x424A, 0x4249,
  0x4249, 0x424A, 0x4249, 0x4249, 0x4249, 0x424A, 0x4249, 0x4249, 0x4249, 0x424A, 0x4249, 0x4249,
  0x4249, 0x4249, 0x4249, 0x4249, 0x4249, 0x424A, 0x4249, 0x424A, 0x4249, 0x4249, 0x4249, 0x4249,
  0x4249, 0x4249, 0x4249, 0x4249, 0x4249, 0x424A, 0x4249, 0x4249, 0x424A, 0x4249, 0x4249, 0x4249,
  0x424A, 0x4249, 0x4249, 0x4249, 0x4249, 0x4249, 0x4249, 0x4249, 0x4249, 0x4249, 0x424A, 0x4249,
  0x4249, 0x424A, 0x4249, 0x4249, 0x4249, 0x4249, 0x424A, 0x4249, 0x4249, 0x4249, 0x4249, 0x4249,
  0x4249, 0x4249, 0x4249, 0x4249, 0x4249, 0x424A, 0x4249, 0x4249, 0x424A, 0x4249, 0x4249, 0x424A,
  0x4249, 0x424A, 0x4249, 0x4249, 0x424A, 0x4249, 0x4249, 0x4249, 0x4249, 0x4249, 0x4249, 0x4249,
  0x4249, 0x4249, 0x424A, 0x4249, 0x424A, 0x4249, 0x4249, 0x424A, 0x4249, 0x4249, 0x4249, 0x4249,
  0x4249, 0x4249, 0x4249, 0x424A, 0x4249, 0x4249, 0x4249, 0x4249, 0x424A, 0x4249, 0x424A, 0x4249,
  0x4249, 0x424A, 0x4249, 0x4249, 0x4249, 0x424A, 0x4249, 0x424A, 0x4249, 0x4249, 0x424A, 0x4249,
  0x4249, 0x4249, 0x424A, 0x4249, 0x424A, 0x4249, 0x4249, 0x4249, 0x4249, 0x424A, 0x4249, 0x4249,
  0x4249, 0x4249, 0x4249, 0x4249, 0x4249, 0x4249, 0x4249, 0x4249, 0x4249, 0x4249, 0x4249, 0x424A,
  0x4249, 0x424A, 0x4249, 0x4249, 0x4249, 0x4249, 0x4249, 0x4249, 0x4249, 0x4249, 0x4249, 0x424A,
  0x4249, 0x4249, 0x424A, 0x4249, 0x424A, 0x4249, 0x4249, 0x424A, 0x4249, 0x4249, 0x4249, 0x424A,
  0x424A, 0x4249, 0x4249, 0x4249, 0x424A, 0x4249, 0x4249, 0x4249, 0x4249, 0x4249, 0x4249, 0x4249,
  0x424A, 0x4249, 0x4249, 0x4249, 0x424A, 0x4249, 0x4249, 0x424A, 0x4249, 0x4249, 0x4249, 0x4249,
  0x4249, 0x4249, 0x4249, 0x424A, 0x4249, 0x4249, 0x4249, 0x4249, 0x424A, 0x4249, 0x4249, 0x4249,
  0x424A, 0x4249, 0x424A, 0x4249, 0x424A, 0x4249, 0x4249, 0x4249, 0x4249, 0x4249, 0x4249, 0x424A,
  0x4249, 0x4249, 0x4249, 0x4249, 0x4249, 0x4249, 0x4249, 0x4249, 0x424A, 0x4249, 0x424A, 0x4249,
  0x4249, 0x4249, 0x424A, 0x4249, 0x424A, 0x4249, 0x4249, 0x424A, 0x424A, 0x4249, 0x424A, 0x4249,
  0x39E7, 0x2965, 0x2964, 0x41E6, 0x4A27, 0x4A27, 0x49E6, 0x20E4, 0x2904, 0x4207, 0x39C6, 0x2945,
  0x2944, 0x2944, 0x2924, 0x2944, 0x2944, 0x2944, 0x2985, 0x39C7, 0x4229, 0x4249, 0x4249, 0x424A,
  0x4249, 0x31A7, 0x18E4, 0x2104, 0x2104, 0x1904, 0x2104, 0x20E4, 0x1903, 0x18E4, 0x18C3, 0x10C3,
  0x10C4, 0x18E3, 0x10C3, 0x10C3, 0x2104, 0x31C7, 0x4229, 0x4249, 0x424A, 0x424A, 0x4249, 0x4249,
  0x4249, 0x4249, 0x4249, 0x4249, 0x4249, 0x424A, 0x4249, 0x4249, 0x4249, 0x424A, 0x4249, 0x4249,
  0x4249, 0x4249, 0x4249, 0x4249, 0x4249, 0x4249, 0x4249, 0x4249, 0x4249, 0x4249, 0x4249, 0x4249,
  0x4249, 0x4249, 0x4249, 0x4249, 0x424A, 0x424A, 0x4249, 0x4249, 0x4249, 0x424A, 0x424A, 0x4249,
  0x4249, 0x4249, 0x4249, 0x4249, 0x4249, 0x4249, 0x424A, 0x4249, 0x4249, 0x424A, 0x4249, 0x4249,
  0x4249, 0x4249, 0x4249, 0x4249, 0x4249, 0x4249, 0x424A, 0x4249, 0x424A, 0x4249, 0x4249, 0x424A,
  0x4249, 0x4249, 0x4249, 0x4249, 0x4249, 0x4249, 0x4249, 0x424A, 0x4249, 0x4249, 0x4249, 0x4249,
  0x424A, 0x4249, 0x424A, 0x4249, 0x4249, 0x424A, 0x4249, 0x4249, 0x4249, 0x424A, 0x4249, 0x424A,
  0x4249, 0x4249, 0x424A, 0x4249, 0x4249, 0x4249, 0x424A, 0x4249, 0x424A, 0x4249, 0x4249, 0x4249,
  0x4249, 0x424A, 0x4249, 0x4249, 0x4249, 0x4249, 0x4249, 0x4249, 0x4249, 0x4249, 0x4249, 0x4249,
  0x4249, 0x4249, 0x4249, 0x424A, 0x424A, 0x4249, 0x424A, 0x4249, 0x4249, 0x424A, 0x4249, 0x4249,
  0x4249, 0x424A, 0x4249, 0x4249, 0x4249, 0x424A, 0x4249, 0x4249, 0x4249, 0x4249, 0x424A, 0x4249,
  0x4249, 0x4249, 0x4249, 0x424A, 0x4249, 0x4249, 0x4249, 0x4249, 0x4249, 0x4249, 0x4249, 0x4249,
  0x4249, 0x4249, 0x4249, 0x424A, 0x4249, 0x4249, 0x4249, 0x424A, 0x4249, 0x424A, 0x4249, 0x4249,
  0x4249, 0x424A, 0x4249, 0x424A, 0x4249, 0x4249, 0x424A, 0x4249, 0x4249, 0x424A, 0x4249, 0x424A,
  0x4249, 0x4249, 0x424A, 0x4249, 0x4249, 0x4249, 0x4249, 0x4249, 0x4249, 0x4249, 0x424A, 0x424A,
  0x424A, 0x4249, 0x4249, 0x4249, 0x424A, 0x4249, 0x4249, 0x4249, 0x424A, 0x4249, 0x4249, 0x4249,
  0x4249, 0x4249, 0x4249, 0x424A, 0x4249, 0x4249, 0x4249, 0x4249, 0x4249, 0x4249, 0x4249, 0x4249,
  0x4249, 0x4249, 0x4249, 0x424A, 0x424A, 0x4249, 0x424A, 0x4249, 0x4249, 0x4249, 0x4249, 0x4249,
  0x424A, 0x4249, 0x4249, 0x4249, 0x4249, 0x424A, 0x4249, 0x4249, 0x424A, 0x4249, 0x424A, 0x4249,
  0x4249, 0x4249, 0x4249, 0x424A, 0x4249, 0x4249, 0x4249, 0x4249, 0x4249, 0x4249, 0x4249, 0x4249,
  0x4249, 0x4249, 0x424A, 0x4249, 0x424A, 0x4249, 0x4249, 0x4249, 0x4249, 0x424A, 0x424A, 0x4249,
  0x424A, 0x424A, 0x4249, 0x4249, 0x4249, 0x4249, 0x4249, 0x4249, 0x424A, 0x4249, 0x4249, 0x4249,
  0x4249, 0x4249, 0x4249, 0x4249, 0x4249, 0x4249, 0x4249, 0x3A08, 0x2965, 0x2944, 0x2944, 0x2964,
  0x39C6, 0x4A27, 0x41E6, 0x2104, 0x3185, 0x4A27, 0x4A27, 0x41E6, 0x2965, 0x2944, 0x2945, 0x2944,
  0x2944, 0x2944, 0x2944, 0x2945, 0x2965, 0x39C7, 0x4229, 0x4249, 0x3A29, 0x2945, 0x2124, 0x2945,
  0x2145, 0x2145, 0x2124, 0x2124, 0x1904, 0x1904, 0x20E3, 0x18C4, 0x18E4, 0x18E3, 0x18C4, 0x1083,
  0x10A3, 0x18A3, 0x2125, 0x31C7, 0x4229, 0x4249, 0x4249, 0x4249, 0x424A, 0x4249, 0x4249, 0x424A,
  0x4249, 0x4249, 0x424A, 0x4249, 0x4249, 0x4249, 0x4249, 0x4249, 0x424A, 0x4249, 0x424A, 0x4249,
  0x4249, 0x4249, 0x424A, 0x4249, 0x4249, 0x4249, 0x424A, 0x4249, 0x4249, 0x424A, 0x4249, 0x4249,
  0x4249, 0x4249, 0x4249, 0x4249, 0x4249, 0x4249, 0x4249, 0x4249, 0x4249, 0x424A, 0x4249, 0x4249,
  0x4249, 0x4249, 0x4249, 0x4249, 0x4249, 0x4249, 0x4249, 0x424A, 0x424A, 0x4249, 0x424A, 0x4249,
  0x4249, 0x424A, 0x4249, 0x4249, 0x4249, 0x424A, 0x4249, 0x4249, 0x4249, 0x424A, 0x4249, 0x4249,
  0x4249, 0x4249, 0x424A, 0x4249, 0x4249, 0x4249, 0x4249, 0x424A, 0x4249, 0x4249, 0x4249, 0x4249,
  0x4249, 0x4249, 0x4249, 0x4249, 0x4249, 0x4249, 0x4249, 0x424A, 0x4249, 0x4249, 0x4249, 0x424A,
  0x4249, 0x424A, 0x4249, 0x4249, 0x4249, 0x424A, 0x4249, 0x424A, 0x4249, 0x4249, 0x424A, 0x4249,
  0x4249, 0x424A, 0x4249, 0x424A, 0x4249, 0x4249, 0x424A, 0x4249, 0x4249, 0x4249, 0x4249, 0x4249,
  0x4249, 0x4249, 0x4249, 0x4249, 0x4249, 0x4249, 0x4249, 0x4249, 0x4249, 0x424A, 0x4249, 0x4249,
  0x4249, 0x4249, 0x4249, 0x424A, 0x4249, 0x4249, 0x4249, 0x4249, 0x424A, 0x4249, 0x4249, 0x4249,
  0x4249, 0x424A, 0x4249, 0x4249, 0x424A, 0x424A, 0x4249, 0x424A, 0x4249, 0x424A, 0x4249, 0x4249,
  0x4249, 0x4249, 0x424A, 0x4249, 0x4249, 0x4249, 0x4249, 0x4249, 0x4249, 0x4249, 0x4249, 0x4249,
  0x4249, 0x4249, 0x4249, 0x4249, 0x4249, 0x4249, 0x4249, 0x4249, 0x4249, 0x4249, 0x424A, 0x4249,
  0x4249, 0x424A, 0x4249, 0x4249, 0x4249, 0x4249, 0x4249, 0x4249, 0x4249, 0x4249, 0x4249, 0x4249,
  0x424A, 0x4249, 0x424A, 0x4249, 0x424A, 0x4249, 0x4249, 0x4249, 0x4249, 0x424A, 0x4249, 0x4249,
  0x4249, 0x424A, 0x424A, 0x4249, 0x4249, 0x4249, 0x424A, 0x4249, 0x424A, 0x4249, 0x4249, 0x4249,
  0x4249, 0x4249, 0x4249, 0x4249, 0x4249, 0x424A, 0x4249, 0x4249, 0x4249, 0x4249, 0x4249, 0x4249,
  0x4249, 0x424A, 0x4249, 0x4249, 0x4249, 0x4249, 0x4249, 0x4249, 0x4249, 0x4249, 0x424A, 0x4249,
  0x4249, 0x4249, 0x424A, 0x4249, 0x424A, 0x424A, 0x4249, 0x4249, 0x4249, 0x424A, 0x4249, 0x4249,
  0x4249, 0x4249, 0x424A, 0x4249, 0x4249, 0x4249, 0x4249, 0x4249, 0x4249, 0x4249, 0x4249, 0x424A,
  0x4249, 0x4249, 0x424A, 0x4249, 0x4249, 0x424A, 0x4249, 0x4249, 0x424A, 0x4249, 0x4249, 0x4249,
  0x424A, 0x4249, 0x3A09, 0x2985, 0x2944, 0x2924, 0x2944, 0x2944, 0x2944, 0x39A6, 0x4A27, 0x4207,
  0x4A27, 0x4A27, 0x4A27, 0x4A47, 0x41E6, 0x2965, 0x2924, 0x2945, 0x2944, 0x2945, 0x2944, 0x2944,
  0x2944, 0x2945, 0x2965, 0x31C7, 0x31C7, 0x2945, 0x2965, 0x2965, 0x2965, 0x2945, 0x2945, 0x2124,
  0x2125, 0x2124, 0x2104, 0x2104, 0x18E4, 0x18E3, 0x18C3, 0x1083, 0x10A3, 0x10C3, 0x10A3, 0x10C3,
  0x1905, 0x31A7, 0x3A29, 0x4249, 0x4249, 0x424A, 0x4249, 0x4249, 0x4249, 0x4249, 0x4249, 0x424A,
  0x4249, 0x4249, 0x4249, 0x4249, 0x4249, 0x4249, 0x424A, 0x4249, 0x4249, 0x4249, 0x424A, 0x424A,
  0x4249, 0x424A, 0x4249, 0x4249, 0x4249, 0x4249, 0x4249, 0x4249, 0x4249, 0x4249, 0x4249, 0x424A,
  0x4249, 0x4249, 0x4249, 0x4249, 0x4249, 0x4249, 0x424A, 0x4249, 0x424A, 0x424A, 0x4249, 0x424A,
  0x424A, 0x4249, 0x4249, 0x4249, 0x4249, 0x4249, 0x4249, 0x4249, 0x4249, 0x4249, 0x4249, 0x4249,
  0x4249, 0x424A, 0x4249, 0x4249, 0x4249, 0x4249, 0x4249, 0x424A, 0x4249, 0x4249, 0x4249, 0x4249,
  0x424A, 0x4249, 0x4249, 0x4249, 0x4249, 0x424A, 0x4249, 0x4249, 0x424A, 0x424A, 0x4249, 0x424A,
  0x4249, 0x424A, 0x4249, 0x4249, 0x4249, 0x4249, 0x424A, 0x4249, 0x4249, 0x4249, 0x4249, 0x4249,
  0x4249, 0x4249, 0x4249, 0x4249, 0x4249, 0x4249, 0x4249, 0x4249, 0x4249, 0x4249, 0x4249, 0x4249,
  0x4249, 0x4249, 0x424A, 0x4249, 0x4249, 0x424A, 0x4249, 0x4249, 0x4249, 0x4249, 0x4249, 0x424A,
  0x424A, 0x4249, 0x4249, 0x424A, 0x4249, 0x4249, 0x4249, 0x4249, 0x424A, 0x4249, 0x4249, 0x424A,
  0x4249, 0x4249, 0x4249, 0x4249, 0x4249, 0x424A, 0x4249, 0x4249, 0x4249, 0x4249, 0x4249, 0x4249,
  0x4249, 0x424A, 0x4249, 0x4249, 0x4249, 0x4249, 0x4249, 0x4249, 0x4249, 0x4249, 0x4249, 0x4249,
  0x4249, 0x4249, 0x424A, 0x4249, 0x424A, 0x4249, 0x4249, 0x4249, 0x424A, 0x4249, 0x4249, 0x424A,
  0x4249, 0x424A, 0x4249, 0x4249, 0x4249, 0x4249, 0x4249, 0x424A, 0x4249, 0x4249, 0x4249, 0x424A,
  0x424A, 0x4249, 0x4249, 0x4249, 0x4249, 0x4249, 0x424A, 0x4249, 0x4249, 0x4249, 0x4249, 0x4249,
  0x4249, 0x4249, 0x424A, 0x4249, 0x4249, 0x4249, 0x4249, 0x4249, 0x4249, 0x4249, 0x4249, 0x4249,
  0x4249, 0x4249, 0x4249, 0x4249, 0x4249, 0x4249, 0x4249, 0x424A, 0x4249, 0x4249, 0x4249, 0x4249,
  0x4249, 0x424A, 0x424A, 0x4249, 0x4249, 0x4249, 0x424A, 0x4249, 0x4249, 0x424A, 0x4249, 0x4249,
  0x4249, 0x424A, 0x4249, 0x4249, 0x4249, 0x424A, 0x4249, 0x4249, 0x4249, 0x424A, 0x4249, 0x4249,
  0x4249, 0x4249, 0x424A, 0x4249, 0x4249, 0x4249, 0x4249, 0x4249, 0x4249, 0x4249, 0x4249, 0x4249,
  0x424A, 0x4249, 0x4249, 0x4249, 0x4249, 0x4249, 0x4249, 0x4249, 0x4249, 0x4249, 0x424A, 0x424A,
  0x4249, 0x4249, 0x4249, 0x4209, 0x3A29, 0x4249, 0x4249, 0x4249, 0x4249, 0x4209, 0x2986, 0x2944,
  0x2944, 0x2944, 0x2944, 0x2944, 0x2944, 0x2944, 0x3185, 0x4207, 0x4A47, 0x4A27, 0x4A27, 0x4A27,
  0x4A27, 0x3165, 0x2944, 0x2924, 0x2944, 0x2924, 0x2945, 0x2944, 0x2945, 0x2944, 0x2944, 0x2924,
  0x2965, 0x2965, 0x31A6, 0x31C6, 0x3186, 0x2985, 0x2965, 0x2965, 0x2925, 0x2144, 0x2124, 0x2104,
  0x18E4, 0x1904, 0x18C3, 0x10C3, 0x10A3, 0x18A3, 0x10A3, 0x1083, 0x10C3, 0x10C3, 0x1905, 0x31A7,
  0x4229, 0x4249, 0x424A, 0x4249, 0x4249, 0x4249, 0x4249, 0x4249, 0x4249, 0x424A, 0x424A, 0x424A,
  0x4249, 0x4249, 0x4249, 0x4249, 0x424A, 0x4249, 0x4249, 0x4249, 0x4249, 0x4249, 0x4249, 0x424A,
  0x424A, 0x4249, 0x4249, 0x4249, 0x4249, 0x4249, 0x424A, 0x4249, 0x4249, 0x424A, 0x4249, 0x4249,
  0x424A, 0x4249, 0x4249, 0x4249, 0x4249, 0x4249, 0x4249, 0x4249, 0x4249, 0x4249, 0x424A, 0x4249,
  0x4249, 0x4249, 0x4249, 0x424A, 0x424A, 0x4249, 0x4249, 0x424A, 0x4249, 0x4249, 0x4249, 0x4249,
  0x424A, 0x4249, 0x4249, 0x424A, 0x4249, 0x4249, 0x4249, 0x4249, 0x4249, 0x424A, 0x4249, 0x4249,
  0x4249, 0x4249, 0x4249, 0x4249, 0x4249, 0x424A, 0x4249, 0x4249, 0x4249, 0x4249, 0x4249, 0x4249,
  0x4249, 0x4249, 0x4249, 0x4249, 0x4249, 0x4249, 0x424A, 0x4249, 0x424A, 0x4249, 0x4249, 0x4249,
  0x424A, 0x4249, 0x4249, 0x424A, 0x4249, 0x424A, 0x4249, 0x4249, 0x4249, 0x4249, 0x4249, 0x424A,
  0x4249, 0x4249, 0x4249, 0x424A, 0x4249, 0x4249, 0x4249, 0x4249, 0x4249, 0x4249, 0x4249, 0x424A,
  0x4249, 0x4249, 0x4249, 0x424A, 0x4249, 0x4249, 0x4249, 0x424A, 0x4249, 0x424A, 0x4249, 0x4249,
  0x4249, 0x4249, 0x424A, 0x424A, 0x4249, 0x424A, 0x4249, 0x4249, 0x4249, 0x4249, 0x4249, 0x4249,
  0x4249, 0x424A, 0x4249, 0x4249, 0x424A, 0x424A, 0x4249, 0x4249, 0x424A, 0x4249, 0x4249, 0x424A,
  0x4249, 0x4249, 0x4249, 0x4249, 0x424A, 0x4249, 0x4249, 0x4249, 0x4249, 0x4249, 0x4249, 0x424A,
  0x424A, 0x4249, 0x4249, 0x4249, 0x424A, 0x4249, 0x4249, 0x4249, 0x4249, 0x424A, 0x4249, 0x4249,
  0x4249, 0x424A, 0x424A, 0x4249, 0x4249, 0x4249, 0x424A, 0x4249, 0x4249, 0x4249, 0x424A, 0x424A,
  0x4249, 0x4249, 0x424A, 0x4249, 0x4249, 0x4249, 0x4249, 0x4249, 0x424A, 0x4249, 0x4249, 0x4249,
  0x424A, 0x4249, 0x4249, 0x4249, 0x424A, 0x424A, 0x4249, 0x4249, 0x4249, 0x4249, 0x4249, 0x4249,
  0x4249, 0x4249, 0x4249, 0x424A, 0x4249, 0x4249, 0x4249, 0x4249, 0x4249, 0x424A, 0x424A, 0x4249,
  0x424A, 0x4249, 0x4249, 0x4249, 0x424A, 0x4249, 0x4249, 0x4249, 0x4249, 0x4249, 0x4249, 0x4249,
  0x4249, 0x424A, 0x4249, 0x424A, 0x424A, 0x4249, 0x4249, 0x4249, 0x4249, 0x4249, 0x424A, 0x424A,
  0x4249, 0x424A, 0x4249, 0x424A, 0x4249, 0x4249, 0x4249, 0x4249, 0x4229, 0x31C7, 0x2966, 0x2945,
  0x2945, 0x3187, 0x3A09, 0x4249, 0x4229, 0x31A6, 0x2945, 0x2945, 0x2944, 0x2924, 0x2944, 0x2944,
  0x2944, 0x2944, 0x2924, 0x3185, 0x4206, 0x4A27, 0x4A47, 0x4A27, 0x3185, 0x2944, 0x2944, 0x2944,
  0x2944, 0x2944, 0x2924, 0x2944, 0x2924, 0x2944, 0x2944, 0x2965, 0x31A6, 0x39C7, 0x4207, 0x39E7,
  0x39C7, 0x31A6, 0x3186, 0x3186, 0x2965, 0x2945, 0x2125, 0x2125, 0x2104, 0x2104, 0x18C4, 0x10E3,
  0x18A3, 0x10C3, 0x10C3, 0x10C3, 0x18A3, 0x1083, 0x10A3, 0x10C3, 0x18E4, 0x31A7, 0x4249, 0x4249,
  0x424A, 0x424A, 0x424A, 0x4249, 0x4249, 0x4249, 0x4249, 0x4249, 0x4249, 0x4249, 0x4249, 0x4249,
  0x424A, 0x4249, 0x4249, 0x4249, 0x4249, 0x4249, 0x4249, 0x4249, 0x4249, 0x424A, 0x4249, 0x424A,
  0x424A, 0x4249, 0x4249, 0x4249, 0x4249, 0x4249, 0x4249, 0x4249, 0x424A, 0x4249, 0x4249, 0x424A,
  0x4249, 0x4249, 0x4249, 0x424A, 0x4249, 0x4249, 0x4249, 0x424A, 0x4249, 0x4249, 0x4249, 0x4249,
  0x4249, 0x4249, 0x4249, 0x424A, 0x4249, 0x4249, 0x4249, 0x424A, 0x4249, 0x4249, 0x4249, 0x424A,
  0x4249, 0x424A, 0x4249, 0x4249, 0x4249, 0x4249, 0x424A, 0x424A, 0x4249, 0x424A, 0x4249, 0x4249,
  0x4249, 0x4249, 0x4249, 0x4249, 0x4249, 0x424A, 0x4249, 0x4249, 0x424A, 0x424A, 0x4249, 0x4249,
  0x424A, 0x4249, 0x4249, 0x424A, 0x4249, 0x4249, 0x4249, 0x4249, 0x424A, 0x4249, 0x4249, 0x4249,
  0x4249, 0x4249, 0x4249, 0x424A, 0x424A, 0x4249, 0x4249, 0x4249, 0x424A, 0x4249, 0x4249, 0x4249,
  0x4249, 0x424A, 0x4249, 0x424A, 0x4249, 0x4249, 0x4249, 0x4249, 0x4249, 0x4249, 0x4249, 0x424A,
  0x4249, 0x4249, 0x4249, 0x4249, 0x4249, 0x4249, 0x4249, 0x424A, 0x4249, 0x4249, 0x4249, 0x4249,
  0x4249, 0x4249, 0x4249, 0x4249, 0x424A, 0x4249, 0x4249, 0x4249, 0x424A, 0x4249, 0x4249, 0x4249,
  0x4249, 0x424A, 0x4249, 0x4249, 0x4249, 0x4249, 0x4249, 0x4249, 0x4249, 0x4249, 0x4249, 0x424A,
  0x4249, 0x4249, 0x424A, 0x4249, 0x424A, 0x4249, 0x4249, 0x4249, 0x4249, 0x4249, 0x4249, 0x4249,
  0x4249, 0x4249, 0x4249, 0x4249, 0x4249, 0x4249, 0x424A, 0x424A, 0x4249, 0x4249, 0x4249, 0x4249,
  0x4249, 0x4249, 0x4249, 0x424A, 0x4249, 0x4249, 0x4249, 0x4249, 0x4249, 0x4249, 0x424A, 0x4249,
  0x4249, 0x424A, 0x4249, 0x4249, 0x424A, 0x4249, 0x4249, 0x4249, 0x424A, 0x4249, 0x424A, 0x4249,
  0x4249, 0x4249, 0x4249, 0x424A, 0x4249, 0x4249, 0x4249, 0x424A, 0x4249, 0x424A, 0x4249, 0x4249,
  0x4249, 0x424A, 0x4249, 0x4249, 0x424A, 0x4249, 0x4249, 0x4249, 0x4249, 0x4249, 0x4249, 0x424A,
  0x4249, 0x4249, 0x4249, 0x4249, 0x424A, 0x424A, 0x4249, 0x4249, 0x424A, 0x4249, 0x4249, 0x4249,
  0x4249, 0x424A, 0x4249, 0x4249, 0x424A, 0x4249, 0x4249, 0x4249, 0x424A, 0x4249, 0x4249, 0x4249,
  0x424A, 0x4249, 0x4249, 0x4229, 0x2945, 0x3185, 0x39E7, 0x4207, 0x4207, 0x31A6, 0x2945, 0x2986,
  0x3186, 0x2944, 0x2944, 0x2944, 0x2944, 0x2944, 0x2945, 0x2944, 0x2944, 0x2944, 0x2944, 0x2944,
  0x2965, 0x41E6, 0x4A27, 0x39A5, 0x2944, 0x2944, 0x2944, 0x2944, 0x2944, 0x2944, 0x2944, 0x2944,
  0x2944, 0x2945, 0x2944, 0x31A6, 0x39C7, 0x4A48, 0x4A48, 0x4A48, 0x4207, 0x3A07, 0x39C7, 0x31A6,
  0x3186, 0x3186, 0x2965, 0x2945, 0x2124, 0x1904, 0x18E3, 0x18E3, 0x18C3, 0x10C3, 0x18A3, 0x18C3,
  0x10A3, 0x10C3, 0x10A3, 0x10A3, 0x10A3, 0x18E3, 0x3A08, 0x4249, 0x4249, 0x4249, 0x4249, 0x4249,
  0x4249, 0x424A, 0x4249, 0x424A, 0x4249, 0x4249, 0x424A, 0x4249, 0x4249, 0x4249, 0x4249, 0x4249,
  0x424A, 0x424A, 0x4249, 0x4249, 0x4249, 0x4249, 0x4249, 0x4249, 0x4249, 0x4249, 0x4249, 0x4249,
  0x424A, 0x4249, 0x4249, 0x424A, 0x4249, 0x4249, 0x4249, 0x4249, 0x424A, 0x4249, 0x4249, 0x4249,
  0x4249, 0x4249, 0x4249, 0x4249, 0x4249, 0x424A, 0x4249, 0x424A, 0x4249, 0x4249, 0x4249, 0x4249,
  0x4249, 0x4249, 0x4249, 0x424A, 0x4249, 0x4249, 0x4249, 0x4249, 0x4249, 0x4249, 0x4249, 0x424A,
  0x4249, 0x4249, 0x4249, 0x4249, 0x4249, 0x4249, 0x4249, 0x4249, 0x424A, 0x4249, 0x4249, 0x4249,
  0x424A, 0x4249, 0x4249, 0x4249, 0x4249, 0x424A, 0x4249, 0x4249, 0x4249, 0x4249, 0x4249, 0x4249,
  0x4249, 0x4249, 0x4249, 0x424A, 0x4249, 0x4249, 0x424A, 0x4249, 0x424A, 0x4249, 0x4249, 0x4249,
  0x4249, 0x4249, 0x4249, 0x4249, 0x4249, 0x4249, 0x4249, 0x4249, 0x424A, 0x4249, 0x424A, 0x4249,
  0x4249, 0x4249, 0x424A, 0x424A, 0x4249, 0x424A, 0x4249, 0x4249, 0x4249, 0x4249, 0x424A, 0x4249,
  0x4249, 0x4249, 0x4249, 0x4249, 0x4249, 0x4249, 0x4249, 0x4249, 0x424A, 0x4249, 0x4249, 0x424A,
  0x4249, 0x424A, 0x4249, 0x4249, 0x424A, 0x4249, 0x4249, 0x4249, 0x424A, 0x4249, 0x4249, 0x4249,
  0x424A, 0x4249, 0x4249, 0x424A, 0x4249, 0x424A, 0x4249, 0x4249, 0x4249, 0x4249, 0x4249, 0x4249,
  0x4249, 0x424A, 0x4249, 0x424A, 0x4249, 0x4249, 0x424A, 0x4249, 0x4249, 0x4249, 0x424A, 0x424A,
  0x4249, 0x4249, 0x4249, 0x4249, 0x4249, 0x4249, 0x4249, 0x4249, 0x424A, 0x4249, 0x4249, 0x4249,
  0x4249, 0x424A, 0x4249, 0x4249, 0x4249, 0x424A, 0x4249, 0x4249, 0x4249, 0x424A, 0x4249, 0x4249,
  0x4249, 0x4249, 0x4249, 0x4249, 0x424A, 0x4249, 0x4249, 0x4249, 0x4249, 0x4249, 0x4249, 0x424A,
  0x4249, 0x4249, 0x424A, 0x4249, 0x4249, 0x4249, 0x424A, 0x4249, 0x4249, 0x4249, 0x424A, 0x4249,
  0x4249, 0x4249, 0x4249, 0x4249, 0x424A, 0x4249, 0x4249, 0x4249, 0x4249, 0x4249, 0x424A, 0x4249,
  0x4249, 0x4249, 0x4249, 0x4249, 0x424A, 0x4249, 0x4249, 0x4249, 0x4249, 0x4249, 0x424A, 0x4249,
  0x4249, 0x4249, 0x4249, 0x4249, 0x4249, 0x4249, 0x4249, 0x4249, 0x4249, 0x4249, 0x4249, 0x31C7,
  0x3186, 0x4228, 0x4A28, 0x4228, 0x4208, 0x4227, 0x41E7, 0x2965, 0x2924, 0x2944, 0x2944, 0x2944,
  0x2944, 0x2944, 0x2924, 0x2945, 0x2944, 0x2944, 0x2924, 0x2944, 0x2944, 0x2945, 0x31A5, 0x2944,
  0x2945, 0x2944, 0x2944, 0x2924, 0x2945, 0x2944, 0x2944, 0x2944, 0x2945, 0x2144, 0x3165, 0x39E7,
  0x4228, 0x52A9, 0x5289, 0x5289, 0x4A68, 0x4A28, 0x4228, 0x3A07, 0x39E7, 0x31C6, 0x3186, 0x2945,
  0x2124, 0x20E4, 0x20E4, 0x1903, 0x18C3, 0x18E3, 0x18C3, 0x18E3, 0x18C3, 0x10A3, 0x10A3, 0x18C3,
  0x10A3, 0x10A3, 0x3187, 0x4249, 0x4249, 0x4249, 0x4249, 0x4249, 0x4249, 0x4249, 0x4249, 0x4249,
  0x4249, 0x4249, 0x4249, 0x4249, 0x4249, 0x4249, 0x424A, 0x4249, 0x4249, 0x4249, 0x4249, 0x4249,
  0x4249, 0x4249, 0x4249, 0x4249, 0x4249, 0x424A, 0x4249, 0x4249, 0x4249, 0x4249, 0x4249, 0x4249,
  0x4249, 0x4249, 0x4249, 0x4249, 0x4249, 0x424A, 0x4249, 0x4249, 0x424A, 0x4249, 0x4249, 0x4249,
  0x424A, 0x4249, 0x424A, 0x4249, 0x4249, 0x4249, 0x424A, 0x424A, 0x4249, 0x424A, 0x4249, 0x4249,
  0x4249, 0x4249, 0x424A, 0x4249, 0x4249, 0x4249, 0x4249, 0x4249, 0x4249, 0x4249, 0x4249, 0x4249,
  0x424A, 0x4249, 0x4249, 0x424A, 0x4249, 0x424A, 0x4249, 0x4249, 0x424A, 0x4249, 0x4249, 0x4249,
  0x424A, 0x4249, 0x4249, 0x4249, 0x424A, 0x4249, 0x4249, 0x424A, 0x4249, 0x424A, 0x4249, 0x4249,
  0x4249, 0x4249, 0x4249, 0x4249, 0x4249, 0x424A, 0x4249, 0x424A, 0x4249, 0x4249, 0x424A, 0x4249,
  0x4249, 0x4249, 0x424A, 0x424A, 0x4249, 0x4249, 0x4249, 0x4249, 0x4249, 0x4249, 0x4249, 0x4249,
  0x4249, 0x4249, 0x4249, 0x4249, 0x424A, 0x4249, 0x4249, 0x4249, 0x424A, 0x4249, 0x4249, 0x424A,
  0x424A, 0x4249, 0x4249, 0x4249, 0x4249, 0x4249, 0x424A, 0x4249, 0x4249, 0x4249, 0x4249, 0x4249,
  0x4249, 0x4249, 0x4249, 0x424A, 0x4249, 0x4249, 0x4249, 0x4249, 0x4249, 0x424A, 0x4249, 0x424A,
  0x4249, 0x4249, 0x4249, 0x424A, 0x4249, 0x4249, 0x4249, 0x4249, 0x4249, 0x4249, 0x4249, 0x4249,
  0x4249, 0x4249, 0x424A, 0x4249, 0x4249, 0x4249, 0x4249, 0x4249, 0x4249, 0x4249, 0x4249, 0x4249,
  0x424A, 0x424A, 0x4249, 0x4249, 0x424A, 0x4249, 0x4249, 0x424A, 0x4249, 0x4249, 0x4249, 0x4249,
  0x424A, 0x4249, 0x4249, 0x4249, 0x4249, 0x4249, 0x4249, 0x4249, 0x4249, 0x424A, 0x4249, 0x4249,
  0x4249, 0x4249, 0x4249, 0x424A, 0x4249, 0x4249, 0x4249, 0x4249, 0x4249, 0x424A, 0x4249, 0x4249,
  0x4249, 0x4249, 0x4249, 0x4249, 0x4249, 0x4249, 0x4249, 0x4249, 0x4249, 0x4249, 0x424A, 0x4249,
  0x4249, 0x4249, 0x4249, 0x424A, 0x424A, 0x4249, 0x4249, 0x4249, 0x424A, 0x4249, 0x424A, 0x4249,
  0x4249, 0x4249, 0x424A, 0x4249, 0x4249, 0x4249, 0x4249, 0x4249, 0x4249, 0x424A, 0x4249, 0x4249,
  0x4249, 0x4249, 0x424A, 0x424A, 0x4249, 0x4249, 0x4229, 0x2945, 0x4207, 0x4A28, 0x4227, 0x39C6,
  0x39A6, 0x4207, 0x39C6, 0x2944, 0x2944, 0x2944, 0x2925, 0x2944, 0x2944, 0x2944, 0x2944, 0x2924,
  0x2944, 0x2944, 0x2945, 0x2944, 0x2944, 0x2944, 0x2924, 0x2944, 0x2944, 0x2924, 0x2944, 0x2945,
  0x2944, 0x2944, 0x2944, 0x2944, 0x3185, 0x2965, 0x31A6, 0x3A07, 0x5269, 0x5AAA, 0x5AAA, 0x52AA,
  0x52A9, 0x5289, 0x4A69, 0x4A48, 0x4208, 0x4207, 0x31A6, 0x2965, 0x2965, 0x2945, 0x2124, 0x2104,
  0x1904, 0x1903, 0x18E4, 0x18E4, 0x10C3, 0x18C3, 0x18A3, 0x18C3, 0x18C3, 0x10A3, 0x2145, 0x4229,
  0x424A, 0x4249, 0x4249, 0x424A, 0x424A, 0x4249, 0x4249, 0x424A, 0x4249, 0x4249, 0x424A, 0x424A,
  0x4249, 0x424A, 0x4249, 0x4249, 0x4249, 0x4249, 0x4249, 0x424A, 0x424A, 0x4249, 0x424A, 0x4249,
  0x424A, 0x4249, 0x4249, 0x424A, 0x424A, 0x4249, 0x4249, 0x424A, 0x4249, 0x424A, 0x424A, 0x4249,
  0x4249, 0x4249, 0x4249, 0x4249, 0x424A, 0x4249, 0x4249, 0x4249, 0x4249, 0x4249, 0x4249, 0x4249,
  0x4249, 0x4249, 0x4249, 0x4249, 0x4249, 0x4249, 0x4249, 0x4249, 0x424A, 0x4249, 0x4249, 0x4249,
  0x424A, 0x4249, 0x4249, 0x424A, 0x424A, 0x4249, 0x4249, 0x4249, 0x4249, 0x4249, 0x424A, 0x4249,
  0x4249, 0x4249, 0x4249, 0x4249, 0x4249, 0x4249, 0x4249, 0x424A, 0x4249, 0x4249, 0x4249, 0x4249,
  0x4249, 0x424A, 0x4249, 0x424A, 0x4249, 0x4249, 0x4249, 0x424A, 0x4249, 0x4249, 0x4249, 0x4249,
  0x4249, 0x4249, 0x4249, 0x4249, 0x4249, 0x4249, 0x424A, 0x4249, 0x4249, 0x4249, 0x4249, 0x4249,
  0x4249, 0x4249, 0x4249, 0x4249, 0x4249, 0x424A, 0x4249, 0x424A, 0x4249, 0x4249, 0x4249, 0x4249,
  0x4249, 0x4249, 0x4249, 0x4249, 0x424A, 0x4249, 0x4249, 0x4249, 0x4249, 0x4249, 0x4249, 0x424A,
  0x4249, 0x424A, 0x4249, 0x4249, 0x4249, 0x4249, 0x424A, 0x4249, 0x424A, 0x4249, 0x4249, 0x424A,
  0x4249, 0x4249, 0x4249, 0x424A, 0x4249, 0x4249, 0x4249, 0x4249, 0x4249, 0x4249, 0x4249, 0x4249,
  0x4249, 0x4249, 0x424A, 0x424A, 0x4249, 0x4249, 0x4249, 0x424A, 0x4249, 0x4249, 0x4249, 0x4249,
  0x424A, 0x4249, 0x4249, 0x4249, 0x424A, 0x4249, 0x424A, 0x4249, 0x4249, 0x4249, 0x4249, 0x4249,
  0x4249, 0x4249, 0x4249, 0x424A, 0x4249, 0x4249, 0x424A, 0x4249, 0x4249, 0x4249, 0x424A, 0x4249,
  0x4249, 0x424A, 0x4249, 0x424A, 0x4249, 0x4249, 0x424A, 0x4249, 0x4249, 0x424A, 0x424A, 0x4249,
  0x424A, 0x4249, 0x424A, 0x4249, 0x4249, 0x424A, 0x4249, 0x4249, 0x424A, 0x4249, 0x424A, 0x4249,
  0x424A, 0x4249, 0x4249, 0x424A, 0x4249, 0x4249, 0x424A, 0x4249, 0x4249, 0x4249, 0x4249, 0x4249,
  0x4249, 0x4249, 0x4249, 0x4249, 0x4249, 0x4249, 0x4249, 0x4249, 0x4249, 0x4249, 0x4249, 0x424A,
  0x424A, 0x4249, 0x424A, 0x4249, 0x4249, 0x4249, 0x424A, 0x4249, 0x424A, 0x4249, 0x4249, 0x4249,
  0x4249, 0x4249, 0x31C8, 0x3186, 0x4228, 0x4227, 0x4207, 0x2104, 0x20E3, 0x2144, 0x2945, 0x2924,
  0x2944, 0x2944, 0x2944, 0x2924, 0x2944, 0x2944, 0x2924, 0x2944, 0x2944, 0x2944, 0x2944, 0x2945,
  0x31A6, 0x39E8, 0x3186, 0x2944, 0x2944, 0x2944, 0x2924, 0x2944, 0x2924, 0x2944, 0x2945, 0x2944,
  0x2945, 0x3186, 0x39C6, 0x4207, 0x4A68, 0x5289, 0x52A9, 0x5AAA, 0x5AAA, 0x52AA, 0x52A9, 0x5289,
  0x4A69, 0x4228, 0x3186, 0x2965, 0x3186, 0x2124, 0x18E3, 0x18E3, 0x2124, 0x2104, 0x1904, 0x18E4,
  0x18E3, 0x18E4, 0x10C3, 0x10A3, 0x18E3, 0x10A3, 0x18C4, 0x3A08, 0x4249, 0x4249, 0x424A, 0x4249,
  0x4249, 0x4249, 0x4249, 0x4249, 0x424A, 0x4249, 0x4249, 0x4249, 0x4249, 0x4249, 0x4249, 0x4249,
  0x4249, 0x424A, 0x4249, 0x4249, 0x4249, 0x424A, 0x4249, 0x4249, 0x4249, 0x4249, 0x4249, 0x4249,
  0x424A, 0x4249, 0x4249, 0x4249, 0x424A, 0x4249, 0x4249, 0x4249, 0x4249, 0x424A, 0x4249, 0x4249,
  0x4249, 0x4249, 0x424A, 0x424A, 0x4249, 0x4249, 0x4249, 0x4249, 0x4249, 0x424A, 0x4249, 0x424A,
  0x4249, 0x4249, 0x4249, 0x4249, 0x4249, 0x4249, 0x4249, 0x4249, 0x424A, 0x4249, 0x4249, 0x4249,
  0x4249, 0x4249, 0x4249, 0x424A, 0x4249, 0x424A, 0x4249, 0x4249, 0x4249, 0x4249, 0x424A, 0x4249,
  0x424A, 0x4249, 0x4249, 0x424A, 0x4249, 0x4249, 0x4249, 0x424A, 0x4249, 0x4249, 0x4249, 0x4249,
  0x4249, 0x4249, 0x4249, 0x4249, 0x4249, 0x4249, 0x424A, 0x424A, 0x4249, 0x4249, 0x4249, 0x424A,
  0x4249, 0x4249, 0x4249, 0x4249, 0x424A, 0x4249, 0x4249, 0x4249, 0x424A, 0x4249, 0x4249, 0x424A,
  0x4249, 0x4249, 0x4249, 0x4249, 0x4249, 0x4249, 0x4249, 0x424A, 0x424A, 0x4249, 0x4249, 0x4249,
  0x4249, 0x4249, 0x424A, 0x4249, 0x424A, 0x4249, 0x424A, 0x4249, 0x4249, 0x4249, 0x4249, 0x4249,
  0x4249, 0x4249, 0x424A, 0x4249, 0x4249, 0x4249, 0x4249, 0x4249, 0x4249, 0x424A, 0x4249, 0x4249,
  0x4249, 0x4249, 0x4249, 0x4249, 0x424A, 0x4249, 0x4249, 0x424A, 0x4249, 0x4249, 0x4249, 0x4249,
  0x4249, 0x4249, 0x4249, 0x424A, 0x4249, 0x4249, 0x424A, 0x4249, 0x4249, 0x424A, 0x4249, 0x424A,
  0x4249, 0x4249, 0x424A, 0x4249, 0x4249, 0x4249, 0x424A, 0x4249, 0x4249, 0x424A, 0x4249, 0x4249,
  0x4249, 0x424A, 0x4249, 0x4249, 0x424A, 0x4249, 0x424A, 0x4249, 0x4249, 0x4249, 0x424A, 0x4249,
  0x4249, 0x4249, 0x4249, 0x4249, 0x4249, 0x4249, 0x4249, 0x4249, 0x4249, 0x4249, 0x424A, 0x4249,
  0x4249, 0x4249, 0x424A, 0x4249, 0x4249, 0x4249, 0x4249, 0x424A, 0x424A, 0x4249, 0x4249, 0x424A,
  0x4249, 0x4249, 0x4249, 0x4249, 0x424A, 0x4249, 0x424A, 0x4249, 0x424A, 0x4249, 0x4249, 0x4249,
  0x4249, 0x4249, 0x424A, 0x4249, 0x4249, 0x424A, 0x4249, 0x4249, 0x4249, 0x4249, 0x424A, 0x4249,
  0x4249, 0x4249, 0x4249, 0x4249, 0x4249, 0x424A, 0x4249, 0x4249, 0x4249, 0x4229, 0x2965, 0x4207,
  0x4227, 0x4228, 0x31A6, 0x2124, 0x2124, 0x2944, 0x2944, 0x2944, 0x2945, 0x2944, 0x2944, 0x2944,
  0x2944, 0x2945, 0x2944, 0x2944, 0x2944, 0x2944, 0x2944, 0x2986, 0x4229, 0x4249, 0x4249, 0x3A08,
  0x3186, 0x2945, 0x2944, 0x2944, 0x2924, 0x2944, 0x2945, 0x2944, 0x2924, 0x3165, 0x31A6, 0x39E7,
  0x4228, 0x4A48, 0x4A69, 0x5289, 0x52A9, 0x5AA9, 0x5AAA, 0x5AA9, 0x5289, 0x4228, 0x2985, 0x2965,
  0x2965, 0x18E3, 0x10C3, 0x18E3, 0x2945, 0x2125, 0x2104, 0x2104, 0x2104, 0x1904, 0x18E4, 0x18E3,
  0x10C4, 0x18E3, 0x10A3, 0x2986, 0x4249, 0x4249, 0x4249, 0x4249, 0x424A, 0x4249, 0x4249, 0x424A,
  0x4249, 0x4249, 0x424A, 0x4249, 0x4249, 0x4249, 0x424A, 0x4249, 0x424A, 0x4249, 0x4249, 0x4249,
  0x4249, 0x4249, 0x4249, 0x424A, 0x4249, 0x4249, 0x4249, 0x4249, 0x4249, 0x4249, 0x4249, 0x4249,
  0x424A, 0x4249, 0x4249, 0x4249, 0x424A, 0x4249, 0x424A, 0x4249, 0x4249, 0x4249, 0x4249, 0x4249,
  0x424A, 0x4249, 0x4249, 0x424A, 0x4249, 0x4249, 0x4249, 0x4249, 0x4249, 0x4249, 0x4249, 0x424A,
  0x424A, 0x4249, 0x4249, 0x4249, 0x4249, 0x4249, 0x424A, 0x4249, 0x424A, 0x4249, 0x424A, 0x4249,
  0x4249, 0x4249, 0x4249, 0x4249, 0x4249, 0x4249, 0x424A, 0x4249, 0x4249, 0x4249, 0x4249, 0x4249,
  0x4249, 0x424A, 0x4249, 0x4249, 0x4249, 0x4249, 0x4249, 0x4249, 0x424A, 0x4249, 0x4249, 0x424A,
  0x4249, 0x4249, 0x4249, 0x4249, 0x4249, 0x4249, 0x4249, 0x424A, 0x4249, 0x4249, 0x424A, 0x4249,
  0x4249, 0x424A, 0x4249, 0x424A, 0x4249, 0x4249, 0x4249, 0x424A, 0x4249, 0x4249, 0x4249, 0x4249,
  0x4249, 0x424A, 0x4249, 0x4249, 0x4249, 0x4249, 0x424A, 0x4249, 0x4249, 0x4249, 0x4249, 0x4249,
  0x4249, 0x4249, 0x4249, 0x4249, 0x4249, 0x424A, 0x4249, 0x424A, 0x4249, 0x4249, 0x4249, 0x4249,
  0x4249, 0x4249, 0x4249, 0x4249, 0x4249, 0x4249, 0x4249, 0x4249, 0x4249, 0x424A, 0x4249, 0x4249,
  0x4249, 0x424A, 0x4249, 0x4249, 0x4249, 0x424A, 0x4249, 0x4249, 0x4249, 0x4249, 0x424A, 0x4249,
  0x424A, 0x4249, 0x4249, 0x4249, 0x4249, 0x4249, 0x4249, 0x4249, 0x4249, 0x4249, 0x424A, 0x4249,
  0x4249, 0x4249, 0x424A, 0x4249, 0x4249, 0x424A, 0x4249, 0x4249, 0x4249, 0x424A, 0x4249, 0x4249,
  0x4249, 0x4249, 0x4249, 0x4249, 0x424A, 0x4249, 0x4249, 0x4249, 0x4249, 0x424A, 0x4249, 0x424A,
  0x424A, 0x4249, 0x4249, 0x4249, 0x4249, 0x4249, 0x4249, 0x4249, 0x4249, 0x4249, 0x4249, 0x4249,
  0x4249, 0x4249, 0x4249, 0x4249, 0x4249, 0x4249, 0x4249, 0x4249, 0x424A, 0x4249, 0x4249, 0x424A,
  0x4249, 0x424A, 0x4249, 0x4249, 0x4249, 0x4249, 0x4249, 0x424A, 0x424A, 0x4249, 0x4249, 0x424A,
  0x4249, 0x4249, 0x4249, 0x4249, 0x4249, 0x4249, 0x4249, 0x424A, 0x4249, 0x424A, 0x4249, 0x4249,
  0x4249, 0x4249, 0x424A, 0x4249, 0x4249, 0x39C8, 0x3185, 0x4227, 0x4228, 0x4207, 0x2104, 0x2965,
  0x2944, 0x2945, 0x2944, 0x2924, 0x2944, 0x2944, 0x2944, 0x2944, 0x2944, 0x2944, 0x2944, 0x2944,
  0x2944, 0x2944, 0x2965, 0x3A08, 0x424A, 0x4249, 0x4249, 0x4249, 0x4229, 0x3A08, 0x31A6, 0x2945,
  0x2944, 0x2944, 0x2944, 0x2924, 0x2144, 0x2965, 0x3185, 0x31A6, 0x39C6, 0x41E7, 0x4208, 0x4A48,
  0x4A69, 0x5289, 0x52A9, 0x52A9, 0x52A9, 0x39C6, 0x3165, 0x3186, 0x2124, 0x2103, 0x18A3, 0x2124,
  0x2965, 0x18E3, 0x2124, 0x39C6, 0x2104, 0x2104, 0x2104, 0x1904, 0x1904, 0x18C3, 0x1082, 0x2124,
  0x4229, 0x4249, 0x4249, 0x4249, 0x4249, 0x4249, 0x4249, 0x4249, 0x4249, 0x4249, 0x4249, 0x4249,
  0x4249, 0x424A, 0x4249, 0x4249, 0x4249, 0x4249, 0x424A, 0x4249, 0x4249, 0x424A, 0x4249, 0x4249,
  0x424A, 0x4249, 0x4249, 0x424A, 0x424A, 0x4249, 0x4249, 0x424A, 0x4249, 0x4249, 0x4249, 0x4249,
  0x4249, 0x4249, 0x4249, 0x4249, 0x424A, 0x424A, 0x4249, 0x4249, 0x4249, 0x4249, 0x4249, 0x424A,
  0x4249, 0x4249, 0x4249, 0x4249, 0x4249, 0x424A, 0x4249, 0x4249, 0x4249, 0x4249, 0x424A, 0x4249,
  0x4249, 0x4249, 0x4249, 0x4249, 0x4249, 0x4249, 0x4249, 0x4249, 0x4249, 0x424A, 0x4249, 0x424A,
  0x4249, 0x4249, 0x4249, 0x4249, 0x4249, 0x4249, 0x4249, 0x4249, 0x4249, 0x4249, 0x4249, 0x4249,
  0x4249, 0x424A, 0x4249, 0x4249, 0x4249, 0x424A, 0x4249, 0x4249, 0x4249, 0x424A, 0x4249, 0x4249,
  0x4249, 0x4249, 0x424A, 0x4249, 0x424A, 0x4249, 0x4249, 0x4249, 0x4249, 0x4249, 0x4249, 0x4249,
  0x424A, 0x4249, 0x4249, 0x4249, 0x4249, 0x424A, 0x424A, 0x424A, 0x4249, 0x4249, 0x424A, 0x4249,
  0x4249, 0x424A, 0x4249, 0x4249, 0x4249, 0x424A, 0x4249, 0x4249, 0x424A, 0x4249, 0x424A, 0x4249,
  0x4249, 0x424A, 0x4249, 0x4249, 0x424A, 0x4249, 0x424A, 0x4249, 0x4249, 0x424A, 0x424A, 0x4249,
  0x4249, 0x424A, 0x4249, 0x424A, 0x4249, 0x4249, 0x4249, 0x424A, 0x4249, 0x4249, 0x4249, 0x4249,
  0x4249, 0x4249, 0x4249, 0x424A, 0x4249, 0x424A, 0x4249, 0x4249, 0x4249, 0x4249, 0x4249, 0x4249,
  0x4249, 0x424A, 0x4249, 0x4249, 0x4249, 0x4249, 0x4249, 0x4249, 0x4249, 0x424A, 0x4249, 0x4249,
  0x4249, 0x4249, 0x4249, 0x4249, 0x4249, 0x4249, 0x4249, 0x4249, 0x4249, 0x4249, 0x4249, 0x4249,
  0x424A, 0x4249, 0x4249, 0x4249, 0x424A, 0x4249, 0x4249, 0x4249, 0x4249, 0x424A, 0x4249, 0x424A,
  0x424A, 0x4249, 0x424A, 0x4249, 0x424A, 0x4249, 0x4249, 0x4249, 0x424A, 0x4249, 0x4249, 0x4249,
  0x4249, 0x4249, 0x424A, 0x4249, 0x4249, 0x424A, 0x4249, 0x4249, 0x4249, 0x4249, 0x4249, 0x424A,
  0x4249, 0x4249, 0x4249, 0x4249, 0x4249, 0x4249, 0x4249, 0x4249, 0x424A, 0x4249, 0x4249, 0x4249,
  0x424A, 0x4249, 0x4249, 0x4249, 0x4249, 0x4249, 0x424A, 0x4249, 0x4249, 0x424A, 0x4249, 0x4249,
  0x4229, 0x2966, 0x39E7, 0x3186, 0x3186, 0x31A6, 0x20E4, 0x2124, 0x2944, 0x2944, 0x2944, 0x2944,
  0x2924, 0x2944, 0x2944, 0x2945, 0x2944, 0x2924, 0x2944, 0x2945, 0x2925, 0x2944, 0x2104, 0x2145,
  0x39E8, 0x4249, 0x4249, 0x4249, 0x4249, 0x424A, 0x4229, 0x3A08, 0x31A6, 0x2965, 0x2944, 0x2924,
  0x2104, 0x2944, 0x2944, 0x2945, 0x3185, 0x31A6, 0x39C6, 0x41E7, 0x4207, 0x4A48, 0x4A68, 0x5289,
  0x4228, 0x2965, 0x3165, 0x2965, 0x18E3, 0x18A3, 0x10C2, 0x2945, 0x2144, 0x18A2, 0x39C6, 0x31A6,
  0x2104, 0x2124, 0x2104, 0x1904, 0x10A3, 0x1082, 0x1061, 0x2966, 0x4249, 0x424A, 0x4249, 0x4249,
  0x424A, 0x4249, 0x424A, 0x4249, 0x4249, 0x424A, 0x4249, 0x424A, 0x4249, 0x4249, 0x4249, 0x4249,
  0x424A, 0x4249, 0x4249, 0x424A, 0x4249, 0x4249, 0x4249, 0x4249, 0x4249, 0x4249, 0x424A, 0x4249,
  0x4249, 0x4249, 0x4249, 0x4249, 0x4249, 0x4249, 0x424A, 0x4249, 0x4249, 0x424A, 0x4249, 0x4249,
  0x4249, 0x4249, 0x4249, 0x4249, 0x424A, 0x4249, 0x4249, 0x4249, 0x4249, 0x424A, 0x424A, 0x424A,
  0x4249, 0x4249, 0x424A, 0x4249, 0x4249, 0x424A, 0x4249, 0x4249, 0x4249, 0x424A, 0x4249, 0x4249,
  0x424A, 0x4249, 0x424A, 0x4249, 0x4249, 0x424A, 0x4249, 0x4249, 0x424A, 0x4249, 0x424A, 0x4249,
  0x4249, 0x424A, 0x424A, 0x4249, 0x4249, 0x424A, 0x4249, 0x424A, 0x4249, 0x4249, 0x4249, 0x424A,
  0x4249, 0x4249, 0x4249, 0x4249, 0x4249, 0x4249, 0x4249, 0x424A, 0x4249, 0x424A, 0x4249, 0x4249,
  0x4249, 0x4249, 0x4249, 0x4249, 0x4249, 0x424A, 0x4249, 0x4249, 0x4249, 0x4249, 0x424A, 0x4249,
  0x4249, 0x4249, 0x4249, 0x4249, 0x4249, 0x4249, 0x4249, 0x4249, 0x4249, 0x424A, 0x4249, 0x4249,
  0x4249, 0x424A, 0x4249, 0x4249, 0x4249, 0x4249, 0x4249, 0x4249, 0x4249, 0x4249, 0x4249, 0x4249,
  0x4249, 0x4249, 0x4249, 0x424A, 0x4249, 0x4249, 0x4249, 0x424A, 0x4249, 0x4249, 0x4249, 0x4249,
  0x424A, 0x4249, 0x4249, 0x4249, 0x4249, 0x424A, 0x4249, 0x4249, 0x424A, 0x424A, 0x4249, 0x4249,
  0x4249, 0x4249, 0x4249, 0x4249, 0x4249, 0x424A, 0x424A, 0x4249, 0x4249, 0x4249, 0x424A, 0x4249,
  0x424A, 0x4249, 0x4249, 0x4249, 0x4249, 0x4249, 0x4249, 0x4249, 0x424A, 0x4249, 0x424A, 0x4249,
  0x424A, 0x4249, 0x4249, 0x4249, 0x424A, 0x424A, 0x4249, 0x4249, 0x4249, 0x4249, 0x4249, 0x4249,
  0x4249, 0x4249, 0x4249, 0x4249, 0x4249, 0x4249, 0x4249, 0x4249, 0x4249, 0x4249, 0x4249, 0x4249,
  0x4249, 0x4249, 0x4249, 0x4249, 0x424A, 0x4249, 0x424A, 0x4249, 0x4249, 0x4249, 0x424A, 0x4249,
  0x4249, 0x4249, 0x4249, 0x4249, 0x4249, 0x424A, 0x4249, 0x4249, 0x4249, 0x424A, 0x4249, 0x4249,
  0x424A, 0x4249, 0x4249, 0x4249, 0x4249, 0x4249, 0x424A, 0x4249, 0x424A, 0x4249, 0x424A, 0x4249,
  0x4249, 0x4249, 0x424A, 0x4249, 0x4249, 0x4249, 0x4249, 0x4249, 0x39E8, 0x2965, 0x4227, 0x4207,
  0x41E7, 0x2104, 0x2944, 0x2944, 0x2944, 0x2924, 0x2944, 0x2944, 0x2944, 0x2944, 0x2924, 0x2944,
  0x2944, 0x2944, 0x2944, 0x2944, 0x2944, 0x2945, 0x3165, 0x31A6, 0x3185, 0x2945, 0x39E8, 0x4249,
  0x4249, 0x4249, 0x4249, 0x4249, 0x4249, 0x3A08, 0x3186, 0x2124, 0x2103, 0x2104, 0x2104, 0x2144,
  0x2144, 0x2964, 0x3185, 0x31A6, 0x39C6, 0x39E7, 0x4227, 0x4227, 0x3185, 0x2945, 0x39C7, 0x2945,
  0x1903, 0x10A2, 0x2104, 0x2945, 0x20E3, 0x2104, 0x4208, 0x2124, 0x2144, 0x39E7, 0x3165, 0x18E4,
  0x18C3, 0x0861, 0x10C2, 0x39E8, 0x4249, 0x4249, 0x424A, 0x4249, 0x424A, 0x4249, 0x4249, 0x4249,
  0x4249, 0x4249, 0x4249, 0x424A, 0x4249, 0x4249, 0x4249, 0x424A, 0x4249, 0x4249, 0x4249, 0x424A,
  0x4249, 0x4249, 0x4249, 0x424A, 0x4249, 0x424A, 0x4249, 0x4249, 0x4249, 0x4249, 0x424A, 0x4249,
  0x4249, 0x4249, 0x424A, 0x4249, 0x424A, 0x4249, 0x4249, 0x4249, 0x4249, 0x4249, 0x4249, 0x424A,
  0x4249, 0x4249, 0x424A, 0x4249, 0x4249, 0x4249, 0x4249, 0x4249, 0x4249, 0x4249, 0x4249, 0x4249,
  0x4249, 0x424A, 0x4249, 0x4249, 0x4249, 0x424A, 0x4249, 0x4249, 0x4249, 0x4249, 0x4249, 0x4249,
  0x4249, 0x4249, 0x4249, 0x4249, 0x4249, 0x4249, 0x4249, 0x424A, 0x4249, 0x4249, 0x4249, 0x424A,
  0x4249, 0x4249, 0x4249, 0x4249, 0x424A, 0x4249, 0x4249, 0x4249, 0x4249, 0x424A, 0x4249, 0x4249,
  0x424A, 0x424A, 0x4249, 0x4249, 0x4249, 0x4249, 0x4249, 0x4249, 0x4249, 0x424A, 0x424A, 0x4249,
  0x4249, 0x4249, 0x424A, 0x4249, 0x4249, 0x4249, 0x4249, 0x4249, 0x4249, 0x4249, 0x4249, 0x4249,
  0x424A, 0x4249, 0x4249, 0x424A, 0x4249, 0x4249, 0x424A, 0x4249, 0x424A, 0x4249, 0x4249, 0x424A,
  0x4249, 0x4249, 0x4249, 0x424A, 0x4249, 0x424A, 0x424A, 0x4249, 0x4249, 0x4249, 0x4249, 0x424A,
  0x4249, 0x4249, 0x4249, 0x4249, 0x424A, 0x4249, 0x424A, 0x4249, 0x4249, 0x4249, 0x424A, 0x4249,
  0x4249, 0x4249, 0x424A, 0x4249, 0x4249, 0x4249, 0x4249, 0x4249, 0x4249, 0x4249, 0x4249, 0x424A,
  0x4249, 0x4249, 0x4249, 0x4249, 0x424A, 0x4249, 0x4249, 0x4249, 0x4249, 0x4249, 0x424A, 0x424A,
  0x4249, 0x4249, 0x4249, 0x4249, 0x4249, 0x4249, 0x4249, 0x4249, 0x4249, 0x4249, 0x424A, 0x4249,
  0x4249, 0x4249, 0x4249, 0x4249, 0x424A, 0x4249, 0x4249, 0x424A, 0x4249, 0x4249, 0x4249, 0x4249,
  0x424A, 0x4249, 0x4249, 0x424A, 0x4249, 0x4249, 0x424A, 0x4249, 0x424A, 0x4249, 0x424A, 0x4249,
  0x4249, 0x4249, 0x4249, 0x424A, 0x4249, 0x4249, 0x424A, 0x4249, 0x4249, 0x424A, 0x4249, 0x424A,
  0x4249, 0x4249, 0x4249, 0x424A, 0x4249, 0x4249, 0x4249, 0x4249, 0x424A, 0x4249, 0x4249, 0x424A,
  0x4249, 0x4249, 0x4249, 0x4249, 0x4249, 0x4249, 0x4249, 0x4249, 0x424A, 0x4249, 0x4249, 0x4249,
  0x4249, 0x424A, 0x4249, 0x4229, 0x2966, 0x41E7, 0x4228, 0x4A27, 0x31A6, 0x18E3, 0x2103, 0x2944,
  0x2924, 0x2944, 0x2944, 0x39E7, 0x4207, 0x2965, 0x2944, 0x2944, 0x2924, 0x2944, 0x2944, 0x2944,
  0x2924, 0x2965, 0x39C6, 0x4A48, 0x4A28, 0x3185, 0x20E4, 0x2145, 0x31E8, 0x4229, 0x4249, 0x4249,
  0x4249, 0x4249, 0x3A29, 0x2124, 0x1903, 0x18E3, 0x1903, 0x2103, 0x2104, 0x2124, 0x2944, 0x2945,
  0x3185, 0x31A6, 0x39C6, 0x31A6, 0x2144, 0x2944, 0x4228, 0x4208, 0x3186, 0x2103, 0x2945, 0x2124,
  0x18C2, 0x39C6, 0x39A6, 0x1904, 0x39E6, 0x52A9, 0x5289, 0x4228, 0x2985, 0x18E3, 0x2145, 0x4229,
  0x424A, 0x4249, 0x4249, 0x4249, 0x4249, 0x4249, 0x4249, 0x4249, 0x424A, 0x4249, 0x4249, 0x4249,
  0x4249, 0x424A, 0x4249, 0x4249, 0x4249, 0x424A, 0x4249, 0x4249, 0x4249, 0x4249, 0x424A, 0x4249,
  0x4249, 0x4249, 0x4249, 0x4249, 0x424A, 0x4249, 0x4249, 0x424A, 0x4249, 0x424A, 0x4249, 0x4249,
  0x4249, 0x4249, 0x424A, 0x424A, 0x4249, 0x4249, 0x4249, 0x4249, 0x4249, 0x4249, 0x4249, 0x4249,
  0x4249, 0x4249, 0x4249, 0x4249, 0x424A, 0x4249, 0x4249, 0x424A, 0x4249, 0x4249, 0x424A, 0x4249,
  0x424A, 0x4249, 0x4249, 0x424A, 0x4249, 0x4249, 0x4249, 0x424A, 0x4249, 0x424A, 0x424A, 0x4249,
  0x4249, 0x4249, 0x4249, 0x424A, 0x4249, 0x4249, 0x4249, 0x4249, 0x424A, 0x4249, 0x424A, 0x4249,
  0x4249, 0x4249, 0x424A, 0x4249, 0x4249, 0x4249, 0x424A, 0x4249, 0x4249, 0x4249, 0x4249, 0x4249,
  0x4249, 0x4249, 0x4249, 0x424A, 0x4249, 0x4249, 0x4249, 0x4249, 0x424A, 0x4249, 0x4249, 0x4249,
  0x4249, 0x4249, 0x424A, 0x424A, 0x4249, 0x4249, 0x424A, 0x4249, 0x424A, 0x4249, 0x4249, 0x4249,
  0x4249, 0x4249, 0x4249, 0x4249, 0x4249, 0x4249, 0x4249, 0x424A, 0x4249, 0x4249, 0x4249, 0x4249,
  0x4249, 0x4249, 0x4249, 0x4249, 0x4249, 0x4249, 0x4249, 0x4249, 0x4249, 0x4249, 0x4249, 0x4249,
  0x4249, 0x4249, 0x4249, 0x4249, 0x424A, 0x4249, 0x4249, 0x424A, 0x4249, 0x4249, 0x4249, 0x4249,
  0x4249, 0x4249, 0x424A, 0x4249, 0x424A, 0x4249, 0x424A, 0x4249, 0x424A, 0x4249, 0x4249, 0x4249,
  0x4249, 0x424A, 0x4249, 0x4249, 0x424A, 0x4249, 0x4249, 0x424A, 0x4249, 0x4249, 0x4249, 0x424A,
  0x4249, 0x4249, 0x424A, 0x424A, 0x4249, 0x4249, 0x424A, 0x4249, 0x4249, 0x4249, 0x424A, 0x4249,
  0x4249, 0x424A, 0x4249, 0x424A, 0x4249, 0x424A, 0x4249, 0x4249, 0x424A, 0x4249, 0x4249, 0x4249,
  0x4249, 0x4249, 0x4249, 0x4249, 0x4249, 0x4249, 0x4249, 0x424A, 0x4249, 0x4249, 0x4249, 0x4249,
  0x424A, 0x4249, 0x4249, 0x4249, 0x4249, 0x4249, 0x424A, 0x4249, 0x4249, 0x424A, 0x4249, 0x4249,
  0x4249, 0x424A, 0x4249, 0x4249, 0x4249, 0x424A, 0x4249, 0x4249, 0x424A, 0x424A, 0x4249, 0x4249,
  0x4249, 0x4249, 0x4249, 0x4249, 0x4249, 0x4249, 0x4249, 0x424A, 0x4249, 0x4249, 0x4249, 0x39E8,
  0x2985, 0x4228, 0x4228, 0x4207, 0x2944, 0x18C3, 0x1903, 0x18E3, 0x2944, 0x2944, 0x2965, 0x52AB,
  0x52AB, 0x39C7, 0x2944, 0x2944, 0x2944, 0x2944, 0x2945, 0x3185, 0x2124, 0x2944, 0x39E6, 0x4A48,
  0x4207, 0x3165, 0x2124, 0x18E3, 0x18C3, 0x2125, 0x31C8, 0x4229, 0x4249, 0x4249, 0x39C8, 0x18E3,
  0x18C3, 0x18C2, 0x18E3, 0x18C3, 0x18E3, 0x20E3, 0x2103, 0x2124, 0x2944, 0x2965, 0x3165, 0x2124,
  0x2104, 0x2964, 0x41E7, 0x4228, 0x4228, 0x4228, 0x4A49, 0x31C6, 0x2103, 0x4227, 0x2124, 0x2924,
  0x4A68, 0x52A9, 0x52A9, 0x52A9, 0x5289, 0x4A28, 0x3185, 0x2966, 0x39E8, 0x4229, 0x4249, 0x4249,
  0x4249, 0x4249, 0x424A, 0x4249, 0x4249, 0x4249, 0x4249, 0x4249, 0x4249, 0x4249, 0x4249, 0x4249,
  0x4249, 0x4249, 0x4249, 0x424A, 0x4249, 0x424A, 0x4249, 0x424A, 0x4249, 0x4249, 0x4249, 0x424A,
  0x4249, 0x4249, 0x4249, 0x4249, 0x4249, 0x4249, 0x4249, 0x4249, 0x4249, 0x4249, 0x4249, 0x4249,
  0x4249, 0x4249, 0x4249, 0x424A, 0x4249, 0x4249, 0x424A, 0x424A, 0x4249, 0x4249, 0x424A, 0x4249,
  0x424A, 0x4249, 0x4249, 0x4249, 0x4249, 0x4249, 0x4249, 0x4249, 0x4249, 0x4249, 0x4249, 0x424A,
  0x4249, 0x4249, 0x4249, 0x4249, 0x4249, 0x4249, 0x4249, 0x4249, 0x4249, 0x4249, 0x4249, 0x4249,
  0x4249, 0x4249, 0x4249, 0x4249, 0x4249, 0x4249, 0x4249, 0x4249, 0x424A, 0x4249, 0x4249, 0x424A,
  0x4249, 0x4249, 0x4249, 0x4249, 0x4249, 0x4249, 0x424A, 0x4249, 0x424A, 0x4249, 0x424A, 0x4249,
  0x424A, 0x4249, 0x4249, 0x4249, 0x4249, 0x424A, 0x4249, 0x4249, 0x4249, 0x4249, 0x4249, 0x4249,
  0x4249, 0x4249, 0x4249, 0x4249, 0x4249, 0x4249, 0x4249, 0x424A, 0x4249, 0x4249, 0x4249, 0x4249,
  0x4249, 0x4249, 0x4249, 0x4249, 0x4249, 0x424A, 0x4249, 0x4249, 0x4249, 0x424A, 0x424A, 0x4249,
  0x424A, 0x424A, 0x424A, 0x4249, 0x4249, 0x4249, 0x424A, 0x424A, 0x4249, 0x424A, 0x4249, 0x4249,
  0x4249, 0x4249, 0x4249, 0x4249, 0x4249, 0x424A, 0x4249, 0x4249, 0x4249, 0x4249, 0x4249, 0x4249,
  0x4249, 0x4249, 0x4249, 0x4249, 0x4249, 0x4249, 0x424A, 0x4249, 0x4249, 0x4249, 0x424A, 0x4249,
  0x4249, 0x4249, 0x4249, 0x4249, 0x4249, 0x4249, 0x424A, 0x4249, 0x4249, 0x4249, 0x4249, 0x4249,
  0x4249, 0x4249, 0x4249, 0x4249, 0x424A, 0x4249, 0x4249, 0x4249, 0x4249, 0x4249, 0x4249, 0x4249,
  0x4249, 0x4249, 0x4249, 0x4249, 0x4249, 0x4249, 0x4249, 0x424A, 0x424A, 0x4249, 0x4249, 0x424A,
  0x4249, 0x4249, 0x4249, 0x4249, 0x4249, 0x4249, 0x424A, 0x4249, 0x4249, 0x4249, 0x4249, 0x424A,
  0x4249, 0x4249, 0x4249, 0x4249, 0x4249, 0x4249, 0x4249, 0x4249, 0x4249, 0x4249, 0x4249, 0x4249,
  0x4249, 0x4249, 0x4249, 0x4249, 0x4249, 0x4249, 0x4249, 0x4249, 0x424A, 0x424A, 0x424A, 0x4249,
  0x424A, 0x4249, 0x4249, 0x4249, 0x4249, 0x4249, 0x4229, 0x2966, 0x39E7, 0x4228, 0x4228, 0x4207,
  0x41E6, 0x2964, 0x18E3, 0x18E3, 0x2103, 0x2124, 0x2945, 0x4A29, 0x528A, 0x2965, 0x2924, 0x2944,
  0x2944, 0x2944, 0x2944, 0x39C6, 0x2965, 0x2124, 0x3165, 0x3186, 0x3186, 0x2945, 0x1903, 0x18E3,
  0x18C3, 0x2104, 0x2965, 0x2966, 0x31C8, 0x39E8, 0x2125, 0x10C2, 0x10A2, 0x18A3, 0x10C2, 0x18C3,
  0x18C3, 0x20E3, 0x20E3, 0x2103, 0x2124, 0x2124, 0x2124, 0x1903, 0x2103, 0x2944, 0x31A5, 0x39C6,
  0x3A07, 0x4227, 0x4A69, 0x5AAA, 0x5ACA, 0x4228, 0x1904, 0x2124, 0x39E7, 0x4A69, 0x52A9, 0x52A9,
  0x52A9, 0x52A9, 0x5289, 0x4A48, 0x31A6, 0x2966, 0x39E8, 0x4229, 0x4249, 0x4249, 0x424A, 0x4249,
  0x424A, 0x4249, 0x4249, 0x424A, 0x424A, 0x4249, 0x4249, 0x424A, 0x4249, 0x424A, 0x4249, 0x4249,
  0x4249, 0x4249, 0x4249, 0x4249, 0x4249, 0x4249, 0x4249, 0x4249, 0x4249, 0x4249, 0x424A, 0x4249,
  0x4249, 0x4249, 0x4249, 0x424A, 0x424A, 0x4249, 0x4249, 0x4249, 0x424A, 0x424A, 0x4249, 0x424A,
  0x4249, 0x4249, 0x4249, 0x4249, 0x4249, 0x4249, 0x4249, 0x4249, 0x4249, 0x4249, 0x4249, 0x424A,
  0x4249, 0x4249, 0x4249, 0x4249, 0x4249, 0x4249, 0x4249, 0x4249, 0x4249, 0x424A, 0x4249, 0x4249,
  0x4249, 0x424A, 0x424A, 0x4249, 0x424A, 0x424A, 0x424A, 0x4249, 0x4249, 0x4249, 0x424A, 0x424A,
  0x4249, 0x424A, 0x4249, 0x4249, 0x4249, 0x4249, 0x4249, 0x4249, 0x4249, 0x424A, 0x4249, 0x4249,
  0x4249, 0x4249, 0x4249, 0x4249, 0x4249, 0x4249, 0x4249, 0x4249, 0x4249, 0x4249, 0x424A, 0x4249,
  0x4249, 0x4249, 0x424A, 0x4249, 0x424A, 0x4249, 0x4249, 0x4249, 0x424A, 0x4249, 0x424A, 0x4249,
  0x4249, 0x4249, 0x424A, 0x4249, 0x424A, 0x4249, 0x424A, 0x424A, 0x4249, 0x424A, 0x4249, 0x4249,
  0x424A, 0x4249, 0x4249, 0x424A, 0x4249, 0x4249, 0x4249, 0x4249, 0x4249, 0x4249, 0x4249, 0x4249,
  0x4249, 0x424A, 0x4249, 0x4249, 0x4249, 0x4249, 0x424A, 0x4249, 0x4249, 0x424A, 0x4249, 0x4249,
  0x4249, 0x424A, 0x4249, 0x4249, 0x424A, 0x424A, 0x4249, 0x4249, 0x4249, 0x4249, 0x4249, 0x4249,
  0x424A, 0x4249, 0x4249, 0x424A, 0x4249, 0x4249, 0x4249, 0x4249, 0x4249, 0x4249, 0x4249, 0x4249,
  0x4249, 0x424A, 0x4249, 0x4249, 0x424A, 0x4249, 0x424A, 0x4249, 0x4249, 0x4249, 0x4249, 0x4249,
  0x4249, 0x424A, 0x4249, 0x4249, 0x4249, 0x424A, 0x4249, 0x4249, 0x4249, 0x424A, 0x4249, 0x424A,
  0x4249, 0x424A, 0x4249, 0x4249, 0x4249, 0x4249, 0x4249, 0x4249, 0x4249, 0x424A, 0x424A, 0x424A,
  0x4249, 0x4249, 0x424A, 0x4249, 0x4249, 0x4249, 0x4249, 0x424A, 0x4249, 0x424A, 0x4249, 0x4249,
  0x4249, 0x424A, 0x4249, 0x4249, 0x4249, 0x4249, 0x424A, 0x4249, 0x424A, 0x4249, 0x4249, 0x4249,
  0x4249, 0x424A, 0x4249, 0x4249, 0x4249, 0x4249, 0x4249, 0x4249, 0x4249, 0x4249, 0x424A, 0x424A,
  0x4249, 0x4249, 0x31A7, 0x2945, 0x4227, 0x4228, 0x4A27, 0x4A27, 0x4A27, 0x4A07, 0x3185, 0x2103,
  0x39A6, 0x4A07, 0x2944, 0x2944, 0x2944, 0x2944, 0x2944, 0x2944, 0x2945, 0x2944, 0x18C3, 0x2944,
  0x2945, 0x2124, 0x2965, 0x3185, 0x3185, 0x2965, 0x20E3, 0x18C2, 0x18E2, 0x31A5, 0x4227, 0x39E7,
  0x3185, 0x1903, 0x1882, 0x18A2, 0x10A2, 0x10A2, 0x10A2, 0x18C2, 0x18C2, 0x18C2, 0x18E3, 0x18C3,
  0x1903, 0x20E3, 0x18E3, 0x18C3, 0x18C2, 0x2104, 0x2944, 0x2965, 0x31A5, 0x39C6, 0x41E7, 0x4228,
  0x4A68, 0x4228, 0x2986, 0x20E4, 0x0881, 0x2103, 0x39C6, 0x5269, 0x52A9, 0x52A9, 0x52A9, 0x52A9,
  0x52A9, 0x4A48, 0x31A6, 0x2966, 0x39C8, 0x4229, 0x4249, 0x4249, 0x4249, 0x4249, 0x4249, 0x424A,
  0x4249, 0x4249, 0x4249, 0x4249, 0x4249, 0x4249, 0x4249, 0x4249, 0x4249, 0x4249, 0x4249, 0x424A,
  0x4249, 0x4249, 0x424A, 0x424A, 0x4249, 0x4249, 0x4249, 0x424A, 0x4249, 0x4249, 0x4249, 0x4249,
  0x4249, 0x4249, 0x4249, 0x4249, 0x424A, 0x4249, 0x4249, 0x4249, 0x424A, 0x4249, 0x4249, 0x4249,
  0x424A, 0x4249, 0x424A, 0x4249, 0x4249, 0x4249, 0x424A, 0x4249, 0x424A, 0x4249, 0x424A, 0x424A,
  0x4249, 0x424A, 0x4249, 0x4249, 0x424A, 0x4249, 0x4249, 0x424A, 0x4249, 0x4249, 0x4249, 0x4249,
  0x4249, 0x4249, 0x4249, 0x4249, 0x4249, 0x424A, 0x4249, 0x4249, 0x4249, 0x4249, 0x424A, 0x4249,
  0x4249, 0x424A, 0x4249, 0x4249, 0x4249, 0x424A, 0x4249, 0x4249, 0x424A, 0x424A, 0x4249, 0x4249,
  0x4249, 0x4249, 0x4249, 0x4249, 0x424A, 0x4249, 0x4249, 0x424A, 0x4249, 0x4249, 0x4249, 0x4249,
  0x4249, 0x424A, 0x4249, 0x4249, 0x4249, 0x4249, 0x4249, 0x4249, 0x424A, 0x4249, 0x4249, 0x4249,
  0x4249, 0x424A, 0x4249, 0x4249, 0x4249, 0x424A, 0x4249, 0x4249, 0x4249, 0x4249, 0x4249, 0x4249,
  0x4249, 0x4249, 0x4249, 0x424A, 0x4249, 0x4249, 0x424A, 0x4249, 0x4249, 0x424A, 0x4249, 0x4249,
  0x4249, 0x4249, 0x4249, 0x424A, 0x4249, 0x424A, 0x4249, 0x4249, 0x4249, 0x424A, 0x4249, 0x4249,
  0x4249, 0x4249, 0x4249, 0x424A, 0x424A, 0x424A, 0x4249, 0x424A, 0x4249, 0x4249, 0x4249, 0x4249,
  0x424A, 0x4249, 0x424A, 0x4249, 0x424A, 0x4249, 0x424A, 0x4249, 0x4249, 0x4249, 0x4249, 0x4249,
  0x4249, 0x4249, 0x4249, 0x4249, 0x424A, 0x4249, 0x424A, 0x4249, 0x424A, 0x4249, 0x4249, 0x4249,
  0x4249, 0x4249, 0x424A, 0x4249, 0x4249, 0x4249, 0x4249, 0x424A, 0x4249, 0x4249, 0x424A, 0x4249,
  0x4249, 0x4249, 0x4249, 0x424A, 0x4249, 0x4249, 0x4249, 0x4249, 0x4249, 0x4249, 0x4249, 0x4249,
  0x4249, 0x424A, 0x4249, 0x4249, 0x4249, 0x4249, 0x4249, 0x424A, 0x4249, 0x4249, 0x4249, 0x424A,
  0x424A, 0x4249, 0x4249, 0x4249, 0x4249, 0x4249, 0x424A, 0x4249, 0x4249, 0x4249, 0x424A, 0x4249,
  0x4249, 0x4249, 0x4249, 0x4249, 0x424A, 0x4249, 0x4249, 0x4249, 0x4249, 0x31C7, 0x2965, 0x2924,
  0x4207, 0x4A27, 0x4A27, 0x4A47, 0x4A27, 0x4A47, 0x4A27, 0x41E6, 0x62A9, 0x7A68, 0x6225, 0x2124,
  0x2944, 0x2944, 0x2945, 0x2924, 0x2944, 0x2124, 0x2104, 0x18C3, 0x10A3, 0x2124, 0x3165, 0x3185,
  0x39E7, 0x31A6, 0x18E4, 0x18A3, 0x2965, 0x4207, 0x4228, 0x4A28, 0x4207, 0x2104, 0x1082, 0x10A2,
  0x1082, 0x10C2, 0x18A2, 0x10A2, 0x10A2, 0x10A2, 0x18C3, 0x18C3, 0x18C3, 0x18C2, 0x18A3, 0x10C3,
  0x18C3, 0x2103, 0x2104, 0x2124, 0x2145, 0x2965, 0x3185, 0x39C6, 0x39E7, 0x2964, 0x2103, 0x2104,
  0x2144, 0x18E3, 0x1081, 0x2103, 0x39C6, 0x4A69, 0x52A9, 0x52A9, 0x52AA, 0x52A9, 0x52A9, 0x4A48,
  0x31A6, 0x2966, 0x31C8, 0x4229, 0x4249, 0x4249, 0x4249, 0x4249, 0x4249, 0x4249, 0x4249, 0x4249,
  0x424A, 0x424A, 0x4249, 0x4249, 0x4249, 0x424A, 0x4249, 0x4249, 0x4249, 0x4249, 0x4249, 0x4249,
  0x4249, 0x424A, 0x4249, 0x4249, 0x4249, 0x424A, 0x424A, 0x4249, 0x4249, 0x4249, 0x4249, 0x4249,
  0x4249, 0x4249, 0x4249, 0x4249, 0x4249, 0x424A, 0x4249, 0x4249, 0x4249, 0x4249, 0x4249, 0x4249,
  0x424A, 0x4249, 0x4249, 0x4249, 0x4249, 0x424A, 0x4249, 0x4249, 0x4249, 0x424A, 0x4249, 0x4249,
  0x4249, 0x4249, 0x4249, 0x4249, 0x4249, 0x4249, 0x4249, 0x424A, 0x4249, 0x4249, 0x424A, 0x4249,
  0x4249, 0x424A, 0x4249, 0x4249, 0x4249, 0x4249, 0x4249, 0x424A, 0x4249, 0x424A, 0x4249, 0x4249,
  0x4249, 0x424A, 0x4249, 0x4249, 0x4249, 0x4249, 0x4249, 0x424A, 0x424A, 0x424A, 0x4249, 0x424A,
  0x4249, 0x4249, 0x4249, 0x4249, 0x424A, 0x4249, 0x424A, 0x4249, 0x4249, 0x424A, 0x4249, 0x424A,
  0x4249, 0x4249, 0x4249, 0x4249, 0x4249, 0x4249, 0x4249, 0x4249, 0x4249, 0x4249, 0x4249, 0x4249,
  0x4249, 0x4249, 0x424A, 0x4249, 0x4249, 0x424A, 0x4249, 0x424A, 0x4249, 0x4249, 0x4249, 0x4249,
  0x4249, 0x4249, 0x4249, 0x4249, 0x4249, 0x4249, 0x4249, 0x424A, 0x4249, 0x4249, 0x424A, 0x4249,
  0x4249, 0x4249, 0x424A, 0x4249, 0x4249, 0x4249, 0x4249, 0x4249, 0x424A, 0x4249, 0x4249, 0x4249,
  0x4249, 0x4249, 0x4249, 0x4249, 0x4249, 0x4249, 0x4249, 0x4249, 0x4249, 0x4249, 0x4249, 0x4249,
  0x424A, 0x4249, 0x4249, 0x4249, 0x4249, 0x424A, 0x4249, 0x424A, 0x4249, 0x4249, 0x4249, 0x4249,
  0x4249, 0x4249, 0x4249, 0x4249, 0x4249, 0x4249, 0x4249, 0x424A, 0x4249, 0x424A, 0x4249, 0x424A,
  0x4249, 0x4249, 0x4249, 0x4249, 0x4249, 0x4249, 0x4249, 0x424A, 0x4249, 0x4249, 0x424A, 0x4249,
  0x4249, 0x4249, 0x4249, 0x4249, 0x4249, 0x424A, 0x4249, 0x4249, 0x424A, 0x4249, 0x4249, 0x4249,
  0x4249, 0x4249, 0x4249, 0x424A, 0x4249, 0x4249, 0x424A, 0x4249, 0x4249, 0x4249, 0x4249, 0x424A,
  0x4249, 0x4249, 0x4249, 0x424A, 0x4249, 0x4249, 0x4249, 0x424A, 0x424A, 0x4249, 0x424A, 0x4249,
  0x424A, 0x4249, 0x4249, 0x4249, 0x39E8, 0x3186, 0x5269, 0x31A6, 0x39C6, 0x4227, 0x4A47, 0x4A27,
  0x4A27, 0x4A47, 0x4A47, 0x62C9, 0x7AA8, 0x82C6, 0x5204, 0x2103, 0x2104, 0x2944, 0x2944, 0x2944,
  0x2965, 0x2944, 0x2124, 0x2104, 0x2104, 0x2965, 0x3165, 0x41E7, 0x4227, 0x3186, 0x18C3, 0x18E4,
  0x39E6, 0x4228, 0x4228, 0x4228, 0x39C6, 0x18C2, 0x10A2, 0x10A2, 0x1081, 0x10A1, 0x1082, 0x1082,
  0x1882, 0x18A2, 0x18A2, 0x10C2, 0x18C2, 0x10C2, 0x10C2, 0x10A2, 0x18A3, 0x18E2, 0x18E3, 0x18E3,
  0x2103, 0x2104, 0x2944, 0x2965, 0x3185, 0x2104, 0x18C3, 0x18A2, 0x10E3, 0x2945, 0x2166, 0x18E4,
  0x1082, 0x1903, 0x39C6, 0x4A69, 0x52A9, 0x52A9, 0x52A9, 0x52A9, 0x5289, 0x4A48, 0x31C6, 0x2965,
  0x31C7, 0x4229, 0x4249, 0x4249, 0x424A, 0x424A, 0x4249, 0x4249, 0x4249, 0x4249, 0x4249, 0x4249,
  0x424A, 0x424A, 0x4249, 0x4249, 0x424A, 0x4249, 0x4249, 0x4249, 0x4249, 0x4249, 0x4249, 0x4249,
  0x4249, 0x424A, 0x4249, 0x4249, 0x4249, 0x424A, 0x4249, 0x424A, 0x4249, 0x4249, 0x4249, 0x4249,
  0x4249, 0x424A, 0x4249, 0x424A, 0x4249, 0x4249, 0x4249, 0x4249, 0x4249, 0x4249, 0x4249, 0x4249,
  0x4249, 0x4249, 0x4249, 0x4249, 0x4249, 0x4249, 0x424A, 0x4249, 0x4249, 0x424A, 0x4249, 0x424A,
  0x4249, 0x4249, 0x4249, 0x4249, 0x4249, 0x4249, 0x4249, 0x4249, 0x4249, 0x4249, 0x4249, 0x424A,
  0x4249, 0x4249, 0x424A, 0x4249, 0x4249, 0x4249, 0x424A, 0x4249, 0x4249, 0x4249, 0x4249, 0x4249,
  0x424A, 0x4249, 0x4249, 0x4249, 0x4249, 0x4249, 0x4249, 0x4249, 0x4249, 0x4249, 0x4249, 0x4249,
  0x4249, 0x4249, 0x4249, 0x4249, 0x4249, 0x4249, 0x4249, 0x4249, 0x4249, 0x4249, 0x424A, 0x424A,
  0x4249, 0x424A, 0x4249, 0x424A, 0x4249, 0x4249, 0x424A, 0x4249, 0x4249, 0x4249, 0x4249, 0x4249,
  0x4249, 0x4249, 0x4249, 0x4249, 0x424A, 0x4249, 0x424A, 0x4249, 0x4249, 0x4249, 0x424A, 0x4249,
  0x4249, 0x4249, 0x4249, 0x4249, 0x424A, 0x4249, 0x4249, 0x4249, 0x4249, 0x4249, 0x424A, 0x4249,
  0x4249, 0x424A, 0x4249, 0x4249, 0x4249, 0x4249, 0x4249, 0x424A, 0x4249, 0x4249, 0x4249, 0x4249,
  0x424A, 0x4249, 0x424A, 0x424A, 0x4249, 0x4249, 0x4249, 0x4249, 0x4249, 0x4249, 0x424A, 0x4249,
  0x424A, 0x4249, 0x4249, 0x4249, 0x424A, 0x424A, 0x4249, 0x424A, 0x4249, 0x4249, 0x4249, 0x424A,
  0x4249, 0x4249, 0x4249, 0x4249, 0x4249, 0x4249, 0x4249, 0x4249, 0x4249, 0x424A, 0x4249, 0x424A,
  0x4249, 0x4249, 0x4249, 0x4249, 0x424A, 0x4249, 0x4249, 0x4249, 0x4249, 0x424A, 0x4249, 0x4249,
  0x4249, 0x424A, 0x4249, 0x4249, 0x424A, 0x4249, 0x4249, 0x424A, 0x424A, 0x4249, 0x424A, 0x4249,
  0x4249, 0x4249, 0x4249, 0x4249, 0x4249, 0x424A, 0x4249, 0x4249, 0x4249, 0x4249, 0x4249, 0x4249,
  0x424A, 0x4249, 0x4249, 0x4249, 0x4249, 0x4249, 0x4249, 0x4249, 0x4249, 0x424A, 0x4249, 0x3A08,
  0x2966, 0x4A69, 0x5AAA, 0x4228, 0x2965, 0x4207, 0x4227, 0x4A27, 0x4A27, 0x4A27, 0x4A27, 0x6A68,
  0x82C6, 0x6A85, 0x2944, 0x18C3, 0x18E3, 0x20E3, 0x2924, 0x2924, 0x2104, 0x2144, 0x3165, 0x2945,
  0x3165, 0x2965, 0x3185, 0x2965, 0x18E4, 0x18E4, 0x10E4, 0x2965, 0x4227, 0x4A28, 0x4227, 0x4227,
  0x2124, 0x10A2, 0x08A2, 0x1061, 0x1081, 0x10A2, 0x0882, 0x1082, 0x10A2, 0x10A2, 0x10A2, 0x1082,
  0x1082, 0x1082, 0x10A2, 0x10A3, 0x18A2, 0x10A2, 0x18C3, 0x18C3, 0x18E3, 0x1903, 0x2104, 0x2104,
  0x2144, 0x20E3, 0x10C3, 0x1082, 0x1081, 0x1082, 0x10E3, 0x3186, 0x31A7, 0x18E4, 0x08A2, 0x1903,
  0x39C6, 0x4A68, 0x52A9, 0x52A9, 0x52A9, 0x52A9, 0x52A9, 0x4A68, 0x39A6, 0x2946, 0x31C7, 0x4229,
  0x4249, 0x4249, 0x4249, 0x4249, 0x4249, 0x424A, 0x4249, 0x4249, 0x4249, 0x4249, 0x4249, 0x4249,
  0x4249, 0x424A, 0x4249, 0x424A, 0x4249, 0x4249, 0x4249, 0x424A, 0x4249, 0x4249, 0x4249, 0x424A,
  0x4249, 0x4249, 0x4249, 0x4249, 0x424A, 0x4249, 0x4249, 0x424A, 0x4249, 0x4249, 0x4249, 0x4249,
  0x4249, 0x4249, 0x424A, 0x424A, 0x4249, 0x424A, 0x4249, 0x424A, 0x4249, 0x4249, 0x424A, 0x4249,
  0x4249, 0x4249, 0x4249, 0x4249, 0x4249, 0x4249, 0x4249, 0x4249, 0x424A, 0x4249, 0x424A, 0x4249,
  0x4249, 0x4249, 0x424A, 0x4249, 0x4249, 0x4249, 0x4249, 0x4249, 0x424A, 0x4249, 0x4249, 0x4249,
  0x4249, 0x4249, 0x424A, 0x4249, 0x4249, 0x424A, 0x4249, 0x4249, 0x4249, 0x4249, 0x4249, 0x424A,
  0x4249, 0x4249, 0x4249, 0x4249, 0x424A, 0x4249, 0x424A, 0x424A, 0x4249, 0x4249, 0x4249, 0x4249,
  0x424A, 0x4249, 0x4249, 0x4249, 0x424A, 0x4249, 0x4249, 0x4249, 0x4249, 0x4249, 0x4249, 0x424A,
  0x4249, 0x4249, 0x4249, 0x424A, 0x424A, 0x4249, 0x4249, 0x4249, 0x424A, 0x4249, 0x4249, 0x424A,
  0x4249, 0x4249, 0x4249, 0x4249, 0x424A, 0x4249, 0x424A, 0x4249, 0x424A, 0x4249, 0x4249, 0x4249,
  0x4249, 0x4249, 0x4249, 0x4249, 0x4249, 0x4249, 0x4249, 0x4249, 0x4249, 0x4249, 0x424A, 0x4249,
  0x4249, 0x4249, 0x424A, 0x4249, 0x4249, 0x4249, 0x424A, 0x424A, 0x4249, 0x4249, 0x4249, 0x4249,
  0x424A, 0x4249, 0x424A, 0x4249, 0x4249, 0x4249, 0x424A, 0x4249, 0x4249, 0x4249, 0x4249, 0x4249,
  0x4249, 0x4249, 0x4249, 0x4249, 0x424A, 0x424A, 0x4249, 0x4249, 0x424A, 0x4249, 0x4249, 0x4249,
  0x424A, 0x4249, 0x424A, 0x4249, 0x4249, 0x424A, 0x4249, 0x4249, 0x424A, 0x4249, 0x424A, 0x4249,
  0x4249, 0x4249, 0x4249, 0x4249, 0x424A, 0x424A, 0x4249, 0x424A, 0x4249, 0x4249, 0x4249, 0x4249,
  0x4249, 0x4249, 0x4249, 0x4249, 0x4249, 0x4249, 0x4249, 0x4249, 0x4249, 0x424A, 0x4249, 0x4249,
  0x4249, 0x4249, 0x4249, 0x4249, 0x4249, 0x424A, 0x4249, 0x4249, 0x4249, 0x4249, 0x4249, 0x4249,
  0x4249, 0x424A, 0x4249, 0x4249, 0x4249, 0x4249, 0x3A09, 0x2966, 0x4A48, 0x52A9, 0x52A9, 0x5289,
  0x3185, 0x2104, 0x3186, 0x4207, 0x4A27, 0x4A27, 0x4207, 0x4A27, 0x6286, 0x5247, 0x4206, 0x2944,
  0x18E3, 0x1903, 0x20E4, 0x2124, 0x2124, 0x2104, 0x2925, 0x2965, 0x3185, 0x39C6, 0x2985, 0x18A3,
  0x18A3, 0x18E4, 0x1904, 0x39E6, 0x4228, 0x4228, 0x4227, 0x39E6, 0x18A2, 0x1081, 0x0861, 0x1062,
  0x10A2, 0x1062, 0x10A2, 0x1061, 0x08A2, 0x10A2, 0x10C2, 0x10A2, 0x10A2, 0x18C3, 0x31C7, 0x2965,
  0x18E3, 0x10A2, 0x10A2, 0x18A2, 0x18C2, 0x18C2, 0x18E3, 0x18E3, 0x2104, 0x18C3, 0x18C2, 0x1082,
  0x08A2, 0x0861, 0x1082, 0x39E8, 0x4249, 0x4229, 0x31C7, 0x1904, 0x0881, 0x18E3, 0x31C6, 0x4A68,
  0x52A9, 0x52A9, 0x52A9, 0x52AA, 0x52A9, 0x4A68, 0x39C6, 0x2145, 0x31C7, 0x3A09, 0x4249, 0x4249,
  0x4249, 0x424A, 0x4249, 0x4249, 0x4249, 0x4249, 0x4249, 0x424A, 0x4249, 0x4249, 0x4249, 0x4249,
  0x424A, 0x4249, 0x424A, 0x4249, 0x4249, 0x4249, 0x4249, 0x4249, 0x424A, 0x4249, 0x4249, 0x424A,
  0x4249, 0x424A, 0x4249, 0x4249, 0x424A, 0x4249, 0x4249, 0x4249, 0x424A, 0x4249, 0x4249, 0x4249,
  0x4249, 0x4249, 0x4249, 0x424A, 0x4249, 0x4249, 0x4249, 0x424A, 0x424A, 0x4249, 0x4249, 0x4249,
  0x424A, 0x4249, 0x4249, 0x424A, 0x4249, 0x4249, 0x4249, 0x4249, 0x424A, 0x4249, 0x424A, 0x4249,
  0x424A, 0x4249, 0x4249, 0x4249, 0x4249, 0x4249, 0x4249, 0x4249, 0x4249, 0x4249, 0x4249, 0x4249,
  0x4249, 0x4249, 0x424A, 0x4249, 0x4249, 0x4249, 0x424A, 0x4249, 0x4249, 0x4249, 0x424A, 0x424A,
  0x4249, 0x4249, 0x4249, 0x4249, 0x424A, 0x4249, 0x424A, 0x4249, 0x4249, 0x4249, 0x424A, 0x4249,
  0x4249, 0x424A, 0x4249, 0x4249, 0x4249, 0x4249, 0x4249, 0x4249, 0x4249, 0x424A, 0x4249, 0x4249,
  0x4249, 0x4249, 0x4249, 0x424A, 0x4249, 0x4249, 0x424A, 0x4249, 0x4249, 0x4249, 0x4249, 0x4249,
  0x4249, 0x4249, 0x4249, 0x4249, 0x4249, 0x4249, 0x4249, 0x4249, 0x424A, 0x4249, 0x424A, 0x4249,
  0x424A, 0x4249, 0x424A, 0x4249, 0x4249, 0x4249, 0x4249, 0x4249, 0x424A, 0x424A, 0x4249, 0x4249,
  0x4249, 0x4249, 0x4249, 0x4249, 0x4249, 0x4249, 0x4249, 0x4249, 0x4249, 0x4249, 0x424A, 0x4249,
  0x4249, 0x4249, 0x424A, 0x4249, 0x4249, 0x424A, 0x4249, 0x424A, 0x4249, 0x4249, 0x4249, 0x4249,
  0x4249, 0x4249, 0x4249, 0x4249, 0x4249, 0x4249, 0x424A, 0x4249, 0x4249, 0x4249, 0x424A, 0x4249,
  0x4249, 0x4249, 0x4249, 0x4249, 0x4249, 0x4249, 0x4249, 0x4249, 0x4249, 0x424A, 0x4249, 0x4249,
  0x4249, 0x4249, 0x4249, 0x4249, 0x424A, 0x4249, 0x4249, 0x424A, 0x4249, 0x4249, 0x4249, 0x424A,
  0x424A, 0x4249, 0x4249, 0x4249, 0x4249, 0x4249, 0x4249, 0x4249, 0x4249, 0x424A, 0x4249, 0x424A,
  0x4249, 0x4249, 0x4249, 0x4249, 0x424A, 0x4249, 0x424A, 0x4249, 0x4249, 0x4249, 0x4249, 0x424A,
  0x4249, 0x4229, 0x2966, 0x4227, 0x52A9, 0x52AA, 0x5AAA, 0x52AA, 0x5289, 0x4228, 0x3185, 0x2104,
  0x3185, 0x39E6, 0x4207, 0x4227, 0x4A47, 0x4A27, 0x4A27, 0x4207, 0x3164, 0x2944, 0x39A6, 0x2125,
  0x2104, 0x2124, 0x2965, 0x3165, 0x39A6, 0x4207, 0x2104, 0x18E3, 0x10E4, 0x10C3, 0x2945, 0x4207,
  0x4228, 0x4228, 0x4228, 0x2944, 0x08A2, 0x1061, 0x0881, 0x0882, 0x1082, 0x1081, 0x1062, 0x10A1,
  0x1061, 0x10A1, 0x1082, 0x1082, 0x10A2, 0x2965, 0x3A08, 0x3186, 0x2965, 0x2944, 0x18E3, 0x10C3,
  0x10A2, 0x10A3, 0x18E3, 0x18C3, 0x18E3, 0x18E3, 0x10A2, 0x1082, 0x1082, 0x0862, 0x2124, 0x4229,
  0x4249, 0x4249, 0x424A, 0x4229, 0x31C7, 0x2104, 0x0862, 0x18C2, 0x31A5, 0x4A48, 0x52A9, 0x52A9,
  0x52A9, 0x52A9, 0x52A9, 0x4A68, 0x39C6, 0x2965, 0x31C7, 0x4229, 0x4249, 0x4249, 0x424A, 0x4249,
  0x4249, 0x4249, 0x424A, 0x4249, 0x4249, 0x4249, 0x4249, 0x4249, 0x4249, 0x4249, 0x4249, 0x4249,
  0x424A, 0x4249, 0x4249, 0x424A, 0x4249, 0x4249, 0x4249, 0x4249, 0x4249, 0x4249, 0x4249, 0x4249,
  0x4249, 0x4249, 0x424A, 0x4249, 0x4249, 0x424A, 0x4249, 0x4249, 0x4249, 0x4249, 0x4249, 0x4249,
  0x4249, 0x424A, 0x4249, 0x4249, 0x4249, 0x4249, 0x4249, 0x424A, 0x4249, 0x4249, 0x424A, 0x4249,
  0x4249, 0x4249, 0x4249, 0x4249, 0x4249, 0x4249, 0x4249, 0x4249, 0x4249, 0x4249, 0x4249, 0x4249,
  0x424A, 0x4249, 0x424A, 0x4249, 0x424A, 0x4249, 0x424A, 0x4249, 0x4249, 0x4249, 0x4249, 0x4249,
  0x424A, 0x424A, 0x4249, 0x4249, 0x4249, 0x4249, 0x4249, 0x4249, 0x4249, 0x4249, 0x4249, 0x4249,
  0x4249, 0x4249, 0x424A, 0x4249, 0x4249, 0x424A, 0x4249, 0x4249, 0x4249, 0x424A, 0x4249, 0x4249,
  0x424A, 0x424A, 0x4249, 0x4249, 0x4249, 0x4249, 0x4249, 0x4249, 0x4249, 0x4249, 0x4249, 0x4249,
  0x4249, 0x4249, 0x4249, 0x4249, 0x424A, 0x4249, 0x4249, 0x424A, 0x4249, 0x4249, 0x4249, 0x424A,
  0x424A, 0x424A, 0x4249, 0x424A, 0x4249, 0x4249, 0x4249, 0x4249, 0x424A, 0x4249, 0x4249, 0x424A,
  0x424A, 0x4249, 0x424A, 0x4249, 0x4249, 0x4249, 0x4249, 0x4249, 0x4249, 0x424A, 0x4249, 0x4249,
  0x4249, 0x4249, 0x424A, 0x424A, 0x4249, 0x4249, 0x4249, 0x424A, 0x4249, 0x4249, 0x4249, 0x4249,
  0x4249, 0x4249, 0x4249, 0x4249, 0x4249, 0x4249, 0x4249, 0x4249, 0x424A, 0x4249, 0x4249, 0x424A,
  0x4249, 0x4249, 0x4249, 0x424A, 0x4249, 0x4249, 0x4249, 0x4249, 0x4249, 0x4249, 0x4249, 0x4249,
  0x424A, 0x424A, 0x4249, 0x4249, 0x4249, 0x424A, 0x4249, 0x4249, 0x424A, 0x4249, 0x4249, 0x4249,
  0x4249, 0x4249, 0x4249, 0x4249, 0x4249, 0x4249, 0x4249, 0x4249, 0x4249, 0x4249, 0x424A, 0x424A,
  0x4249, 0x4249, 0x4249, 0x424A, 0x4249, 0x4249, 0x424A, 0x4249, 0x424A, 0x4249, 0x4249, 0x4249,
  0x4249, 0x424A, 0x4249, 0x4249, 0x4249, 0x4249, 0x4249, 0x424A, 0x4249, 0x2987, 0x41E7, 0x52A9,
  0x5AAA, 0x5AA9, 0x52A9, 0x5AA9, 0x52AA, 0x52A9, 0x5289, 0x4228, 0x3185, 0x2124, 0x39C6, 0x4A27,
  0x4A27, 0x4A47, 0x4A47, 0x4A27, 0x4207, 0x39C6, 0x39C7, 0x39A6, 0x1903, 0x2124, 0x3165, 0x31A6,
  0x4228, 0x39E7, 0x18A3, 0x18C3, 0x10C3, 0x1904, 0x3185, 0x39A6, 0x4227, 0x4227, 0x39C7, 0x18A2,
  0x0881, 0x1061, 0x1061, 0x0881, 0x0861, 0x08A1, 0x1061, 0x08A2, 0x0882, 0x1062, 0x10A2, 0x10A1,
  0x10A2, 0x39E8, 0x39C7, 0x2965, 0x2965, 0x2965, 0x2945, 0x2924, 0x18E3, 0x18C2, 0x10A2, 0x18C2,
  0x18A2, 0x10A2, 0x10A2, 0x10A1, 0x08A1, 0x1082, 0x31E8, 0x4249, 0x4249, 0x424A, 0x4249, 0x4249,
  0x4249, 0x4229, 0x31C7, 0x1924, 0x1082, 0x18C3, 0x31A6, 0x4A48, 0x52A9, 0x52A9, 0x52A9, 0x52A9,
  0x52A9, 0x4A69, 0x39C7, 0x2965, 0x31A7, 0x3A29, 0x4249, 0x424A, 0x4249, 0x4249, 0x4249, 0x4249,
  0x4249, 0x424A, 0x4249, 0x4249, 0x424A, 0x4249, 0x4249, 0x4249, 0x4249, 0x4249, 0x4249, 0x4249,
  0x4249, 0x424A, 0x4249, 0x424A, 0x4249, 0x4249, 0x4249, 0x4249, 0x4249, 0x424A, 0x4249, 0x4249,
  0x4249, 0x424A, 0x4249, 0x4249, 0x424A, 0x424A, 0x4249, 0x4249, 0x4249, 0x4249, 0x4249, 0x4249,
  0x4249, 0x4249, 0x4249, 0x4249, 0x4249, 0x4249, 0x4249, 0x4249, 0x424A, 0x4249, 0x4249, 0x424A,
  0x4249, 0x4249, 0x4249, 0x424A, 0x424A, 0x424A, 0x4249, 0x424A, 0x4249, 0x4249, 0x4249, 0x4249,
  0x424A, 0x4249, 0x4249, 0x424A, 0x424A, 0x4249, 0x424A, 0x4249, 0x4249, 0x4249, 0x4249, 0x4249,
  0x4249, 0x424A, 0x4249, 0x4249, 0x4249, 0x4249, 0x424A, 0x424A, 0x4249, 0x4249, 0x4249, 0x424A,
  0x4249, 0x424A, 0x4249, 0x4249, 0x4249, 0x4249, 0x4249, 0x4249, 0x4249, 0x4249, 0x424A, 0x4249,
  0x4249, 0x424A, 0x4249, 0x424A, 0x4249, 0x424A, 0x4249, 0x424A, 0x4249, 0x424A, 0x4249, 0x4249,
  0x4249, 0x424A, 0x4249, 0x4249, 0x424A, 0x4249, 0x4249, 0x4249, 0x4249, 0x4249, 0x4249, 0x4249,
  0x4249, 0x424A, 0x424A, 0x4249, 0x4249, 0x4249, 0x4249, 0x4249, 0x4249, 0x4249, 0x424A, 0x4249,
  0x4249, 0x424A, 0x4249, 0x424A, 0x4249, 0x4249, 0x4249, 0x4249, 0x424A, 0x4249, 0x4249, 0x4249,
  0x4249, 0x4249, 0x4249, 0x4249, 0x4249, 0x4249, 0x424A, 0x4249, 0x4249, 0x4249, 0x424A, 0x4249,
  0x4249, 0x424A, 0x4249, 0x424A, 0x4249, 0x4249, 0x4249, 0x424A, 0x4249, 0x4249, 0x4249, 0x424A,
  0x4249, 0x4249, 0x424A, 0x4249, 0x4249, 0x4249, 0x424A, 0x4249, 0x4249, 0x4249, 0x4249, 0x4249,
  0x424A, 0x4249, 0x4249, 0x424A, 0x4249, 0x4249, 0x424A, 0x4249, 0x4249, 0x4249, 0x4249, 0x424A,
  0x4249, 0x424A, 0x4249, 0x4249, 0x4249, 0x4249, 0x4249, 0x4249, 0x4249, 0x424A, 0x4249, 0x4249,
  0x4249, 0x4249, 0x4249, 0x4249, 0x4249, 0x4249, 0x424A, 0x4249, 0x424A, 0x4249, 0x4249, 0x4249,
  0x424A, 0x424A, 0x4249, 0x4249, 0x31C7, 0x39C7, 0x5289, 0x5AA9, 0x52AA, 0x52A9, 0x4228, 0x4A48,
  0x52A9, 0x5AAA, 0x52A9, 0x52A9, 0x5289, 0x4228, 0x39A6, 0x41E6, 0x4A27, 0x4A27, 0x4A47, 0x4A27,
  0x4207, 0x41E7, 0x39E7, 0x2965, 0x2103, 0x3165, 0x3186, 0x4227, 0x4A48, 0x4228, 0x2104, 0x10E3,
  0x18E3, 0x2945, 0x2985, 0x1903, 0x4207, 0x4227, 0x2944, 0x1082, 0x1082, 0x0861, 0x0842, 0x1081,
  0x0842, 0x1061, 0x1082, 0x1082, 0x1081, 0x1082, 0x1081, 0x0862, 0x2145, 0x3A08, 0x2985, 0x2965,
  0x3165, 0x2965, 0x2965, 0x2965, 0x3186, 0x2944, 0x18E3, 0x18A2, 0x18A2, 0x10A2, 0x10A2, 0x1062,
  0x1061, 0x2124, 0x4229, 0x4249, 0x424A, 0x4249, 0x4249, 0x4249, 0x4249, 0x4249, 0x4249, 0x4229,
  0x31C7, 0x2124, 0x1081, 0x10A2, 0x3185, 0x4A48, 0x52A9, 0x52A9, 0x52A9, 0x52A9, 0x52A9, 0x4A68,
  0x39C6, 0x2965, 0x31A7, 0x3A29, 0x4249, 0x424A, 0x4249, 0x4249, 0x4249, 0x4249, 0x4249, 0x424A,
  0x4249, 0x4249, 0x4249, 0x424A, 0x4249, 0x4249, 0x424A, 0x4249, 0x424A, 0x4249, 0x4249, 0x4249,
  0x4249, 0x4249, 0x424A, 0x4249, 0x4249, 0x424A, 0x4249, 0x4249, 0x4249, 0x4249, 0x4249, 0x4249,
  0x4249, 0x4249, 0x424A, 0x4249, 0x4249, 0x424A, 0x4249, 0x424A, 0x4249, 0x424A, 0x4249, 0x424A,
  0x4249, 0x424A, 0x4249, 0x4249, 0x4249, 0x424A, 0x4249, 0x4249, 0x424A, 0x4249, 0x4249, 0x4249,
  0x4249, 0x4249, 0x4249, 0x4249, 0x4249, 0x424A, 0x424A, 0x4249, 0x4249, 0x4249, 0x4249, 0x4249,
  0x4249, 0x4249, 0x424A, 0x4249, 0x4249, 0x424A, 0x4249, 0x424A, 0x4249, 0x4249, 0x4249, 0x4249,
  0x424A, 0x4249, 0x4249, 0x4249, 0x4249, 0x4249, 0x4249, 0x4249, 0x4249, 0x4249, 0x4249, 0x4249,
  0x424A, 0x4249, 0x4249, 0x4249, 0x424A, 0x4249, 0x4249, 0x424A, 0x4249, 0x4249, 0x4249, 0x4249,
  0x4249, 0x4249, 0x4249, 0x424A, 0x4249, 0x4249, 0x4249, 0x4249, 0x4249, 0x424A, 0x4249, 0x424A,
  0x4249, 0x4249, 0x4249, 0x4249, 0x4249, 0x4249, 0x424A, 0x4249, 0x4249, 0x4249, 0x4249, 0x4249,
  0x4249, 0x4249, 0x4249, 0x4249, 0x4249, 0x4249, 0x4249, 0x4249, 0x4249, 0x4249, 0x4249, 0x4249,
  0x4249, 0x4249, 0x4249, 0x424A, 0x4249, 0x4249, 0x4249, 0x4249, 0x424A, 0x4249, 0x4249, 0x4249,
  0x424A, 0x4249, 0x424A, 0x4249, 0x4249, 0x4249, 0x424A, 0x4249, 0x424A, 0x4249, 0x4249, 0x4249,
  0x4249, 0x4249, 0x4249, 0x4249, 0x4249, 0x4249, 0x424A, 0x4249, 0x4249, 0x4249, 0x4249, 0x424A,
  0x424A, 0x4249, 0x4249, 0x4249, 0x424A, 0x4249, 0x4249, 0x424A, 0x4249, 0x4249, 0x4249, 0x4249,
  0x4249, 0x4249, 0x4249, 0x4249, 0x4249, 0x424A, 0x424A, 0x4249, 0x4249, 0x4249, 0x424A, 0x4249,
  0x424A, 0x424A, 0x4249, 0x4249, 0x4249, 0x4249, 0x4249, 0x4249, 0x424A, 0x4249, 0x4249, 0x424A,
  0x4249, 0x4249, 0x4249, 0x4249, 0x4249, 0x4249, 0x4249, 0x424A, 0x4249, 0x4249, 0x4249, 0x39E8,
  0x31A6, 0x5289, 0x52AA, 0x5AAA, 0x52A9, 0x4228, 0x18E4, 0x20E4, 0x4207, 0x52A9, 0x52A9, 0x52AA,
  0x5AAA, 0x52A9, 0x5289, 0x4A28, 0x4A27, 0x4A27, 0x4A27, 0x39E6, 0x4207, 0x4207, 0x4207, 0x39E7,
  0x39C6, 0x3186, 0x39E6, 0x4A48, 0x4A48, 0x4A48, 0x2965, 0x18C3, 0x1904, 0x39C7, 0x4207, 0x41E7,
  0x4227, 0x39C6, 0x18E3, 0x0881, 0x0881, 0x1042, 0x0861, 0x0861, 0x0842, 0x0882, 0x0881, 0x1062,
  0x0881, 0x1061, 0x1061, 0x10A2, 0x31E8, 0x39C7, 0x2965, 0x3165, 0x2965, 0x2965, 0x2965, 0x3185,
  0x3166, 0x2965, 0x2965, 0x2944, 0x1903, 0x10A3, 0x1082, 0x18C2, 0x2124, 0x39E8, 0x4249, 0x4249,
  0x4249, 0x4249, 0x4249, 0x424A, 0x4249, 0x4249, 0x4249, 0x4249, 0x424A, 0x4249, 0x39E8, 0x2124,
  0x1082, 0x18C2, 0x3185, 0x4A48, 0x5289, 0x52A9, 0x52A9, 0x52A9, 0x52A9, 0x5269, 0x39E7, 0x2945,
  0x31A7, 0x3A09, 0x4249, 0x4249, 0x424A, 0x424A, 0x4249, 0x4249, 0x4249, 0x4249, 0x4249, 0x4249,
  0x424A, 0x4249, 0x4249, 0x4249, 0x4249, 0x4249, 0x424A, 0x4249, 0x424A, 0x424A, 0x4249, 0x4249,
  0x4249, 0x4249, 0x4249, 0x4249, 0x424A, 0x4249, 0x4249, 0x4249, 0x424A, 0x4249, 0x4249, 0x424A,
  0x4249, 0x4249, 0x4249, 0x4249, 0x4249, 0x4249, 0x4249, 0x424A, 0x4249, 0x4249, 0x4249, 0x4249,
  0x4249, 0x424A, 0x4249, 0x424A, 0x4249, 0x4249, 0x4249, 0x4249, 0x4249, 0x4249, 0x424A, 0x4249,
  0x4249, 0x4249, 0x4249, 0x4249, 0x4249, 0x4249, 0x4249, 0x4249, 0x4249, 0x4249, 0x4249, 0x4249,
  0x4249, 0x4249, 0x4249, 0x4249, 0x4249, 0x4249, 0x4249, 0x424A, 0x4249, 0x4249, 0x4249, 0x4249,
  0x424A, 0x4249, 0x4249, 0x4249, 0x424A, 0x4249, 0x4249, 0x4249, 0x424A, 0x4249, 0x4249, 0x4249,
  0x4249, 0x4249, 0x4249, 0x4249, 0x4249, 0x424A, 0x4249, 0x424A, 0x4249, 0x4249, 0x4249, 0x4249,
  0x4249, 0x4249, 0x424A, 0x4249, 0x4249, 0x4249, 0x4249, 0x4249, 0x4249, 0x424A, 0x424A, 0x4249,
  0x4249, 0x4249, 0x4249, 0x4249, 0x424A, 0x4249, 0x4249, 0x4249, 0x424A, 0x424A, 0x4249, 0x424A,
  0x4249, 0x4249, 0x4249, 0x424A, 0x4249, 0x4249, 0x4249, 0x4249, 0x424A, 0x4249, 0x424A, 0x4249,
  0x4249, 0x4249, 0x424A, 0x4249, 0x4249, 0x4249, 0x424A, 0x4249, 0x4249, 0x4249, 0x4249, 0x4249,
  0x424A, 0x4249, 0x4249, 0x4249, 0x4249, 0x4249, 0x424A, 0x4249, 0x4249, 0x424A, 0x4249, 0x424A,
  0x4249, 0x4249, 0x4249, 0x424A, 0x4249, 0x4249, 0x4249, 0x4249, 0x4249, 0x4249, 0x4249, 0x4249,
  0x4249, 0x4249, 0x4249, 0x4249, 0x4249, 0x4249, 0x424A, 0x4249, 0x424A, 0x4249, 0x4249, 0x424A,
  0x4249, 0x4249, 0x4249, 0x4249, 0x4249, 0x4249, 0x4249, 0x4249, 0x4249, 0x4249, 0x4249, 0x4249,
  0x424A, 0x4249, 0x424A, 0x4249, 0x4249, 0x4249, 0x424A, 0x4249, 0x4249, 0x4249, 0x424A, 0x4249,
  0x4249, 0x4249, 0x4249, 0x4249, 0x4249, 0x4249, 0x39E8, 0x2986, 0x5269, 0x5AA9, 0x5AA9, 0x52AA,
  0x4A68, 0x2124, 0x10A3, 0x10C3, 0x18E3, 0x39E7, 0x52A9, 0x5AAA, 0x52A9, 0x52AA, 0x5AA9, 0x52A9,
  0x5289, 0x4A48, 0x39C6, 0x2124, 0x2965, 0x39E7, 0x4207, 0x4228, 0x4A48, 0x4A48, 0x4A48, 0x4A48,
  0x4A48, 0x4A28, 0x2144, 0x18C4, 0x2945, 0x4207, 0x4228, 0x4228, 0x4228, 0x2965, 0x1082, 0x1060,
  0x0841, 0x0881, 0x1060, 0x1081, 0x1061, 0x1041, 0x0861, 0x1081, 0x0861, 0x0881, 0x1082, 0x2125,
  0x3A08, 0x3186, 0x2965, 0x2965, 0x2965, 0x3165, 0x3165, 0x2965, 0x2965, 0x2965, 0x2965, 0x3165,
  0x2965, 0x2986, 0x31C7, 0x3A08, 0x4229, 0x4249, 0x424A, 0x4249, 0x4249, 0x4249, 0x424A, 0x4249,
  0x424A, 0x4249, 0x4249, 0x424A, 0x4249, 0x4249, 0x4249, 0x4229, 0x39E8, 0x2125, 0x1082, 0x18C3,
  0x3165, 0x4A28, 0x5289, 0x52A9, 0x52A9, 0x52A9, 0x52A9, 0x5269, 0x41E7, 0x2965, 0x31A6, 0x3A09,
  0x4249, 0x4249, 0x4249, 0x4249, 0x424A, 0x4249, 0x4249, 0x4249, 0x4249, 0x4249, 0x424A, 0x4249,
  0x4249, 0x4249, 0x4249, 0x4249, 0x4249, 0x4249, 0x4249, 0x424A, 0x424A, 0x4249, 0x4249, 0x4249,
  0x424A, 0x4249, 0x4249, 0x4249, 0x4249, 0x4249, 0x4249, 0x4249, 0x4249, 0x424A, 0x4249, 0x424A,
  0x4249, 0x4249, 0x4249, 0x4249, 0x4249, 0x4249, 0x424A, 0x4249, 0x4249, 0x4249, 0x4249, 0x4249,
  0x4249, 0x424A, 0x424A, 0x4249, 0x4249, 0x4249, 0x4249, 0x4249, 0x424A, 0x4249, 0x4249, 0x4249,
  0x424A, 0x424A, 0x4249, 0x424A, 0x4249, 0x4249, 0x4249, 0x424A, 0x4249, 0x4249, 0x4249, 0x4249,
  0x424A, 0x4249, 0x424A, 0x4249, 0x4249, 0x4249, 0x424A, 0x4249, 0x4249, 0x4249, 0x424A, 0x4249,
  0x4249, 0x424A, 0x4249, 0x4249, 0x4249, 0x4249, 0x424A, 0x4249, 0x4249, 0x424A, 0x4249, 0x4249,
  0x4249, 0x4249, 0x424A, 0x4249, 0x4249, 0x4249, 0x424A, 0x4249, 0x4249, 0x4249, 0x424A, 0x4249,
  0x4249, 0x4249, 0x4249, 0x4249, 0x4249, 0x4249, 0x424A, 0x4249, 0x4249, 0x424A, 0x424A, 0x4249,
  0x4249, 0x424A, 0x424A, 0x4249, 0x4249, 0x4249, 0x4249, 0x4249, 0x4249, 0x424A, 0x424A, 0x4249,
  0x4249, 0x424A, 0x4249, 0x4249, 0x4249, 0x4249, 0x4249, 0x4249, 0x4249, 0x4249, 0x4249, 0x4249,
  0x4249, 0x4249, 0x4249, 0x4249, 0x424A, 0x4249, 0x4249, 0x4249, 0x4249, 0x4249, 0x4249, 0x4249,
  0x4249, 0x4249, 0x4249, 0x4249, 0x4249, 0x424A, 0x4249, 0x4249, 0x424A, 0x4249, 0x4249, 0x4249,
  0x4249, 0x4249, 0x4249, 0x424A, 0x4249, 0x424A, 0x4249, 0x4249, 0x424A, 0x4249, 0x4249, 0x4249,
  0x424A, 0x4249, 0x4249, 0x4249, 0x4249, 0x424A, 0x4249, 0x4249, 0x424A, 0x4249, 0x4249, 0x4249,
  0x4249, 0x424A, 0x4249, 0x4249, 0x4249, 0x4249, 0x4249, 0x4249, 0x4249, 0x4249, 0x4249, 0x4249,
  0x4249, 0x4249, 0x4249, 0x4249, 0x424A, 0x4249, 0x4249, 0x424A, 0x4249, 0x424A, 0x4249, 0x424A,
  0x4249, 0x3A09, 0x2965, 0x4A48, 0x52A9, 0x5AA9, 0x52A9, 0x5289, 0x3165, 0x10A3, 0x10C3, 0x18C3,
  0x10A3, 0x18A3, 0x31A6, 0x5289, 0x5AA9, 0x5AAA, 0x5AA9, 0x52AA, 0x5AA9, 0x52A9, 0x4A48, 0x4227,
  0x3165, 0x18E3, 0x2965, 0x4207, 0x4A68, 0x5269, 0x4227, 0x39C6, 0x39E7, 0x39A6, 0x18E3, 0x18E4,
  0x39C6, 0x4A28, 0x4228, 0x4227, 0x4228, 0x31A6, 0x10C2, 0x10A1, 0x1061, 0x1081, 0x0842, 0x1081,
  0x0861, 0x0842, 0x0861, 0x1041, 0x0882, 0x0862, 0x1062, 0x31E7, 0x39C7, 0x3165, 0x3165, 0x2965,
  0x2965, 0x2965, 0x2965, 0x2965, 0x2965, 0x2965, 0x2965, 0x3165, 0x3185, 0x3A29, 0x4249, 0x4249,
  0x4249, 0x4249, 0x4249, 0x4249, 0x424A, 0x4249, 0x4249, 0x4249, 0x4249, 0x424A, 0x4249, 0x4249,
  0x4249, 0x4249, 0x4249, 0x424A, 0x4249, 0x4249, 0x39E8, 0x2145, 0x18A2, 0x18C2, 0x2965, 0x4228,
  0x5289, 0x52A9, 0x52A9, 0x52A9, 0x52A9, 0x5269, 0x41E7, 0x2965, 0x2966, 0x3A08, 0x4249, 0x4249,
  0x4249, 0x4249, 0x424A, 0x4249, 0x424A, 0x4249, 0x4249, 0x4249, 0x4249, 0x4249, 0x4249, 0x4249,
  0x424A, 0x4249, 0x4249, 0x4249, 0x4249, 0x424A, 0x4249, 0x4249, 0x4249, 0x4249, 0x424A, 0x4249,
  0x4249, 0x424A, 0x4249, 0x4249, 0x4249, 0x4249, 0x424A, 0x4249, 0x4249, 0x4249, 0x424A, 0x4249,
  0x4249, 0x4249, 0x424A, 0x4249, 0x4249, 0x4249, 0x4249, 0x4249, 0x4249, 0x4249, 0x424A, 0x4249,
  0x4249, 0x424A, 0x424A, 0x4249, 0x4249, 0x424A, 0x424A, 0x4249, 0x4249, 0x4249, 0x4249, 0x4249,
  0x4249, 0x424A, 0x424A, 0x4249, 0x4249, 0x424A, 0x4249, 0x4249, 0x4249, 0x4249, 0x4249, 0x4249,
  0x4249, 0x4249, 0x4249, 0x4249, 0x4249, 0x4249, 0x4249, 0x4249, 0x4249, 0x424A, 0x4249, 0x4249,
  0x424A, 0x4249, 0x4249, 0x4249, 0x424A, 0x4249, 0x424A, 0x4249, 0x424A, 0x4249, 0x4249, 0x4249,
  0x4249, 0x424A, 0x4249, 0x4249, 0x4249, 0x424A, 0x4249, 0x4249, 0x4249, 0x424A, 0x424A, 0x4249,
  0x4249, 0x4249, 0x4249, 0x4249, 0x4249, 0x424A, 0x4249, 0x4249, 0x4249, 0x4249, 0x4249, 0x4249,
  0x4249, 0x4249, 0x4249, 0x424A, 0x4249, 0x4249, 0x4249, 0x4249, 0x4249, 0x424A, 0x4249, 0x424A,
  0x4249, 0x4249, 0x424A, 0x424A, 0x4249, 0x4249, 0x4249, 0x424A, 0x4249, 0x4249, 0x424A, 0x4249,
  0x4249, 0x4249, 0x424A, 0x4249, 0x4249, 0x4249, 0x424A, 0x4249, 0x4249, 0x424A, 0x4249, 0x4249,
  0x4249, 0x4249, 0x4249, 0x4249, 0x4249, 0x4249, 0x4249, 0x4249, 0x424A, 0x4249, 0x424A, 0x4249,
  0x4249, 0x4249, 0x4249, 0x424A, 0x4249, 0x4249, 0x424A, 0x4249, 0x4249, 0x4249, 0x424A, 0x4249,
  0x4249, 0x4249, 0x4249, 0x4249, 0x4249, 0x424A, 0x4249, 0x424A, 0x424A, 0x4249, 0x4249, 0x424A,
  0x424A, 0x4249, 0x4249, 0x4249, 0x424A, 0x4249, 0x424A, 0x4249, 0x424A, 0x4249, 0x424A, 0x4249,
  0x4249, 0x424A, 0x4249, 0x4249, 0x4249, 0x4249, 0x4249, 0x4249, 0x3A29, 0x2145, 0x39A6, 0x52A9,
  0x52AA, 0x5AA9, 0x52A9, 0x52AA, 0x4A48, 0x2925, 0x10C3, 0x10A3, 0x10A3, 0x10A1, 0x0882, 0x2965,
  0x4A68, 0x52AA, 0x5AAA, 0x52AA, 0x5AAA, 0x52A9, 0x52AA, 0x5269, 0x2965, 0x31C7, 0x31C7, 0x2945,
  0x3186, 0x4227, 0x39C6, 0x2945, 0x2124, 0x18E4, 0x18C3, 0x2925, 0x4207, 0x4A28, 0x4227, 0x4A28,
  0x4249, 0x4249, 0x31C7, 0x2104, 0x1082, 0x0881, 0x0881, 0x0842, 0x0881, 0x1081, 0x1081, 0x0861,
  0x0881, 0x0861, 0x2124, 0x3A08, 0x3186, 0x2965, 0x2965, 0x2965, 0x2945, 0x3165, 0x2965, 0x3165,
  0x2965, 0x3165, 0x2965, 0x2965, 0x39C7, 0x4249, 0x4249, 0x4249, 0x424A, 0x4249, 0x4249, 0x424A,
  0x4249, 0x4249, 0x4249, 0x4249, 0x424A, 0x4249, 0x4249, 0x4249, 0x424A, 0x4249, 0x4249, 0x4249,
  0x424A, 0x424A, 0x4249, 0x4249, 0x39E8, 0x2145, 0x18C2, 0x18A3, 0x2964, 0x4227, 0x5289, 0x52A9,
  0x52A9, 0x52A9, 0x52A9, 0x5289, 0x4207, 0x2965, 0x3186, 0x4228, 0x4249, 0x4249, 0x4249, 0x4249,
  0x4249, 0x4249, 0x4249, 0x4249, 0x424A, 0x424A, 0x4249, 0x4249, 0x4249, 0x4249, 0x4249, 0x4249,
  0x4249, 0x424A, 0x4249, 0x4249, 0x424A, 0x4249, 0x4249, 0x4249, 0x424A, 0x4249, 0x424A, 0x4249,
  0x424A, 0x4249, 0x4249, 0x4249, 0x4249, 0x424A, 0x4249, 0x4249, 0x4249, 0x424A, 0x4249, 0x4249,
  0x4249, 0x424A, 0x424A, 0x4249, 0x4249, 0x4249, 0x4249, 0x4249, 0x4249, 0x424A, 0x4249, 0x4249,
  0x4249, 0x4249, 0x4249, 0x4249, 0x4249, 0x4249, 0x4249, 0x424A, 0x4249, 0x4249, 0x4249, 0x4249,
  0x4249, 0x424A, 0x4249, 0x424A, 0x4249, 0x4249, 0x424A, 0x424A, 0x4249, 0x4249, 0x4249, 0x424A,
  0x4249, 0x4249, 0x424A, 0x4249, 0x4249, 0x4249, 0x424A, 0x4249, 0x4249, 0x424A, 0x4249, 0x4249,
  0x4249, 0x4249, 0x4249, 0x4249, 0x4249, 0x4249, 0x4249, 0x424A, 0x4249, 0x4249, 0x4249, 0x424A,
  0x4249, 0x4249, 0x4249, 0x4249, 0x424A, 0x4249, 0x4249, 0x4249, 0x4249, 0x424A, 0x4249, 0x4249,
  0x4249, 0x4249, 0x4249, 0x4249, 0x4249, 0x424A, 0x4249, 0x4249, 0x4249, 0x4249, 0x424A, 0x4249,
  0x4249, 0x4249, 0x4249, 0x4249, 0x424A, 0x4249, 0x4249, 0x4249, 0x4249, 0x4249, 0x4249, 0x4249,
  0x4249, 0x424A, 0x4249, 0x4249, 0x424A, 0x4249, 0x4249, 0x4249, 0x4249, 0x4249, 0x424A, 0x4249,
  0x4249, 0x424A, 0x4249, 0x424A, 0x4249, 0x4249, 0x424A, 0x424A, 0x4249, 0x4249, 0x424A, 0x424A,
  0x4249, 0x424A, 0x4249, 0x4249, 0x424A, 0x4249, 0x4249, 0x4249, 0x424A, 0x4249, 0x4249, 0x4249,
  0x4249, 0x4249, 0x424A, 0x4249, 0x4249, 0x4249, 0x4249, 0x4249, 0x4249, 0x4249, 0x424A, 0x4249,
  0x4249, 0x4249, 0x4249, 0x4249, 0x4249, 0x4249, 0x4249, 0x4249, 0x424A, 0x4249, 0x4249, 0x4249,
  0x4249, 0x4249, 0x4249, 0x4249, 0x4249, 0x4249, 0x4249, 0x4249, 0x4249, 0x4249, 0x4249, 0x4249,
  0x4249, 0x424A, 0x4249, 0x4229, 0x2966, 0x18C3, 0x1903, 0x39C7, 0x5289, 0x5AA9, 0x52AA, 0x52AA,
  0x5AA9, 0x4A69, 0x2965, 0x10A3, 0x0882, 0x1081, 0x10A2, 0x1061, 0x2124, 0x4A48, 0x52AA, 0x5AA9,
  0x52A9, 0x5AAA, 0x5289, 0x31A6, 0x31C7, 0x4249, 0x4249, 0x4229, 0x31C7, 0x2145, 0x2124, 0x2103,
  0x20E3, 0x18C3, 0x18E3, 0x3185, 0x4A28, 0x4A28, 0x4228, 0x4248, 0x4249, 0x424A, 0x4249, 0x3A29,
  0x31C7, 0x2124, 0x18A2, 0x1061, 0x1081, 0x1061, 0x0880, 0x1042, 0x0840, 0x1082, 0x31C7, 0x39E7,
  0x2965, 0x2965, 0x3165, 0x2965, 0x2965, 0x2965, 0x2965, 0x2965, 0x2965, 0x2965, 0x2965, 0x2985,
  0x4228, 0x4249, 0x424A, 0x4249, 0x4249, 0x4249, 0x4249, 0x4249, 0x4249, 0x424A, 0x4249, 0x4249,
  0x4249, 0x4249, 0x424A, 0x4249, 0x4249, 0x4249, 0x4249, 0x4249, 0x4249, 0x4249, 0x424A, 0x4249,
  0x4249, 0x4249, 0x39E8, 0x2145, 0x10C3, 0x18A2, 0x2965, 0x4227, 0x5289, 0x52A9, 0x52A9, 0x52A9,
  0x52A9, 0x5289, 0x4207, 0x2965, 0x2986, 0x3A08, 0x4249, 0x4249, 0x4249, 0x424A, 0x424A, 0x4249,
  0x4249, 0x4249, 0x4249, 0x424A, 0x424A, 0x424A, 0x4249, 0x4249, 0x4249, 0x4249, 0x424A, 0x4249,
  0x4249, 0x424A, 0x4249, 0x4249, 0x4249, 0x4249, 0x4249, 0x4249, 0x4249, 0x4249, 0x4249, 0x424A,
  0x4249, 0x4249, 0x4249, 0x424A, 0x4249, 0x4249, 0x4249, 0x4249, 0x424A, 0x4249, 0x4249, 0x4249,
  0x4249, 0x424A, 0x4249, 0x4249, 0x4249, 0x4249, 0x4249, 0x4249, 0x4249, 0x424A, 0x4249, 0x4249,
  0x4249, 0x4249, 0x424A, 0x4249, 0x4249, 0x4249, 0x4249, 0x4249, 0x424A, 0x4249, 0x4249, 0x4249,
  0x4249, 0x4249, 0x4249, 0x4249, 0x4249, 0x424A, 0x4249, 0x4249, 0x424A, 0x4249, 0x4249, 0x4249,
  0x4249, 0x424A, 0x4249, 0x4249, 0x4249, 0x4249, 0x424A, 0x4249, 0x4249, 0x4249, 0x4249, 0x424A,
  0x424A, 0x4249, 0x4249, 0x424A, 0x4249, 0x4249, 0x4249, 0x4249, 0x424A, 0x4249, 0x4249, 0x424A,
  0x4249, 0x4249, 0x4249, 0x4249, 0x424A, 0x4249, 0x4249, 0x4249, 0x424A, 0x4249, 0x4249, 0x4249,
  0x4249, 0x4249, 0x4249, 0x4249, 0x4249, 0x424A, 0x4249, 0x424A, 0x4249, 0x4249, 0x4249, 0x4249,
  0x4249, 0x4249, 0x4249, 0x4249, 0x424A, 0x4249, 0x4249, 0x4249, 0x424A, 0x4249, 0x4249, 0x4249,
  0x4249, 0x4249, 0x424A, 0x4249, 0x4249, 0x4249, 0x4249, 0x4249, 0x4249, 0x4249, 0x4249, 0x4249,
  0x4249, 0x4249, 0x4249, 0x4249, 0x424A, 0x4249, 0x4249, 0x4249, 0x4249, 0x4249, 0x4249, 0x4249,
  0x4249, 0x4249, 0x4249, 0x4249, 0x424A, 0x4249, 0x4249, 0x424A, 0x4249, 0x4249, 0x4249, 0x4249,
  0x4249, 0x4249, 0x4249, 0x424A, 0x4249, 0x424A, 0x4249, 0x4249, 0x4249, 0x424A, 0x424A, 0x4249,
  0x4249, 0x424A, 0x4249, 0x4249, 0x4249, 0x4249, 0x4249, 0x4249, 0x424A, 0x424A, 0x4249, 0x4249,
  0x4249, 0x424A, 0x4249, 0x4249, 0x424A, 0x424A, 0x4249, 0x424A, 0x4249, 0x4249, 0x4249, 0x29A7,
  0x10C3, 0x18A3, 0x10C3, 0x18C4, 0x31A6, 0x5289, 0x52AA, 0x5AAA, 0x52A9, 0x5AAA, 0x5289, 0x3185,
  0x10A1, 0x1062, 0x0861, 0x1082, 0x10A2, 0x4207, 0x5AA9, 0x52A9, 0x52A9, 0x52A9, 0x39C6, 0x31A6,
  0x4229, 0x4249, 0x4249, 0x4249, 0x4249, 0x4249, 0x31C7, 0x2145, 0x10C3, 0x10A2, 0x18E3, 0x39E7,
  0x4228, 0x4249, 0x4249, 0x4249, 0x4249, 0x4249, 0x4249, 0x424A, 0x4249, 0x4229, 0x39C7, 0x2124,
  0x10C2, 0x1061, 0x0861, 0x0861, 0x0881, 0x2124, 0x3A08, 0x3186, 0x2965, 0x3165, 0x2965, 0x2965,
  0x3165, 0x2965, 0x2965, 0x3165, 0x3165, 0x2965, 0x2965, 0x31C6, 0x4249, 0x4249, 0x4249, 0x4249,
  0x424A, 0x4249, 0x424A, 0x4249, 0x4249, 0x4249, 0x424A, 0x4249, 0x4249, 0x4249, 0x4249, 0x4249,
  0x4249, 0x424A, 0x4249, 0x4249, 0x4249, 0x4249, 0x4249, 0x4249, 0x4249, 0x424A, 0x4249, 0x4229,
  0x3A08, 0x2946, 0x10A2, 0x1881, 0x2945, 0x4227, 0x5289, 0x52A9, 0x52A9, 0x52A9, 0x52A9, 0x5289,
  0x4207, 0x2965, 0x2986, 0x3A08, 0x4249, 0x4249, 0x4249, 0x4249, 0x4249, 0x424A, 0x4249, 0x4249,
  0x4249, 0x4249, 0x4249, 0x424A, 0x4249, 0x424A, 0x4249, 0x4249, 0x4249, 0x4249, 0x424A, 0x4249,
  0x4249, 0x4249, 0x4249, 0x424A, 0x424A, 0x4249, 0x4249, 0x424A, 0x4249, 0x4249, 0x4249, 0x4249,
  0x424A, 0x4249, 0x4249, 0x424A, 0x4249, 0x4249, 0x4249, 0x4249, 0x424A, 0x4249, 0x4249, 0x4249,
  0x424A, 0x4249, 0x4249, 0x4249, 0x4249, 0x4249, 0x4249, 0x4249, 0x4249, 0x424A, 0x4249, 0x424A,
  0x4249, 0x4249, 0x4249, 0x4249, 0x4249, 0x4249, 0x4249, 0x4249, 0x424A, 0x4249, 0x4249, 0x4249,
  0x424A, 0x4249, 0x4249, 0x4249, 0x4249, 0x4249, 0x424A, 0x4249, 0x4249, 0x4249, 0x4249, 0x4249,
  0x424A, 0x4249, 0x4249, 0x4249, 0x424A, 0x4249, 0x4249, 0x4249, 0x4249, 0x4249, 0x4249, 0x4249,
  0x4249, 0x4249, 0x4249, 0x4249, 0x4249, 0x424A, 0x4249, 0x4249, 0x4249, 0x4249, 0x4249, 0x4249,
  0x4249, 0x4249, 0x424A, 0x4249, 0x4249, 0x4249, 0x424A, 0x4249, 0x4249, 0x4249, 0x424A, 0x424A,
  0x4249, 0x4249, 0x4249, 0x4249, 0x4249, 0x424A, 0x424A, 0x424A, 0x4249, 0x4249, 0x4249, 0x424A,
  0x424A, 0x4249, 0x4249, 0x4249, 0x4249, 0x4249, 0x424A, 0x4249, 0x4249, 0x4249, 0x4249, 0x4249,
  0x4249, 0x424A, 0x4249, 0x424A, 0x4249, 0x4249, 0x424A, 0x4249, 0x4249, 0x4249, 0x4249, 0x4249,
  0x424A, 0x4249, 0x4249, 0x4249, 0x424A, 0x4249, 0x4249, 0x424A, 0x4249, 0x424A, 0x4249, 0x4249,
  0x424A, 0x4249, 0x4249, 0x4249, 0x4249, 0x4249, 0x424A, 0x4249, 0x424A, 0x424A, 0x4249, 0x4249,
  0x4249, 0x4249, 0x4249, 0x4249, 0x4249, 0x4249, 0x4249, 0x4249, 0x424A, 0x4249, 0x4249, 0x4249,
  0x4249, 0x4249, 0x4249, 0x424A, 0x4249, 0x4249, 0x4249, 0x4249, 0x4249, 0x4249, 0x4249, 0x4249,
  0x4249, 0x4249, 0x4249, 0x4249, 0x4249, 0x4249, 0x31C7, 0x18C3, 0x10A3, 0x10C3, 0x10A3, 0x10C3,
  0x18C3, 0x2965, 0x5AAA, 0x734D, 0x5AAA, 0x52A9, 0x52A9, 0x5289, 0x39C6, 0x10C2, 0x0861, 0x10A1,
  0x31A6, 0x5289, 0x5AA9, 0x52A9, 0x52A9, 0x4207, 0x2986, 0x4229, 0x424A, 0x424A, 0x4249, 0x4249,
  0x4249, 0x4249, 0x4249, 0x4229, 0x31E8, 0x2945, 0x31A7, 0x4249, 0x4249, 0x4249, 0x424A, 0x4249,
  0x424A, 0x4249, 0x4249, 0x4249, 0x4249, 0x4249, 0x4249, 0x4229, 0x31C7, 0x2124, 0x18C1, 0x1081,
  0x08A2, 0x31C7, 0x39E7, 0x2965, 0x2965, 0x2965, 0x3165, 0x2965, 0x3165, 0x2965, 0x2965, 0x2965,
  0x2965, 0x2965, 0x3185, 0x3A08, 0x4249, 0x4249, 0x4249, 0x4249, 0x4249, 0x4249, 0x4249, 0x4249,
  0x4249, 0x4249, 0x4249, 0x424A, 0x424A, 0x4249, 0x424A, 0x4249, 0x424A, 0x424A, 0x4249, 0x4249,
  0x424A, 0x4249, 0x4249, 0x424A, 0x424A, 0x4249, 0x4249, 0x4249, 0x4249, 0x4249, 0x3A08, 0x2966,
  0x10C2, 0x1882, 0x2944, 0x4207, 0x5289, 0x52A9, 0x52A9, 0x52A9, 0x52A9, 0x5289, 0x4207, 0x2965,
  0x2986, 0x3A08, 0x4229, 0x4249, 0x4249, 0x4249, 0x4249, 0x4249, 0x4249, 0x4249, 0x4249, 0x4249,
  0x4249, 0x4249, 0x4249, 0x4249, 0x424A, 0x4249, 0x4249, 0x4249, 0x424A, 0x4249, 0x4249, 0x4249,
  0x4249, 0x4249, 0x4249, 0x4249, 0x4249, 0x4249, 0x4249, 0x4249, 0x4249, 0x424A, 0x4249, 0x4249,
  0x4249, 0x4249, 0x4249, 0x4249, 0x4249, 0x4249, 0x424A, 0x4249, 0x4249, 0x4249, 0x424A, 0x4249,
  0x4249, 0x4249, 0x424A, 0x424A, 0x4249, 0x4249, 0x4249, 0x4249, 0x4249, 0x424A, 0x424A, 0x424A,
  0x4249, 0x4249, 0x4249, 0x424A, 0x424A, 0x4249, 0x4249, 0x4249, 0x4249, 0x4249, 0x424A, 0x4249,
  0x4249, 0x4249, 0x4249, 0x4249, 0x4249, 0x4249, 0x424A, 0x4249, 0x4249, 0x424A, 0x4249, 0x4249,
  0x4249, 0x424A, 0x4249, 0x4249, 0x4249, 0x424A, 0x4249, 0x424A, 0x4249, 0x424A, 0x424A, 0x4249,
  0x4249, 0x4249, 0x4249, 0x4249, 0x424A, 0x4249, 0x4249, 0x424A, 0x424A, 0x4249, 0x4249, 0x4249,
  0x424A, 0x4249, 0x4249, 0x4249, 0x424A, 0x4249, 0x4249, 0x4249, 0x4249, 0x4249, 0x424A, 0x4249,
  0x4249, 0x4249, 0x4249, 0x4249, 0x4249, 0x4249, 0x4249, 0x4249, 0x4249, 0x4249, 0x4249, 0x424A,
  0x4249, 0x4249, 0x4249, 0x4249, 0x424A, 0x4249, 0x424A, 0x424A, 0x4249, 0x424A, 0x4249, 0x4249,
  0x4249, 0x4249, 0x4249, 0x424A, 0x4249, 0x424A, 0x4249, 0x4249, 0x4249, 0x4249, 0x4249, 0x4249,
  0x4249, 0x4249, 0x4249, 0x424A, 0x4249, 0x4249, 0x4249, 0x4249, 0x4249, 0x424A, 0x4249, 0x4249,
  0x424A, 0x4249, 0x4249, 0x4249, 0x4249, 0x4249, 0x4249, 0x4249, 0x4249, 0x4249, 0x424A, 0x4249,
  0x424A, 0x4249, 0x4249, 0x424A, 0x4249, 0x4249, 0x4249, 0x424A, 0x424A, 0x4249, 0x4249, 0x4249,
  0x4249, 0x4249, 0x4249, 0x424A, 0x4249, 0x4249, 0x424A, 0x4249, 0x4249, 0x4249, 0x4249, 0x424A,
  0x4249, 0x39E8, 0x18E4, 0x18C3, 0x18A3, 0x18C3, 0x18A3, 0x10C3, 0x10C3, 0x2945, 0x7B8F, 0x93EE,
  0x8349, 0x5ACA, 0x52A9, 0x52A9, 0x52A9, 0x4207, 0x18C3, 0x2965, 0x5289, 0x52AA, 0x52AA, 0x52AA,
  0x4A28, 0x2965, 0x4229, 0x4249, 0x4249, 0x424A, 0x4249, 0x4249, 0x4249, 0x4249, 0x424A, 0x4249,
  0x4249, 0x4249, 0x4249, 0x4249, 0x424A, 0x4249, 0x4249, 0x4249, 0x4249, 0x4249, 0x4249, 0x4249,
  0x4249, 0x424A, 0x4249, 0x4249, 0x4249, 0x4229, 0x39C7, 0x2965, 0x2965, 0x3A08, 0x3186, 0x2965,
  0x2965, 0x2965, 0x2965, 0x2965, 0x2965, 0x2965, 0x2965, 0x2965, 0x3165, 0x2965, 0x31A6, 0x4249,
  0x424A, 0x4249, 0x4249, 0x424A, 0x4249, 0x4249, 0x424A, 0x4249, 0x4249, 0x424A, 0x4249, 0x4249,
  0x4249, 0x4249, 0x4249, 0x4249, 0x4249, 0x4249, 0x4249, 0x4249, 0x424A, 0x4249, 0x4249, 0x4249,
  0x4249, 0x4249, 0x4249, 0x424A, 0x4249, 0x4249, 0x4249, 0x4249, 0x3A08, 0x2966, 0x10A3, 0x10A2,
  0x2944, 0x4207, 0x5289, 0x52A9, 0x52A9, 0x52A9, 0x52A9, 0x5289, 0x4228, 0x2965, 0x2966, 0x3A08,
  0x4249, 0x4249, 0x4249, 0x424A, 0x4249, 0x4249, 0x424A, 0x4249, 0x4249, 0x4249, 0x424A, 0x4249,
  0x4249, 0x424A, 0x4249, 0x4249, 0x4249, 0x424A, 0x4249, 0x4249, 0x4249, 0x424A, 0x4249, 0x424A,
  0x4249, 0x424A, 0x424A, 0x4249, 0x4249, 0x4249, 0x4249, 0x4249, 0x424A, 0x4249, 0x4249, 0x424A,
  0x424A, 0x4249, 0x4249, 0x4249, 0x424A, 0x4249, 0x4249, 0x4249, 0x424A, 0x4249, 0x4249, 0x4249,
  0x4249, 0x4249, 0x424A, 0x4249, 0x4249, 0x4249, 0x4249, 0x4249, 0x4249, 0x4249, 0x4249, 0x4249,
  0x4249, 0x4249, 0x4249, 0x424A, 0x4249, 0x4249, 0x4249, 0x4249, 0x424A, 0x4249, 0x424A, 0x424A,
  0x4249, 0x424A, 0x4249, 0x4249, 0x4249, 0x4249, 0x4249, 0x4249, 0x4249, 0x4249, 0x4249, 0x4249,
  0x424A, 0x4249, 0x4249, 0x4249, 0x4249, 0x4249, 0x4249, 0x424A, 0x4249, 0x4249, 0x424A, 0x4249,
  0x4249, 0x4249, 0x4249, 0x4249, 0x4249, 0x4249, 0x4249, 0x424A, 0x4249, 0x4249, 0x4249, 0x424A,
  0x4249, 0x4249, 0x4249, 0x4249, 0x4249, 0x424A, 0x4249, 0x4249, 0x4249, 0x4249, 0x4249, 0x4249,
  0x4249, 0x424A, 0x4249, 0x4249, 0x4249, 0x4249, 0x424A, 0x4249, 0x4249, 0x4249, 0x424A, 0x4249,
  0x4249, 0x4249, 0x4249, 0x4249, 0x4249, 0x4249, 0x4249, 0x4249, 0x4249, 0x424A, 0x4249, 0x4249,
  0x4249, 0x4249, 0x424A, 0x4249, 0x4249, 0x424A, 0x424A, 0x4249, 0x4249, 0x424A, 0x4249, 0x4249,
  0x4249, 0x424A, 0x4249, 0x4249, 0x4249, 0x4249, 0x4249, 0x4249, 0x424A, 0x4249, 0x4249, 0x4249,
  0x424A, 0x4249, 0x424A, 0x4249, 0x4249, 0x4249, 0x4249, 0x424A, 0x4249, 0x4249, 0x4249, 0x4249,
  0x4249, 0x4249, 0x4249, 0x4249, 0x4249, 0x4249, 0x424A, 0x4249, 0x4249, 0x4249, 0x4249, 0x424A,
  0x424A, 0x4249, 0x4249, 0x4249, 0x4249, 0x4249, 0x4249, 0x4249, 0x3A08, 0x1904, 0x10C3, 0x10C3,
  0x10C3, 0x10C3, 0x10A3, 0x10A3, 0x2124, 0x732D, 0x9C10, 0x9BC8, 0x9C4B, 0x8BCB, 0x62CA, 0x52AA,
  0x5AA9, 0x52A9, 0x4A48, 0x5289, 0x52A9, 0x52AA, 0x5AA9, 0x4A68, 0x2965, 0x3A08, 0x4249, 0x4249,
  0x4249, 0x4249, 0x4249, 0x424A, 0x4249, 0x4249, 0x4249, 0x424A, 0x4249, 0x4249, 0x4249, 0x4249,
  0x4249, 0x4249, 0x4249, 0x4249, 0x4249, 0x424A, 0x4249, 0x4249, 0x4249, 0x4249, 0x4249, 0x424A,
  0x4249, 0x4249, 0x424A, 0x4249, 0x4249, 0x39E8, 0x2965, 0x2965, 0x3165, 0x2965, 0x3165, 0x2965,
  0x2965, 0x2965, 0x3165, 0x3165, 0x2965, 0x2965, 0x4208, 0x4249, 0x4249, 0x424A, 0x4249, 0x4249,
  0x4249, 0x4249, 0x4249, 0x4249, 0x424A, 0x4249, 0x4249, 0x4249, 0x424A, 0x4249, 0x4249, 0x4249,
  0x4249, 0x4249, 0x4249, 0x4249, 0x4249, 0x4249, 0x424A, 0x4249, 0x4249, 0x4249, 0x4249, 0x424A,
  0x4249, 0x4249, 0x424A, 0x424A, 0x4249, 0x4249, 0x3A08, 0x2966, 0x18C3, 0x10A2, 0x2924, 0x4207,
  0x5289, 0x52A9, 0x52A9, 0x52A9, 0x52A9, 0x5289, 0x4228, 0x3185, 0x2966, 0x39E8, 0x4229, 0x424A,
  0x4249, 0x4249, 0x424A, 0x424A, 0x4249, 0x424A, 0x4249, 0x4249, 0x4249, 0x4249, 0x4249, 0x4249,
  0x4249, 0x4249, 0x4249, 0x4249, 0x424A, 0x4249, 0x4249, 0x4249, 0x4249, 0x4249, 0x4249, 0x424A,
  0x4249, 0x4249, 0x424A, 0x4249, 0x4249, 0x4249, 0x4249, 0x4249, 0x4249, 0x4249, 0x4249, 0x424A,
  0x4249, 0x4249, 0x4249, 0x424A, 0x4249, 0x4249, 0x4249, 0x4249, 0x4249, 0x424A, 0x4249, 0x4249,
  0x4249, 0x4249, 0x4249, 0x4249, 0x4249, 0x424A, 0x4249, 0x4249, 0x4249, 0x4249, 0x424A, 0x4249,
  0x4249, 0x4249, 0x424A, 0x4249, 0x4249, 0x4249, 0x4249, 0x4249, 0x4249, 0x4249, 0x4249, 0x4249,
  0x424A, 0x424A, 0x4249, 0x4249, 0x424A, 0x424A, 0x4249, 0x4249, 0x4249, 0x4249, 0x4249, 0x4249,
  0x4249, 0x4249, 0x4249, 0x4249, 0x4249, 0x424A, 0x4249, 0x4249, 0x4249, 0x424A, 0x4249, 0x4249,
  0x4249, 0x4249, 0x4249, 0x4249, 0x4249, 0x424A, 0x4249, 0x4249, 0x424A, 0x4249, 0x4249, 0x424A,
  0x4249, 0x4249, 0x424A, 0x424A, 0x4249, 0x424A, 0x4249, 0x4249, 0x424A, 0x4249, 0x424A, 0x4249,
  0x4249, 0x4249, 0x424A, 0x4249, 0x4249, 0x4249, 0x4249, 0x424A, 0x4249, 0x424A, 0x4249, 0x4249,
  0x4249, 0x4249, 0x4249, 0x424A, 0x4249, 0x4249, 0x424A, 0x4249, 0x4249, 0x424A, 0x4249, 0x4249,
  0x4249, 0x4249, 0x424A, 0x4249, 0x424A, 0x4249, 0x4249, 0x4249, 0x4249, 0x4249, 0x424A, 0x4249,
  0x4249, 0x4249, 0x424A, 0x4249, 0x4249, 0x4249, 0x424A, 0x4249, 0x4249, 0x4249, 0x4249, 0x424A,
  0x424A, 0x4249, 0x4249, 0x4249, 0x4249, 0x424A, 0x4249, 0x4249, 0x424A, 0x4249, 0x4249, 0x424A,
  0x4249, 0x4249, 0x4249, 0x424A, 0x4249, 0x4249, 0x4249, 0x4249, 0x4249, 0x4249, 0x4249, 0x424A,
  0x424A, 0x4249, 0x424A, 0x3A29, 0x2125, 0x10C3, 0x18A3, 0x10A3, 0x10A3, 0x18A3, 0x18C3, 0x18E4,
  0x62CC, 0x9410, 0x9BC9, 0x9C2A, 0xA48D, 0x9B2A, 0x940F, 0x6B4C, 0x52A9, 0x5AAA, 0x52AA, 0x52A9,
  0x5AA9, 0x52A9, 0x5289, 0x2965, 0x39E8, 0x4249, 0x4249, 0x4249, 0x4249, 0x4249, 0x4249, 0x424A,
  0x4249, 0x424A, 0x4249, 0x4249, 0x4249, 0x424A, 0x4249, 0x424A, 0x4249, 0x4249, 0x4249, 0x424A,
  0x4249, 0x424A, 0x4249, 0x4249, 0x424A, 0x424A, 0x4249, 0x4249, 0x4249, 0x4249, 0x4249, 0x4249,
  0x4229, 0x3186, 0x2965, 0x2965, 0x2945, 0x2965, 0x3165, 0x2965, 0x2965, 0x2965, 0x2965, 0x2965,
  0x2965, 0x31A6, 0x4249, 0x4249, 0x4249, 0x4249, 0x4249, 0x424A, 0x4249, 0x424A, 0x4249, 0x4249,
  0x4249, 0x4249, 0x424A, 0x4249, 0x4249, 0x4249, 0x4249, 0x4249, 0x424A, 0x4249, 0x424A, 0x4249,
  0x424A, 0x4249, 0x4249, 0x424A, 0x4249, 0x424A, 0x4249, 0x4249, 0x4249, 0x4249, 0x4249, 0x4249,
  0x424A, 0x4249, 0x4249, 0x4249, 0x3A08, 0x2966, 0x18E3, 0x1082, 0x2124, 0x41E7, 0x5289, 0x52A9,
  0x52A9, 0x52A9, 0x52A9, 0x5289, 0x39C7, 0x20E3, 0x2145, 0x39C8, 0x4249, 0x4249, 0x4249, 0x4249,
  0x4249, 0x4249, 0x4249, 0x4249, 0x424A, 0x424A, 0x4249, 0x4249, 0x424A, 0x424A, 0x4249, 0x4249,
  0x4249, 0x4249, 0x4249, 0x4249, 0x4249, 0x4249, 0x4249, 0x4249, 0x4249, 0x424A, 0x4249, 0x4249,
  0x4249, 0x424A, 0x4249, 0x4249, 0x4249, 0x4249, 0x4249, 0x4249, 0x4249, 0x424A, 0x4249, 0x4249,
  0x424A, 0x4249, 0x4249, 0x424A, 0x4249, 0x4249, 0x424A, 0x424A, 0x4249, 0x424A, 0x4249, 0x4249,
  0x424A, 0x4249, 0x424A, 0x4249, 0x4249, 0x4249, 0x424A, 0x4249, 0x4249, 0x4249, 0x4249, 0x424A,
  0x4249, 0x424A, 0x4249, 0x4249, 0x4249, 0x424A, 0x4249, 0x4249, 0x4249, 0x4249, 0x4249, 0x4249,
  0x4249, 0x4249, 0x4249, 0x4249, 0x4249, 0x4249, 0x424A, 0x424A, 0x4249, 0x4249, 0x4249, 0x4249,
  0x4249, 0x4249, 0x4249, 0x4249, 0x4249, 0x424A, 0x4249, 0x4249, 0x424A, 0x424A, 0x4249, 0x4249,
  0x424A, 0x4249, 0x4249, 0x4249, 0x4249, 0x4249, 0x424A, 0x4249, 0x4249, 0x4249, 0x4249, 0x4249,
  0x4249, 0x4249, 0x4249, 0x424A, 0x4249, 0x4249, 0x4249, 0x424A, 0x4249, 0x4249, 0x4249, 0x4249,
  0x424A, 0x4249, 0x424A, 0x4249, 0x4249, 0x4249, 0x4249, 0x424A, 0x424A, 0x4249, 0x424A, 0x4249,
  0x4249, 0x424A, 0x4249, 0x4249, 0x4249, 0x4249, 0x424A, 0x4249, 0x4249, 0x4249, 0x4249, 0x4249,
  0x4249, 0x4249, 0x4249, 0x4249, 0x424A, 0x4249, 0x4249, 0x424A, 0x4249, 0x4249, 0x4249, 0x4249,
  0x4249, 0x4249, 0x4249, 0x424A, 0x4249, 0x4249, 0x4249, 0x4249, 0x4249, 0x4249, 0x424A, 0x4249,
  0x424A, 0x4249, 0x4249, 0x4249, 0x4249, 0x4249, 0x424A, 0x4249, 0x4249, 0x424A, 0x4249, 0x4249,
  0x4249, 0x424A, 0x4249, 0x4249, 0x4249, 0x424A, 0x4249, 0x4249, 0x4249, 0x424A, 0x4229, 0x2966,
  0x10C3, 0x18C3, 0x10C3, 0x10C3, 0x18C3, 0x10C3, 0x18C4, 0x5A6A, 0x9411, 0x9BCA, 0x9C09, 0xA4AD,
  0x9B4A, 0xA430, 0xA533, 0x630B, 0x52A9, 0x5AA9, 0x52A9, 0x5AAA, 0x52AA, 0x5289, 0x3185, 0x31C7,
  0x4249, 0x424A, 0x4249, 0x424A, 0x424A, 0x4249, 0x4249, 0x4249, 0x4249, 0x4249, 0x4249, 0x4249,
  0x4249, 0x424A, 0x4249, 0x4249, 0x4249, 0x424A, 0x4249, 0x4249, 0x4249, 0x4249, 0x4249, 0x424A,
  0x4249, 0x4249, 0x4249, 0x424A, 0x4249, 0x4249, 0x424A, 0x4249, 0x31E7, 0x2944, 0x2965, 0x2965,
  0x2965, 0x3165, 0x2965, 0x2965, 0x2945, 0x3165, 0x2965, 0x2965, 0x3165, 0x3A08, 0x424A, 0x424A,
  0x424A, 0x4249, 0x4249, 0x424A, 0x4249, 0x4249, 0x4249, 0x424A, 0x4249, 0x4249, 0x4249, 0x4249,
  0x4249, 0x424A, 0x424A, 0x4249, 0x424A, 0x4249, 0x4249, 0x4249, 0x424A, 0x4249, 0x4249, 0x4249,
  0x4249, 0x4249, 0x4249, 0x4249, 0x4249, 0x424A, 0x4249, 0x4249, 0x424A, 0x4249, 0x4249, 0x4249,
  0x424A, 0x4249, 0x3A08, 0x2986, 0x18C3, 0x08A2, 0x2104, 0x39E7, 0x4A69, 0x52A9, 0x52A9, 0x5289,
  0x3185, 0x1903, 0x10A2, 0x10C2, 0x31C7, 0x4249, 0x4249, 0x4249, 0x4249, 0x424A, 0x4249, 0x4249,
  0x4249, 0x4249, 0x4249, 0x4249, 0x4249, 0x4249, 0x4249, 0x4249, 0x4249, 0x4249, 0x424A, 0x424A,
  0x4249, 0x4249, 0x4249, 0x4249, 0x4249, 0x4249, 0x4249, 0x4249, 0x4249, 0x424A, 0x4249, 0x4249,
  0x424A, 0x424A, 0x4249, 0x4249, 0x424A, 0x4249, 0x4249, 0x4249, 0x4249, 0x4249, 0x424A, 0x4249,
  0x4249, 0x4249, 0x4249, 0x4249, 0x4249, 0x4249, 0x4249, 0x424A, 0x4249, 0x4249, 0x4249, 0x424A,
  0x4249, 0x4249, 0x4249, 0x4249, 0x424A, 0x4249, 0x424A, 0x4249, 0x4249, 0x4249, 0x4249, 0x424A,
  0x4249, 0x4249, 0x4249, 0x4249, 0x4249, 0x4249, 0x424A, 0x4249, 0x4249, 0x424A, 0x424A, 0x4249,
  0x4249, 0x4249, 0x4249, 0x4249, 0x4249, 0x424A, 0x424A, 0x4249, 0x4249, 0x4249, 0x424A, 0x4249,
  0x424A, 0x4249, 0x4249, 0x4249, 0x4249, 0x4249, 0x4249, 0x4249, 0x4249, 0x4249, 0x4249, 0x424A,
  0x424A, 0x4249, 0x4249, 0x4249, 0x424A, 0x4249, 0x4249, 0x4249, 0x4249, 0x424A, 0x4249, 0x4249,
  0x4249, 0x4249, 0x4249, 0x424A, 0x4249, 0x4249, 0x424A, 0x4249, 0x4249, 0x4249, 0x4249, 0x4249,
  0x424A, 0x4249, 0x4249, 0x4249, 0x4249, 0x4249, 0x424A, 0x4249, 0x4249, 0x4249, 0x4249, 0x424A,
  0x4249, 0x4249, 0x4249, 0x4249, 0x4249, 0x4249, 0x424A, 0x4249, 0x4249, 0x4249, 0x424A, 0x424A,
  0x4249, 0x4249, 0x4249, 0x4249, 0x4249, 0x424A, 0x4249, 0x4249, 0x4249, 0x424A, 0x4249, 0x4249,
  0x4249, 0x4249, 0x4249, 0x4249, 0x424A, 0x4249, 0x4249, 0x4249, 0x4249, 0x4249, 0x424A, 0x4249,
  0x4249, 0x4249, 0x424A, 0x4249, 0x4249, 0x4249, 0x4249, 0x4249, 0x4249, 0x4249, 0x4249, 0x4249,
  0x4249, 0x4A49, 0x4A69, 0x4A49, 0x4A69, 0x4A69, 0x4228, 0x2124, 0x18C3, 0x2128, 0x298B, 0x1927,
  0x10A3, 0x18C4, 0x4A09, 0x93F0, 0x93CC, 0x9BE9, 0xACAD, 0x9B8A, 0x9BCE, 0xAD54, 0x5AEB, 0x2965,
  0x4A68, 0x52A9, 0x52A9, 0x52A9, 0x52A9, 0x39C6, 0x31A7, 0x4249, 0x424A, 0x4249, 0x4249, 0x4249,
  0x4249, 0x4249, 0x4249, 0x4249, 0x4249, 0x424A, 0x4249, 0x4249, 0x4249, 0x4249, 0x4249, 0x4249,
  0x4249, 0x4249, 0x4249, 0x424A, 0x4249, 0x4249, 0x4249, 0x424A, 0x4249, 0x4249, 0x4249, 0x4249,
  0x4249, 0x4249, 0x4249, 0x4229, 0x2945, 0x20E3, 0x2123, 0x2924, 0x2965, 0x2965, 0x2965, 0x3165,
  0x2965, 0x3165, 0x2965, 0x2965, 0x31A6, 0x4249, 0x4249, 0x4249, 0x4249, 0x4249, 0x4249, 0x4249,
  0x4249, 0x4249, 0x4249, 0x424A, 0x4249, 0x4249, 0x4249, 0x4249, 0x4249, 0x4249, 0x4249, 0x4249,
  0x4249, 0x4249, 0x4249, 0x4249, 0x4249, 0x4249, 0x4249, 0x4249, 0x424A, 0x4249, 0x424A, 0x4249,
  0x4249, 0x4249, 0x4249, 0x4249, 0x4249, 0x4249, 0x4249, 0x4249, 0x4249, 0x4249, 0x4249, 0x4249,
  0x3A09, 0x29A6, 0x1904, 0x1082, 0x2124, 0x39E7, 0x4A69, 0x4A28, 0x2124, 0x18C2, 0x1082, 0x18E4,
  0x3A08, 0x424A, 0x4249, 0x4249, 0x4249, 0x4249, 0x4249, 0x4249, 0x4249, 0x4249, 0x424A, 0x4249,
  0x4249, 0x424A, 0x424A, 0x4249, 0x4249, 0x4249, 0x4249, 0x4249, 0x4249, 0x424A, 0x424A, 0x4249,
  0x4249, 0x4249, 0x424A, 0x4249, 0x424A, 0x4249, 0x4249, 0x4249, 0x4249, 0x4249, 0x4249, 0x4249,
  0x4249, 0x4249, 0x4249, 0x424A, 0x424A, 0x4249, 0x4249, 0x4249, 0x424A, 0x4249, 0x4249, 0x4249,
  0x4249, 0x424A, 0x4249, 0x4249, 0x4249, 0x4249, 0x4249, 0x424A, 0x4249, 0x4249, 0x424A, 0x4249,
  0x4249, 0x4249, 0x4249, 0x4249, 0x424A, 0x4249, 0x4249, 0x4249, 0x4249, 0x4249, 0x424A, 0x4249,
  0x424A, 0x424A, 0x4249, 0x4249, 0x4249, 0x4249, 0x4249, 0x424A, 0x4249, 0x4249, 0x424A, 0x4249,
  0x4249, 0x4249, 0x4249, 0x4249, 0x4249, 0x424A, 0x4249, 0x4249, 0x4249, 0x4249, 0x424A, 0x4249,
  0x4249, 0x424A, 0x4249, 0x4249, 0x424A, 0x4249, 0x4249, 0x4249, 0x4249, 0x4249, 0x4249, 0x4249,
  0x4249, 0x4249, 0x4249, 0x4249, 0x4249, 0x424A, 0x4249, 0x4249, 0x4249, 0x424A, 0x4249, 0x4249,
  0x424A, 0x4249, 0x4249, 0x4249, 0x4249, 0x4249, 0x4249, 0x4249, 0x4249, 0x4249, 0x4249, 0x4249,
  0x4249, 0x4249, 0x4249, 0x4249, 0x424A, 0x4249, 0x4249, 0x4249, 0x4249, 0x4249, 0x424A, 0x4249,
  0x4249, 0x424A, 0x4249, 0x4249, 0x4249, 0x4249, 0x4249, 0x4249, 0x4249, 0x424A, 0x424A, 0x4249,
  0x4249, 0x4249, 0x424A, 0x4249, 0x4249, 0x4249, 0x4249, 0x4249, 0x4249, 0x4249, 0x424A, 0x4249,
  0x4249, 0x4249, 0x424A, 0x4249, 0x4249, 0x424A, 0x4249, 0x4249, 0x424A, 0x4249, 0x4249, 0x4A69,
  0x52AA, 0x52AA, 0x4A69, 0x4A69, 0x4A69, 0x4A89, 0x4A89, 0x4A69, 0x5269, 0x5289, 0x5289, 0x5289,
  0x5289, 0x5289, 0x5269, 0x4229, 0x298A, 0x3A30, 0x4271, 0x3A2F, 0x2149, 0x39A7, 0x8BD0, 0x93ED,
  0x9BE8, 0xA4AD, 0x9BCB, 0x9B8D, 0xAD54, 0x736D, 0x18E4, 0x1082, 0x2125, 0x4A48, 0x5AAA, 0x52A9,
  0x39E7, 0x2986, 0x4249, 0x4249, 0x4249, 0x4249, 0x424A, 0x4249, 0x4249, 0x4249, 0x4249, 0x424A,
  0x4249, 0x4249, 0x424A, 0x424A, 0x4249, 0x424A, 0x4249, 0x424A, 0x424A, 0x4249, 0x4249, 0x4249,
  0x4249, 0x4249, 0x4249, 0x4249, 0x4249, 0x4249, 0x4249, 0x424A, 0x424A, 0x424A, 0x4249, 0x39E8,
  0x2104, 0x18C3, 0x18E3, 0x18E3, 0x2124, 0x2944, 0x2945, 0x2965, 0x2965, 0x2965, 0x2965, 0x3165,
  0x3A08, 0x4249, 0x424A, 0x4249, 0x4249, 0x4249, 0x4249, 0x4249, 0x4249, 0x424A, 0x4249, 0x4249,
  0x4249, 0x4249, 0x424A, 0x424A, 0x4249, 0x4249, 0x4249, 0x4249, 0x424A, 0x4249, 0x424A, 0x4249,
  0x4249, 0x424A, 0x4249, 0x4249, 0x4249, 0x4249, 0x4249, 0x4249, 0x4249, 0x424A, 0x4249, 0x4249,
  0x424A, 0x4249, 0x4249, 0x4249, 0x4249, 0x424A, 0x4249, 0x424A, 0x4249, 0x4249, 0x3A29, 0x29A6,
  0x1903, 0x0881, 0x1903, 0x2104, 0x20E3, 0x10A2, 0x1081, 0x2986, 0x4249, 0x4249, 0x4249, 0x424A,
  0x4249, 0x4249, 0x424A, 0x4249, 0x424A, 0x424A, 0x4249, 0x4249, 0x4249, 0x4249, 0x4249, 0x424A,
  0x4249, 0x4249, 0x424A, 0x4249, 0x4249, 0x4249, 0x4249, 0x4249, 0x4249, 0x424A, 0x4249, 0x4249,
  0x4249, 0x4249, 0x424A, 0x4249, 0x4249, 0x424A, 0x4249, 0x4249, 0x424A, 0x4249, 0x4249, 0x4249,
  0x4249, 0x4249, 0x4249, 0x4249, 0x4249, 0x4249, 0x4249, 0x4249, 0x4249, 0x424A, 0x4249, 0x4249,
  0x4249, 0x424A, 0x4249, 0x4249, 0x424A, 0x4249, 0x4249, 0x4249, 0x4249, 0x4249, 0x4249, 0x4249,
  0x4249, 0x4249, 0x4249, 0x4249, 0x4249, 0x4249, 0x4249, 0x4249, 0x4249, 0x4249, 0x4249, 0x4249,
  0x424A, 0x4249, 0x4249, 0x4249, 0x424A, 0x4249, 0x4249, 0x4249, 0x4249, 0x4249, 0x424A, 0x4249,
  0x4249, 0x4249, 0x4249, 0x4249, 0x424A, 0x4249, 0x4249, 0x4249, 0x4249, 0x4249, 0x4249, 0x4249,
  0x4249, 0x4249, 0x4249, 0x424A, 0x4249, 0x4249, 0x424A, 0x424A, 0x4249, 0x4249, 0x4249, 0x4249,
  0x424A, 0x4249, 0x4249, 0x4249, 0x424A, 0x4249, 0x4249, 0x4249, 0x4249, 0x4249, 0x4249, 0x4249,
  0x424A, 0x424A, 0x4249, 0x424A, 0x4249, 0x424A, 0x4249, 0x4249, 0x4249, 0x4249, 0x4249, 0x4249,
  0x4249, 0x4249, 0x4249, 0x4249, 0x424A, 0x4249, 0x4249, 0x4249, 0x424A, 0x4249, 0x4249, 0x4249,
  0x424A, 0x4249, 0x424A, 0x4249, 0x4249, 0x4249, 0x4249, 0x4249, 0x4249, 0x4249, 0x4249, 0x424A,
  0x4249, 0x4249, 0x4249, 0x424A, 0x424A, 0x4249, 0x4249, 0x4249, 0x424A, 0x4249, 0x4249, 0x424A,
  0x4249, 0x4249, 0x4249, 0x4249, 0x4249, 0x4249, 0x4A6A, 0x5AEB, 0x6B4C, 0x7BEE, 0x7BEE, 0x52AA,
  0x5289, 0x5289, 0x5289, 0x5289, 0x5289, 0x5289, 0x5289, 0x5289, 0x5289, 0x4A6A, 0x426E, 0x4270,
  0x4271, 0x4291, 0x4291, 0x4291, 0x3A50, 0x6B2F, 0x93EE, 0x9BC8, 0xA48C, 0x9BEB, 0x9B4C, 0xAD33,
  0x83EF, 0x2124, 0x1062, 0x1083, 0x10A3, 0x2104, 0x4228, 0x4227, 0x2945, 0x4229, 0x4249, 0x4249,
  0x4249, 0x4249, 0x4249, 0x4249, 0x424A, 0x4249, 0x424A, 0x4249, 0x4249, 0x4249, 0x4249, 0x4249,
  0x4249, 0x4249, 0x4249, 0x4249, 0x4249, 0x4249, 0x4249, 0x424A, 0x424A, 0x4249, 0x424A, 0x4249,
  0x4249, 0x424A, 0x4249, 0x4249, 0x4249, 0x4249, 0x4249, 0x4229, 0x39E8, 0x2965, 0x1903, 0x2104,
  0x3164, 0x2103, 0x2104, 0x2944, 0x2965, 0x2965, 0x2965, 0x31A6, 0x4229, 0x4249, 0x424A, 0x4249,
  0x4249, 0x424A, 0x4249, 0x4249, 0x424A, 0x4249, 0x4249, 0x4249, 0x424A, 0x4249, 0x4249, 0x4249,
  0x4249, 0x424A, 0x4249, 0x4249, 0x4249, 0x4249, 0x4249, 0x4249, 0x4249, 0x424A, 0x4249, 0x4249,
  0x4249, 0x4249, 0x424A, 0x4249, 0x424A, 0x4249, 0x4249, 0x424A, 0x4249, 0x4249, 0x424A, 0x424A,
  0x4249, 0x424A, 0x4249, 0x4249, 0x4249, 0x4249, 0x4249, 0x4249, 0x3A29, 0x31A7, 0x2103, 0x0881,
  0x1082, 0x10A2, 0x18E3, 0x3A09, 0x4249, 0x4249, 0x4249, 0x424A, 0x4249, 0x4249, 0x4249, 0x4249,
  0x4249, 0x4249, 0x4249, 0x4249, 0x424A, 0x4249, 0x4249, 0x4249, 0x424A, 0x4249, 0x4249, 0x4249,
  0x4249, 0x4249, 0x424A, 0x4249, 0x4249, 0x4249, 0x4249, 0x4249, 0x424A, 0x4249, 0x4249, 0x4249,
  0x4249, 0x4249, 0x4249, 0x4249, 0x4249, 0x4249, 0x4249, 0x424A, 0x4249, 0x4249, 0x424A, 0x424A,
  0x4249, 0x4249, 0x4249, 0x4249, 0x424A, 0x4249, 0x4249, 0x4249, 0x424A, 0x4249, 0x4249, 0x4249,
  0x4249, 0x4249, 0x4249, 0x4249, 0x424A, 0x424A, 0x4249, 0x424A, 0x4249, 0x424A, 0x4249, 0x4249,
  0x424A, 0x4249, 0x4249, 0x424A, 0x4249, 0x4249, 0x4249, 0x4249, 0x4249, 0x4249, 0x4249, 0x424A,
  0x4249, 0x4249, 0x4249, 0x4249, 0x4249, 0x424A, 0x4249, 0x4249, 0x4249, 0x4249, 0x424A, 0x4249,
  0x4249, 0x4249, 0x4249, 0x424A, 0x4249, 0x4249, 0x424A, 0x4249, 0x424A, 0x4249, 0x4249, 0x4249,
  0x4249, 0x424A, 0x4249, 0x4249, 0x4249, 0x4249, 0x424A, 0x424A, 0x4249, 0x4249, 0x4249, 0x4249,
  0x4249, 0x4249, 0x4249, 0x424A, 0x4249, 0x4249, 0x424A, 0x4249, 0x424A, 0x4249, 0x4249, 0x4249,
  0x4249, 0x4249, 0x4249, 0x424A, 0x424A, 0x424A, 0x4249, 0x4249, 0x4249, 0x4249, 0x424A, 0x4249,
  0x4249, 0x424A, 0x4249, 0x4249, 0x4249, 0x4249, 0x4249, 0x4249, 0x4249, 0x4249, 0x424A, 0x4249,
  0x4249, 0x4249, 0x4249, 0x424A, 0x4249, 0x4249, 0x4249, 0x424A, 0x4249, 0x4249, 0x4249, 0x4249,
  0x4249, 0x424A, 0x4249, 0x4249, 0x4249, 0x4249, 0x4249, 0x4249, 0x4249, 0x4249, 0x4249, 0x4249,
  0x4249, 0x4229, 0x52AA, 0x630B, 0x630B, 0x632B, 0x83EF, 0x840F, 0x5289, 0x5289, 0x5289, 0x5289,
  0x5289, 0x5AEB, 0x6B6D, 0x7BEF, 0x8430, 0x8431, 0x7BF2, 0x6B92, 0x5311, 0x4291, 0x4271, 0x4271,
  0x4271, 0x4A91, 0x7B2C, 0x9C4C, 0xA42C, 0x9B2B, 0xACF3, 0x8C50, 0x2965, 0x1083, 0x10A3, 0x10C3,
  0x10A3, 0x18C3, 0x18E4, 0x2124, 0x3A09, 0x424A, 0x4249, 0x424A, 0x4249, 0x424A, 0x4249, 0x4249,
  0x4249, 0x424A, 0x4249, 0x4249, 0x4249, 0x4249, 0x4249, 0x4249, 0x424A, 0x4249, 0x4249, 0x4249,
  0x4249, 0x424A, 0x4249, 0x4249, 0x4249, 0x4249, 0x4249, 0x4249, 0x4249, 0x4249, 0x4249, 0x4249,
  0x4249, 0x4249, 0x4249, 0x424A, 0x4249, 0x4229, 0x39E8, 0x5A45, 0x7A86, 0x5207, 0x2123, 0x18E3,
  0x2103, 0x2924, 0x3165, 0x3A08, 0x4249, 0x4249, 0x4249, 0x4249, 0x4249, 0x4249, 0x424A, 0x4249,
  0x4249, 0x4249, 0x4249, 0x4249, 0x4249, 0x4249, 0x4249, 0x4249, 0x424A, 0x4249, 0x424A, 0x4249,
  0x424A, 0x4249, 0x4249, 0x4249, 0x4249, 0x4249, 0x4249, 0x424A, 0x4249, 0x4249, 0x424A, 0x4249,
  0x4249, 0x4249, 0x4249, 0x4249, 0x424A, 0x4249, 0x4249, 0x4249, 0x4249, 0x4249, 0x4249, 0x4249,
  0x424A, 0x4249, 0x4249, 0x4249, 0x424A, 0x4249, 0x4229, 0x31A7, 0x1904, 0x10C3, 0x2966, 0x4249,
  0x4249, 0x4249, 0x4249, 0x4249, 0x424A, 0x4249, 0x4249, 0x424A, 0x4249, 0x4249, 0x4249, 0x4249,
  0x4249, 0x4249, 0x4249, 0x424A, 0x4249, 0x4249, 0x4249, 0x4249, 0x4249, 0x424A, 0x4249, 0x4249,
  0x4249, 0x4249, 0x424A, 0x4249, 0x4249, 0x4249, 0x4249, 0x424A, 0x4249, 0x4249, 0x424A, 0x4249,
  0x424A, 0x4249, 0x4249, 0x4249, 0x4249, 0x424A, 0x4249, 0x4249, 0x4249, 0x4249, 0x424A, 0x424A,
  0x4249, 0x4249, 0x4249, 0x4249, 0x4249, 0x4249, 0x4249, 0x424A, 0x4249, 0x4249, 0x424A, 0x4249,
  0x424A, 0x4249, 0x4249, 0x4249, 0x4249, 0x4249, 0x4249, 0x424A, 0x4249, 0x4249, 0x424A, 0x4249,
  0x4249, 0x4249, 0x4249, 0x424A, 0x4249, 0x4249, 0x4249, 0x4249, 0x4249, 0x424A, 0x4249, 0x424A,
  0x4249, 0x4249, 0x4249, 0x424A, 0x4249, 0x4249, 0x4249, 0x424A, 0x4249, 0x4249, 0x424A, 0x4249,
  0x4249, 0x4249, 0x4249, 0x4249, 0x4249, 0x4249, 0x424A, 0x4249, 0x4249, 0x4249, 0x4249, 0x4249,
  0x424A, 0x4249, 0x4249, 0x4249, 0x4249, 0x4249, 0x4249, 0x424A, 0x424A, 0x4249, 0x4249, 0x4249,
  0x424A, 0x4249, 0x4249, 0x4249, 0x4249, 0x4249, 0x4249, 0x4249, 0x4249, 0x424A, 0x4249, 0x4249,
  0x4249, 0x4249, 0x424A, 0x4249, 0x424A, 0x4249, 0x424A, 0x4249, 0x4249, 0x4249, 0x4249, 0x4249,
  0x4249, 0x4249, 0x4249, 0x4249, 0x4249, 0x424A, 0x4249, 0x4249, 0x4249, 0x424A, 0x4249, 0x4249,
  0x4249, 0x4249, 0x4249, 0x424A, 0x4249, 0x4249, 0x424A, 0x4249, 0x4249, 0x4249, 0x424A, 0x4249,
  0x4249, 0x424A, 0x424A, 0x4249, 0x4249, 0x424A, 0x4249, 0x424A, 0x4249, 0x4249, 0x630B, 0x630B,
  0x630B, 0x632B, 0x630B, 0x8C50, 0x83EF, 0x842F, 0x9491, 0x8C50, 0x94B2, 0xAD55, 0xB5B6, 0xBDD6,
  0xBDD6, 0xBDD6, 0xBDD6, 0xB5B6, 0xAD75, 0x94B4, 0x6BB2, 0x4AB1, 0x4291, 0x4291, 0x4291, 0x734F,
  0x930B, 0xA4B2, 0x9CD2, 0x39C7, 0x08A2, 0x1083, 0x10C3, 0x18A3, 0x18C3, 0x10A3, 0x18E3, 0x39E8,
  0x4249, 0x4249, 0x4249, 0x4249, 0x4249, 0x4249, 0x4249, 0x4249, 0x424A, 0x4249, 0x4249, 0x424A,
  0x4249, 0x424A, 0x424A, 0x4249, 0x4249, 0x4249, 0x4249, 0x4249, 0x4249, 0x4249, 0x424A, 0x4249,
  0x424A, 0x4249, 0x4249, 0x424A, 0x4249, 0x424A, 0x4249, 0x4249, 0x424A, 0x424A, 0x4249, 0x4249,
  0x4249, 0x4249, 0x4A69, 0x7B07, 0x82A8, 0x62A9, 0x2924, 0x18E3, 0x18E3, 0x20E3, 0x2965, 0x4249,
  0x424A, 0x4249, 0x4249, 0x424A, 0x4249, 0x4249, 0x4249, 0x4249, 0x424A, 0x4249, 0x424A, 0x4249,
  0x4249, 0x4249, 0x424A, 0x4249, 0x4249, 0x4249, 0x4249, 0x4249, 0x4249, 0x424A, 0x4249, 0x424A,
  0x4249, 0x4249, 0x424A, 0x4249, 0x4249, 0x424A, 0x4249, 0x4249, 0x4249, 0x424A, 0x4249, 0x424A,
  0x4249, 0x4249, 0x4249, 0x4249, 0x424A, 0x4249, 0x4249, 0x4249, 0x424A, 0x4249, 0x4249, 0x424A,
  0x4249, 0x424A, 0x4249, 0x4249, 0x3A29, 0x31C7, 0x3A08, 0x4249, 0x424A, 0x4249, 0x4249, 0x4249,
  0x4249, 0x4249, 0x424A, 0x4249, 0x4249, 0x4249, 0x4249, 0x424A, 0x4249, 0x4249, 0x4249, 0x4249,
  0x4249, 0x424A, 0x4249, 0x424A, 0x4249, 0x4249, 0x4249, 0x424A, 0x4249, 0x4249, 0x4249, 0x424A,
  0x4249, 0x4249, 0x424A, 0x4249, 0x4249, 0x4249, 0x4249, 0x4249, 0x4249, 0x4249, 0x424A, 0x4249,
  0x4249, 0x4249, 0x4249, 0x4249, 0x424A, 0x4249, 0x4249, 0x4249, 0x4249, 0x4249, 0x4249, 0x424A,
  0x424A, 0x4249, 0x4249, 0x4249, 0x424A, 0x4249, 0x4249, 0x4249, 0x4249, 0x4249, 0x4249, 0x4249,
  0x4249, 0x424A, 0x4249, 0x4249, 0x4249, 0x4249, 0x4249, 0x424A, 0x4249, 0x424A, 0x4249, 0x4249,
  0x424A, 0x4249, 0x424A, 0x4249, 0x4249, 0x4249, 0x4249, 0x4249, 0x4249, 0x4249, 0x4249, 0x4249,
  0x4249, 0x4249, 0x424A, 0x4249, 0x4249, 0x4249, 0x4249, 0x4249, 0x424A, 0x4249, 0x4249, 0x424A,
  0x4249, 0x4249, 0x4249, 0x424A, 0x4249, 0x4249, 0x4249, 0x4249, 0x4249, 0x4249, 0x4249, 0x4249,
  0x424A, 0x4249, 0x4249, 0x424A, 0x4249, 0x4249, 0x4249, 0x4249, 0x4249, 0x4249, 0x4249, 0x424A,
  0x4249, 0x4249, 0x4249, 0x424A, 0x424A, 0x4249, 0x4249, 0x4249, 0x4249, 0x4249, 0x4249, 0x4249,
  0x4249, 0x4249, 0x4249, 0x4249, 0x424A, 0x4249, 0x4249, 0x424A, 0x424A, 0x4249, 0x424A, 0x424A,
  0x4249, 0x4249, 0x4249, 0x4249, 0x4249, 0x424A, 0x4249, 0x4249, 0x4249, 0x4249, 0x4249, 0x4249,
  0x4249, 0x4249, 0x4249, 0x424A, 0x4249, 0x4249, 0x4249, 0x4249, 0x4249, 0x424A, 0x4249, 0x4249,
  0x4249, 0x4249, 0x4249, 0x4249, 0x4A6A, 0x52A9, 0x630B, 0x632B, 0x6B2B, 0x6B2B, 0x632B, 0x840F,
  0xBDD6, 0xC637, 0xBDD7, 0xB5B6, 0xBDD6, 0xBDD6, 0xBDD6, 0xBDD6, 0xBDD6, 0xBDD6, 0xBDF6, 0xBDD6,
  0xBDD6, 0xBDD6, 0xB5B6, 0x9CD4, 0x6352, 0x4271, 0x4291, 0x4271, 0x6B10, 0x94B2, 0x4228, 0x10A3,
  0x1083, 0x1883, 0x10A3, 0x18C3, 0x18A3, 0x18E3, 0x31E8, 0x4249, 0x424A, 0x4249, 0x4249, 0x4249,
  0x4249, 0x424A, 0x424A, 0x4249, 0x4249, 0x4249, 0x4249, 0x4249, 0x4249, 0x4249, 0x4249, 0x4249,
  0x4249, 0x424A, 0x4249, 0x424A, 0x424A, 0x4249, 0x4249, 0x4249, 0x4249, 0x4249, 0x4249, 0x4249,
  0x4249, 0x4249, 0x424A, 0x4249, 0x4249, 0x4249, 0x4249, 0x4249, 0x424A, 0x424A, 0x6288, 0x82C7,
  0x7AEA, 0x528A, 0x3A08, 0x2986, 0x2104, 0x1904, 0x39E8, 0x4249, 0x424A, 0x4249, 0x4249, 0x4249,
  0x424A, 0x4249, 0x424A, 0x4249, 0x4249, 0x4249, 0x4249, 0x4249, 0x4249, 0x424A, 0x4249, 0x424A,
  0x4249, 0x4249, 0x4249, 0x4249, 0x4249, 0x4249, 0x4249, 0x4249, 0x4249, 0x4249, 0x4249, 0x4249,
  0x4249, 0x4249, 0x4249, 0x4249, 0x4249, 0x4249, 0x4249, 0x4249, 0x4249, 0x424A, 0x4249, 0x4249,
  0x4249, 0x424A, 0x4249, 0x4249, 0x4249, 0x4249, 0x4249, 0x424A, 0x4249, 0x4249, 0x4249, 0x424A,
  0x4249, 0x424A, 0x4249, 0x4249, 0x4249, 0x424A, 0x4249, 0x424A, 0x4249, 0x4249, 0x4249, 0x424A,
  0x4249, 0x424A, 0x4249, 0x4249, 0x424A, 0x4249, 0x424A, 0x4249, 0x4249, 0x4249, 0x4249, 0x4249,
  0x4249, 0x4249, 0x4249, 0x4249, 0x4249, 0x4249, 0x424A, 0x4249, 0x4249, 0x4249, 0x4249, 0x4249,
  0x424A, 0x4249, 0x4249, 0x424A, 0x4249, 0x4249, 0x4249, 0x424A, 0x4249, 0x4249, 0x4249, 0x4249,
  0x4249, 0x4249, 0x4249, 0x4249, 0x424A, 0x4249, 0x4249, 0x424A, 0x4249, 0x4249, 0x4249, 0x4249,
  0x4249, 0x4249, 0x4249, 0x424A, 0x4249, 0x4249, 0x4249, 0x424A, 0x424A, 0x4249, 0x4249, 0x4249,
  0x4249, 0x4249, 0x4249, 0x4249, 0x4249, 0x424A, 0x4249, 0x4249, 0x4249, 0x424A, 0x4249, 0x4249,
  0x4249, 0x424A, 0x4249, 0x4249, 0x424A, 0x4249, 0x4249, 0x4249, 0x4249, 0x424A, 0x4249, 0x4249,
  0x4249, 0x424A, 0x4249, 0x4249, 0x424A, 0x4249, 0x4249, 0x4249, 0x4249, 0x4249, 0x4249, 0x424A,
  0x4249, 0x4249, 0x424A, 0x424A, 0x4249, 0x424A, 0x4249, 0x4249, 0x4249, 0x4249, 0x4249, 0x4249,
  0x4249, 0x4249, 0x4249, 0x424A, 0x4249, 0x424A, 0x4249, 0x4249, 0x4249, 0x424A, 0x4249, 0x424A,
  0x4249, 0x4249, 0x4249, 0x4249, 0x424A, 0x4249, 0x4249, 0x4249, 0x4249, 0x424A, 0x4249, 0x4249,
  0x4249, 0x4249, 0x4249, 0x4249, 0x4249, 0x4249, 0x4249, 0x4249, 0x424A, 0x4249, 0x4249, 0x424A,
  0x4249, 0x4249, 0x4249, 0x424A, 0x424A, 0x4249, 0x4249, 0x424A, 0x4249, 0x4249, 0x4249, 0x4249,
  0x424A, 0x4249, 0x4249, 0x4249, 0x424A, 0x4249, 0x4249, 0x4249, 0x424A, 0x4249, 0x4249, 0x4A69,
  0x52AA, 0x630B, 0x632B, 0x632B, 0x632B, 0x6B2B, 0x630B, 0x8C50, 0xB595, 0xB5B6, 0xBDD6, 0xBDF6,
  0xBDD6, 0xBDD6, 0xBDF6, 0xBDF6, 0xBDD6, 0xBDF6, 0xBDD6, 0xBDD6, 0xBDD6, 0xBDD6, 0xBDD6, 0xBDD6,
  0xAD75, 0x7BF2, 0x4291, 0x4271, 0x4271, 0x426F, 0x2128, 0x10A3, 0x10C3, 0x18C3, 0x10C3, 0x10C3,
  0x10C3, 0x31A7, 0x4249, 0x4249, 0x4249, 0x424A, 0x424A, 0x4249, 0x4249, 0x4249, 0x4249, 0x4249,
  0x4249, 0x424A, 0x4249, 0x4249, 0x4249, 0x424A, 0x4249, 0x4249, 0x4249, 0x424A, 0x4249, 0x4249,
  0x4249, 0x4249, 0x4249, 0x424A, 0x4249, 0x4249, 0x424A, 0x4249, 0x4249, 0x4249, 0x4249, 0x4249,
  0x4249, 0x4249, 0x424A, 0x4249, 0x4249, 0x4249, 0x5269, 0x6A68, 0x62CA, 0x4A4A, 0x424A, 0x4249,
  0x3A08, 0x31A7, 0x4229, 0x4249, 0x424A, 0x4249, 0x4249, 0x424A, 0x4249, 0x4249, 0x4249, 0x4249,
  0x424A, 0x4249, 0x4249, 0x424A, 0x4249, 0x424A, 0x4249, 0x4249, 0x4249, 0x424A, 0x4249, 0x424A,
  0x4249, 0x424A, 0x4249, 0x4249, 0x4249, 0x4249, 0x424A, 0x4249, 0x424A, 0x4249, 0x4249, 0x424A,
  0x4249, 0x424A, 0x4249, 0x424A, 0x4249, 0x4249, 0x4249, 0x4249, 0x4249, 0x4249, 0x4249, 0x4249,
  0x424A, 0x4249, 0x4249, 0x4249, 0x4249, 0x4249, 0x4249, 0x4249, 0x4249, 0x4249, 0x4249, 0x424A,
  0x4249, 0x4249, 0x4249, 0x4249, 0x4249, 0x4249, 0x4249, 0x4249, 0x4249, 0x424A, 0x4249, 0x4249,
  0x4249, 0x424A, 0x4249, 0x4249, 0x4249, 0x424A, 0x4249, 0x4249, 0x424A, 0x4249, 0x4249, 0x4249,
  0x4249, 0x424A, 0x4249, 0x4249, 0x4249, 0x424A, 0x4249, 0x4249, 0x424A, 0x4249, 0x4249, 0x4249,
  0x4249, 0x4249, 0x4249, 0x424A, 0x4249, 0x4249, 0x424A, 0x424A, 0x4249, 0x424A, 0x4249, 0x4249,
  0x4249, 0x4249, 0x4249, 0x4249, 0x4249, 0x4249, 0x4249, 0x424A, 0x4249, 0x424A, 0x4249, 0x4249,
  0x4249, 0x424A, 0x4249, 0x424A, 0x4249, 0x4249, 0x4249, 0x4249, 0x4249, 0x4249, 0x4249, 0x424A,
  0x4249, 0x4249, 0x4249, 0x4249, 0x4249, 0x4249, 0x4249, 0x4249, 0x4249, 0x4249, 0x424A, 0x4249,
  0x4249, 0x4249, 0x424A, 0x424A, 0x424A, 0x4249, 0x4249, 0x424A, 0x4249, 0x4249, 0x424A, 0x4249,
  0x4249, 0x424A, 0x4249, 0x4249, 0x424A, 0x4249, 0x4249, 0x4249, 0x4249, 0x4249, 0x4249, 0x4249,
  0x4249, 0x4249, 0x4249, 0x424A, 0x4249, 0x424A, 0x4249, 0x4249, 0x4249, 0x424A, 0x4249, 0x4249,
  0x4249, 0x4249, 0x4249, 0x4249, 0x4249, 0x4249, 0x4249, 0x4249, 0x4249, 0x4249, 0x424A, 0x4249,
  0x4249, 0x424A, 0x4249, 0x424A, 0x4249, 0x4249, 0x4249, 0x4249, 0x424A, 0x4249, 0x424A, 0x4249,
  0x4249, 0x4249, 0x4249, 0x4249, 0x4249, 0x4249, 0x424A, 0x4249, 0x4249, 0x4249, 0x4249, 0x4249,
  0x4249, 0x4249, 0x4249, 0x4249, 0x424A, 0x4249, 0x4249, 0x424A, 0x4249, 0x4249, 0x4249, 0x4249,
  0x4249, 0x4249, 0x4249, 0x424A, 0x4249, 0x424A, 0x4249, 0x4A49, 0x5289, 0x73AD, 0x6B2C, 0x632B,
  0x632B, 0x632B, 0x632C, 0x9CF3, 0xB5B6, 0xBDD6, 0xBDD6, 0xBDF6, 0xBDD6, 0xBDF6, 0xBDD6, 0xBDD6,
  0xBDD6, 0xBDD6, 0xBDF6, 0xBDF6, 0xBDF6, 0xBDD6, 0xBDF6, 0xBDD6, 0xBDD6, 0xB595, 0x7C13, 0x4291,
  0x4291, 0x4271, 0x3A2F, 0x2149, 0x10C3, 0x18A3, 0x10A3, 0x10A2, 0x2986, 0x4229, 0x424A, 0x4249,
  0x4249, 0x4249, 0x4249, 0x4249, 0x424A, 0x4249, 0x4249, 0x4249, 0x4249, 0x4249, 0x424A, 0x424A,
  0x4249, 0x4249, 0x4249, 0x4249, 0x424A, 0x4249, 0x4249, 0x4249, 0x4249, 0x4249, 0x4249, 0x4249,
  0x4249, 0x4249, 0x4249, 0x4249, 0x4249, 0x424A, 0x424A, 0x4249, 0x424A, 0x4249, 0x4249, 0x4249,
  0x4249, 0x4249, 0x424A, 0x4249, 0x4249, 0x4249, 0x4249, 0x4249, 0x4249, 0x4249, 0x4249, 0x4249,
  0x4249, 0x4249, 0x4249, 0x424A, 0x4249, 0x4249, 0x4249, 0x424A, 0x4249, 0x4249, 0x424A, 0x4249,
  0x4249, 0x4249, 0x4249, 0x4249, 0x4249, 0x4249, 0x4249, 0x424A, 0x4249, 0x4249, 0x4249, 0x424A,
  0x4249, 0x4249, 0x424A, 0x4249, 0x4249, 0x424A, 0x4249, 0x4249, 0x4249, 0x4249, 0x4249, 0x4249,
  0x4249, 0x4249, 0x4249, 0x424A, 0x4249, 0x4249, 0x424A, 0x4249, 0x4249, 0x424A, 0x4249, 0x4249,
  0x424A, 0x4249, 0x4249, 0x424A, 0x424A, 0x4249, 0x4249, 0x4249, 0x4249, 0x424A, 0x4249, 0x424A,
  0x4249, 0x4249, 0x4249, 0x424A, 0x4249, 0x4249, 0x4249, 0x4249, 0x4249, 0x4249, 0x4249, 0x4249,
  0x4249, 0x4249, 0x424A, 0x4249, 0x4249, 0x4249, 0x424A, 0x424A, 0x424A, 0x4249, 0x4249, 0x424A,
  0x4249, 0x4249, 0x424A, 0x4249, 0x4249, 0x424A, 0x4249, 0x4249, 0x424A, 0x4249, 0x4249, 0x4249,
  0x4249, 0x4249, 0x4249, 0x4249, 0x4249, 0x4249, 0x4249, 0x424A, 0x4249, 0x424A, 0x4249, 0x4249,
  0x4249, 0x424A, 0x4249, 0x4249, 0x4249, 0x4249, 0x4249, 0x4249, 0x4249, 0x4249, 0x4249, 0x4249,
  0x4249, 0x4249, 0x424A, 0x4249, 0x4249, 0x424A, 0x424A, 0x4249, 0x4249, 0x4249, 0x4249, 0x4249,
  0x424A, 0x4249, 0x4249, 0x424A, 0x4249, 0x424A, 0x4249, 0x4249, 0x4249, 0x4249, 0x4249, 0x4249,
  0x4249, 0x4249, 0x4249, 0x4249, 0x4249, 0x4249, 0x4249, 0x4249, 0x4249, 0x4249, 0x424A, 0x4249,
  0x4249, 0x424A, 0x4249, 0x4249, 0x4249, 0x424A, 0x4249, 0x4249, 0x4249, 0x4249, 0x4249, 0x4249,
  0x4249, 0x4249, 0x4249, 0x4249, 0x424A, 0x4249, 0x4249, 0x4249, 0x4249, 0x4249, 0x424A, 0x424A,
  0x424A, 0x4249, 0x424A, 0x424A, 0x4249, 0x4249, 0x4249, 0x4249, 0x4249, 0x424A, 0x4249, 0x4249,
  0x4249, 0x4249, 0x4249, 0x4249, 0x424A, 0x4249, 0x4249, 0x4249, 0x4249, 0x424A, 0x4249, 0x424A,
  0x4249, 0x4249, 0x424A, 0x4249, 0x424A, 0x4249, 0x4249, 0x4249, 0x424A, 0x4249, 0x424A, 0x4249,
  0x4249, 0x4249, 0x4249, 0x4249, 0x4249, 0x4249, 0x424A, 0x4249, 0x4249, 0x424A, 0x4249, 0x4249,
  0x4249, 0x4249, 0x4249, 0x4A69, 0x738D, 0xBDD6, 0xB5B5, 0x83EF, 0x6B6D, 0x7BCF, 0x9CF3, 0xB595,
  0xBDD6, 0xBDD6, 0xBDD6, 0xBDD6, 0xBDF6, 0xBDD6, 0xBDF6, 0xBDD6, 0xBDD6, 0xBDF6, 0xBDD6, 0xBDD6,
  0xBDD6, 0xBDD6, 0xBDF6, 0xBDD6, 0xBDD6, 0xBDD6, 0xAD75, 0x6B92, 0x4271, 0x4291, 0x4271, 0x31EE,
  0x18C4, 0x10C3, 0x18A2, 0x2945, 0x4229, 0x4249, 0x4249, 0x4249, 0x4249, 0x4249, 0x4249, 0x424A,
  0x4249, 0x4249, 0x4249, 0x424A, 0x424A, 0x4249, 0x4249, 0x4249, 0x4249, 0x4249, 0x4249, 0x4249,
  0x4249, 0x4249, 0x4249, 0x424A, 0x424A, 0x4249, 0x424A, 0x4249, 0x4249, 0x424A, 0x4249, 0x424A,
  0x4249, 0x4249, 0x4249, 0x4249, 0x4249, 0x4249, 0x424A, 0x4249, 0x424A, 0x4249, 0x424A, 0x4249,
  0x4249, 0x424A, 0x4249, 0x4249, 0x4249, 0x424A, 0x4249, 0x4249, 0x424A, 0x4249, 0x4249, 0x424A,
  0x4249, 0x4249, 0x4249, 0x4249, 0x4249, 0x4249, 0x4249, 0x4249, 0x4249, 0x4249, 0x424A, 0x4249,
  0x4249, 0x424A, 0x4249, 0x4249, 0x4249, 0x4249, 0x4249, 0x424A, 0x4249, 0x4249, 0x4249, 0x4249,
  0x4249, 0x4249, 0x4249, 0x4249, 0x4249, 0x4249, 0x4249, 0x424A, 0x4249, 0x424A, 0x4249, 0x4249,
  0x4249, 0x424A, 0x4249, 0x4249, 0x4249, 0x424A, 0x4249, 0x4249, 0x4249, 0x4249, 0x424A, 0x4249,
  0x4249, 0x4249, 0x4249, 0x4249, 0x424A, 0x4249, 0x4249, 0x4249, 0x4249, 0x424A, 0x424A, 0x4249,
  0x4249, 0x4249, 0x4249, 0x4249, 0x424A, 0x4249, 0x4249, 0x424A, 0x4249, 0x424A, 0x4249, 0x4249,
  0x4249, 0x4249, 0x4249, 0x4249, 0x4249, 0x4249, 0x4249, 0x4249, 0x4249, 0x4249, 0x4249, 0x4249,
  0x4249, 0x4249, 0x424A, 0x4249, 0x4249, 0x424A, 0x4249, 0x4249, 0x4249, 0x424A, 0x4249, 0x4249,
  0x4249, 0x4249, 0x4249, 0x4249, 0x4249, 0x4249, 0x4249, 0x4249, 0x424A, 0x4249, 0x4249, 0x4249,
  0x4249, 0x4249, 0x424A, 0x424A, 0x424A, 0x4249, 0x424A, 0x424A, 0x4249, 0x4249, 0x4249, 0x4249,
  0x4249, 0x4249, 0x4249, 0x4249, 0x424A, 0x4249, 0x4249, 0x4249, 0x424A, 0x4249, 0x4249, 0x4249,
  0x4249, 0x4249, 0x4249, 0x4249, 0x4249, 0x4249, 0x4249, 0x4249, 0x4249, 0x4249, 0x4249, 0x424A,
  0x4249, 0x4249, 0x4249, 0x424A, 0x4249, 0x424A, 0x4249, 0x4249, 0x4249, 0x4249, 0x4249, 0x4249,
  0x4249, 0x424A, 0x4249, 0x4249, 0x4249, 0x424A, 0x424A, 0x4249, 0x4249, 0x424A, 0x4249, 0x4249,
  0x4249, 0x4249, 0x424A, 0x424A, 0x4249, 0x4249, 0x4249, 0x4249, 0x4249, 0x4249, 0x4249, 0x4249,
  0x4249, 0x424A, 0x424A, 0x4249, 0x4249, 0x4249, 0x4249, 0x4249, 0x4249, 0x4249, 0x424A, 0x4249,
  0x4249, 0x4249, 0x424A, 0x4249, 0x4249, 0x4249, 0x4249, 0x4249, 0x424A, 0x4249, 0x4249, 0x4249,
  0x4249, 0x424A, 0x424A, 0x4249, 0x4249, 0x4249, 0x4249, 0x4249, 0x4249, 0x4249, 0x424A, 0x4249,
  0x4249, 0x4249, 0x424A, 0x4249, 0x4249, 0x4249, 0x424A, 0x4249, 0x4249, 0x4249, 0x424A, 0x6B6D,
  0xC616, 0xDED9, 0xDED9, 0xCE78, 0xBDD6, 0xB5B6, 0xAD75, 0xBDD6, 0xBDD6, 0xBDD6, 0xBDF6, 0xBDF6,
  0xBDD6, 0xBDD6, 0xBDF6, 0xBDD6, 0xBDF6, 0xBDF6, 0xBDD6, 0xBDD6, 0xBDD6, 0xBDD6, 0xBDD6, 0xBDD6,
  0xBDD6, 0xBDD6, 0xBDD6, 0xA534, 0x52F1, 0x4291, 0x4271, 0x31CC, 0x10A4, 0x10C3, 0x2124, 0x3A29,
  0x4249, 0x424A, 0x4249, 0x4249, 0x4249, 0x4249, 0x4249, 0x4249, 0x4249, 0x4249, 0x4249, 0x4249,
  0x4249, 0x4249, 0x4249, 0x4249, 0x4249, 0x424A, 0x424A, 0x4249, 0x4249, 0x4249, 0x4249, 0x424A,
  0x4249, 0x4249, 0x4249, 0x4249, 0x4249, 0x424A, 0x4249, 0x4249, 0x4249, 0x4249, 0x424A, 0x4249,
  0x4249, 0x4249, 0x4249, 0x4249, 0x4249, 0x4249, 0x4249, 0x4249, 0x4249, 0x4249, 0x4249, 0x4249,
  0x4249, 0x424A, 0x4249, 0x4249, 0x4249, 0x4249, 0x4249, 0x4249, 0x4249, 0x4249, 0x4249, 0x424A,
  0x4249, 0x4249, 0x424A, 0x424A, 0x4249, 0x4249, 0x4249, 0x424A, 0x424A, 0x4249, 0x4249, 0x4249,
  0x4249, 0x424A, 0x4249, 0x4249, 0x4249, 0x4249, 0x4249, 0x424A, 0x4249, 0x4249, 0x424A, 0x4249,
  0x424A, 0x4249, 0x4249, 0x4249, 0x424A, 0x4249, 0x424A, 0x4249, 0x4249, 0x424A, 0x4249, 0x4249,
  0x4249, 0x4249, 0x424A, 0x4249, 0x4249, 0x424A, 0x4249, 0x4249, 0x424A, 0x4249, 0x424A, 0x4249,
  0x4249, 0x4249, 0x4249, 0x4249, 0x4249, 0x4249, 0x4249, 0x4249, 0x424A, 0x4249, 0x4249, 0x4249,
  0x424A, 0x4249, 0x4249, 0x4249, 0x4249, 0x4249, 0x4249, 0x4249, 0x4249, 0x4249, 0x4249, 0x4249,
  0x4249, 0x4249, 0x4249, 0x424A, 0x4249, 0x4249, 0x4249, 0x424A, 0x4249, 0x424A, 0x4249, 0x4249,
  0x4249, 0x4249, 0x4249, 0x4249, 0x4249, 0x424A, 0x4249, 0x4249, 0x4249, 0x424A, 0x424A, 0x4249,
  0x4249, 0x424A, 0x4249, 0x4249, 0x4249, 0x4249, 0x424A, 0x424A, 0x4249, 0x4249, 0x4249, 0x4249,
  0x4249, 0x4249, 0x4249, 0x4249, 0x4249, 0x424A, 0x424A, 0x4249, 0x424A, 0x4249, 0x4249, 0x4249,
  0x4249, 0x424A, 0x4249, 0x424A, 0x4249, 0x4249, 0x4249, 0x4249, 0x424A, 0x424A, 0x4249, 0x4249,
  0x424A, 0x424A, 0x4249, 0x4249, 0x424A, 0x4249, 0x4249, 0x424A, 0x4249, 0x424A, 0x4249, 0x4249,
  0x4249, 0x424A, 0x4249, 0x4249, 0x4249, 0x424A, 0x424A, 0x424A, 0x4249, 0x4249, 0x4249, 0x424A,
  0x4249, 0x4249, 0x4249, 0x4249, 0x4249, 0x424A, 0x4249, 0x424A, 0x4249, 0x4249, 0x4249, 0x4249,
  0x4249, 0x424A, 0x4249, 0x4249, 0x4249, 0x4249, 0x4249, 0x4249, 0x4249, 0x4249, 0x4249, 0x4249,
  0x4249, 0x4249, 0x424A, 0x4249, 0x4249, 0x424A, 0x4249, 0x4249, 0x4249, 0x4249, 0x424A, 0x4249,
  0x424A, 0x424A, 0x4249, 0x4249, 0x4249, 0x424A, 0x4249, 0x4249, 0x4249, 0x4249, 0x4249, 0x4249,
  0x4249, 0x424A, 0x4249, 0x4249, 0x424A, 0x4249, 0x424A, 0x4249, 0x424A, 0x4249, 0x4249, 0x424A,
  0x4249, 0x4249, 0x4249, 0x424A, 0x4249, 0x4249, 0x632C, 0xC616, 0xDED9, 0xDED9, 0xDED9, 0xDED9,
  0xD6B9, 0xB5B6, 0xB5B6, 0xBDD6, 0xBDD6, 0xBDF6, 0xBDD6, 0xBDF6, 0xBDD6, 0xBDF6, 0xBDF6, 0xBDD6,
  0xBDD6, 0xBDF6, 0xBDD6, 0xBDD6, 0xBDD6, 0xBDF6, 0xBDD6, 0xBDF6, 0xBDF6, 0xBDF6, 0xBDD6, 0xBDD6,
  0x8433, 0x4291, 0x3A50, 0x2106, 0x0863, 0x20E4, 0x3A08, 0x4249, 0x4249, 0x4249, 0x4249, 0x4249,
  0x424A, 0x424A, 0x424A, 0x4249, 0x4249, 0x4249, 0x424A, 0x424A, 0x4249, 0x4249, 0x4249, 0x4249,
  0x4249, 0x4249, 0x4249, 0x4249, 0x424A, 0x424A, 0x4249, 0x4249, 0x4249, 0x4249, 0x4249, 0x424A,
  0x4249, 0x4249, 0x4249, 0x4249, 0x4249, 0x4249, 0x4249, 0x424A, 0x4249, 0x424A, 0x4249, 0x4249,
  0x424A, 0x4249, 0x4249, 0x4249, 0x424A, 0x424A, 0x4249, 0x424A, 0x4249, 0x4249, 0x4249, 0x4249,
  0x424A, 0x4249, 0x4249, 0x4249, 0x424A, 0x4249, 0x4249, 0x4249, 0x4249, 0x4249, 0x4249, 0x4249,
  0x4249, 0x4249, 0x4249, 0x4249, 0x4249, 0x4249, 0x4249, 0x4249, 0x4249, 0x4249, 0x424A, 0x4249,
  0x424A, 0x4249, 0x4249, 0x4249, 0x424A, 0x4249, 0x4249, 0x4249, 0x424A, 0x4249, 0x4249, 0x4249,
  0x4249, 0x4249, 0x4249, 0x4249, 0x4249, 0x4249, 0x424A, 0x4249, 0x4249, 0x4249, 0x4249, 0x4249,
  0x424A, 0x4249, 0x4249, 0x4249, 0x4249, 0x4249, 0x4249, 0x4249, 0x424A, 0x4249, 0x4249, 0x4249,
  0x424A, 0x4249, 0x4249, 0x4249, 0x4249, 0x424A, 0x4249, 0x424A, 0x4249, 0x4249, 0x4249, 0x4249,
  0x424A, 0x424A, 0x4249, 0x4249, 0x424A, 0x424A, 0x4249, 0x4249, 0x424A, 0x4249, 0x4249, 0x424A,
  0x4249, 0x424A, 0x4249, 0x4249, 0x4249, 0x424A, 0x4249, 0x4249, 0x4249, 0x424A, 0x424A, 0x424A,
  0x4249, 0x4249, 0x4249, 0x424A, 0x4249, 0x4249, 0x4249, 0x4249, 0x4249, 0x424A, 0x4249, 0x424A,
  0x4249, 0x4249, 0x4249, 0x4249, 0x4249, 0x424A, 0x4249, 0x4249, 0x4249, 0x4249, 0x4249, 0x4249,
  0x4249, 0x4249, 0x4249, 0x4249, 0x424A, 0x4249, 0x424A, 0x4249, 0x4249, 0x424A, 0x4249, 0x4249,
  0x4249, 0x4249, 0x424A, 0x4249, 0x4249, 0x4249, 0x4249, 0x424A, 0x4249, 0x4249, 0x4249, 0x424A,
  0x4249, 0x4249, 0x4249, 0x4249, 0x4249, 0x4249, 0x4249, 0x4249, 0x4249, 0x4249, 0x4249, 0x4249,
  0x4249, 0x4249, 0x4249, 0x4249, 0x4249, 0x4249, 0x4249, 0x4249, 0x4249, 0x4249, 0x424A, 0x4249,
  0x424A, 0x4249, 0x4249, 0x4249, 0x4249, 0x4249, 0x4249, 0x424A, 0x4249, 0x4249, 0x4249, 0x424A,
  0x4249, 0x424A, 0x4249, 0x4249, 0x4249, 0x4249, 0x4249, 0x4249, 0x424A, 0x4249, 0x424A, 0x4249,
  0x424A, 0x4249, 0x4249, 0x4249, 0x424A, 0x4249, 0x4249, 0x4249, 0x4249, 0x4249, 0x4249, 0x424A,
  0x4249, 0x4249, 0x4249, 0x424A, 0x4249, 0x4249, 0x424A, 0x4249, 0x424A, 0x4249, 0x4249, 0x4249,
  0x4249, 0x4249, 0x4249, 0x4249, 0x4249, 0x4249, 0x4249, 0x4249, 0x424A, 0x4249, 0x4249, 0x4249,
  0x424A, 0x52AB, 0xB595, 0xDED9, 0xDED9, 0xDED9, 0xDED9, 0xDED9, 0xDEB9, 0xB5B6, 0xBDD6, 0xBDD6,
  0xBDD6, 0xBDD6, 0xBDD6, 0xBDD6, 0xBDD6, 0xBDD6, 0xBDD6, 0xBDF6, 0xBDF6, 0xBDD6, 0xBDF6, 0xBDD6,
  0xBDF6, 0xBDD6, 0xBDD6, 0xBDF6, 0xBDD6, 0xBDD6, 0xBDD6, 0xBDD6, 0xA535, 0x52F1, 0x3A50, 0x2967,
  0x18E4, 0x39E8, 0x4249, 0x4249, 0x4249, 0x4249, 0x424A, 0x4249, 0x4249, 0x4249, 0x4249, 0x4249,
  0x4249, 0x4249, 0x4249, 0x4249, 0x4249, 0x424A, 0x424A, 0x424A, 0x4249, 0x4249, 0x424A, 0x4249,
  0x4249, 0x4249, 0x4249, 0x4249, 0x4249, 0x424A, 0x424A, 0x4249, 0x4249, 0x424A, 0x4249, 0x424A,
  0x4249, 0x4249, 0x4249, 0x4249, 0x4249, 0x4249, 0x4249, 0x4249, 0x4249, 0x4249, 0x4249, 0x424A,
  0x4249, 0x4249, 0x4249, 0x424A, 0x4249, 0x4249, 0x424A, 0x4249, 0x4249, 0x424A, 0x4249, 0x4249,
  0x4249, 0x424A, 0x4249, 0x424A, 0x4249, 0x424A, 0x4249, 0x4249, 0x4249, 0x424A, 0x4249, 0x424A,
  0x4249, 0x4249, 0x424A, 0x4249, 0x424A, 0x4249, 0x4249, 0x4249, 0x4249, 0x4249, 0x4249, 0x4249,
  0x4249, 0x4249, 0x424A, 0x4249, 0x4249, 0x4249, 0x424A, 0x4249, 0x4249, 0x4249, 0x4249, 0x424A,
  0x4249, 0x4249, 0x4249, 0x4249, 0x4249, 0x424A, 0x4249, 0x4249, 0x4249, 0x4249, 0x4249, 0x4249,
  0x4249, 0x4249, 0x4249, 0x4249, 0x4249, 0x424A, 0x4249, 0x4249, 0x424A, 0x4249, 0x424A, 0x4249,
  0x4249, 0x424A, 0x4249, 0x4249, 0x4249, 0x4249, 0x424A, 0x4249, 0x4249, 0x4249, 0x4249, 0x424A,
  0x4249, 0x4249, 0x4249, 0x424A, 0x4249, 0x4249, 0x4249, 0x4249, 0x4249, 0x4249, 0x4249, 0x4249,
  0x4249, 0x4249, 0x4249, 0x4249, 0x4249, 0x4249, 0x4249, 0x4249, 0x4249, 0x4249, 0x4249, 0x4249,
  0x4249, 0x4249, 0x424A, 0x4249, 0x424A, 0x4249, 0x4249, 0x4249, 0x4249, 0x4249, 0x4249, 0x424A,
  0x4249, 0x4249, 0x4249, 0x424A, 0x4249, 0x424A, 0x4249, 0x4249, 0x4249, 0x4249, 0x4249, 0x4249,
  0x4249, 0x4249, 0x4249, 0x4249, 0x4249, 0x4249, 0x4249, 0x4249, 0x4249, 0x4249, 0x4249, 0x424A,
  0x4249, 0x4249, 0x4249, 0x4249, 0x4249, 0x4249, 0x4249, 0x4249, 0x424A, 0x4249, 0x4249, 0x4249,
  0x4249, 0x424A, 0x424A, 0x4249, 0x4249, 0x4249, 0x424A, 0x424A, 0x4249, 0x4249, 0x4249, 0x4249,
  0x4249, 0x424A, 0x4249, 0x4249, 0x424A, 0x4249, 0x4249, 0x4249, 0x4249, 0x4249, 0x4249, 0x4249,
  0x4249, 0x4249, 0x4249, 0x4249, 0x4249, 0x424A, 0x4249, 0x4249, 0x4249, 0x424A, 0x4249, 0x4249,
  0x424A, 0x4249, 0x424A, 0x4249, 0x4249, 0x4249, 0x4249, 0x424A, 0x4249, 0x4249, 0x4249, 0x424A,
  0x4249, 0x4249, 0x4249, 0x424A, 0x4249, 0x4249, 0x4249, 0x4249, 0x4249, 0x4249, 0x424A, 0x4249,
  0x4249, 0x4249, 0x4249, 0x4249, 0x4249, 0x4249, 0x4249, 0x424A, 0x424A, 0x4249, 0x4249, 0x4249,
  0x424A, 0x4249, 0x424A, 0x4249, 0x4249, 0x4249, 0x4249, 0x4249, 0x426A, 0x9491, 0xD6B9, 0xDED9,
  0xDED9, 0xDED9, 0xDED9, 0xDED9, 0xCE78, 0xB5B6, 0xBDD6, 0xBDD6, 0xBDF6, 0xBDD6, 0xBDD6, 0xBDD6,
  0xBDF6, 0xBDF6, 0xBDD6, 0xBDD6, 0xBDD6, 0xBDD6, 0xBDF6, 0xBDD6, 0xBDD6, 0xBDF6, 0xBDD6, 0xBDF6,
  0xBDD6, 0xBDF6, 0xBDD6, 0xBDD6, 0xB5B6, 0x73B2, 0x3A2E, 0x31A7, 0x39C7, 0x4249, 0x4249, 0x4249,
  0x424A, 0x4249, 0x4249, 0x4249, 0x4249, 0x4249, 0x4249, 0x4249, 0x4249, 0x424A, 0x4249, 0x4249,
  0x4249, 0x4249, 0x4249, 0x4249, 0x4249, 0x4249, 0x4249, 0x4249, 0x4249, 0x4249, 0x424A, 0x4249,
  0x4249, 0x4249, 0x4249, 0x4249, 0x4249, 0x4249, 0x4249, 0x424A, 0x4249, 0x4249, 0x424A, 0x4249,
  0x424A, 0x4249, 0x4249, 0x424A, 0x4249, 0x4249, 0x4249, 0x4249, 0x4249, 0x4249, 0x4249, 0x4249,
  0x4249, 0x424A, 0x4249, 0x4249, 0x4249, 0x4249, 0x4249, 0x4249, 0x4249, 0x4249, 0x4249, 0x4249,
  0x4249, 0x4249, 0x4249, 0x424A, 0x4249, 0x424A, 0x4249, 0x4249, 0x4249, 0x4249, 0x424A, 0x4249,
  0x424A, 0x4249, 0x4249, 0x4249, 0x424A, 0x4249, 0x424A, 0x4249, 0x4249, 0x4249, 0x4249, 0x4249,
  0x4249, 0x424A, 0x4249, 0x4249, 0x4249, 0x4249, 0x4249, 0x424A, 0x4249, 0x4249, 0x424A, 0x4249,
  0x4249, 0x424A, 0x4249, 0x4249, 0x4249, 0x424A, 0x4249, 0x424A, 0x4249, 0x424A, 0x4249, 0x424A,
  0x4249, 0x4249, 0x4249, 0x4249, 0x4249, 0x4249, 0x4249, 0x4249, 0x4249, 0x4249, 0x4249, 0x4249,
  0x4249, 0x4249, 0x4249, 0x424A, 0x4249, 0x4249, 0x4249, 0x4249, 0x4249, 0x4249, 0x4249, 0x4249,
  0x424A, 0x4249, 0x4249, 0x4249, 0x4249, 0x424A, 0x424A, 0x4249, 0x4249, 0x4249, 0x424A, 0x424A,
  0x4249, 0x4249, 0x4249, 0x4249, 0x4249, 0x424A, 0x4249, 0x4249, 0x424A, 0x4249, 0x4249, 0x4249,
  0x4249, 0x4249, 0x4249, 0x4249, 0x4249, 0x4249, 0x4249, 0x4249, 0x4249, 0x424A, 0x4249, 0x4249,
  0x4249, 0x424A, 0x4249, 0x4249, 0x424A, 0x4249, 0x424A, 0x4249, 0x4249, 0x4249, 0x4249, 0x424A,
  0x4249, 0x4249, 0x4249, 0x4249, 0x424A, 0x4249, 0x4249, 0x4249, 0x424A, 0x4249, 0x4249, 0x4249,
  0x424A, 0x4249, 0x4249, 0x4249, 0x4249, 0x424A, 0x424A, 0x4249, 0x4249, 0x4249, 0x4249, 0x4249,
  0x424A, 0x4249, 0x4249, 0x4249, 0x4249, 0x4249, 0x424A, 0x4249, 0x4249, 0x424A, 0x4249, 0x424A,
  0x4249, 0x4249, 0x4249, 0x424A, 0x4249, 0x4249, 0x424A, 0x4249, 0x424A, 0x424A, 0x4249, 0x4249,
  0x4249, 0x4249, 0x4249, 0x4249, 0x4249, 0x4249, 0x424A, 0x4249, 0x4249, 0x4249, 0x424A, 0x4249,
  0x4249, 0x4249, 0x4249, 0x4249, 0x4249, 0x4249, 0x4249, 0x4249, 0x424A, 0x4249, 0x4249, 0x424A,
  0x4249, 0x424A, 0x4249, 0x4249, 0x424A, 0x4249, 0x4249, 0x4249, 0x4249, 0x424A, 0x4249, 0x4249,
  0x424A, 0x4249, 0x4249, 0x4249, 0x4249, 0x4249, 0x4249, 0x424A, 0x4249, 0x4249, 0x4249, 0x4249,
  0x4249, 0x4249, 0x424A, 0x4249, 0x634D, 0xCE57, 0xDED9, 0xDED9, 0xDED9, 0xDED9, 0xDED9, 0xDED9,
  0xC617, 0xBDD6, 0xBDD6, 0xBDD6, 0xBDF6, 0xBDF6, 0xBDD6, 0xBDF6, 0xBDD6, 0xBDD6, 0xBDD6, 0xBDF6,
  0xBDD6, 0xBDF6, 0xBDD6, 0xBDD6, 0xBDD6, 0xBDF6, 0xBDF6, 0xBDD6, 0xBDD6, 0xBDD6, 0xBDD6, 0xBDD6,
  0xBDD6, 0x8C72, 0x39E9, 0x39A6, 0x39E8, 0x4249, 0x4249, 0x4249, 0x4249, 0x4249, 0x4249, 0x4249,
  0x424A, 0x4249, 0x424A, 0x424A, 0x4249, 0x4249, 0x424A, 0x4249, 0x4249, 0x4249, 0x4249, 0x4249,
  0x4249, 0x424A, 0x4249, 0x424A, 0x4249, 0x424A, 0x4249, 0x4249, 0x424A, 0x4249, 0x4249, 0x4249,
  0x4249, 0x4249, 0x4249, 0x4249, 0x4249, 0x4249, 0x424A, 0x4249, 0x4249, 0x4249, 0x4249, 0x424A,
  0x4249, 0x424A, 0x424A, 0x4249, 0x4249, 0x4249, 0x4249, 0x4249, 0x4249, 0x4249, 0x424A, 0x4249,
  0x4249, 0x4249, 0x424A, 0x4249, 0x4249, 0x424A, 0x4249, 0x4249, 0x4249, 0x4249, 0x4249, 0x4249,
  0x4249, 0x4249, 0x4249, 0x424A, 0x4249, 0x4249, 0x4249, 0x4249, 0x4249, 0x424A, 0x4249, 0x4249,
  0x4249, 0x4249, 0x4249, 0x424A, 0x4249, 0x424A, 0x424A, 0x4249, 0x424A, 0x4249, 0x4249, 0x424A,
  0x424A, 0x4249, 0x4249, 0x424A, 0x4249, 0x4249, 0x424A, 0x4249, 0x4249, 0x4249, 0x424A, 0x4249,
  0x424A, 0x4249, 0x4249, 0x4249, 0x4249, 0x4249, 0x4249, 0x4249, 0x4249, 0x424A, 0x4249, 0x424A,
  0x4249, 0x4249, 0x4249, 0x424A, 0x4249, 0x4249, 0x4249, 0x4249, 0x424A, 0x4249, 0x4249, 0x4249,
  0x424A, 0x4249, 0x4249, 0x4249, 0x424A, 0x4249, 0x4249, 0x4249, 0x4249, 0x424A, 0x424A, 0x4249,
  0x4249, 0x4249, 0x4249, 0x4249, 0x424A, 0x4249, 0x4249, 0x4249, 0x4249, 0x4249, 0x424A, 0x4249,
  0x4249, 0x424A, 0x4249, 0x424A, 0x4249, 0x4249, 0x4249, 0x424A, 0x4249, 0x4249, 0x424A, 0x4249,
  0x424A, 0x424A, 0x4249, 0x4249, 0x4249, 0x4249, 0x4249, 0x4249, 0x4249, 0x4249, 0x424A, 0x4249,
  0x4249, 0x4249, 0x424A, 0x4249, 0x4249, 0x4249, 0x4249, 0x424A, 0x4249, 0x4249, 0x4249, 0x424A,
  0x424A, 0x4249, 0x4249, 0x4249, 0x4249, 0x4249, 0x424A, 0x4249, 0x4249, 0x424A, 0x4249, 0x4249,
  0x4249, 0x4249, 0x4249, 0x4249, 0x4249, 0x4249, 0x4249, 0x4249, 0x424A, 0x4249, 0x4249, 0x4249,
  0x424A, 0x424A, 0x4249, 0x4249, 0x424A, 0x4249, 0x4249, 0x4249, 0x4249, 0x4249, 0x4249, 0x4249,
  0x4249, 0x4249, 0x4249, 0x4249, 0x4249, 0x4249, 0x4249, 0x424A, 0x4249, 0x4249, 0x424A, 0x4249,
  0x4249, 0x424A, 0x4249, 0x4249, 0x4249, 0x4249, 0x4249, 0x4249, 0x424A, 0x4249, 0x4249, 0x4249,
  0x424A, 0x4249, 0x424A, 0x4249, 0x4249, 0x4249, 0x4249, 0x4249, 0x4249, 0x4249, 0x4249, 0x4249,
  0x4249, 0x4249, 0x4249, 0x424A, 0x424A, 0x4249, 0x4249, 0x4249, 0x4249, 0x424A, 0x4249, 0x4249,
  0x4249, 0x4249, 0x424A, 0x4249, 0x4249, 0x424A, 0x4249, 0x424A, 0x4249, 0x424A, 0x4249, 0x4A6A,
  0xA513, 0xDEB9, 0xDED9, 0xDED9, 0xDED9, 0xDED9, 0xDED9, 0xDED9, 0xBDD6, 0xBDD6, 0xBDD6, 0xBDF6,
  0xBDF6, 0xBDD6, 0xBDF6, 0xBDD6, 0xBDD6, 0xBDD6, 0xBDD6, 0xBDD6, 0xBDF6, 0xBDF6, 0xBDF6, 0xBDF6,
  0xBDD6, 0xBDD6, 0xBDD6, 0xBDF6, 0xBDF6, 0xBDF6, 0xBDF6, 0xBDF6, 0xBDD6, 0x9CF3, 0x41E7, 0x31A6,
  0x39E7, 0x4249, 0x4249, 0x424A, 0x4249, 0x4249, 0x424A, 0x4249, 0x424A, 0x4249, 0x4249, 0x4249,
  0x4249, 0x4249, 0x4249, 0x4249, 0x4249, 0x424A, 0x424A, 0x4249, 0x4249, 0x4249, 0x4249, 0x4249,
  0x4249, 0x4249, 0x4249, 0x424A, 0x4249, 0x4249, 0x424A, 0x4249, 0x424A, 0x424A, 0x4249, 0x424A,
  0x4249, 0x4249, 0x4249, 0x4249, 0x424A, 0x424A, 0x4249, 0x4249, 0x4249, 0x4249, 0x4249, 0x4249,
  0x424A, 0x4249, 0x424A, 0x4249, 0x4249, 0x4249, 0x4249, 0x424A, 0x4249, 0x4249, 0x424A, 0x4249,
  0x4249, 0x4249, 0x424A, 0x4249, 0x424A, 0x4249, 0x424A, 0x4249, 0x4249, 0x4249, 0x4249, 0x424A,
  0x4249, 0x4249, 0x4249, 0x4249, 0x4249, 0x4249, 0x4249, 0x4249, 0x424A, 0x424A, 0x4249, 0x4249,
  0x4249, 0x4249, 0x4249, 0x4249, 0x4249, 0x4249, 0x4249, 0x4249, 0x424A, 0x4249, 0x4249, 0x4249,
  0x4249, 0x4249, 0x4249, 0x4249, 0x424A, 0x4249, 0x4249, 0x4249, 0x4249, 0x4249, 0x4249, 0x424A,
  0x4249, 0x424A, 0x4249, 0x424A, 0x4249, 0x4249, 0x424A, 0x4249, 0x4249, 0x4249, 0x4249, 0x424A,
  0x4249, 0x4249, 0x4249, 0x424A, 0x424A, 0x4249, 0x4249, 0x4249, 0x4249, 0x4249, 0x424A, 0x4249,
  0x4249, 0x424A, 0x4249, 0x4249, 0x4249, 0x4249, 0x4249, 0x4249, 0x4249, 0x4249, 0x4249, 0x4249,
  0x424A, 0x4249, 0x4249, 0x4249, 0x424A, 0x424A, 0x4249, 0x4249, 0x424A, 0x4249, 0x4249, 0x4249,
  0x4249, 0x4249, 0x4249, 0x4249, 0x4249, 0x4249, 0x4249, 0x4249, 0x4249, 0x4249, 0x4249, 0x424A,
  0x4249, 0x4249, 0x424A, 0x4249, 0x4249, 0x424A, 0x4249, 0x4249, 0x4249, 0x4249, 0x4249, 0x4249,
  0x4249, 0x424A, 0x4249, 0x4249, 0x4249, 0x4249, 0x424A, 0x4249, 0x4249, 0x4249, 0x4249, 0x424A,
  0x4249, 0x4249, 0x424A, 0x4249, 0x4249, 0x4249, 0x4249, 0x424A, 0x4249, 0x4249, 0x4249, 0x4249,
  0x424A, 0x424A, 0x4249, 0x4249, 0x4249, 0x4249, 0x4249, 0x4249, 0x4249, 0x4249, 0x4249, 0x4249,
  0x4249, 0x4249, 0x4249, 0x4249, 0x4249, 0x424A, 0x424A, 0x4249, 0x424A, 0x4249, 0x424A, 0x4249,
  0x4249, 0x424A, 0x4249, 0x4249, 0x4249, 0x424A, 0x4249, 0x424A, 0x4249, 0x4249, 0x4249, 0x4249,
  0x4249, 0x4249, 0x4249, 0x4249, 0x424A, 0x4249, 0x424A, 0x4249, 0x4249, 0x424A, 0x4249, 0x4249,
  0x4249, 0x424A, 0x4249, 0x4249, 0x4249, 0x424A, 0x424A, 0x4249, 0x4249, 0x4249, 0x424A, 0x4249,
  0x4249, 0x4249, 0x4249, 0x424A, 0x4249, 0x4249, 0x424A, 0x424A, 0x4249, 0x4249, 0x4249, 0x424A,
  0x4249, 0x4249, 0x4249, 0x4249, 0x4249, 0x4249, 0x4249, 0x5ACB, 0xC637, 0xDED9, 0xDED9, 0xDED9,
  0xDED9, 0xDED9, 0xDED9, 0xDEB9, 0xB5B6, 0xBDD6, 0xBDD6, 0xBDF6, 0xBDD6, 0xBDD6, 0xBDF6, 0xBDD6,
  0xBDD6, 0xBDF6, 0xBDF6, 0xBDD6, 0xBDD6, 0xBDD6, 0xBDD6, 0xBDD6, 0xBDD6, 0xBDD6, 0xBDF6, 0xBDD6,
  0xBDD6, 0xBDD6, 0xBDD6, 0xBDD6, 0xBDD6, 0xA513, 0x4228, 0x31A6, 0x3A07, 0x4249, 0x4249, 0x424A,
  0x4249, 0x4249, 0x424A, 0x4249, 0x4249, 0x4249, 0x4249, 0x4249, 0x424A, 0x424A, 0x4249, 0x424A,
  0x4249, 0x4249, 0x424A, 0x4249, 0x424A, 0x4249, 0x4249, 0x4249, 0x424A, 0x4249, 0x4249, 0x4249,
  0x4249, 0x4249, 0x4249, 0x4249, 0x4249, 0x4249, 0x4249, 0x4249, 0x4249, 0x4249, 0x424A, 0x4249,
  0x4249, 0x4249, 0x4249, 0x4249, 0x4249, 0x4249, 0x4249, 0x4249, 0x4249, 0x424A, 0x4249, 0x4249,
  0x424A, 0x4249, 0x4249, 0x4249, 0x4249, 0x424A, 0x4249, 0x4249, 0x4249, 0x4249, 0x4249, 0x4249,
  0x4249, 0x4249, 0x424A, 0x4249, 0x4249, 0x4249, 0x424A, 0x4249, 0x4249, 0x424A, 0x4249, 0x424A,
  0x4249, 0x4249, 0x424A, 0x4249, 0x4249, 0x4249, 0x4249, 0x424A, 0x4249, 0x4249, 0x4249, 0x4249,
  0x424A, 0x4249, 0x4249, 0x4249, 0x4249, 0x4249, 0x4249, 0x424A, 0x4249, 0x4249, 0x424A, 0x4249,
  0x4249, 0x4249, 0x4249, 0x4249, 0x4249, 0x424A, 0x4249, 0x4249, 0x4249, 0x4249, 0x4249, 0x4249,
  0x4249, 0x4249, 0x4249, 0x4249, 0x4249, 0x424A, 0x4249, 0x4249, 0x4249, 0x4249, 0x424A, 0x4249,
  0x4249, 0x4249, 0x4249, 0x424A, 0x4249, 0x4249, 0x424A, 0x4249, 0x4249, 0x4249, 0x4249, 0x424A,
  0x4249, 0x4249, 0x4249, 0x4249, 0x424A, 0x424A, 0x4249, 0x4249, 0x4249, 0x4249, 0x4249, 0x4249,
  0x4249, 0x4249, 0x4249, 0x4249, 0x4249, 0x4249, 0x4249, 0x4249, 0x4249, 0x424A, 0x424A, 0x4249,
  0x424A, 0x4249, 0x424A, 0x4249, 0x4249, 0x424A, 0x4249, 0x4249, 0x4249, 0x424A, 0x4249, 0x424A,
  0x4249, 0x4249, 0x4249, 0x4249, 0x4249, 0x4249, 0x4249, 0x4249, 0x4249, 0x4249, 0x4249, 0x4249,
  0x424A, 0x4249, 0x4249, 0x4249, 0x4249, 0x4249, 0x424A, 0x4249, 0x4249, 0x4249, 0x4249, 0x4249,
  0x4249, 0x4249, 0x4249, 0x4249, 0x4249, 0x4249, 0x4249, 0x4249, 0x4249, 0x4249, 0x4249, 0x4249,
  0x424A, 0x424A, 0x424A, 0x4249, 0x424A, 0x4249, 0x4249, 0x4249, 0x4249, 0x424A, 0x4249, 0x424A,
  0x4249, 0x4249, 0x4249, 0x4249, 0x4249, 0x4249, 0x4249, 0x424A, 0x4249, 0x4249, 0x424A, 0x4249,
  0x424A, 0x4249, 0x4249, 0x4249, 0x4249, 0x424A, 0x4249, 0x424A, 0x4249, 0x424A, 0x4249, 0x424A,
  0x4249, 0x4249, 0x4249, 0x4249, 0x4249, 0x4249, 0x424A, 0x4249, 0x424A, 0x4249, 0x424A, 0x4249,
  0x4249, 0x424A, 0x4249, 0x4249, 0x424A, 0x424A, 0x4249, 0x4249, 0x4249, 0x4249, 0x424A, 0x4249,
  0x4249, 0x4249, 0x4249, 0x4249, 0x4249, 0x4249, 0x424A, 0x4249, 0x4249, 0x424A, 0x4249, 0x4249,
  0x424A, 0x4249, 0x4249, 0x840F, 0xD6B9, 0xDED9, 0xDED9, 0xDED9, 0xDED9, 0xDED9, 0xDED9, 0xDEB9,
  0xB5B6, 0xBDD6, 0xBDD6, 0xBDD6, 0xBDD6, 0xBDD6, 0xBDF6, 0xBDD6, 0xBDD6, 0xBDF6, 0xBDD6, 0xBDF6,
  0xBDF6, 0xBDD6, 0xBDD6, 0xBDF6, 0xBDF6, 0xBDD6, 0xBDD6, 0xBDD6, 0xBDD6, 0xBDD6, 0xBDF6, 0xBDF6,
  0xBDD6, 0xA533, 0x4A48, 0x39C6, 0x4A48, 0x4249, 0x4249, 0x424A, 0x4249, 0x4249, 0x4249, 0x424A,
  0x4249, 0x4249, 0x4249, 0x4249, 0x4249, 0x4249, 0x4249, 0x4249, 0x4249, 0x4249, 0x4249, 0x4249,
  0x424A, 0x4249, 0x4249, 0x4249, 0x4249, 0x4249, 0x424A, 0x4249, 0x4249, 0x424A, 0x4249, 0x4249,
  0x4249, 0x4249, 0x4249, 0x424A, 0x4249, 0x424A, 0x4249, 0x4249, 0x4249, 0x4249, 0x4249, 0x424A,
  0x4249, 0x4249, 0x424A, 0x4249, 0x4249, 0x4249, 0x4249, 0x4249, 0x4249, 0x4249, 0x424A, 0x4249,
  0x4249, 0x4249, 0x424A, 0x4249, 0x4249, 0x424A, 0x4249, 0x4249, 0x4249, 0x4249, 0x4249, 0x4249,
  0x4249, 0x424A, 0x4249, 0x4249, 0x4249, 0x4249, 0x4249, 0x4249, 0x424A, 0x4249, 0x4249, 0x4249,
  0x4249, 0x4249, 0x4249, 0x4249, 0x424A, 0x4249, 0x4249, 0x4249, 0x4249, 0x4249, 0x4249, 0x4249,
  0x424A, 0x4249, 0x4249, 0x4249, 0x4249, 0x424A, 0x4249, 0x4249, 0x4249, 0x424A, 0x4249, 0x4249,
  0x4249, 0x424A, 0x4249, 0x4249, 0x424A, 0x4249, 0x4249, 0x4249, 0x4249, 0x424A, 0x4249, 0x4249,
  0x4249, 0x4249, 0x4249, 0x4249, 0x424A, 0x4249, 0x4249, 0x4249, 0x4249, 0x4249, 0x424A, 0x4249,
  0x4249, 0x4249, 0x4249, 0x4249, 0x4249, 0x4249, 0x4249, 0x4249, 0x4249, 0x4249, 0x4249, 0x4249,
  0x4249, 0x4249, 0x4249, 0x4249, 0x424A, 0x424A, 0x424A, 0x4249, 0x424A, 0x4249, 0x4249, 0x4249,
  0x4249, 0x424A, 0x4249, 0x424A, 0x4249, 0x4249, 0x4249, 0x4249, 0x4249, 0x4249, 0x4249, 0x424A,
  0x4249, 0x4249, 0x424A, 0x4249, 0x424A, 0x4249, 0x4249, 0x4249, 0x4249, 0x424A, 0x4249, 0x424A,
  0x4249, 0x424A, 0x4249, 0x424A, 0x424A, 0x424A, 0x4249, 0x4249, 0x4249, 0x4249, 0x4249, 0x424A,
  0x4249, 0x4249, 0x4249, 0x4249, 0x4249, 0x4249, 0x4249, 0x424A, 0x424A, 0x424A, 0x4249, 0x4249,
  0x424A, 0x424A, 0x4249, 0x424A, 0x4249, 0x424A, 0x4249, 0x4249, 0x4249, 0x4249, 0x4249, 0x4249,
  0x4249, 0x4249, 0x424A, 0x4249, 0x4249, 0x4249, 0x4249, 0x4249, 0x424A, 0x4249, 0x4249, 0x4249,
  0x4249, 0x4249, 0x4249, 0x4249, 0x4249, 0x4249, 0x4249, 0x424A, 0x4249, 0x4249, 0x4249, 0x4249,
  0x4249, 0x4249, 0x4249, 0x424A, 0x4249, 0x4249, 0x424A, 0x4249, 0x4249, 0x4249, 0x424A, 0x4249,
  0x4249, 0x4249, 0x4249, 0x4249, 0x4249, 0x4249, 0x4249, 0x4249, 0x4249, 0x4249, 0x4249, 0x4249,
  0x4249, 0x4249, 0x4249, 0x4249, 0x4249, 0x4249, 0x4249, 0x4249, 0x4249, 0x4249, 0x424A, 0x4249,
  0x4249, 0x4249, 0x4249, 0x4249, 0x4249, 0x4249, 0x4249, 0x4249, 0x4249, 0x424A, 0x424A, 0xA534,
  0xDED9, 0xDED9, 0xDED9, 0xDED9, 0xDED9, 0xDED9, 0xDED9, 0xDEB9, 0xB5B5, 0xBDD6, 0xBDF6, 0xBDF6,
  0xBDF6, 0xBDD6, 0xBDD6, 0xBDF6, 0xBDD6, 0xBDD6, 0xBDD6, 0xBDD6, 0xBDD6, 0xBDF6, 0xBDD6, 0xBDF6,
  0xBDD6, 0xBDF6, 0xBDD6, 0xBDD6, 0xBDF6, 0xBDD6, 0xBDF6, 0xBDD6, 0xBDD6, 0xA513, 0x4228, 0x39C6,
  0x4A69, 0x4249, 0x4249, 0x4249, 0x4249, 0x4249, 0x4249, 0x4249, 0x4249, 0x4249, 0x424A, 0x4249,
  0x4249, 0x4249, 0x424A, 0x4249, 0x4249, 0x4249, 0x4249, 0x4249, 0x4249, 0x4249, 0x424A, 0x424A,
  0x4249, 0x4249, 0x4249, 0x424A, 0x4249, 0x4249, 0x4249, 0x424A, 0x4249, 0x424A, 0x4249, 0x4249,
  0x4249, 0x4249, 0x4249, 0x4249, 0x424A, 0x4249, 0x424A, 0x4249, 0x424A, 0x4249, 0x4249, 0x4249,
  0x4249, 0x424A, 0x424A, 0x4249, 0x4249, 0x4249, 0x4249, 0x4249, 0x4249, 0x4249, 0x4249, 0x424A,
  0x4249, 0x4249, 0x4249, 0x424A, 0x424A, 0x4249, 0x424A, 0x4249, 0x4249, 0x424A, 0x4249, 0x4249,
  0x4249, 0x4249, 0x424A, 0x4249, 0x4249, 0x4249, 0x4249, 0x4249, 0x4249, 0x424A, 0x4249, 0x4249,
  0x4249, 0x424A, 0x4249, 0x424A, 0x4249, 0x424A, 0x424A, 0x4249, 0x4249, 0x424A, 0x4249, 0x424A,
  0x4249, 0x4249, 0x4249, 0x4249, 0x4249, 0x4249, 0x424A, 0x4249, 0x4249, 0x424A, 0x4249, 0x4249,
  0x4249, 0x424A, 0x4249, 0x424A, 0x4249, 0x424A, 0x4249, 0x4249, 0x424A, 0x424A, 0x4249, 0x4249,
  0x4249, 0x4249, 0x4249, 0x424A, 0x4249, 0x4249, 0x4249, 0x4249, 0x4249, 0x4249, 0x4249, 0x424A,
  0x424A, 0x424A, 0x4249, 0x4249, 0x424A, 0x424A, 0x4249, 0x424A, 0x4249, 0x424A, 0x4249, 0x4249,
  0x4249, 0x4249, 0x4249, 0x4249, 0x4249, 0x4249, 0x424A, 0x4249, 0x4249, 0x4249, 0x4249, 0x4249,
  0x424A, 0x4249, 0x4249, 0x4249, 0x4249, 0x4249, 0x4249, 0x4249, 0x4249, 0x4249, 0x4249, 0x424A,
  0x4249, 0x4249, 0x4249, 0x4249, 0x4249, 0x4249, 0x4249, 0x424A, 0x4249, 0x4249, 0x424A, 0x4249,
  0x4249, 0x4249, 0x4249, 0x424A, 0x4249, 0x4249, 0x4249, 0x4249, 0x424A, 0x4249, 0x4249, 0x424A,
  0x424A, 0x4249, 0x4249, 0x4249, 0x4249, 0x4249, 0x4249, 0x4249, 0x424A, 0x4249, 0x4249, 0x4249,
  0x4249, 0x4249, 0x4249, 0x4249, 0x4249, 0x4249, 0x4249, 0x4249, 0x4249, 0x424A, 0x4249, 0x4249,
  0x424A, 0x4249, 0x4249, 0x4249, 0x4249, 0x4249, 0x424A, 0x4249, 0x424A, 0x424A, 0x4249, 0x4249,
  0x424A, 0x4249, 0x4249, 0x4249, 0x4249, 0x424A, 0x424A, 0x4249, 0x424A, 0x4249, 0x4249, 0x4249,
  0x4249, 0x4249, 0x4249, 0x4249, 0x4249, 0x4249, 0x4249, 0x4249, 0x424A, 0x424A, 0x4249, 0x4249,
  0x4249, 0x4249, 0x4249, 0x424A, 0x4249, 0x424A, 0x4249, 0x4249, 0x4249, 0x4249, 0x424A, 0x4249,
  0x424A, 0x4249, 0x424A, 0x4249, 0x4249, 0x4249, 0x4249, 0x424A, 0x4249, 0x4249, 0x424A, 0x424A,
  0x4249, 0x4249, 0x4249, 0x424A, 0x4249, 0x4249, 0x4A8A, 0xBDF6, 0xDED9, 0xDED9, 0xDED9, 0xDED9,
  0xDED9, 0xDED9, 0xDED9, 0xDED9, 0xBDD6, 0xBDD6, 0xBDD6, 0xBDD6, 0xBDD6, 0xBDF6, 0xBDF6, 0xBDD6,
  0xBDF6, 0xBDF6, 0xBDD6, 0xBDF6, 0xBDD6, 0xBDD6, 0xBDF6, 0xBDD6, 0xBDD6, 0xBDF6, 0xBDD6, 0xBDD6,
  0xBDF6, 0xBDD6, 0xBDD6, 0xBDF6, 0xBDD6, 0x9CB2, 0x39E7, 0x39C6, 0x4A49, 0x4249, 0x4249, 0x424A,
  0x4249, 0x424A, 0x4249, 0x4249, 0x4249, 0x424A, 0x4249, 0x424A, 0x4249, 0x4249, 0x4249, 0x424A,
  0x4249, 0x424A, 0x424A, 0x4249, 0x4249, 0x4249, 0x4249, 0x4249, 0x4249, 0x4249, 0x4249, 0x4249,
  0x4249, 0x4249, 0x424A, 0x4249, 0x4249, 0x424A, 0x4249, 0x424A, 0x4249, 0x424A, 0x4249, 0x4249,
  0x4249, 0x4249, 0x4249, 0x4249, 0x4249, 0x4249, 0x4249, 0x424A, 0x424A, 0x4249, 0x4249, 0x4249,
  0x4249, 0x424A, 0x4249, 0x424A, 0x4249, 0x4249, 0x4249, 0x424A, 0x4249, 0x4249, 0x4249, 0x4249,
  0x4249, 0x4249, 0x4249, 0x4249, 0x4249, 0x4249, 0x4249, 0x424A, 0x4249, 0x4249, 0x4249, 0x4249,
  0x424A, 0x4249, 0x4249, 0x424A, 0x424A, 0x4249, 0x4249, 0x4249, 0x4249, 0x4249, 0x4249, 0x4249,
  0x4249, 0x4249, 0x4249, 0x4249, 0x4249, 0x4249, 0x4249, 0x4249, 0x4249, 0x4249, 0x424A, 0x4249,
  0x4249, 0x4249, 0x4249, 0x424A, 0x4249, 0x4249, 0x4249, 0x4249, 0x424A, 0x4249, 0x4249, 0x4249,
  0x4249, 0x4249, 0x4249, 0x4249, 0x4249, 0x4249, 0x4249, 0x424A, 0x4249, 0x4249, 0x4249, 0x4249,
  0x424A, 0x4249, 0x4249, 0x424A, 0x424A, 0x4249, 0x4249, 0x4249, 0x4249, 0x4249, 0x4249, 0x4249,
  0x424A, 0x4249, 0x4249, 0x4249, 0x4249, 0x4249, 0x4249, 0x4249, 0x4249, 0x4249, 0x4249, 0x4249,
  0x4249, 0x424A, 0x4249, 0x4249, 0x424A, 0x4249, 0x4249, 0x4249, 0x4249, 0x4249, 0x424A, 0x4249,
  0x424A, 0x424A, 0x4249, 0x4249, 0x424A, 0x4249, 0x4249, 0x4249, 0x4249, 0x424A, 0x424A, 0x4249,
  0x424A, 0x4249, 0x4249, 0x4249, 0x4249, 0x4249, 0x4249, 0x4249, 0x4249, 0x4249, 0x4249, 0x4249,
  0x4249, 0x4249, 0x4249, 0x4249, 0x424A, 0x424A, 0x4249, 0x4249, 0x4249, 0x4249, 0x424A, 0x4249,
  0x4249, 0x4249, 0x424A, 0x4249, 0x4249, 0x4249, 0x4249, 0x424A, 0x4249, 0x424A, 0x4249, 0x4249,
  0x424A, 0x424A, 0x4249, 0x424A, 0x4249, 0x424A, 0x4249, 0x4249, 0x4249, 0x424A, 0x4249, 0x4249,
  0x4249, 0x424A, 0x4249, 0x4249, 0x4249, 0x4249, 0x4249, 0x4249, 0x4249, 0x4249, 0x424A, 0x4249,
  0x4249, 0x4249, 0x4249, 0x4249, 0x4249, 0x424A, 0x4249, 0x4249, 0x4249, 0x424A, 0x4249, 0x4249,
  0x424A, 0x4249, 0x4249, 0x4249, 0x4249, 0x4249, 0x4249, 0x424A, 0x424A, 0x4249, 0x4249, 0x4249,
  0x4249, 0x424A, 0x4249, 0x4249, 0x424A, 0x4249, 0x4249, 0x4249, 0x4249, 0x4249, 0x4249, 0x4249,
  0x424A, 0x4249, 0x4249, 0x4249, 0x424A, 0x4249, 0x4249, 0x4249, 0x4249, 0x424A, 0x4249, 0x424A,
  0x4249, 0x4249, 0x5B0C, 0xCE58, 0xDED9, 0xDED9, 0xDED9, 0xDED9, 0xDED9, 0xDED9, 0xDED9, 0xDED9,
  0xC617, 0xB5B6, 0xBDD6, 0xBDD6, 0xBDD6, 0xBDD6, 0xBDD6, 0xBDD6, 0xBDD6, 0xBDF6, 0xBDF6, 0xBDD6,
  0xBDD6, 0xBDF6, 0xBDD6, 0xBDD6, 0xBDF6, 0xBDD6, 0xBDD6, 0xBDF6, 0xBDF6, 0xBDF6, 0xBDD6, 0xBDD6,
  0xBDD6, 0x840F, 0x39C6, 0x39C6, 0x4A48, 0x4269, 0x4249, 0x4249, 0x4249, 0x4249, 0x424A, 0x4249,
  0x424A, 0x4249, 0x4249, 0x4249, 0x4249, 0x4249, 0x4249, 0x4249, 0x4249, 0x4249, 0x4249, 0x4249,
  0x4249, 0x4249, 0x424A, 0x4249, 0x424A, 0x4249, 0x4249, 0x4249, 0x4249, 0x4249, 0x4249, 0x4249,
  0x424A, 0x4249, 0x4249, 0x4249, 0x4249, 0x4249, 0x4249, 0x4249, 0x424A, 0x4249, 0x4249, 0x424A,
  0x4249, 0x4249, 0x4249, 0x4249, 0x4249, 0x4249, 0x4249, 0x424A, 0x4249, 0x4249, 0x4249, 0x4249,
  0x4249, 0x424A, 0x4249, 0x4249, 0x4249, 0x424A, 0x4249, 0x4249, 0x4249, 0x4249, 0x4249, 0x424A,
  0x424A, 0x4249, 0x4249, 0x4249, 0x424A, 0x4249, 0x4249, 0x4249, 0x4249, 0x4249, 0x424A, 0x4249,
  0x4249, 0x4249, 0x4249, 0x4249, 0x424A, 0x4249, 0x4249, 0x4249, 0x424A, 0x4249, 0x4249, 0x4249,
  0x4249, 0x424A, 0x4249, 0x424A, 0x4249, 0x4249, 0x424A, 0x424A, 0x4249, 0x4249, 0x4249, 0x4249,
  0x424A, 0x4249, 0x4249, 0x4249, 0x424A, 0x4249, 0x4249, 0x424A, 0x4249, 0x424A, 0x4249, 0x424A,
  0x4249, 0x4249, 0x4249, 0x4249, 0x4249, 0x4249, 0x4249, 0x4249, 0x424A, 0x424A, 0x4249, 0x4249,
  0x4249, 0x4249, 0x424A, 0x4249, 0x4249, 0x4249, 0x424A, 0x4249, 0x4249, 0x4249, 0x4249, 0x424A,
  0x4249, 0x424A, 0x4249, 0x4249, 0x424A, 0x424A, 0x4249, 0x424A, 0x4249, 0x424A, 0x4249, 0x4249,
  0x4249, 0x424A, 0x4249, 0x4249, 0x4249, 0x424A, 0x4249, 0x4249, 0x4249, 0x4249, 0x4249, 0x4249,
  0x4249, 0x4249, 0x424A, 0x4249, 0x4249, 0x4249, 0x4249, 0x4249, 0x4249, 0x424A, 0x4249, 0x4249,
  0x4249, 0x424A, 0x4249, 0x4249, 0x4249, 0x424A, 0x4249, 0x4249, 0x424A, 0x424A, 0x4249, 0x4249,
  0x4249, 0x4249, 0x4249, 0x4249, 0x4249, 0x4249, 0x4249, 0x4249, 0x424A, 0x4249, 0x4249, 0x424A,
  0x4249, 0x4249, 0x4249, 0x4249, 0x4249, 0x4249, 0x4249, 0x4249, 0x4249, 0x4249, 0x4249, 0x4249,
  0x4249, 0x4249, 0x4249, 0x424A, 0x4249, 0x4249, 0x424A, 0x4249, 0x4249, 0x4249, 0x4249, 0x4249,
  0x4249, 0x4249, 0x424A, 0x4249, 0x4249, 0x4249, 0x424A, 0x4249, 0x4249, 0x4249, 0x4249, 0x4249,
  0x4249, 0x4249, 0x4249, 0x4249, 0x424A, 0x4249, 0x4249, 0x4249, 0x424A, 0x4249, 0x424A, 0x4249,
  0x424A, 0x4249, 0x4249, 0x4249, 0x4249, 0x424A, 0x4249, 0x424A, 0x4249, 0x4249, 0x4249, 0x424A,
  0x4249, 0x4249, 0x4249, 0x424A, 0x4249, 0x4249, 0x424A, 0x4249, 0x4249, 0x4249, 0x4249, 0x4249,
  0x4249, 0x4249, 0x4249, 0x4249, 0x424A, 0x4249, 0x4249, 0x4249, 0x424A, 0x4249, 0x634D, 0xD678,
  0xDED9, 0xDED9, 0xDED9, 0xDED9, 0xDED9, 0xDED9, 0xDED9, 0xDED9, 0xCE58, 0xB595, 0xBDD6, 0xBDF6,
  0xBDD6, 0xBDD6, 0xBDF6, 0xBDD6, 0xBDF6, 0xBDD6, 0xBDD6, 0xBDD6, 0xBDF6, 0xBDD6, 0xBDD6, 0xBDD6,
  0xBDD6, 0xBDF6, 0xBDD6, 0xBDD6, 0xBDF6, 0xBDD6, 0xBDF6, 0xBDD6, 0xB595, 0x6B4C, 0x31A6, 0x39C6,
  0x4A68, 0x4249, 0x424A, 0x4249, 0x424A, 0x4249, 0x4249, 0x4249, 0x4249, 0x4249, 0x4249, 0x424A,
  0x4249, 0x424A, 0x424A, 0x4249, 0x4249, 0x4249, 0x4249, 0x424A, 0x4249, 0x424A, 0x4249, 0x4249,
  0x4249, 0x4249, 0x424A, 0x424A, 0x4249, 0x4249, 0x424A, 0x4249, 0x4249, 0x4249, 0x4249, 0x424A,
  0x4249, 0x424A, 0x4249, 0x424A, 0x4249, 0x4249, 0x4249, 0x424A, 0x4249, 0x4249, 0x424A, 0x4249,
  0x4249, 0x4249, 0x4249, 0x424A, 0x4249, 0x4249, 0x424A, 0x4249, 0x4249, 0x4249, 0x4249, 0x4249,
  0x4249, 0x4249, 0x4249, 0x4249, 0x424A, 0x424A, 0x4249, 0x4249, 0x4249, 0x4249, 0x4249, 0x4249,
  0x4249, 0x424A, 0x424A, 0x4249, 0x4249, 0x4249, 0x4249, 0x4249, 0x4249, 0x4249, 0x424A, 0x4249,
  0x4249, 0x4249, 0x4249, 0x4249, 0x424A, 0x4249, 0x424A, 0x4249, 0x424A, 0x4249, 0x4249, 0x4249,
  0x4249, 0x4249, 0x4249, 0x424A, 0x4249, 0x4249, 0x424A, 0x4249, 0x4249, 0x4249, 0x424A, 0x4249,
  0x4249, 0x4249, 0x4249, 0x4249, 0x4249, 0x4249, 0x4249, 0x4249, 0x4249, 0x424A, 0x4249, 0x4249,
  0x424A, 0x424A, 0x4249, 0x4249, 0x4249, 0x4249, 0x4249, 0x4249, 0x4249, 0x4249, 0x4249, 0x4249,
  0x424A, 0x4249, 0x4249, 0x424A, 0x4249, 0x4249, 0x4249, 0x4249, 0x4249, 0x4249, 0x4249, 0x4249,
  0x4249, 0x4249, 0x4249, 0x4249, 0x4249, 0x4249, 0x4249, 0x424A, 0x4249, 0x4249, 0x424A, 0x4249,
  0x4249, 0x4249, 0x4249, 0x4249, 0x4249, 0x4249, 0x424A, 0x4249, 0x4249, 0x4249, 0x424A, 0x4249,
  0x4249, 0x4249, 0x4249, 0x4249, 0x4249, 0x4249, 0x4249, 0x4249, 0x424A, 0x4249, 0x4249, 0x4249,
  0x4249, 0x4249, 0x424A, 0x4249, 0x4249, 0x4249, 0x424A, 0x4249, 0x4249, 0x4249, 0x424A, 0x4249,
  0x4249, 0x424A, 0x424A, 0x4249, 0x4249, 0x4249, 0x4249, 0x4249, 0x4249, 0x424A, 0x424A, 0x4249,
  0x4249, 0x4249, 0x424A, 0x4249, 0x424A, 0x4249, 0x4249, 0x4249, 0x4249, 0x4249, 0x4249, 0x4249,
  0x4249, 0x4249, 0x4249, 0x4249, 0x4249, 0x424A, 0x424A, 0x4249, 0x4249, 0x4249, 0x4249, 0x4249,
  0x424A, 0x4249, 0x4249, 0x4249, 0x4249, 0x4249, 0x424A, 0x424A, 0x4249, 0x4249, 0x424A, 0x4249,
  0x4249, 0x4249, 0x4249, 0x4249, 0x4249, 0x424A, 0x4249, 0x4249, 0x4249, 0x424A, 0x4249, 0x4249,
  0x424A, 0x4249, 0x4249, 0x4249, 0x4249, 0x4249, 0x4249, 0x4249, 0x4249, 0x4249, 0x4249, 0x4249,
  0x4249, 0x4249, 0x424A, 0x4249, 0x4249, 0x4249, 0x424A, 0x424A, 0x4249, 0x4249, 0x4249, 0x4249,
  0x4249, 0x4249, 0x4249, 0x4249, 0x4249, 0x4249, 0x6B6D, 0xD698, 0xDED9, 0xDED9, 0xDED9, 0xDED9,
  0xDED9, 0xDED9, 0xDED9, 0xDED9, 0xD6B9, 0xB595, 0xBDD6, 0xBDD6, 0xBDD6, 0xBDF6, 0xBDD6, 0xBDD6,
  0xBDF6, 0xBDD6, 0xBDD6, 0xBDD6, 0xBDF6, 0xBDD6, 0xBDD6, 0xBDF6, 0xBDD6, 0xBDF6, 0xBDF6, 0xBDD6,
  0xBDD6, 0xBDD6, 0xBDD6, 0xBDD6, 0xA534, 0x6B4C, 0x39A6, 0x39C7, 0x4A69, 0x4A69, 0x4249, 0x4249,
  0x4249, 0x4249, 0x424A, 0x4249, 0x4249, 0x4249, 0x424A, 0x4249, 0x4249, 0x4249, 0x4249, 0x4249,
  0x424A, 0x4249, 0x4249, 0x4249, 0x424A, 0x4249, 0x4249, 0x4249, 0x4249, 0x4249, 0x4249, 0x4249,
  0x424A, 0x4249, 0x4249, 0x4249, 0x4249, 0x4249, 0x4249, 0x4249, 0x4249, 0x4249, 0x424A, 0x4249,
  0x4249, 0x4249, 0x4249, 0x4249, 0x4249, 0x4249, 0x4249, 0x424A, 0x424A, 0x4249, 0x4249, 0x4249,
  0x4249, 0x4249, 0x424A, 0x4249, 0x424A, 0x4249, 0x4249, 0x424A, 0x4249, 0x424A, 0x4249, 0x424A,
  0x4249, 0x4249, 0x4249, 0x424A, 0x4249, 0x4249, 0x424A, 0x4249, 0x4249, 0x4249, 0x4249, 0x4249,
  0x424A, 0x4249, 0x4249, 0x4249, 0x424A, 0x4249, 0x4249, 0x424A, 0x4249, 0x424A, 0x4249, 0x4249,
  0x4249, 0x4249, 0x4249, 0x4249, 0x4249, 0x4249, 0x4249, 0x4249, 0x424A, 0x4249, 0x4249, 0x4249,
  0x4249, 0x4249, 0x4249, 0x4249, 0x4249, 0x424A, 0x4249, 0x4249, 0x4249, 0x4249, 0x424A, 0x4249,
  0x4249, 0x4249, 0x4249, 0x424A, 0x4249, 0x4249, 0x424A, 0x4249, 0x4249, 0x4249, 0x424A, 0x4249,
  0x4249, 0x4249, 0x424A, 0x4249, 0x4249, 0x424A, 0x424A, 0x4249, 0x4249, 0x4249, 0x4249, 0x4249,
  0x4249, 0x424A, 0x424A, 0x4249, 0x4249, 0x4249, 0x424A, 0x4249, 0x424A, 0x4249, 0x4249, 0x4249,
  0x4249, 0x4249, 0x4249, 0x4249, 0x4249, 0x4249, 0x4249, 0x4249, 0x4249, 0x424A, 0x424A, 0x4249,
  0x4249, 0x4249, 0x4249, 0x4249, 0x424A, 0x4249, 0x4249, 0x4249, 0x4249, 0x4249, 0x424A, 0x424A,
  0x4249, 0x4249, 0x424A, 0x4249, 0x4249, 0x4249, 0x4249, 0x4249, 0x4249, 0x4249, 0x4249, 0x424A,
  0x4249, 0x4249, 0x424A, 0x4249, 0x4249, 0x424A, 0x4249, 0x4249, 0x4249, 0x4249, 0x4249, 0x4249,
  0x4249, 0x424A, 0x4249, 0x4249, 0x4249, 0x4249, 0x4249, 0x4249, 0x424A, 0x4249, 0x4249, 0x4249,
  0x4249, 0x4249, 0x424A, 0x424A, 0x424A, 0x4249, 0x424A, 0x424A, 0x4249, 0x4249, 0x4249, 0x424A,
  0x4249, 0x4249, 0x4249, 0x424A, 0x4249, 0x424A, 0x4249, 0x424A, 0x4249, 0x4249, 0x4249, 0x424A,
  0x424A, 0x4249, 0x4249, 0x4249, 0x4249, 0x4249, 0x424A, 0x4249, 0x4249, 0x4249, 0x424A, 0x4249,
  0x4249, 0x4249, 0x4249, 0x4249, 0x4249, 0x4249, 0x4249, 0x4249, 0x4249, 0x4249, 0x4249, 0x4249,
  0x4249, 0x424A, 0x4249, 0x4249, 0x4249, 0x424A, 0x4249, 0x424A, 0x4249, 0x4249, 0x4249, 0x4249,
  0x424A, 0x4249, 0x4249, 0x4249, 0x424A, 0x4249, 0x424A, 0x4249, 0x4249, 0x424A, 0x4249, 0x4249,
  0x4249, 0x4249, 0x6B6D, 0xD698, 0xDED9, 0xDED9, 0xDED9, 0xDED9, 0xDED9, 0xDED9, 0xDED9, 0xDED9,
  0xDED9, 0xC637, 0xB595, 0xBDD6, 0xBDD6, 0xBDD6, 0xBDF6, 0xBDD6, 0xBDF6, 0xBDF6, 0xBDD6, 0xBDD6,
  0xBDD6, 0xBDF6, 0xBDF6, 0xBDD6, 0xBDD6, 0xBDD6, 0xBDF6, 0xBDD6, 0xBDD6, 0xBDD6, 0xBDF6, 0xB595,
  0x94B2, 0x73AE, 0x4207, 0x39E7, 0x5269, 0x4A69, 0x4249, 0x4249, 0x4249, 0x4249, 0x4249, 0x424A,
  0x4249, 0x4249, 0x4249, 0x4249, 0x424A, 0x4249, 0x424A, 0x4249, 0x4249, 0x4249, 0x424A, 0x4249,
  0x4249, 0x4249, 0x4249, 0x424A, 0x4249, 0x4249, 0x4249, 0x424A, 0x4249, 0x4249, 0x4249, 0x424A,
  0x424A, 0x4249, 0x424A, 0x4249, 0x4249, 0x4249, 0x4249, 0x4249, 0x4249, 0x4249, 0x424A, 0x424A,
  0x4249, 0x4249, 0x4249, 0x424A, 0x4249, 0x4249, 0x424A, 0x4249, 0x4249, 0x4249, 0x4249, 0x4249,
  0x4249, 0x4249, 0x424A, 0x4249, 0x4249, 0x4249, 0x4249, 0x4249, 0x4249, 0x4249, 0x4249, 0x4249,
  0x4249, 0x4249, 0x424A, 0x4249, 0x4249, 0x424A, 0x4249, 0x4249, 0x424A, 0x4249, 0x4249, 0x424A,
  0x4249, 0x4249, 0x4249, 0x4249, 0x4249, 0x4249, 0x424A, 0x4249, 0x4249, 0x4249, 0x4249, 0x4249,
  0x424A, 0x4249, 0x4249, 0x4249, 0x4249, 0x4249, 0x424A, 0x4249, 0x4249, 0x4249, 0x424A, 0x4249,
  0x4249, 0x4249, 0x4249, 0x424A, 0x424A, 0x4249, 0x4249, 0x4249, 0x424A, 0x4249, 0x424A, 0x4249,
  0x4249, 0x4249, 0x4249, 0x424A, 0x4249, 0x4249, 0x424A, 0x4249, 0x4249, 0x424A, 0x4249, 0x4249,
  0x4249, 0x4249, 0x4249, 0x4249, 0x4249, 0x424A, 0x4249, 0x4249, 0x4249, 0x4249, 0x4249, 0x4249,
  0x424A, 0x4249, 0x4249, 0x4249, 0x4249, 0x4249, 0x424A, 0x424A, 0x424A, 0x4249, 0x424A, 0x424A,
  0x4249, 0x4249, 0x4249, 0x424A, 0x4249, 0x4249, 0x4249, 0x424A, 0x4249, 0x424A, 0x4249, 0x424A,
  0x4249, 0x4249, 0x4249, 0x424A, 0x424A, 0x4249, 0x4249, 0x4249, 0x4249, 0x4249, 0x424A, 0x4249,
  0x4249, 0x4249, 0x424A, 0x4249, 0x4249, 0x4249, 0x4249, 0x4249, 0x4249, 0x4249, 0x4249, 0x4249,
  0x424A, 0x4249, 0x4249, 0x4249, 0x4249, 0x4249, 0x424A, 0x4249, 0x4249, 0x424A, 0x4249, 0x424A,
  0x424A, 0x4249, 0x4249, 0x4249, 0x4249, 0x4249, 0x424A, 0x4249, 0x4249, 0x4249, 0x4249, 0x4249,
  0x4249, 0x4249, 0x4249, 0x4249, 0x4249, 0x4249, 0x424A, 0x4249, 0x4249, 0x4249, 0x4249, 0x424A,
  0x4249, 0x4249, 0x4249, 0x4249, 0x424A, 0x4249, 0x4249, 0x4249, 0x4249, 0x4249, 0x424A, 0x4249,
  0x4249, 0x4249, 0x4249, 0x424A, 0x4249, 0x424A, 0x4249, 0x4249, 0x4249, 0x424A, 0x4249, 0x4249,
  0x4249, 0x4249, 0x424A, 0x4249, 0x424A, 0x424A, 0x4249, 0x4249, 0x424A, 0x424A, 0x4249, 0x424A,
  0x4249, 0x4249, 0x4249, 0x424A, 0x4249, 0x4249, 0x4249, 0x424A, 0x4249, 0x4249, 0x4249, 0x4249,
  0x4249, 0x4249, 0x4249, 0x4249, 0x4249, 0x424A, 0x4249, 0x424A, 0x424A, 0x4249, 0x632C, 0xCE78,
  0xDED9, 0xDED9, 0xDED9, 0xDED9, 0xDED9, 0xDED9, 0xDED9, 0xDED9, 0xDED9, 0xDEB9, 0xB595, 0xB5B5,
  0xBDD6, 0xBDF6, 0xBDF6, 0xBDD6, 0xBDD6, 0xBDD6, 0xBDD6, 0xBDD6, 0xBDF6, 0xBDD6, 0xBDD6, 0xBDD6,
  0xBDF6, 0xBDD6, 0xBDD6, 0xBDD6, 0xBDD6, 0xBDD6, 0xBDD6, 0x9CF3, 0x8430, 0x840F, 0x8C70, 0x738D,
  0x5289, 0x4A69, 0x4249, 0x4249, 0x4249, 0x424A, 0x4249, 0x4249, 0x4249, 0x4249, 0x424A, 0x4249,
  0x4249, 0x4249, 0x4249, 0x4249, 0x4249, 0x424A, 0x4249, 0x4249, 0x4249, 0x4249, 0x4249, 0x4249,
  0x424A, 0x4249, 0x4249, 0x4249, 0x4249, 0x4249, 0x424A, 0x4249, 0x4249, 0x4249, 0x4249, 0x4249,
  0x4249, 0x424A, 0x4249, 0x424A, 0x4249, 0x4249, 0x4249, 0x4249, 0x424A, 0x4249, 0x4249, 0x4249,
  0x4249, 0x4249, 0x4249, 0x4249, 0x424A, 0x4249, 0x4249, 0x4249, 0x424A, 0x4249, 0x4249, 0x4249,
  0x4249, 0x424A, 0x4249, 0x424A, 0x4249, 0x424A, 0x4249, 0x4249, 0x4249, 0x4249, 0x4249, 0x4249,
  0x4249, 0x424A, 0x4249, 0x4249, 0x4249, 0x4249, 0x4249, 0x4249, 0x424A, 0x424A, 0x4249, 0x4249,
  0x4249, 0x424A, 0x4249, 0x424A, 0x4249, 0x424A, 0x424A, 0x4249, 0x4249, 0x4249, 0x424A, 0x4249,
  0x4249, 0x4249, 0x424A, 0x4249, 0x424A, 0x4249, 0x4249, 0x424A, 0x4249, 0x4249, 0x4249, 0x4249,
  0x4249, 0x4249, 0x4249, 0x424A, 0x4249, 0x4249, 0x4249, 0x424A, 0x4249, 0x4249, 0x4249, 0x4249,
  0x4249, 0x4249, 0x4249, 0x4249, 0x424A, 0x4249, 0x4249, 0x4249, 0x4249, 0x4249, 0x424A, 0x4249,
  0x4249, 0x424A, 0x4249, 0x424A, 0x424A, 0x4249, 0x4249, 0x4249, 0x4249, 0x4249, 0x424A, 0x4249,
  0x4249, 0x4249, 0x4249, 0x4249, 0x4249, 0x4249, 0x4249, 0x4249, 0x4249, 0x4249, 0x424A, 0x4249,
  0x4249, 0x4249, 0x4249, 0x424A, 0x4249, 0x4249, 0x4249, 0x4249, 0x424A, 0x4249, 0x4249, 0x4249,
  0x4249, 0x4249, 0x424A, 0x4249, 0x4249, 0x4249, 0x4249, 0x424A, 0x4249, 0x424A, 0x4249, 0x4249,
  0x4249, 0x424A, 0x424A, 0x4249, 0x4249, 0x424A, 0x4249, 0x4249, 0x4249, 0x4249, 0x4249, 0x424A,
  0x4249, 0x424A, 0x4249, 0x4249, 0x4249, 0x4249, 0x4249, 0x4249, 0x4249, 0x4249, 0x4249, 0x424A,
  0x4249, 0x4249, 0x4249, 0x424A, 0x4249, 0x4249, 0x424A, 0x4249, 0x4249, 0x4249, 0x424A, 0x4249,
  0x4249, 0x424A, 0x424A, 0x4249, 0x4249, 0x4249, 0x4249, 0x4249, 0x4249, 0x4249, 0x4249, 0x4249,
  0x4249, 0x4249, 0x4249, 0x4249, 0x4249, 0x4249, 0x4249, 0x4249, 0x4249, 0x424A, 0x4249, 0x4249,
  0x4249, 0x4249, 0x4249, 0x4249, 0x4249, 0x4249, 0x4249, 0x424A, 0x4249, 0x4249, 0x424A, 0x4249,
  0x4249, 0x4249, 0x4249, 0x424A, 0x4249, 0x4249, 0x4249, 0x4249, 0x4249, 0x4249, 0x4249, 0x4249,
  0x4249, 0x4249, 0x4249, 0x424A, 0x424A, 0x4249, 0x4249, 0x4249, 0x4249, 0x424A, 0x424A, 0x4249,
  0x4249, 0x4249, 0x4249, 0x4249, 0x4249, 0x4249, 0x52CB, 0xC637, 0xDED9, 0xDED9, 0xDED9, 0xDED9,
  0xDED9, 0xDED9, 0xDED9, 0xDED9, 0xDED9, 0xDED9, 0xCE58, 0xAD74, 0xBDD6, 0xBDD6, 0xBDD6, 0xBDD6,
  0xBDD6, 0xBDF6, 0xBDF6, 0xBDD6, 0xBDD6, 0xBDF6, 0xBDD6, 0xBDF6, 0xBDD6, 0xBDD6, 0xBDF6, 0xBDD6,
  0xBDF6, 0xBDD6, 0xA513, 0x632C, 0x4A69, 0x62EB, 0x6B2C, 0x840F, 0x6B4C, 0x4A69, 0x4249, 0x424A,
  0x4249, 0x424A, 0x4249, 0x4249, 0x424A, 0x4249, 0x424A, 0x4249, 0x4249, 0x424A, 0x4249, 0x4249,
  0x4249, 0x4249, 0x4249, 0x4249, 0x424A, 0x4249, 0x4249, 0x4249, 0x424A, 0x4249, 0x4249, 0x4249,
  0x4249, 0x424A, 0x4249, 0x4249, 0x4249, 0x4249, 0x4249, 0x424A, 0x4249, 0x4249, 0x4249, 0x4249,
  0x4249, 0x424A, 0x4249, 0x4249, 0x4249, 0x4249, 0x4249, 0x4249, 0x4249, 0x4249, 0x4249, 0x4249,
  0x4249, 0x4249, 0x424A, 0x4249, 0x4249, 0x4249, 0x424A, 0x4249, 0x4249, 0x424A, 0x4249, 0x4249,
  0x4249, 0x4249, 0x424A, 0x4249, 0x4249, 0x424A, 0x424A, 0x4249, 0x4249, 0x4249, 0x4249, 0x4249,
  0x424A, 0x4249, 0x424A, 0x4249, 0x4249, 0x4249, 0x4249, 0x4249, 0x4249, 0x4249, 0x4249, 0x4249,
  0x4249, 0x4249, 0x4249, 0x4249, 0x4249, 0x4249, 0x424A, 0x4249, 0x424A, 0x4249, 0x4249, 0x4249,
  0x4249, 0x4249, 0x4249, 0x4249, 0x4249, 0x4249, 0x424A, 0x4249, 0x4249, 0x4249, 0x4249, 0x4249,
  0x4249, 0x4249, 0x4249, 0x424A, 0x4249, 0x424A, 0x424A, 0x4249, 0x4249, 0x424A, 0x4249, 0x4249,
  0x4249, 0x4249, 0x4249, 0x424A, 0x4249, 0x424A, 0x4249, 0x4249, 0x4249, 0x4249, 0x4249, 0x4249,
  0x4249, 0x4249, 0x4249, 0x424A, 0x4249, 0x4249, 0x4249, 0x424A, 0x4249, 0x4249, 0x424A, 0x4249,
  0x4249, 0x4249, 0x424A, 0x4249, 0x4249, 0x424A, 0x424A, 0x4249, 0x4249, 0x4249, 0x4249, 0x4249,
  0x4249, 0x4249, 0x4249, 0x4249, 0x4249, 0x4249, 0x4249, 0x4249, 0x4249, 0x4249, 0x4249, 0x4249,
  0x4249, 0x424A, 0x4249, 0x4249, 0x4249, 0x4249, 0x4249, 0x4249, 0x4249, 0x4249, 0x4249, 0x4249,
  0x424A, 0x4249, 0x4249, 0x4249, 0x4249, 0x4249, 0x424A, 0x4249, 0x4249, 0x4249, 0x4249, 0x424A,
  0x4249, 0x4249, 0x424A, 0x4249, 0x4249, 0x4249, 0x4249, 0x4249, 0x4249, 0x424A, 0x4249, 0x4249,
  0x4249, 0x424A, 0x4249, 0x4249, 0x4249, 0x4249, 0x4249, 0x4249, 0x4249, 0x4249, 0x4249, 0x4249,
  0x4249, 0x424A, 0x4249, 0x4249, 0x424A, 0x424A, 0x4249, 0x4249, 0x4249, 0x424A, 0x4249, 0x4249,
  0x424A, 0x424A, 0x4249, 0x424A, 0x4249, 0x4249, 0x4249, 0x4249, 0x4249, 0x4249, 0x424A, 0x424A,
  0x424A, 0x4249, 0x4249, 0x424A, 0x4249, 0x4249, 0x424A, 0x4249, 0x4249, 0x4249, 0x4249, 0x4249,
  0x4249, 0x4249, 0x4249, 0x4249, 0x424A, 0x4249, 0x4249, 0x4249, 0x424A, 0x4249, 0x4249, 0x4249,
  0x4249, 0x4249, 0x4249, 0x4249, 0x4249, 0x424A, 0x4249, 0x4249, 0x4249, 0x424A, 0x4249, 0x4249,
  0x4249, 0x4249, 0x4A8A, 0xB5B5, 0xDED9, 0xDED9, 0xDED9, 0xDED9, 0xDED9, 0xDED9, 0xDED9, 0xDED9,
  0xDED9, 0xDED9, 0xDED9, 0xC637, 0xAD54, 0xBDB6, 0xBDD6, 0xBDD6, 0xBDD6, 0xBDD6, 0xBDD6, 0xBDF6,
  0xBDD6, 0xBDD6, 0xBDD6, 0xBDF6, 0xBDD6, 0xBDD6, 0xBDD6, 0xBDD6, 0xBDD6, 0xA533, 0x73AE, 0x4228,
  0x5ACA, 0x630B, 0x632B, 0x632B, 0x6B4C, 0x4A69, 0x424A, 0x4249, 0x4249, 0x4249, 0x4249, 0x4249,
  0x4249, 0x4249, 0x4249, 0x4249, 0x4249, 0x4249, 0x4249, 0x4249, 0x424A, 0x4249, 0x4249, 0x424A,
  0x4249, 0x4249, 0x424A, 0x424A, 0x4249, 0x4249, 0x4249, 0x424A, 0x4249, 0x4249, 0x4249, 0x4249,
  0x4249, 0x4249, 0x424A, 0x4249, 0x4249, 0x424A, 0x4249, 0x424A, 0x4249, 0x424A, 0x4249, 0x4249,
  0x4249, 0x4249, 0x424A, 0x4249, 0x424A, 0x4249, 0x424A, 0x4249, 0x4249, 0x424A, 0x4249, 0x424A,
  0x4249, 0x4249, 0x4249, 0x424A, 0x4249, 0x4249, 0x4249, 0x4249, 0x4249, 0x424A, 0x4249, 0x4249,
  0x4249, 0x4249, 0x4249, 0x4249, 0x4249, 0x4249, 0x4249, 0x424A, 0x4249, 0x4249, 0x4249, 0x4249,
  0x4249, 0x4249, 0x424A, 0x424A, 0x4249, 0x4249, 0x4249, 0x4249, 0x4249, 0x4249, 0x4249, 0x424A,
  0x4249, 0x4249, 0x424A, 0x4249, 0x4249, 0x4249, 0x4249, 0x4249, 0x4249, 0x424A, 0x4249, 0x4249,
  0x4249, 0x424A, 0x4249, 0x4249, 0x424A, 0x4249, 0x4249, 0x424A, 0x4249, 0x424A, 0x4249, 0x4249,
  0x4249, 0x4249, 0x4249, 0x4249, 0x424A, 0x4249, 0x4249, 0x4249, 0x4249, 0x4249, 0x424A, 0x4249,
  0x4249, 0x4249, 0x4249, 0x424A, 0x4249, 0x4249, 0x424A, 0x4249, 0x4249, 0x4249, 0x4249, 0x4249,
  0x4249, 0x424A, 0x4249, 0x4249, 0x4249, 0x424A, 0x4249, 0x4249, 0x4249, 0x4249, 0x4249, 0x4249,
  0x4249, 0x4249, 0x4249, 0x4249, 0x4249, 0x424A, 0x4249, 0x4249, 0x424A, 0x424A, 0x4249, 0x4249,
  0x4249, 0x424A, 0x4249, 0x4249, 0x424A, 0x424A, 0x4249, 0x424A, 0x4249, 0x4249, 0x4249, 0x4249,
  0x4249, 0x4249, 0x424A, 0x424A, 0x4249, 0x4249, 0x4249, 0x4249, 0x4249, 0x4249, 0x4249, 0x4249,
  0x4249, 0x424A, 0x4249, 0x4249, 0x4249, 0x4249, 0x424A, 0x424A, 0x4249, 0x4249, 0x4249, 0x4249,
  0x424A, 0x424A, 0x4249, 0x4249, 0x424A, 0x4249, 0x4249, 0x424A, 0x4249, 0x4249, 0x424A, 0x4249,
  0x4249, 0x424A, 0x4249, 0x424A, 0x4249, 0x4249, 0x4249, 0x4249, 0x424A, 0x4249, 0x4249, 0x4249,
  0x4249, 0x4249, 0x4249, 0x424A, 0x424A, 0x4249, 0x4249, 0x424A, 0x4249, 0x4249, 0x4249, 0x4249,
  0x424A, 0x424A, 0x4249, 0x4249, 0x424A, 0x4249, 0x4249, 0x4249, 0x4249, 0x4249, 0x4249, 0x4249,
  0x4249, 0x4249, 0x4249, 0x424A, 0x4249, 0x4249, 0x424A, 0x4249, 0x4249, 0x424A, 0x4249, 0x4249,
  0x424A, 0x4249, 0x4249, 0x4249, 0x424A, 0x4249, 0x424A, 0x4249, 0x4249, 0x4249, 0x424A, 0x4249,
  0x4249, 0x4249, 0x4249, 0x4249, 0x4249, 0x424A, 0x4249, 0x4249, 0x4249, 0x4249, 0x4249, 0x94D2,
  0xDED9, 0xDED9, 0xDED9, 0xDED9, 0xDED9, 0xDED9, 0xDED9, 0xDED9, 0xDED9, 0xDED9, 0xDED9, 0xDEB9,
  0xBDD6, 0xA513, 0xB595, 0xBDD6, 0xBDD6, 0xBDD6, 0xBDF6, 0xBDF6, 0xBDD6, 0xBDD6, 0xBDF6, 0xBDF6,
  0xBDD6, 0xBDD6, 0xBDD6, 0xB5B5, 0xA513, 0x9492, 0x632C, 0x5ACA, 0x630B, 0x6B2B, 0x6B2B, 0x632B,
  0x5289, 0x4228, 0x4249, 0x4249, 0x4249, 0x4249, 0x4249, 0x424A, 0x424A, 0x4249, 0x4249, 0x4249,
  0x424A, 0x4249, 0x4249, 0x424A, 0x424A, 0x4249, 0x4249, 0x424A, 0x4249, 0x4249, 0x4249, 0x4249,
  0x4249, 0x4249, 0x4249, 0x4249, 0x424A, 0x4249, 0x4249, 0x424A, 0x4249, 0x424A, 0x4249, 0x4249,
  0x4249, 0x4249, 0x4249, 0x4249, 0x4249, 0x4249, 0x4249, 0x4249, 0x424A, 0x4249, 0x4249, 0x424A,
  0x4249, 0x4249, 0x4249, 0x424A, 0x4249, 0x4249, 0x4249, 0x4249, 0x4249, 0x4249, 0x4249, 0x424A,
  0x4249, 0x4249, 0x4249, 0x424A, 0x4249, 0x4249, 0x4249, 0x424A, 0x4249, 0x4249, 0x4249, 0x4249,
  0x424A, 0x424A, 0x4249, 0x4249, 0x4249, 0x4249, 0x424A, 0x4249, 0x4249, 0x4249, 0x4249, 0x4249,
  0x424A, 0x4249, 0x424A, 0x4249, 0x424A, 0x4249, 0x4249, 0x4249, 0x4249, 0x4249, 0x424A, 0x4249,
  0x4249, 0x424A, 0x4249, 0x424A, 0x4249, 0x4249, 0x4249, 0x424A, 0x4249, 0x4249, 0x4249, 0x4249,
  0x4249, 0x4249, 0x4249, 0x4249, 0x4249, 0x4249, 0x4249, 0x4249, 0x4249, 0x4249, 0x4249, 0x4249,
  0x4249, 0x4249, 0x4249, 0x4249, 0x4249, 0x424A, 0x4249, 0x4249, 0x4249, 0x4249, 0x424A, 0x424A,
  0x4249, 0x4249, 0x4249, 0x4249, 0x424A, 0x424A, 0x4249, 0x4249, 0x424A, 0x4249, 0x4249, 0x424A,
  0x4249, 0x4249, 0x424A, 0x4249, 0x4249, 0x424A, 0x4249, 0x424A, 0x4249, 0x4249, 0x4249, 0x4249,
  0x424A, 0x4249, 0x4249, 0x4249, 0x4249, 0x4249, 0x4249, 0x424A, 0x424A, 0x4249, 0x4249, 0x424A,
  0x4249, 0x4249, 0x4249, 0x4249, 0x424A, 0x424A, 0x4249, 0x4249, 0x424A, 0x4249, 0x4249, 0x4249,
  0x4249, 0x4249, 0x424A, 0x424A, 0x4249, 0x4249, 0x424A, 0x4249, 0x424A, 0x4249, 0x4249, 0x424A,
  0x4249, 0x4249, 0x4249, 0x4249, 0x4249, 0x4249, 0x424A, 0x4249, 0x4249, 0x4249, 0x4249, 0x4249,
  0x4249, 0x4249, 0x4249, 0x4249, 0x4249, 0x4249, 0x4249, 0x4249, 0x4249, 0x4249, 0x4249, 0x4249,
  0x424A, 0x424A, 0x4249, 0x4249, 0x4249, 0x4249, 0x4249, 0x424A, 0x4249, 0x4249, 0x4249, 0x4249,
  0x4249, 0x4249, 0x4249, 0x4249, 0x4249, 0x4249, 0x4249, 0x4249, 0x4249, 0x4249, 0x424A, 0x4249,
  0x4249, 0x4249, 0x4249, 0x4249, 0x4249, 0x4249, 0x4249, 0x424A, 0x4249, 0x4249, 0x4249, 0x4249,
  0x4249, 0x4249, 0x424A, 0x4249, 0x4249, 0x4249, 0x424A, 0x4249, 0x4249, 0x424A, 0x4249, 0x4249,
  0x4249, 0x4249, 0x4249, 0x4249, 0x4249, 0x4249, 0x424A, 0x4249, 0x4249, 0x4249, 0x424A, 0x4249,
  0x4249, 0x4249, 0x4249, 0x424A, 0x4249, 0x424A, 0x4249, 0x73AE, 0xD698, 0xDED9, 0xDED9, 0xDED9,
  0xDED9, 0xDED9, 0xDED9, 0xDED9, 0xDED9, 0xDED9, 0xDED9, 0xDED9, 0xDEB9, 0xC5F6, 0xA513, 0xAD34,
  0xB595, 0xBDD6, 0xBDD6, 0xBDD6, 0xBDD6, 0xBDF6, 0xBDD6, 0xBDD6, 0xBDD6, 0xB5B5, 0xAD54, 0x9CD2,
  0xA4F3, 0x9CD3, 0x6B6D, 0x630B, 0x632B, 0x6B2B, 0x632B, 0x632B, 0x4A28, 0x4229, 0x4249, 0x424A,
  0x424A, 0x4249, 0x4249, 0x4249, 0x4249, 0x4249, 0x424A, 0x4249, 0x4249, 0x4249, 0x424A, 0x4249,
  0x4249, 0x4249, 0x4249, 0x424A, 0x4249, 0x4249, 0x424A, 0x4249, 0x4249, 0x4249, 0x424A, 0x4249,
  0x4249, 0x4249, 0x424A, 0x4249, 0x4249, 0x4249, 0x4249, 0x4249, 0x424A, 0x4249, 0x424A, 0x4249,
  0x4249, 0x424A, 0x4249, 0x4249, 0x4249, 0x4249, 0x4249, 0x4249, 0x4249, 0x4249, 0x4249, 0x4249,
  0x4249, 0x4249, 0x4249, 0x4249, 0x424A, 0x4249, 0x4249, 0x4249, 0x4249, 0x4249, 0x4249, 0x424A,
  0x4249, 0x4249, 0x424A, 0x4249, 0x424A, 0x424A, 0x4249, 0x4249, 0x4249, 0x4249, 0x4249, 0x424A,
  0x4249, 0x4249, 0x424A, 0x4249, 0x4249, 0x4249, 0x424A, 0x4249, 0x4249, 0x4249, 0x4249, 0x424A,
  0x4249, 0x4249, 0x424A, 0x4249, 0x424A, 0x4249, 0x4249, 0x4249, 0x4249, 0x4249, 0x4249, 0x4249,
  0x4249, 0x4249, 0x424A, 0x4249, 0x4249, 0x424A, 0x4249, 0x4249, 0x424A, 0x4249, 0x424A, 0x4249,
  0x424A, 0x4249, 0x424A, 0x4249, 0x4249, 0x4249, 0x424A, 0x424A, 0x4249, 0x4249, 0x424A, 0x4249,
  0x424A, 0x4249, 0x4249, 0x424A, 0x4249, 0x4249, 0x4249, 0x4249, 0x4249, 0x4249, 0x424A, 0x4249,
  0x4249, 0x4249, 0x4249, 0x4249, 0x4249, 0x4249, 0x4249, 0x4249, 0x4249, 0x4249, 0x4249, 0x4249,
  0x4249, 0x4249, 0x4249, 0x4249, 0x424A, 0x424A, 0x4249, 0x4249, 0x4249, 0x4249, 0x4249, 0x424A,
  0x4249, 0x4249, 0x4249, 0x4249, 0x4249, 0x4249, 0x4249, 0x4249, 0x4249, 0x4249, 0x4249, 0x4249,
  0x4249, 0x4249, 0x424A, 0x4249, 0x4249, 0x4249, 0x4249, 0x4249, 0x4249, 0x4249, 0x424A, 0x4249,
  0x4249, 0x4249, 0x424A, 0x4249, 0x4249, 0x4249, 0x4249, 0x4249, 0x424A, 0x4249, 0x4249, 0x424A,
  0x4249, 0x4249, 0x4249, 0x4249, 0x4249, 0x4249, 0x4249, 0x4249, 0x424A, 0x4249, 0x4249, 0x424A,
  0x4249, 0x424A, 0x4249, 0x424A, 0x424A, 0x4249, 0x4249, 0x4249, 0x4249, 0x4249, 0x4249, 0x424A,
  0x4249, 0x4249, 0x424A, 0x4249, 0x4249, 0x4249, 0x4249, 0x424A, 0x4249, 0x4249, 0x4249, 0x424A,
  0x4249, 0x424A, 0x4249, 0x4249, 0x4249, 0x4249, 0x4249, 0x4249, 0x4249, 0x4249, 0x424A, 0x424A,
  0x4249, 0x424A, 0x4249, 0x4249, 0x424A, 0x4249, 0x424A, 0x4249, 0x4249, 0x4249, 0x4249, 0x4249,
  0x4249, 0x4249, 0x4249, 0x424A, 0x4249, 0x4249, 0x4249, 0x424A, 0x4249, 0x4249, 0x4249, 0x424A,
  0x4249, 0x4249, 0x4249, 0x424A, 0x4249, 0x4249, 0x4249, 0x4249, 0x4249, 0x4249, 0x424A, 0x4249,
  0x4249, 0x4249, 0x4249, 0x4A8A, 0xBDD6, 0xDED9, 0xDED9, 0xDED9, 0xDED9, 0xDED9, 0xDED9, 0xDED9,
  0xDED9, 0xDED9, 0xDED9, 0xDED9, 0xDED9, 0xDED9, 0xCE37, 0xAD54, 0x9CD2, 0xA4F3, 0xAD33, 0xAD74,
  0xB595, 0xB595, 0xAD74, 0xAD54, 0xA513, 0x9CD2, 0xA4F3, 0xA514, 0xAD34, 0xBDB6, 0xAD54, 0x632B,
  0x632B, 0x632B, 0x6B2B, 0x5ACA, 0x39E7, 0x4249, 0x4249, 0x4249, 0x4249, 0x4249, 0x424A, 0x4249,
  0x4249, 0x4249, 0x424A, 0x4249, 0x4249, 0x4249, 0x4249, 0x4249, 0x4249, 0x4249, 0x424A, 0x4249,
  0x4249, 0x4249, 0x4249, 0x4249, 0x424A, 0x4249, 0x4249, 0x4249, 0x4249, 0x4249, 0x424A, 0x4249,
  0x4249, 0x4249, 0x424A, 0x4249, 0x4249, 0x4249, 0x424A, 0x4249, 0x4249, 0x4249, 0x4249, 0x424A,
  0x4249, 0x4249, 0x424A, 0x4249, 0x4249, 0x4249, 0x424A, 0x4249, 0x4249, 0x4249, 0x424A, 0x4249,
  0x4249, 0x424A, 0x4249, 0x424A, 0x4249, 0x424A, 0x4249, 0x4249, 0x4249, 0x4249, 0x4249, 0x4249,
  0x4249, 0x4249, 0x4249, 0x4249, 0x4249, 0x4249, 0x4249, 0x4249, 0x424A, 0x4249, 0x4249, 0x4249,
  0x424A, 0x4249, 0x424A, 0x4249, 0x4249, 0x424A, 0x4249, 0x4249, 0x4249, 0x4249, 0x4249, 0x4249,
  0x4249, 0x4249, 0x424A, 0x4249, 0x4249, 0x424A, 0x4249, 0x4249, 0x4249, 0x4249, 0x4249, 0x4249,
  0x4249, 0x424A, 0x4249, 0x4249, 0x4249, 0x4249, 0x4249, 0x4249, 0x4249, 0x4249, 0x4249, 0x424A,
  0x4249, 0x4249, 0x424A, 0x4249, 0x4249, 0x4249, 0x424A, 0x4249, 0x4249, 0x4249, 0x4249, 0x4249,
  0x424A, 0x4249, 0x4249, 0x424A, 0x4249, 0x4249, 0x4249, 0x4249, 0x4249, 0x4249, 0x4249, 0x4249,
  0x424A, 0x4249, 0x4249, 0x424A, 0x4249, 0x424A, 0x4249, 0x424A, 0x424A, 0x4249, 0x4249, 0x4249,
  0x4249, 0x4249, 0x4249, 0x424A, 0x4249, 0x4249, 0x424A, 0x4249, 0x4249, 0x4249, 0x4249, 0x424A,
  0x4249, 0x4249, 0x4249, 0x424A, 0x4249, 0x424A, 0x4249, 0x4249, 0x4249, 0x4249, 0x4249, 0x4249,
  0x4249, 0x4249, 0x424A, 0x424A, 0x4249, 0x4249, 0x4249, 0x4249, 0x4249, 0x4249, 0x4249, 0x4249,
  0x4249, 0x4249, 0x424A, 0x4249, 0x4249, 0x4249, 0x4249, 0x4249, 0x424A, 0x4249, 0x4249, 0x4249,
  0x424A, 0x4249, 0x4249, 0x4249, 0x424A, 0x4249, 0x4249, 0x424A, 0x4249, 0x4249, 0x4249, 0x4249,
  0x4249, 0x4249, 0x424A, 0x4249, 0x4249, 0x424A, 0x4249, 0x4249, 0x424A, 0x424A, 0x4249, 0x4249,
  0x424A, 0x4249, 0x4249, 0x4249, 0x424A, 0x4249, 0x4249, 0x4249, 0x4249, 0x4249, 0x4249, 0x424A,
  0x4249, 0x4249, 0x4249, 0x4249, 0x424A, 0x4249, 0x4249, 0x4249, 0x4249, 0x424A, 0x4249, 0x4249,
  0x4249, 0x4249, 0x4249, 0x4249, 0x4249, 0x4249, 0x424A, 0x424A, 0x4249, 0x424A, 0x4249, 0x4249,
  0x4249, 0x4249, 0x424A, 0x424A, 0x4249, 0x4249, 0x4249, 0x424A, 0x424A, 0x4249, 0x4249, 0x4249,
  0x424A, 0x4249, 0x4249, 0x4249, 0x4249, 0x424A, 0x4249, 0x4249, 0x4249, 0x424A, 0x4249, 0x4249,
  0x8430, 0xD6B9, 0xDED9, 0xDED9, 0xDED9, 0xDED9, 0xDED9, 0xDED9, 0xDED9, 0xDED9, 0xDED9, 0xDED9,
  0xDED9, 0xDED9, 0xDED9, 0xD699, 0xBDF6, 0xAD54, 0xA513, 0x9CF3, 0x9CF3, 0x9CD3, 0x9CF3, 0xA4F3,
  0xA514, 0xA534, 0xAD34, 0xB595, 0xCE37, 0xDEB9, 0xD699, 0x8C70, 0x5289, 0x5AAA, 0x4A68, 0x39C7,
  0x3A08, 0x4249, 0x4249, 0x4249, 0x4249, 0x4249, 0x4249, 0x4249, 0x424A, 0x4249, 0x4249, 0x4249,
  0x4249, 0x4249, 0x4249, 0x4249, 0x4249, 0x4249, 0x4249, 0x4249, 0x4249, 0x424A, 0x4249, 0x424A,
  0x4249, 0x424A, 0x4249, 0x4249, 0x424A, 0x4249, 0x4249, 0x4249, 0x424A, 0x424A, 0x4249, 0x4249,
  0x424A, 0x4249, 0x4249, 0x4249, 0x424A, 0x4249, 0x4249, 0x4249, 0x4249, 0x4249, 0x424A, 0x4249,
  0x4249, 0x4249, 0x4249, 0x4249, 0x4249, 0x424A, 0x4249, 0x4249, 0x424A, 0x4249, 0x4249, 0x4249,
  0x4249, 0x4249, 0x4249, 0x4249, 0x4249, 0x424A, 0x4249, 0x424A, 0x4249, 0x4249, 0x4249, 0x4249,
  0x424A, 0x4249, 0x4249, 0x4249, 0x4249, 0x4249, 0x4249, 0x4249, 0x4249, 0x4249, 0x4249, 0x4249,
  0x4249, 0x4249, 0x4249, 0x4249, 0x424A, 0x4249, 0x4249, 0x4249, 0x424A, 0x4249, 0x4249, 0x4249,
  0x4249, 0x4249, 0x4249, 0x4249, 0x424A, 0x4249, 0x424A, 0x4249, 0x4249, 0x4249, 0x424A, 0x4249,
  0x4249, 0x4249, 0x4249, 0x424A, 0x4249, 0x4249, 0x4249, 0x4249, 0x4249, 0x4249, 0x4249, 0x4249,
  0x4249, 0x4249, 0x4249, 0x4249, 0x4249, 0x4249, 0x424A, 0x4249, 0x4249, 0x4249, 0x4249, 0x4249,
  0x424A, 0x4249, 0x4249, 0x4249, 0x424A, 0x4249, 0x4249, 0x4249, 0x424A, 0x4249, 0x4249, 0x424A,
  0x4249, 0x4249, 0x4249, 0x4249, 0x4249, 0x4249, 0x424A, 0x4249, 0x4249, 0x424A, 0x4249, 0x4249,
  0x424A, 0x424A, 0x4249, 0x4249, 0x424A, 0x4249, 0x4249, 0x4249, 0x424A, 0x4249, 0x4249, 0x4249,
  0x4249, 0x4249, 0x4249, 0x424A, 0x4249, 0x4249, 0x4249, 0x4249, 0x424A, 0x4249, 0x4249, 0x4249,
  0x4249, 0x4249, 0x4249, 0x424A, 0x424A, 0x4249, 0x4249, 0x4249, 0x424A, 0x4249, 0x4249, 0x4249,
  0x4249, 0x424A, 0x4249, 0x4249, 0x4249, 0x424A, 0x4249, 0x4249, 0x424A, 0x424A, 0x4249, 0x4249,
  0x4249, 0x4249, 0x4249, 0x4249, 0x4249, 0x424A, 0x4249, 0x4249, 0x4249, 0x4249, 0x4249, 0x4249,
  0x4249, 0x4249, 0x4249, 0x4249, 0x4249, 0x4249, 0x4249, 0x4249, 0x4249, 0x424A, 0x4249, 0x4249,
  0x4249, 0x424A, 0x4249, 0x424A, 0x4249, 0x4249, 0x4249, 0x4249, 0x4249, 0x424A, 0x424A, 0x4249,
  0x4249, 0x4249, 0x4249, 0x4249, 0x4249, 0x4249, 0x4249, 0x4249, 0x4249, 0x4249, 0x424A, 0x4249,
  0x4249, 0x424A, 0x4249, 0x4249, 0x4249, 0x4249, 0x4249, 0x4249, 0x4249, 0x4249, 0x4249, 0x4249,
  0x4249, 0x4249, 0x4249, 0x4249, 0x4249, 0x4249, 0x4249, 0x4249, 0x4249, 0x4249, 0x424A, 0x424A,
  0x4249, 0x4249, 0x424A, 0x4249, 0x4249, 0x4249, 0x4249, 0x4249, 0x52AB, 0xB5B5, 0xDED9, 0xDED9,
  0xDED9, 0xDED9, 0xDED9, 0xDED9, 0xDED9, 0xDED9, 0xDED9, 0xDED9, 0xDED9, 0xDED9, 0xDED9, 0xDED9,
  0xDED9, 0xD699, 0xCE58, 0xBDD6, 0xB595, 0xB575, 0xAD75, 0xB595, 0xB5B6, 0xC617, 0xCE78, 0xDEB9,
  0xDED9, 0xDED9, 0xCE57, 0x632B, 0x3A07, 0x31A6, 0x39E8, 0x4249, 0x4249, 0x4249, 0x424A, 0x4249,
  0x424A, 0x424A, 0x4249, 0x4249, 0x4249, 0x4249, 0x424A, 0x4249, 0x4249, 0x424A, 0x424A, 0x424A,
  0x4249, 0x424A, 0x4249, 0x4249, 0x4249, 0x4249, 0x4249, 0x4249, 0x4249, 0x4249, 0x4249, 0x424A,
  0x4249, 0x4249, 0x4249, 0x4249, 0x4249, 0x4249, 0x4249, 0x4249, 0x4249, 0x424A, 0x4249, 0x4249,
  0x4249, 0x4249, 0x4249, 0x424A, 0x4249, 0x4249, 0x424A, 0x4249, 0x4249, 0x424A, 0x4249, 0x424A,
  0x4249, 0x4249, 0x4249, 0x4249, 0x4249, 0x4249, 0x4249, 0x4249, 0x424A, 0x4249, 0x424A, 0x4249,
  0x424A, 0x4249, 0x4249, 0x4249, 0x4249, 0x424A, 0x424A, 0x4249, 0x4249, 0x4249, 0x424A, 0x4249,
  0x424A, 0x4249, 0x4249, 0x424A, 0x4249, 0x424A, 0x4249, 0x4249, 0x4249, 0x4249, 0x4249, 0x4249,
  0x4249, 0x424A, 0x4249, 0x4249, 0x424A, 0x4249, 0x4249, 0x4249, 0x4249, 0x424A, 0x424A, 0x424A,
  0x4249, 0x4249, 0x4249, 0x424A, 0x4249, 0x4249, 0x424A, 0x4249, 0x424A, 0x4249, 0x4249, 0x424A,
  0x4249, 0x4249, 0x4249, 0x424A, 0x4249, 0x4249, 0x4249, 0x424A, 0x424A, 0x4249, 0x4249, 0x4249,
  0x424A, 0x4249, 0x4249, 0x4249, 0x4249, 0x424A, 0x4249, 0x4249, 0x4249, 0x424A, 0x4249, 0x4249,
  0x424A, 0x424A, 0x4249, 0x4249, 0x4249, 0x4249, 0x4249, 0x4249, 0x4249, 0x424A, 0x4249, 0x4249,
  0x4249, 0x4249, 0x4249, 0x4249, 0x4249, 0x4249, 0x4249, 0x4249, 0x4249, 0x4249, 0x4249, 0x4249,
  0x4249, 0x424A, 0x4249, 0x4249, 0x4249, 0x424A, 0x4249, 0x424A, 0x4249, 0x4249, 0x4249, 0x4249,
  0x4249, 0x424A, 0x424A, 0x4249, 0x4249, 0x4249, 0x4249, 0x4249, 0x4249, 0x4249, 0x4249, 0x4249,
  0x424A, 0x4249, 0x424A, 0x4249, 0x4249, 0x4249, 0x4249, 0x4249, 0x4249, 0x424A, 0x4249, 0x4249,
  0x4249, 0x4249, 0x4249, 0x4249, 0x4249, 0x4249, 0x424A, 0x4249, 0x4249, 0x4249, 0x4249, 0x4249,
  0x424A, 0x4249, 0x4249, 0x424A, 0x4249, 0x4249, 0x424A, 0x4249, 0x4249, 0x424A, 0x4249, 0x4249,
  0x424A, 0x4249, 0x4249, 0x4249, 0x4249, 0x4249, 0x4249, 0x4249, 0x424A, 0x4249, 0x4249, 0x4249,
  0x424A, 0x4249, 0x4249, 0x4249, 0x4249, 0x4249, 0x424A, 0x4249, 0x4249, 0x424A, 0x424A, 0x4249,
  0x4249, 0x4249, 0x4249, 0x4249, 0x424A, 0x4249, 0x424A, 0x4249, 0x4249, 0x4249, 0x4249, 0x4249,
  0x4249, 0x424A, 0x424A, 0x4249, 0x424A, 0x4249, 0x4249, 0x4249, 0x4249, 0x424A, 0x424A, 0x4249,
  0x4249, 0x4249, 0x4249, 0x424A, 0x424A, 0x4249, 0x4249, 0x4249, 0x4249, 0x4249, 0x4249, 0x4249,
  0x4249, 0x4249, 0x4249, 0x424A, 0x424A, 0x73AE, 0xCE78, 0xDED9, 0xDED9, 0xDED9, 0xDED9, 0xDED9,
  0xDED9, 0xDED9, 0xDED9, 0xDED9, 0xDED9, 0xDED9, 0xDED9, 0xDED9, 0xDED9, 0xDED9, 0xDED9, 0xDED9,
  0xDEB9, 0xD6B9, 0xD6B9, 0xD6B9, 0xDED9, 0xDED9, 0xDED9, 0xDED9, 0xDED9, 0xD6B9, 0x9491, 0x39E7,
  0x4A48, 0x4228, 0x4249, 0x4249, 0x4249, 0x424A, 0x4249, 0x4249, 0x4249, 0x4249, 0x424A, 0x4249,
  0x424A, 0x4249, 0x4249, 0x4249, 0x4249, 0x4249, 0x4249, 0x4249, 0x4249, 0x4249, 0x424A, 0x4249,
  0x424A, 0x4249, 0x424A, 0x4249, 0x4249, 0x424A, 0x4249, 0x4249, 0x424A, 0x4249, 0x424A, 0x4249,
  0x4249, 0x4249, 0x4249, 0x4249, 0x4249, 0x4249, 0x4249, 0x4249, 0x424A, 0x424A, 0x4249, 0x4249,
  0x4249, 0x4249, 0x424A, 0x4249, 0x4249, 0x4249, 0x4249, 0x4249, 0x4249, 0x4249, 0x424A, 0x4249,
  0x4249, 0x424A, 0x4249, 0x4249, 0x4249, 0x4249, 0x4249, 0x4249, 0x4249, 0x4249, 0x4249, 0x4249,
  0x4249, 0x4249, 0x4249, 0x4249, 0x4249, 0x424A, 0x4249, 0x4249, 0x4249, 0x424A, 0x4249, 0x4249,
  0x4249, 0x4249, 0x4249, 0x424A, 0x424A, 0x424A, 0x4249, 0x424A, 0x4249, 0x4249, 0x4249, 0x4249,
  0x4249, 0x4249, 0x424A, 0x4249, 0x4249, 0x4249, 0x4249, 0x4249, 0x4249, 0x4249, 0x4249, 0x4249,
  0x4249, 0x4249, 0x4249, 0x4249, 0x4249, 0x424A, 0x4249, 0x4249, 0x424A, 0x4249, 0x4249, 0x424A,
  0x4249, 0x4249, 0x4249, 0x4249, 0x424A, 0x4249, 0x424A, 0x4249, 0x4249, 0x4249, 0x4249, 0x4249,
  0x4249, 0x424A, 0x4249, 0x4249, 0x4249, 0x4249, 0x4249, 0x4249, 0x4249, 0x4249, 0x424A, 0x4249,
  0x4249, 0x4249, 0x4249, 0x4249, 0x424A, 0x4249, 0x4249, 0x424A, 0x4249, 0x4249, 0x424A, 0x4249,
  0x4249, 0x424A, 0x4249, 0x4249, 0x424A, 0x4249, 0x4249, 0x4249, 0x4249, 0x4249, 0x4249, 0x4249,
  0x424A, 0x4249, 0x4249, 0x4249, 0x424A, 0x4249, 0x4249, 0x4249, 0x4249, 0x4249, 0x424A, 0x4249,
  0x4249, 0x424A, 0x424A, 0x4249, 0x4249, 0x424A, 0x4249, 0x4249, 0x4249, 0x4249, 0x4249, 0x4249,
  0x424A, 0x424A, 0x4249, 0x424A, 0x4249, 0x4249, 0x424A, 0x4249, 0x4249, 0x4249, 0x424A, 0x4249,
  0x4249, 0x4249, 0x4249, 0x4249, 0x424A, 0x424A, 0x4249, 0x4249, 0x4249, 0x4249, 0x4249, 0x4249,
  0x4249, 0x424A, 0x4249, 0x4249, 0x4249, 0x4249, 0x4249, 0x424A, 0x4249, 0x4249, 0x424A, 0x4249,
  0x424A, 0x4249, 0x4249, 0x4249, 0x4249, 0x4249, 0x4249, 0x4249, 0x424A, 0x4249, 0x4249, 0x424A,
  0x4249, 0x4249, 0x4249, 0x4249, 0x4249, 0x4249, 0x4249, 0x4249, 0x424A, 0x424A, 0x424A, 0x4249,
  0x4249, 0x4249, 0x4249, 0x4249, 0x4249, 0x424A, 0x4249, 0x4249, 0x4249, 0x424A, 0x4249, 0x4249,
  0x4249, 0x424A, 0x424A, 0x4249, 0x4249, 0x4249, 0x4249, 0x4249, 0x424A, 0x4249, 0x4249, 0x4249,
  0x4249, 0x4249, 0x4249, 0x4249, 0x424A, 0x4249, 0x4249, 0x424A, 0x424A, 0x4249, 0x424A, 0x4249,
  0x4249, 0x52CB, 0xB5B5, 0xDED9, 0xDED9, 0xDED9, 0xDED9, 0xDED9, 0xDED9, 0xDED9, 0xDED9, 0xDED9,
  0xDED9, 0xDED9, 0xDED9, 0xDED9, 0xDED9, 0xDED9, 0xDED9, 0xDED9, 0xDED9, 0xDED9, 0xDED9, 0xDED9,
  0xDED9, 0xDED9, 0xDED9, 0xDED9, 0xDEB9, 0xAD54, 0x4208, 0x3186, 0x4249, 0x4249, 0x424A, 0x4249,
  0x4249, 0x4249, 0x4249, 0x4249, 0x4249, 0x4249, 0x4249, 0x4249, 0x4249, 0x4249, 0x424A, 0x4249,
  0x424A, 0x4249, 0x4249, 0x4249, 0x424A, 0x4249, 0x4249, 0x4249, 0x4249, 0x4249, 0x4249, 0x4249,
  0x4249, 0x4249, 0x4249, 0x4249, 0x4249, 0x4249, 0x4249, 0x424A, 0x4249, 0x424A, 0x4249, 0x424A,
  0x4249, 0x424A, 0x4249, 0x4249, 0x424A, 0x4249, 0x4249, 0x4249, 0x424A, 0x4249, 0x4249, 0x4249,
  0x4249, 0x424A, 0x4249, 0x424A, 0x4249, 0x4249, 0x4249, 0x424A, 0x4249, 0x4249, 0x424A, 0x4249,
  0x4249, 0x4249, 0x424A, 0x4249, 0x4249, 0x424A, 0x4249, 0x424A, 0x4249, 0x424A, 0x4249, 0x4249,
  0x424A, 0x4249, 0x4249, 0x4249, 0x424A, 0x4249, 0x4249, 0x4249, 0x4249, 0x4249, 0x424A, 0x4249,
  0x4249, 0x4249, 0x4249, 0x4249, 0x4249, 0x4249, 0x4249, 0x4249, 0x424A, 0x4249, 0x4249, 0x424A,
  0x4249, 0x4249, 0x4249, 0x4249, 0x4249, 0x4249, 0x424A, 0x424A, 0x4249, 0x4249, 0x4249, 0x4249,
  0x4249, 0x4249, 0x4249, 0x4249, 0x4249, 0x4249, 0x4249, 0x4249, 0x4249, 0x424A, 0x4249, 0x4249,
  0x4249, 0x4249, 0x4249, 0x4249, 0x424A, 0x424A, 0x4249, 0x424A, 0x4249, 0x4249, 0x424A, 0x4249,
  0x4249, 0x4249, 0x424A, 0x4249, 0x4249, 0x4249, 0x4249, 0x4249, 0x424A, 0x424A, 0x4249, 0x4249,
  0x4249, 0x4249, 0x4249, 0x4249, 0x4249, 0x424A, 0x4249, 0x4249, 0x4249, 0x4249, 0x4249, 0x424A,
  0x4249, 0x4249, 0x424A, 0x4249, 0x424A, 0x4249, 0x4249, 0x4249, 0x4249, 0x4249, 0x4249, 0x4249,
  0x424A, 0x4249, 0x4249, 0x424A, 0x4249, 0x4249, 0x4249, 0x4249, 0x4249, 0x4249, 0x4249, 0x4249,
  0x4249, 0x4249, 0x424A, 0x4249, 0x4249, 0x4249, 0x424A, 0x4249, 0x4249, 0x4249, 0x4249, 0x4249,
  0x4249, 0x4249, 0x4249, 0x4249, 0x4249, 0x424A, 0x4249, 0x4249, 0x4249, 0x4249, 0x424A, 0x4249,
  0x4249, 0x4249, 0x424A, 0x424A, 0x4249, 0x4249, 0x424A, 0x4249, 0x4249, 0x4249, 0x4249, 0x4249,
  0x4249, 0x424A, 0x4249, 0x4249, 0x4249, 0x4249, 0x4249, 0x4249, 0x4249, 0x424A, 0x424A, 0x4249,
  0x4249, 0x4249, 0x4249, 0x4249, 0x4249, 0x4249, 0x4249, 0x424A, 0x424A, 0x4249, 0x4249, 0x4249,
  0x424A, 0x4249, 0x4249, 0x4249, 0x4249, 0x4249, 0x4249, 0x4249, 0x424A, 0x4249, 0x4249, 0x4249,
  0x424A, 0x4249, 0x4249, 0x4249, 0x4249, 0x4249, 0x4249, 0x4249, 0x4249, 0x4249, 0x4249, 0x4249,
  0x4249, 0x424A, 0x4249, 0x4249, 0x424A, 0x4249, 0x424A, 0x4249, 0x4249, 0x4249, 0x4249, 0x424A,
  0x4249, 0x4249, 0x424A, 0x4249, 0x4249, 0x4249, 0x424A, 0x4249, 0x424A, 0x9491, 0xD699, 0xBDD6,
  0x9CD2, 0xAD75, 0xD6B9, 0xDED9, 0xDED9, 0xDED9, 0xDED9, 0xDED9, 0xDED9, 0xDED9, 0xDED9, 0xDED9,
  0xDED9, 0xDED9, 0xDED9, 0xDED9, 0xDED9, 0xDED9, 0xDED9, 0xDED9, 0xDED9, 0xDED9, 0xDED9, 0xDEB9,
  0xB5B5, 0x52AA, 0x31A6, 0x2145, 0x39E8, 0x4249, 0x424A, 0x4249, 0x4249, 0x424A, 0x4249, 0x4249,
  0x4249, 0x4249, 0x4249, 0x424A, 0x4249, 0x4249, 0x4249, 0x4249, 0x4249, 0x4249, 0x4249, 0x4249,
  0x4249, 0x424A, 0x4249, 0x4249, 0x424A, 0x4249, 0x424A, 0x4249, 0x424A, 0x4249, 0x4249, 0x4249,
  0x4249, 0x4249, 0x4249, 0x424A, 0x4249, 0x4249, 0x4249, 0x4249, 0x424A, 0x4249, 0x4249, 0x4249,
  0x4249, 0x4249, 0x4249, 0x4249, 0x4249, 0x4249, 0x4249, 0x4249, 0x4249, 0x4249, 0x4249, 0x4249,
  0x4249, 0x4249, 0x424A, 0x4249, 0x4249, 0x4249, 0x4249, 0x4249, 0x424A, 0x4249, 0x424A, 0x4249,
  0x4249, 0x4249, 0x424A, 0x4249, 0x4249, 0x4249, 0x4249, 0x4249, 0x4249, 0x4249, 0x4249, 0x424A,
  0x4249, 0x4249, 0x4249, 0x4249, 0x424A, 0x4249, 0x4249, 0x4249, 0x4249, 0x4249, 0x4249, 0x4249,
  0x424A, 0x4249, 0x4249, 0x4249, 0x4249, 0x4249, 0x4249, 0x4249, 0x424A, 0x424A, 0x4249, 0x4249,
  0x424A, 0x424A, 0x4249, 0x4249, 0x4249, 0x424A, 0x4249, 0x4249, 0x424A, 0x4249, 0x424A, 0x4249,
  0x4249, 0x424A, 0x4249, 0x4249, 0x4249, 0x4249, 0x424A, 0x4249, 0x4249, 0x4249, 0x424A, 0x4249,
  0x4249, 0x4249, 0x4249, 0x4249, 0x4249, 0x4249, 0x4249, 0x4249, 0x4249, 0x424A, 0x4249, 0x4249,
  0x4249, 0x4249, 0x424A, 0x4249, 0x4249, 0x4249, 0x424A, 0x424A, 0x4249, 0x4249, 0x424A, 0x4249,
  0x4249, 0x4249, 0x4249, 0x4249, 0x4249, 0x424A, 0x4249, 0x4249, 0x4249, 0x4249, 0x4249, 0x4249,
  0x4249, 0x424A, 0x424A, 0x4249, 0x4249, 0x4249, 0x4249, 0x4249, 0x4249, 0x4249, 0x4249, 0x424A,
  0x424A, 0x4249, 0x4249, 0x4249, 0x424A, 0x4249, 0x4249, 0x4249, 0x4249, 0x4249, 0x4249, 0x424A,
  0x4249, 0x424A, 0x4249, 0x4249, 0x4249, 0x424A, 0x4249, 0x424A, 0x4249, 0x4249, 0x4249, 0x4249,
  0x4249, 0x424A, 0x4249, 0x4249, 0x424A, 0x4249, 0x4249, 0x4249, 0x4249, 0x4249, 0x4249, 0x4249,
  0x4249, 0x424A, 0x4249, 0x4249, 0x424A, 0x4249, 0x4249, 0x424A, 0x4249, 0x4249, 0x4249, 0x4249,
  0x4249, 0x4249, 0x424A, 0x4249, 0x4249, 0x4249, 0x4249, 0x424A, 0x4249, 0x424A, 0x4249, 0x4249,
  0x424A, 0x4249, 0x4249, 0x4249, 0x4249, 0x4249, 0x4249, 0x4249, 0x424A, 0x4249, 0x4249, 0x424A,
  0x4249, 0x4249, 0x4249, 0x4249, 0x424A, 0x4249, 0x4249, 0x4249, 0x4249, 0x4249, 0x4249, 0x4249,
  0x424A, 0x4249, 0x424A, 0x4249, 0x4249, 0x4249, 0x4249, 0x424A, 0x4249, 0x4249, 0x4249, 0x4249,
  0x4249, 0x4249, 0x4249, 0x4249, 0x424A, 0x4249, 0x4249, 0x4249, 0x4249, 0x424A, 0x4249, 0x4249,
  0x4249, 0x4249, 0x424A, 0x4249, 0x52AB, 0xBDF6, 0xCE37, 0x632D, 0x4249, 0x52AB, 0xB575, 0xDED9,
  0xDED9, 0xDED9, 0xDED9, 0xDED9, 0xDED9, 0xDED9, 0xDED9, 0xDED9, 0xDED9, 0xDED9, 0xDED9, 0xDED9,
  0xDED9, 0xDED9, 0xDED9, 0xDED9, 0xDED9, 0xDED9, 0xDEB9, 0xB595, 0x5ACA, 0x39C6, 0x39C6, 0x39C6,
  0x2986, 0x4229, 0x4249, 0x4249, 0x4249, 0x4249, 0x4249, 0x4249, 0x424A, 0x424A, 0x4249, 0x4249,
  0x4249, 0x424A, 0x4249, 0x4249, 0x4249, 0x424A, 0x4249, 0x424A, 0x4249, 0x4249, 0x4249, 0x4249,
  0x4249, 0x4249, 0x4249, 0x4249, 0x4249, 0x4249, 0x424A, 0x4249, 0x424A, 0x4249, 0x4249, 0x4249,
  0x4249, 0x424A, 0x4249, 0x4249, 0x4249, 0x4249, 0x424A, 0x4249, 0x4249, 0x4249, 0x4249, 0x4249,
  0x424A, 0x4249, 0x424A, 0x4249, 0x4249, 0x424A, 0x4249, 0x424A, 0x4249, 0x4249, 0x424A, 0x4249,
  0x4249, 0x424A, 0x424A, 0x4249, 0x4249, 0x4249, 0x4249, 0x4249, 0x424A, 0x4249, 0x4249, 0x4249,
  0x4249, 0x424A, 0x424A, 0x4249, 0x4249, 0x424A, 0x4249, 0x4249, 0x4249, 0x424A, 0x4249, 0x4249,
  0x4249, 0x424A, 0x4249, 0x4249, 0x4249, 0x424A, 0x4249, 0x4249, 0x4249, 0x424A, 0x424A, 0x424A,
  0x4249, 0x4249, 0x4249, 0x4249, 0x4249, 0x4249, 0x4249, 0x4249, 0x4249, 0x4249, 0x4249, 0x4249,
  0x424A, 0x4249, 0x4249, 0x424A, 0x4249, 0x4249, 0x424A, 0x4249, 0x4249, 0x4249, 0x4249, 0x424A,
  0x4249, 0x4249, 0x4249, 0x424A, 0x4249, 0x424A, 0x4249, 0x4249, 0x4249, 0x424A, 0x4249, 0x424A,
  0x4249, 0x4249, 0x4249, 0x4249, 0x4249, 0x424A, 0x4249, 0x4249, 0x424A, 0x4249, 0x4249, 0x4249,
  0x4249, 0x4249, 0x4249, 0x4249, 0x4249, 0x424A, 0x4249, 0x4249, 0x424A, 0x4249, 0x4249, 0x424A,
  0x4249, 0x4249, 0x4249, 0x4249, 0x4249, 0x4249, 0x424A, 0x4249, 0x4249, 0x4249, 0x4249, 0x424A,
  0x4249, 0x424A, 0x4249, 0x4249, 0x424A, 0x4249, 0x4249, 0x4249, 0x4249, 0x4249, 0x4249, 0x4249,
  0x424A, 0x4249, 0x4249, 0x424A, 0x4249, 0x4249, 0x4249, 0x4249, 0x4249, 0x4249, 0x4249, 0x4249,
  0x4249, 0x4249, 0x4249, 0x4249, 0x4249, 0x424A, 0x424A, 0x4249, 0x424A, 0x4249, 0x4249, 0x4249,
  0x424A, 0x4249, 0x4249, 0x424A, 0x424A, 0x4249, 0x4249, 0x4249, 0x4249, 0x4249, 0x4249, 0x4249,
  0x4249, 0x4249, 0x4249, 0x4249, 0x4249, 0x4249, 0x4249, 0x424A, 0x4249, 0x4249, 0x424A, 0x4249,
  0x4249, 0x4249, 0x4249, 0x4249, 0x4249, 0x4249, 0x4249, 0x4249, 0x4249, 0x4249, 0x4249, 0x4249,
  0x4249, 0x424A, 0x4249, 0x4249, 0x4249, 0x4249, 0x4249, 0x4249, 0x424A, 0x4249, 0x4249, 0x4249,
  0x4249, 0x4249, 0x424A, 0x4249, 0x424A, 0x4249, 0x4249, 0x424A, 0x4249, 0x4249, 0x4249, 0x424A,
  0x4249, 0x4249, 0x4249, 0x4249, 0x4249, 0x424A, 0x4249, 0x4249, 0x424A, 0x4249, 0x4249, 0x4249,
  0x4249, 0x424A, 0x4249, 0x4249, 0x4249, 0x4249, 0x4249, 0x4249, 0x4249, 0x4249, 0x4249, 0x4249,
  0x52CB, 0xC637, 0xBDF6, 0x4AAB, 0x4249, 0x4249, 0x9CD2, 0xDED9, 0xDED9, 0xDED9, 0xDED9, 0xDED9,
  0xDED9, 0xDED9, 0xDED9, 0xDED9, 0xDED9, 0xDED9, 0xDED9, 0xDED9, 0xDED9, 0xDED9, 0xDED9, 0xDED9,
  0xDED9, 0xD699, 0xA513, 0x4228, 0x31A6, 0x39A6, 0x4207, 0x5289, 0x31C6, 0x31E8, 0x4249, 0x424A,
  0x4249, 0x4249, 0x424A, 0x4249, 0x4249, 0x4249, 0x4249, 0x4249, 0x4249, 0x4249, 0x424A, 0x424A,
  0x4249, 0x4249, 0x4249, 0x424A, 0x4249, 0x4249, 0x4249, 0x424A, 0x424A, 0x4249, 0x4249, 0x4249,
  0x424A, 0x424A, 0x4249, 0x4249, 0x424A, 0x4249, 0x4249, 0x4249, 0x4249, 0x4249, 0x4249, 0x4249,
  0x4249, 0x4249, 0x4249, 0x4249, 0x4249, 0x424A, 0x424A, 0x4249, 0x4249, 0x4249, 0x424A, 0x424A,
  0x4249, 0x4249, 0x4249, 0x4249, 0x4249, 0x4249, 0x4249, 0x4249, 0x4249, 0x4249, 0x4249, 0x4249,
  0x4249, 0x4249, 0x424A, 0x4249, 0x4249, 0x4249, 0x4249, 0x4249, 0x4249, 0x4249, 0x4249, 0x4249,
  0x4249, 0x4249, 0x4249, 0x4249, 0x4249, 0x4249, 0x4249, 0x4249, 0x4249, 0x4249, 0x4249, 0x424A,
  0x4249, 0x424A, 0x4249, 0x4249, 0x4249, 0x4249, 0x4249, 0x4249, 0x4249, 0x4249, 0x424A, 0x4249,
  0x4249, 0x424A, 0x424A, 0x4249, 0x4249, 0x4249, 0x4249, 0x4249, 0x4249, 0x4249, 0x4249, 0x4249,
  0x4249, 0x4249, 0x4249, 0x4249, 0x4249, 0x424A, 0x4249, 0x4249, 0x4249, 0x4249, 0x4249, 0x4249,
  0x4249, 0x4249, 0x4249, 0x4249, 0x4249, 0x4249, 0x4249, 0x4249, 0x4249, 0x424A, 0x424A, 0x4249,
  0x424A, 0x4249, 0x4249, 0x4249, 0x424A, 0x4249, 0x4249, 0x424A, 0x424A, 0x4249, 0x4249, 0x4249,
  0x4249, 0x4249, 0x4249, 0x4249, 0x4249, 0x4249, 0x4249, 0x4249, 0x4249, 0x4249, 0x4249, 0x424A,
  0x4249, 0x4249, 0x424A, 0x4249, 0x4249, 0x4249, 0x4249, 0x4249, 0x4249, 0x4249, 0x4249, 0x4249,
  0x4249, 0x4249, 0x4249, 0x4249, 0x4249, 0x424A, 0x4249, 0x4249, 0x4249, 0x4249, 0x4249, 0x4249,
  0x4249, 0x424A, 0x4249, 0x4249, 0x4249, 0x4249, 0x4249, 0x4249, 0x424A, 0x4249, 0x4249, 0x424A,
  0x4249, 0x4249, 0x4249, 0x4249, 0x4249, 0x424A, 0x4249, 0x4249, 0x4249, 0x4249, 0x424A, 0x4249,
  0x4249, 0x4249, 0x4249, 0x424A, 0x4249, 0x424A, 0x4249, 0x4249, 0x4249, 0x4249, 0x424A, 0x4249,
  0x424A, 0x4249, 0x424A, 0x4249, 0x424A, 0x4249, 0x4249, 0x424A, 0x424A, 0x4249, 0x4249, 0x4249,
  0x424A, 0x4249, 0x424A, 0x424A, 0x4249, 0x424A, 0x4249, 0x4249, 0x4249, 0x424A, 0x424A, 0x4249,
  0x4249, 0x424A, 0x4249, 0x424A, 0x4249, 0x4249, 0x4249, 0x4249, 0x424A, 0x4249, 0x424A, 0x4249,
  0x424A, 0x4249, 0x4249, 0x424A, 0x4249, 0x4249, 0x4249, 0x4249, 0x424A, 0x424A, 0x424A, 0x4249,
  0x424A, 0x4249, 0x4249, 0x4249, 0x4249, 0x424A, 0x4249, 0x424A, 0x4249, 0x4249, 0x4249, 0x4249,
  0x4249, 0x424A, 0x4249, 0x4249, 0x424A, 0x4249, 0x4249, 0x4249, 0x4A6A, 0xB5B5, 0xD678, 0x7BEF,
  0x4A8A, 0x632C, 0xC616, 0xD6B9, 0xD6B9, 0xDED9, 0xDED9, 0xDED9, 0xDED9, 0xDED9, 0xDED9, 0xDED9,
  0xDED9, 0xDED9, 0xDED9, 0xDED9, 0xDED9, 0xDED9, 0xDED9, 0xD6B9, 0xBDF6, 0x7BEF, 0x3186, 0x1082,
  0x2145, 0x4207, 0x5289, 0x52A9, 0x4A68, 0x2966, 0x4229, 0x424A, 0x4249, 0x4249, 0x424A, 0x4249,
  0x4249, 0x4249, 0x4249, 0x424A, 0x4249, 0x4249, 0x4249, 0x4249, 0x4249, 0x4249, 0x4249, 0x4249,
  0x4249, 0x4249, 0x4249, 0x4249, 0x4249, 0x424A, 0x4249, 0x4249, 0x4249, 0x4249, 0x4249, 0x4249,
  0x4249, 0x424A, 0x4249, 0x424A, 0x4249, 0x4249, 0x4249, 0x424A, 0x4249, 0x424A, 0x4249, 0x4249,
  0x4249, 0x424A, 0x4249, 0x4249, 0x4249, 0x4249, 0x4249, 0x4249, 0x4249, 0x4249, 0x4249, 0x4249,
  0x424A, 0x4249, 0x4249, 0x4249, 0x424A, 0x4249, 0x4249, 0x4249, 0x424A, 0x4249, 0x4249, 0x4249,
  0x4249, 0x424A, 0x4249, 0x424A, 0x4249, 0x4249, 0x424A, 0x4249, 0x4249, 0x424A, 0x4249, 0x4249,
  0x4249, 0x424A, 0x4249, 0x4249, 0x424A, 0x4249, 0x4249, 0x4249, 0x4249, 0x4249, 0x4249, 0x4249,
  0x424A, 0x4249, 0x4249, 0x4249, 0x4249, 0x4249, 0x424A, 0x4249, 0x4249, 0x4249, 0x4249, 0x424A,
  0x4249, 0x424A, 0x424A, 0x4249, 0x4249, 0x4249, 0x424A, 0x4249, 0x4249, 0x4249, 0x4249, 0x424A,
  0x4249, 0x424A, 0x4249, 0x4249, 0x4249, 0x424A, 0x4249, 0x4249, 0x4249, 0x4249, 0x4249, 0x4249,
  0x424A, 0x4249, 0x4249, 0x424A, 0x4249, 0x4249, 0x4249, 0x4249, 0x4249, 0x424A, 0x4249, 0x4249,
  0x4249, 0x4249, 0x424A, 0x4249, 0x4249, 0x4249, 0x4249, 0x424A, 0x4249, 0x424A, 0x4249, 0x4249,
  0x4249, 0x4249, 0x424A, 0x4249, 0x424A, 0x4249, 0x424A, 0x4249, 0x424A, 0x4249, 0x4249, 0x424A,
  0x424A, 0x4249, 0x4249, 0x4249, 0x424A, 0x4249, 0x424A, 0x424A, 0x4249, 0x424A, 0x4249, 0x4249,
  0x4249, 0x424A, 0x424A, 0x4249, 0x4249, 0x424A, 0x4249, 0x424A, 0x4249, 0x4249, 0x424A, 0x424A,
  0x4249, 0x4249, 0x424A, 0x4249, 0x424A, 0x4249, 0x4249, 0x424A, 0x4249, 0x4249, 0x424A, 0x4249,
  0x4249, 0x4249, 0x4249, 0x424A, 0x4249, 0x4249, 0x4249, 0x4249, 0x4249, 0x4249, 0x424A, 0x4249,
  0x424A, 0x4249, 0x4249, 0x4249, 0x4249, 0x424A, 0x4249, 0x4249, 0x4249, 0x4249, 0x4249, 0x4249,
  0x4249, 0x4249, 0x4249, 0x4249, 0x4249, 0x4249, 0x4249, 0x4249, 0x4249, 0x4249, 0x4249, 0x4249,
  0x4249, 0x4249, 0x424A, 0x4249, 0x4249, 0x4249, 0x4249, 0x4249, 0x4249, 0x4249, 0x4249, 0x4249,
  0x4249, 0x424A, 0x4249, 0x4249, 0x4249, 0x4249, 0x4249, 0x4249, 0x4249, 0x4249, 0x4249, 0x4249,
  0x4249, 0x4249, 0x4249, 0x4249, 0x4249, 0x4249, 0x4249, 0x4249, 0x4249, 0x4249, 0x4249, 0x424A,
  0x4249, 0x4249, 0x4249, 0x4249, 0x4249, 0x4249, 0x424A, 0x4249, 0x424A, 0x4249, 0x4249, 0x4249,
  0x4249, 0x424A, 0x424A, 0x4249, 0x424A, 0x7BCF, 0xCE78, 0xD678, 0xBDF6, 0xCE37, 0xD699, 0x9D13,
  0x840F, 0xB5B5, 0xCE78, 0xDEB9, 0xDED9, 0xDED9, 0xDED9, 0xDED9, 0xDED9, 0xDED9, 0xDED9, 0xDED9,
  0xDED9, 0xD698, 0xBDF6, 0x8C50, 0x4208, 0x10C3, 0x10C3, 0x10A3, 0x2145, 0x4A69, 0x52A9, 0x52A9,
  0x52A9, 0x39C7, 0x31C7, 0x4249, 0x4249, 0x4249, 0x4249, 0x424A, 0x424A, 0x4249, 0x4249, 0x424A,
  0x4249, 0x4249, 0x4249, 0x4249, 0x4249, 0x424A, 0x4249, 0x4249, 0x424A, 0x424A, 0x424A, 0x4249,
  0x4249, 0x4249, 0x4249, 0x4249, 0x424A, 0x4249, 0x4249, 0x4249, 0x4249, 0x4249, 0x4249, 0x4249,
  0x424A, 0x424A, 0x4249, 0x4249, 0x4249, 0x424A, 0x4249, 0x424A, 0x4249, 0x4249, 0x4249, 0x424A,
  0x4249, 0x4249, 0x4249, 0x424A, 0x424A, 0x4249, 0x4249, 0x424A, 0x4249, 0x4249, 0x424A, 0x4249,
  0x424A, 0x4249, 0x4249, 0x4249, 0x4249, 0x4249, 0x4249, 0x4249, 0x424A, 0x4249, 0x4249, 0x4249,
  0x4249, 0x424A, 0x4249, 0x4249, 0x4249, 0x4249, 0x4249, 0x424A, 0x424A, 0x4249, 0x4249, 0x424A,
  0x4249, 0x4249, 0x424A, 0x4249, 0x424A, 0x4249, 0x424A, 0x4249, 0x4249, 0x4249, 0x424A, 0x424A,
  0x4249, 0x4249, 0x4249, 0x424A, 0x4249, 0x4249, 0x4249, 0x4249, 0x4249, 0x4249, 0x4249, 0x4249,
  0x4249, 0x4249, 0x4249, 0x424A, 0x4249, 0x4249, 0x424A, 0x4249, 0x4249, 0x4249, 0x4249, 0x4249,
  0x4249, 0x4249, 0x424A, 0x424A, 0x4249, 0x4249, 0x424A, 0x4249, 0x424A, 0x4249, 0x4249, 0x424A,
  0x4249, 0x4249, 0x424A, 0x4249, 0x4249, 0x4249, 0x4249, 0x424A, 0x4249, 0x4249, 0x4249, 0x4249,
  0x4249, 0x4249, 0x424A, 0x4249, 0x424A, 0x4249, 0x4249, 0x4249, 0x4249, 0x424A, 0x4249, 0x4249,
  0x4249, 0x4249, 0x4249, 0x4249, 0x4249, 0x4249, 0x4249, 0x4249, 0x4249, 0x4249, 0x4249, 0x4249,
  0x4249, 0x4249, 0x4249, 0x4249, 0x4249, 0x4249, 0x424A, 0x4249, 0x4249, 0x4249, 0x4249, 0x4249,
  0x4249, 0x4249, 0x4249, 0x4249, 0x424A, 0x4249, 0x4249, 0x4249, 0x4249, 0x424A, 0x4249, 0x4249,
  0x4249, 0x4249, 0x4249, 0x4249, 0x4249, 0x4249, 0x4249, 0x4249, 0x4249, 0x4249, 0x4249, 0x4249,
  0x4249, 0x4249, 0x4249, 0x424A, 0x4249, 0x4249, 0x4249, 0x4249, 0x4249, 0x4249, 0x4249, 0x424A,
  0x4249, 0x424A, 0x4249, 0x4249, 0x4249, 0x4249, 0x4249, 0x4249, 0x4249, 0x4249, 0x4249, 0x4249,
  0x4249, 0x424A, 0x424A, 0x4249, 0x4249, 0x4249, 0x424A, 0x4249, 0x4249, 0x4249, 0x4249, 0x4249,
  0x424A, 0x4249, 0x4249, 0x4249, 0x424A, 0x424A, 0x4249, 0x4249, 0x4249, 0x4249, 0x424A, 0x424A,
  0x4249, 0x4249, 0x4249, 0x424A, 0x4249, 0x4249, 0x4249, 0x4249, 0x4249, 0x4249, 0x424A, 0x4249,
  0x424A, 0x4249, 0x4249, 0x4249, 0x424A, 0x4249, 0x4249, 0x4249, 0x424A, 0x4249, 0x4249, 0x4249,
  0x424A, 0x4249, 0x424A, 0x4249, 0x4249, 0x4249, 0x424A, 0x4249, 0x4249, 0x4249, 0x4249, 0x4249,
  0x4249, 0x426A, 0x7BCF, 0xB5B5, 0xC637, 0xBDF6, 0x9491, 0x52AB, 0x4249, 0x4A8A, 0x6B6D, 0x9491,
  0xB575, 0xC617, 0xCE57, 0xCE78, 0xCE78, 0xCE58, 0xC617, 0xB595, 0x9491, 0x6B4C, 0x39C6, 0x0882,
  0x10A2, 0x10A3, 0x18E4, 0x31A6, 0x4A68, 0x52A9, 0x52A9, 0x52A9, 0x52A9, 0x5289, 0x2965, 0x3A29,
  0x4249, 0x4249, 0x4249, 0x4249, 0x4249, 0x4249, 0x4249, 0x424A, 0x4249, 0x4249, 0x4249, 0x424A,
  0x4249, 0x424A, 0x4249, 0x4249, 0x4249, 0x4249, 0x4249, 0x4249, 0x4249, 0x424A, 0x4249, 0x4249,
  0x4249, 0x424A, 0x4249, 0x424A, 0x4249, 0x4249, 0x4249, 0x4249, 0x4249, 0x4249, 0x4249, 0x4249,
  0x4249, 0x4249, 0x4249, 0x4249, 0x4249, 0x4249, 0x4249, 0x4249, 0x4249, 0x424A, 0x4249, 0x4249,
  0x4249, 0x4249, 0x424A, 0x4249, 0x4249, 0x4249, 0x4249, 0x4249, 0x4249, 0x4249, 0x424A, 0x4249,
  0x4249, 0x424A, 0x4249, 0x4249, 0x4249, 0x4249, 0x4249, 0x424A, 0x4249, 0x4249, 0x4249, 0x4249,
  0x424A, 0x4249, 0x424A, 0x4249, 0x4249, 0x4249, 0x4249, 0x4249, 0x4249, 0x4249, 0x4249, 0x4249,
  0x4249, 0x4249, 0x424A, 0x4249, 0x4249, 0x4249, 0x4249, 0x4249, 0x4249, 0x4249, 0x4249, 0x4249,
  0x424A, 0x4249, 0x4249, 0x424A, 0x4249, 0x424A, 0x4249, 0x4249, 0x424A, 0x424A, 0x4249, 0x4249,
  0x4249, 0x424A, 0x4249, 0x4249, 0x4249, 0x4249, 0x4249, 0x4249, 0x424A, 0x4249, 0x4249, 0x4249,
  0x4249, 0x424A, 0x4249, 0x4249, 0x4249, 0x4249, 0x4249, 0x4249, 0x4249, 0x4249, 0x4249, 0x4249,
  0x4249, 0x4249, 0x4249, 0x4249, 0x4249, 0x4249, 0x4249, 0x424A, 0x4249, 0x4249, 0x4249, 0x4249,
  0x4249, 0x4249, 0x4249, 0x424A, 0x4249, 0x424A, 0x4249, 0x4249, 0x4249, 0x4249, 0x4249, 0x4249,
  0x4249, 0x4249, 0x4249, 0x4249, 0x4249, 0x424A, 0x424A, 0x4249, 0x4249, 0x4249, 0x424A, 0x4249,
  0x4249, 0x4249, 0x4249, 0x4249, 0x424A, 0x4249, 0x4249, 0x4249, 0x424A, 0x424A, 0x4249, 0x4249,
  0x424A, 0x4249, 0x424A, 0x4249, 0x4249, 0x4249, 0x4249, 0x424A, 0x4249, 0x4249, 0x4249, 0x424A,
  0x4249, 0x424A, 0x4249, 0x4249, 0x4249, 0x4249, 0x424A, 0x4249, 0x4249, 0x4249, 0x424A, 0x4249,
  0x4249, 0x4249, 0x4249, 0x4249, 0x4249, 0x4249, 0x424A, 0x4249, 0x4249, 0x4249, 0x4249, 0x4249,
  0x424A, 0x424A, 0x4249, 0x424A, 0x4249, 0x424A, 0x424A, 0x4249, 0x4249, 0x4249, 0x4249, 0x4249,
  0x4249, 0x424A, 0x4249, 0x4249, 0x4249, 0x424A, 0x4249, 0x4249, 0x4249, 0x4249, 0x4249, 0x424A,
  0x4249, 0x4249, 0x4249, 0x424A, 0x4249, 0x4249, 0x4249, 0x4249, 0x4249, 0x4249, 0x424A, 0x4249,
  0x4249, 0x424A, 0x424A, 0x424A, 0x4249, 0x424A, 0x424A, 0x4249, 0x4249, 0x4249, 0x4249, 0x424A,
  0x4249, 0x4249, 0x4249, 0x4249, 0x4249, 0x424A, 0x424A, 0x4249, 0x4249, 0x4249, 0x4249, 0x4249,
  0x4249, 0x4249, 0x4249, 0x4249, 0x4249, 0x4249, 0x424A, 0x4249, 0x4249, 0x4249, 0x4249, 0x4A8A,
  0x5AEB, 0x52AA, 0x426A, 0x4249, 0x424A, 0x424A, 0x4249, 0x4249, 0x4A6A, 0x52AB, 0x528A, 0x5289,
  0x5ACA, 0x5AAA, 0x4A69, 0x39E7, 0x10A2, 0x0881, 0x0860, 0x1060, 0x1082, 0x3165, 0x4A48, 0x52A9,
  0x52A9, 0x52A9, 0x52A9, 0x52A9, 0x52A9, 0x52A9, 0x4207, 0x29A7, 0x4249, 0x424A, 0x4249, 0x4249,
  0x4249, 0x424A, 0x4249, 0x4249, 0x4249, 0x4249, 0x4249, 0x4249, 0x4249, 0x4249, 0x4249, 0x4249,
  0x4249, 0x4249, 0x4249, 0x424A, 0x4249, 0x424A, 0x4249, 0x424A, 0x4249, 0x4249, 0x4249, 0x424A,
  0x4249, 0x4249, 0x424A, 0x4249, 0x4249, 0x4249, 0x4249, 0x4249, 0x4249, 0x4249, 0x4249, 0x424A,
  0x4249, 0x4249, 0x424A, 0x4249, 0x424A, 0x4249, 0x4249, 0x4249, 0x4249, 0x4249, 0x4249, 0x4249,
  0x424A, 0x4249, 0x424A, 0x4249, 0x424A, 0x4249, 0x4249, 0x4249, 0x4249, 0x424A, 0x4249, 0x424A,
  0x4249, 0x4249, 0x424A, 0x4249, 0x4249, 0x4249, 0x424A, 0x4249, 0x4249, 0x4249, 0x4249, 0x4249,
  0x4249, 0x4249, 0x4249, 0x4249, 0x424A, 0x4249, 0x424A, 0x4249, 0x4249, 0x4249, 0x4249, 0x4249,
  0x424A, 0x4249, 0x4249, 0x4249, 0x424A, 0x4249, 0x424A, 0x4249, 0x4249, 0x4249, 0x424A, 0x4249,
  0x4249, 0x4249, 0x4249, 0x4249, 0x4249, 0x4249, 0x4249, 0x4249, 0x4249, 0x4249, 0x4249, 0x4249,
  0x4249, 0x424A, 0x4249, 0x4249, 0x424A, 0x4249, 0x424A, 0x4249, 0x4249, 0x4249, 0x4249, 0x424A,
  0x4249, 0x4249, 0x4249, 0x424A, 0x4249, 0x424A, 0x4249, 0x4249, 0x4249, 0x4249, 0x424A, 0x4249,
  0x4249, 0x4249, 0x424A, 0x4249, 0x4249, 0x4249, 0x4249, 0x4249, 0x4249, 0x4249, 0x424A, 0x4249,
  0x4249, 0x4249, 0x4249, 0x4249, 0x424A, 0x424A, 0x4249, 0x424A, 0x4249, 0x424A, 0x424A, 0x4249,
  0x4249, 0x4249, 0x4249, 0x4249, 0x4249, 0x424A, 0x4249, 0x4249, 0x4249, 0x424A, 0x4249, 0x4249,
  0x4249, 0x4249, 0x4249, 0x424A, 0x4249, 0x4249, 0x4249, 0x424A, 0x4249, 0x424A, 0x4249, 0x4249,
  0x4249, 0x424A, 0x4249, 0x4249, 0x4249, 0x424A, 0x4249, 0x4249, 0x4249, 0x424A, 0x4249, 0x4249,
  0x424A, 0x424A, 0x4249, 0x424A, 0x424A, 0x4249, 0x4249, 0x424A, 0x4249, 0x4249, 0x424A, 0x424A,
  0x4249, 0x4249, 0x424A, 0x4249, 0x4249, 0x4249, 0x424A, 0x4249, 0x4249, 0x4249, 0x4249, 0x4249,
  0x4249, 0x424A, 0x4249, 0x4249, 0x424A, 0x4249, 0x4249, 0x424A, 0x4249, 0x4249, 0x424A, 0x4249,
  0x424A, 0x4249, 0x4249, 0x424A, 0x424A, 0x4249, 0x4249, 0x424A, 0x4249, 0x4249, 0x4249, 0x424A,
  0x4249, 0x4249, 0x424A, 0x4249, 0x4249, 0x4249, 0x4249, 0x4249, 0x4249, 0x424A, 0x4249, 0x4249,
  0x4249, 0x4249, 0x4249, 0x4249, 0x4249, 0x4249, 0x4249, 0x4249, 0x4249, 0x4249, 0x424A, 0x4249,
  0x4249, 0x4249, 0x4249, 0x4249, 0x4249, 0x4249, 0x4249, 0x4249, 0x424A, 0x424A, 0x4249, 0x4249,
  0x4249, 0x4249, 0x4249, 0x4249, 0x4249, 0x4249, 0x424A, 0x4249, 0x4249, 0x424A, 0x4249, 0x424A,
  0x4249, 0x4249, 0x4249, 0x4249, 0x4249, 0x424A, 0x3A29, 0x2104, 0x31A6, 0x39C6, 0x39C6, 0x39C6,
  0x2124, 0x0841, 0x1061, 0x2124, 0x4207, 0x5289, 0x52A9, 0x52A9, 0x52A9, 0x52A9, 0x52A9, 0x52A9,
  0x52A9, 0x52A9, 0x5289, 0x3186, 0x3A08, 0x424A, 0x4249, 0x4249, 0x424A, 0x4249, 0x4249, 0x4249,
  0x4249, 0x424A, 0x424A, 0x4249, 0x4249, 0x4249, 0x424A, 0x4249, 0x4249, 0x424A, 0x4249, 0x4249,
  0x4249, 0x4249, 0x4249, 0x4249, 0x4249, 0x4249, 0x4249, 0x4249, 0x4249, 0x4249, 0x4249, 0x424A,
  0x4249, 0x4249, 0x424A, 0x424A, 0x424A, 0x4249, 0x4249, 0x4249, 0x4249, 0x4249, 0x4249, 0x4249,
  0x4249, 0x4249, 0x4249, 0x424A, 0x424A, 0x4249, 0x424A, 0x4249, 0x4249, 0x4249, 0x4249, 0x4249,
  0x4249, 0x4249, 0x4249, 0x4249, 0x4249, 0x4249, 0x4249, 0x4249, 0x424A, 0x4249, 0x4249, 0x4249,
  0x4249, 0x4249, 0x4249, 0x424A, 0x4249, 0x424A, 0x4249, 0x4249, 0x424A, 0x424A, 0x4249, 0x4249,
  0x424A, 0x4249, 0x4249, 0x4249, 0x424A, 0x4249, 0x4249, 0x4249, 0x4249, 0x424A, 0x4249, 0x424A,
  0x4249, 0x4249, 0x424A, 0x4249, 0x4249, 0x4249, 0x4249, 0x4249, 0x4249, 0x4249, 0x424A, 0x424A,
  0x4249, 0x4249, 0x424A, 0x4249, 0x424A, 0x4249, 0x4249, 0x4249, 0x424A, 0x4249, 0x4249, 0x4249,
  0x4249, 0x424A, 0x4249, 0x4249, 0x4249, 0x424A, 0x4249, 0x4249, 0x4249, 0x424A, 0x4249, 0x4249,
  0x4249, 0x424A, 0x4249, 0x4249, 0x424A, 0x424A, 0x4249, 0x424A, 0x424A, 0x4249, 0x4249, 0x424A,
  0x4249, 0x4249, 0x424A, 0x424A, 0x4249, 0x4249, 0x424A, 0x4249, 0x4249, 0x4249, 0x424A, 0x4249,
  0x4249, 0x4249, 0x4249, 0x4249, 0x4249, 0x424A, 0x4249, 0x4249, 0x424A, 0x4249, 0x4249, 0x424A,
  0x4249, 0x4249, 0x424A, 0x4249, 0x424A, 0x4249, 0x4249, 0x424A, 0x424A, 0x4249, 0x4249, 0x424A,
  0x4249, 0x4249, 0x4249, 0x424A, 0x4249, 0x4249, 0x4249, 0x4249, 0x424A, 0x4249, 0x4249, 0x4249,
  0x4249, 0x4249, 0x4249, 0x4249, 0x4249, 0x4249, 0x4249, 0x4249, 0x4249, 0x4249, 0x4249, 0x4249,
  0x4249, 0x4249, 0x4249, 0x4249, 0x4249, 0x4249, 0x4249, 0x4249, 0x4249, 0x4249, 0x4249, 0x4249,
  0x4249, 0x4249, 0x424A, 0x4249, 0x4249, 0x4249, 0x4249, 0x4249, 0x4249, 0x4249, 0x4249, 0x4249,
  0x4249, 0x4249, 0x4249, 0x4249, 0x4249, 0x4249, 0x4249, 0x4249, 0x4249, 0x4249, 0x4249, 0x4249,
  0x4249, 0x4249, 0x4249, 0x4249, 0x4249, 0x4249, 0x4249, 0x4249, 0x4249, 0x4249, 0x424A, 0x4249,
  0x4249, 0x424A, 0x424A, 0x4249, 0x4249, 0x4249, 0x4249, 0x4249, 0x4249, 0x4249, 0x4249, 0x4249,
  0x424A, 0x4249, 0x424A, 0x4249, 0x4249, 0x424A, 0x4249, 0x424A, 0x4249, 0x4249, 0x4249, 0x424A,
  0x424A, 0x4249, 0x4249, 0x4249, 0x4249, 0x4249, 0x4249, 0x4249, 0x424A, 0x424A, 0x4249, 0x424A,
  0x4249, 0x4249, 0x4249, 0x4249, 0x4249, 0x4249, 0x4249, 0x4249, 0x4249, 0x4249, 0x4249, 0x4249,
  0x4249, 0x4249, 0x4249, 0x31A7, 0x3186, 0x4A68, 0x5269, 0x5269, 0x4A48, 0x2924, 0x39E7, 0x5269,
  0x52A9, 0x52A9, 0x52A9, 0x52A9, 0x52A9, 0x52A9, 0x52A9, 0x52A9, 0x52A9, 0x52A9, 0x52A9, 0x4228,
  0x2986, 0x4249, 0x4249, 0x424A, 0x4249, 0x4249, 0x4249, 0x4249, 0x4249, 0x4249, 0x4249, 0x4249,
  0x4249, 0x4249, 0x424A, 0x4249, 0x4249, 0x4249, 0x4249, 0x4249, 0x424A, 0x4249, 0x4249, 0x4249,
  0x424A, 0x424A, 0x4249, 0x4249, 0x424A, 0x4249, 0x4249, 0x4249, 0x424A, 0x4249, 0x4249, 0x4249,
  0x4249, 0x4249, 0x424A, 0x424A, 0x4249, 0x4249, 0x4249, 0x4249, 0x4249, 0x424A, 0x4249, 0x4249,
  0x4249, 0x4249, 0x4249, 0x4249, 0x4249, 0x4249, 0x4249, 0x4249, 0x424A, 0x4249, 0x4249, 0x424A,
  0x4249, 0x4249, 0x4249, 0x4249, 0x4249, 0x4249, 0x4249, 0x424A, 0x4249, 0x4249, 0x4249, 0x4249,
  0x4249, 0x4249, 0x4249, 0x4249, 0x4249, 0x4249, 0x4249, 0x424A, 0x4249, 0x4249, 0x4249, 0x4249,
  0x4249, 0x4249, 0x424A, 0x4249, 0x4249, 0x4249, 0x4249, 0x4249, 0x4249, 0x4249, 0x4249, 0x4249,
  0x4249, 0x4249, 0x424A, 0x4249, 0x4249, 0x4249, 0x424A, 0x4249, 0x4249, 0x4249, 0x4249, 0x4249,
  0x424A, 0x4249, 0x4249, 0x424A, 0x4249, 0x4249, 0x4249, 0x4249, 0x4249, 0x4249, 0x4249, 0x4249,
  0x424A, 0x4249, 0x4249, 0x4249, 0x4249, 0x4249, 0x4249, 0x4249, 0x4249, 0x4249, 0x4249, 0x4249,
  0x4249, 0x4249, 0x4249, 0x4249, 0x4249, 0x4249, 0x4249, 0x4249, 0x4249, 0x4249, 0x4249, 0x4249,
  0x4249, 0x4249, 0x4249, 0x4249, 0x4249, 0x4249, 0x424A, 0x4249, 0x4249, 0x4249, 0x4249, 0x4249,
  0x4249, 0x4249, 0x4249, 0x4249, 0x4249, 0x4249, 0x4249, 0x4249, 0x4249, 0x4249, 0x4249, 0x4249,
  0x4249, 0x4249, 0x4249, 0x4249, 0x4249, 0x4249, 0x4249, 0x4249, 0x4249, 0x4249, 0x4249, 0x4249,
  0x4249, 0x424A, 0x4249, 0x4249, 0x4249, 0x4249, 0x4249, 0x424A, 0x4249, 0x4249, 0x424A, 0x424A,
  0x4249, 0x4249, 0x424A, 0x4249, 0x4249, 0x4249, 0x4249, 0x4249, 0x424A, 0x4249, 0x4249, 0x4249,
  0x424A, 0x4249, 0x4249, 0x4249, 0x424A, 0x424A, 0x4249, 0x4249, 0x424A, 0x4249, 0x4249, 0x4249,
  0x4249, 0x424A, 0x4249, 0x424A, 0x424A, 0x4249, 0x4249, 0x4249, 0x424A, 0x4249, 0x4249, 0x424A,
  0x4249, 0x4249, 0x4249, 0x4249, 0x424A, 0x4249, 0x424A, 0x4249, 0x4249, 0x4249, 0x424A, 0x424A,
  0x4249, 0x4249, 0x4249, 0x424A, 0x4249, 0x4249, 0x4249, 0x4249, 0x4249, 0x4249, 0x4249, 0x4249,
  0x4249, 0x4249, 0x4249, 0x4249, 0x424A, 0x424A, 0x424A, 0x4249, 0x4249, 0x424A, 0x4249, 0x4249,
  0x4249, 0x4249, 0x4249, 0x4249, 0x4249, 0x4249, 0x4249, 0x424A, 0x4249, 0x4249, 0x424A, 0x4249,
  0x4249, 0x4249, 0x4249, 0x4249, 0x4249, 0x424A, 0x4249, 0x4249, 0x424A, 0x4249, 0x424A, 0x4249,
  0x424A, 0x4249, 0x4249, 0x4249, 0x4249, 0x424A, 0x4249, 0x4249, 0x4249, 0x424A, 0x4249, 0x4229,
  0x2965, 0x4A48, 0x52A9, 0x52A9, 0x52A9, 0x5289, 0x52A9, 0x52A9, 0x52A9, 0x52A9, 0x52A9, 0x52A9,
  0x52A9, 0x52A9, 0x52A9, 0x52A9, 0x52A9, 0x52A9, 0x52A9, 0x5289, 0x31A6, 0x39E8, 0x4249, 0x4249,
  0x4249, 0x424A, 0x424A, 0x4249, 0x424A, 0x4249, 0x4249, 0x424A, 0x424A, 0x4249, 0x4249, 0x4249,
  0x424A, 0x4249, 0x4249, 0x4249, 0x4249, 0x4249, 0x424A, 0x4249, 0x4249, 0x4249, 0x4249, 0x4249,
  0x4249, 0x4249, 0x424A, 0x4249, 0x4249, 0x4249, 0x4249, 0x4249, 0x424A, 0x4249, 0x4249, 0x4249,
  0x4249, 0x4249, 0x424A, 0x4249, 0x4249, 0x4249, 0x4249, 0x424A, 0x4249, 0x4249, 0x4249, 0x4249,
  0x4249, 0x424A, 0x424A, 0x4249, 0x4249, 0x424A, 0x4249, 0x4249, 0x4249, 0x4249, 0x424A, 0x4249,
  0x4249, 0x4249, 0x4249, 0x4249, 0x4249, 0x424A, 0x4249, 0x4249, 0x424A, 0x4249, 0x4249, 0x4249,
  0x4249, 0x4249, 0x4249, 0x4249, 0x4249, 0x4249, 0x424A, 0x4249, 0x424A, 0x4249, 0x4249, 0x424A,
  0x4249, 0x424A, 0x4249, 0x4249, 0x424A, 0x4249, 0x4249, 0x424A, 0x4249, 0x4249, 0x4249, 0x424A,
  0x424A, 0x4249, 0x4249, 0x4249, 0x424A, 0x4249, 0x4249, 0x424A, 0x4249, 0x4249, 0x4249, 0x4249,
  0x424A, 0x4249, 0x424A, 0x4249, 0x4249, 0x424A, 0x4249, 0x4249, 0x4249, 0x4249, 0x4249, 0x424A,
  0x4249, 0x4249, 0x424A, 0x424A, 0x4249, 0x4249, 0x424A, 0x4249, 0x4249, 0x4249, 0x4249, 0x4249,
  0x424A, 0x4249, 0x4249, 0x4249, 0x424A, 0x4249, 0x4249, 0x4249, 0x424A, 0x424A, 0x4249, 0x4249,
  0x424A, 0x4249, 0x4249, 0x4249, 0x4249, 0x424A, 0x4249, 0x424A, 0x424A, 0x4249, 0x4249, 0x4249,
  0x424A, 0x4249, 0x4249, 0x424A, 0x4249, 0x4249, 0x4249, 0x4249, 0x424A, 0x4249, 0x424A, 0x4249,
  0x4249, 0x4249, 0x424A, 0x424A, 0x4249, 0x4249, 0x4249, 0x424A, 0x424A, 0x4249, 0x424A, 0x4249,
  0x4249, 0x4249, 0x424A, 0x4249, 0x4249, 0x424A, 0x4249, 0x4249, 0x424A, 0x4249, 0x4249, 0x4249,
  0x424A, 0x424A, 0x4249, 0x4249, 0x424A, 0x4249, 0x4249, 0x4249, 0x4249, 0x424A, 0x424A, 0x4249,
  0x4249, 0x4249, 0x4249, 0x4249, 0x4249, 0x4249, 0x4249, 0x4249, 0x4249, 0x424A, 0x4249, 0x4249,
  0x4249, 0x4249, 0x4249, 0x4249, 0x4249, 0x4249, 0x424A, 0x4249, 0x424A, 0x4249, 0x424A, 0x4249,
  0x4249, 0x424A, 0x4249, 0x4249, 0x424A, 0x4249, 0x4249, 0x4249, 0x4249, 0x4249, 0x424A, 0x4249,
  0x4249, 0x424A, 0x424A, 0x424A, 0x4249, 0x4249, 0x4249, 0x424A, 0x4249, 0x424A, 0x4249, 0x4249,
  0x4249, 0x4249, 0x4249, 0x4249, 0x4249, 0x4249, 0x4249, 0x4249, 0x424A, 0x4249, 0x4249, 0x424A,
  0x4249, 0x424A, 0x4249, 0x4249, 0x4249, 0x4249, 0x4249, 0x424A, 0x424A, 0x424A, 0x4249, 0x424A,
  0x4249, 0x4249, 0x4249, 0x4249, 0x4249, 0x4249, 0x4249, 0x424A, 0x4249, 0x4249, 0x424A, 0x4249,
  0x4249, 0x4249, 0x424A, 0x4249, 0x424A, 0x4249, 0x4249, 0x4249, 0x31C8, 0x31A6, 0x52A9, 0x52A9,
  0x52A9, 0x52A9, 0x52A9, 0x52A9, 0x52AA, 0x52A9, 0x52A9, 0x52A9, 0x52A9, 0x52A9, 0x52A9, 0x52A9,
  0x52A9, 0x52A9, 0x52A9, 0x52A9, 0x4A48, 0x2966, 0x4229, 0x4249, 0x4249, 0x4249, 0x4249, 0x4249,
  0x4249, 0x4249, 0x4249, 0x4249, 0x424A, 0x4249, 0x4249, 0x4249, 0x4249, 0x424A, 0x4249, 0x424A,
  0x424A, 0x4249, 0x4249, 0x424A, 0x4249, 0x4249, 0x424A, 0x424A, 0x4249, 0x4249, 0x424A, 0x4249,
  0x4249, 0x4249, 0x4249, 0x4249, 0x4249, 0x4249, 0x4249, 0x4249, 0x4249, 0x424A, 0x4249, 0x4249,
  0x424A, 0x4249, 0x4249, 0x4249, 0x4249, 0x424A, 0x4249, 0x424A, 0x4249, 0x424A, 0x4249, 0x4249,
  0x4249, 0x4249, 0x424A, 0x424A, 0x4249, 0x4249, 0x424A, 0x4249, 0x4249, 0x424A, 0x4249, 0x424A,
  0x4249, 0x4249, 0x4249, 0x4249, 0x4249, 0x4249, 0x424A, 0x4249, 0x424A, 0x424A, 0x4249, 0x4249,
  0x424A, 0x4249, 0x4249, 0x4249, 0x424A, 0x4249, 0x4249, 0x4249, 0x4249, 0x4249, 0x4249, 0x4249,
  0x4249, 0x4249, 0x4249, 0x424A, 0x4249, 0x424A, 0x4249, 0x4249, 0x4249, 0x4249, 0x4249, 0x4249,
  0x424A, 0x4249, 0x4249, 0x4249, 0x4249, 0x4249, 0x4249, 0x4249, 0x4249, 0x4249, 0x4249, 0x4249,
  0x424A, 0x4249, 0x424A, 0x4249, 0x4249, 0x4249, 0x424A, 0x4249, 0x4249, 0x424A, 0x4249, 0x4249,
  0x424A, 0x4249, 0x4249, 0x4249, 0x424A, 0x424A, 0x4249, 0x4249, 0x424A, 0x4249, 0x4249, 0x4249,
  0x4249, 0x424A, 0x424A, 0x4249, 0x4249, 0x4249, 0x4249, 0x4249, 0x4249, 0x4249, 0x4249, 0x4249,
  0x4249, 0x424A, 0x4249, 0x4249, 0x4249, 0x4249, 0x4249, 0x4249, 0x4249, 0x4249, 0x424A, 0x4249,
  0x424A, 0x4249, 0x424A, 0x4249, 0x4249, 0x424A, 0x4249, 0x4249, 0x424A, 0x4249, 0x4249, 0x4249,
  0x4249, 0x4249, 0x424A, 0x4249, 0x4249, 0x4249, 0x4249, 0x4249, 0x424A, 0x4249, 0x4249, 0x4249,
  0x4249, 0x4249, 0x4249, 0x4249, 0x4249, 0x4249, 0x4249, 0x424A, 0x4249, 0x4249, 0x4249, 0x4249,
  0x4249, 0x4249, 0x4249, 0x424A, 0x4249, 0x4249, 0x4249, 0x4249, 0x424A, 0x4249, 0x4249, 0x4249,
  0x424A, 0x4249, 0x4249, 0x424A, 0x4249, 0x4249, 0x4249, 0x4249, 0x4249, 0x4249, 0x424A, 0x424A,
  0x4249, 0x4249, 0x4249, 0x4249, 0x4249, 0x4249, 0x4249, 0x4249, 0x4249, 0x4249, 0x4249, 0x4249,
  0x4249, 0x4249, 0x4249, 0x4249, 0x424A, 0x4249, 0x4249, 0x4249, 0x4249, 0x4249, 0x4249, 0x4249,
  0x4249, 0x4249, 0x424A, 0x4249, 0x4249, 0x424A, 0x4249, 0x4249, 0x424A, 0x4249, 0x4249, 0x4249,
  0x4249, 0x424A, 0x4249, 0x4249, 0x424A, 0x4249, 0x4249, 0x4249, 0x4249, 0x4249, 0x4249, 0x4249,
  0x424A, 0x4249, 0x4249, 0x4249, 0x4249, 0x4249, 0x4249, 0x4249, 0x4249, 0x4249, 0x4249, 0x4249,
  0x424A, 0x424A, 0x4249, 0x4249, 0x4249, 0x4249, 0x4249, 0x424A, 0x4249, 0x4249, 0x424A, 0x4249,
  0x4249, 0x4249, 0x4249, 0x424A, 0x4229, 0x2986, 0x4A28, 0x52A9, 0x52A9, 0x52A9, 0x52A9, 0x52A9,
  0x52A9, 0x52A9, 0x52A9, 0x52A9, 0x52A9, 0x52A9, 0x52A9, 0x52A9, 0x52A9, 0x52AA, 0x52A9, 0x52A9,
  0x52A9, 0x39C6, 0x31C7, 0x4249, 0x424A, 0x4249, 0x4249, 0x424A, 0x4249, 0x424A, 0x4249, 0x4249,
  0x4249, 0x4249, 0x4249, 0x424A, 0x4249, 0x4249, 0x4249, 0x4249, 0x4249, 0x4249, 0x424A, 0x4249,
  0x4249, 0x4249, 0x4249, 0x4249, 0x4249, 0x4249, 0x4249, 0x4249, 0x4249, 0x424A, 0x424A, 0x4249,
  0x424A, 0x4249, 0x4249, 0x4249, 0x4249, 0x424A, 0x4249, 0x4249, 0x4249, 0x4249, 0x424A, 0x4249,
  0x4249, 0x424A, 0x4249, 0x4249, 0x4249, 0x4249, 0x4249, 0x4249, 0x4249, 0x4249, 0x4249, 0x4249,
  0x4249, 0x4249, 0x4249, 0x4249, 0x4249, 0x4249, 0x4249, 0x424A, 0x4249, 0x4249, 0x424A, 0x4249,
  0x4249, 0x424A, 0x4249, 0x4249, 0x4249, 0x4249, 0x424A, 0x424A, 0x4249, 0x4249, 0x4249, 0x424A,
  0x4249, 0x4249, 0x4249, 0x424A, 0x4249, 0x4249, 0x4249, 0x424A, 0x4249, 0x4249, 0x4249, 0x4249,
  0x4249, 0x4249, 0x4249, 0x424A, 0x4249, 0x4249, 0x4249, 0x4249, 0x4249, 0x4249, 0x4249, 0x424A,
  0x4249, 0x4249, 0x424A, 0x4249, 0x4249, 0x424A, 0x4249, 0x4249, 0x4249, 0x4249, 0x4249, 0x4249,
  0x424A, 0x4249, 0x4249, 0x4249, 0x4249, 0x4249, 0x4249, 0x4249, 0x4249, 0x4249, 0x4249, 0x424A,
  0x4249, 0x4249, 0x4249, 0x4249, 0x4249, 0x4249, 0x4249, 0x424A, 0x4249, 0x4249, 0x4249, 0x4249,
  0x424A, 0x4249, 0x4249, 0x4249, 0x424A, 0x4249, 0x4249, 0x424A, 0x4249, 0x4249, 0x4249, 0x4249,
  0x4249, 0x4249, 0x424A, 0x424A, 0x4249, 0x4249, 0x4249, 0x4249, 0x4249, 0x4249, 0x4249, 0x4249,
  0x4249, 0x4249, 0x4249, 0x4249, 0x4249, 0x4249, 0x4249, 0x4249, 0x424A, 0x4249, 0x4249, 0x4249,
  0x4249, 0x4249, 0x424A, 0x4249, 0x4249, 0x4249, 0x424A, 0x4249, 0x4249, 0x424A, 0x4249, 0x4249,
  0x4249, 0x424A, 0x4249, 0x4249, 0x4249, 0x4249, 0x4249, 0x424A, 0x4249, 0x4249, 0x4249, 0x4249,
  0x4249, 0x424A, 0x4249, 0x4249, 0x4249, 0x4249, 0x424A, 0x4249, 0x424A, 0x424A, 0x4249, 0x4249,
  0x4249, 0x4249, 0x424A, 0x424A, 0x4249, 0x4249, 0x4249, 0x4249, 0x4249, 0x424A, 0x4249, 0x4249,
  0x424A, 0x4249, 0x4249, 0x4249, 0x424A, 0x4249, 0x424A, 0x4249, 0x4249, 0x424A, 0x4249, 0x4249,
  0x4249, 0x4249, 0x424A, 0x424A, 0x4249, 0x4249, 0x4249, 0x4249, 0x4249, 0x4249, 0x4249, 0x4249,
  0x4249, 0x4249, 0x4249, 0x4249, 0x4249, 0x424A, 0x4249, 0x4249, 0x424A, 0x4249, 0x4249, 0x4249,
  0x4249, 0x4249, 0x4249, 0x424A, 0x4249, 0x4249, 0x424A, 0x4249, 0x4249, 0x424A, 0x4249, 0x4249,
  0x4249, 0x4249, 0x4249, 0x4249, 0x4249, 0x4249, 0x424A, 0x4249, 0x4249, 0x4249, 0x4249, 0x4249,
  0x4249, 0x4249, 0x4249, 0x4249, 0x4249, 0x4249, 0x4249, 0x4249, 0x4249, 0x424A, 0x4249, 0x4249,
  0x4249, 0x39E8, 0x3185, 0x5289, 0x52A9, 0x52A9, 0x52A9, 0x52A9, 0x52A9, 0x52A9, 0x52A9, 0x52A9,
  0x52A9, 0x52A9, 0x52A9, 0x52A9, 0x52A9, 0x5289, 0x52A9, 0x52A9, 0x52A9, 0x4A69, 0x2965, 0x4229,
  0x4249, 0x4249, 0x4249, 0x4249, 0x4249, 0x424A, 0x4249, 0x4249, 0x424A, 0x4249, 0x424A, 0x4249,
  0x4249, 0x4249, 0x4249, 0x4249, 0x4249, 0x4249, 0x4249, 0x4249, 0x4249, 0x424A, 0x4249, 0x4249,
  0x424A, 0x4249, 0x4249, 0x4249, 0x4249, 0x424A, 0x4249, 0x4249, 0x4249, 0x4249, 0x424A, 0x4249,
  0x4249, 0x4249, 0x4249, 0x4249, 0x4249, 0x4249, 0x4249, 0x4249, 0x4249, 0x4249, 0x4249, 0x4249,
  0x4249, 0x4249, 0x424A, 0x4249, 0x4249, 0x424A, 0x4249, 0x4249, 0x424A, 0x4249, 0x4249, 0x4249,
  0x424A, 0x424A, 0x4249, 0x4249, 0x4249, 0x4249, 0x424A, 0x4249, 0x4249, 0x4249, 0x4249, 0x4249,
  0x4249, 0x4249, 0x4249, 0x4249, 0x4249, 0x424A, 0x4249, 0x4249, 0x4249, 0x4249, 0x4249, 0x4249,
  0x4249, 0x4249, 0x4249, 0x424A, 0x424A, 0x4249, 0x424A, 0x4249, 0x4249, 0x424A, 0x4249, 0x4249,
  0x4249, 0x4249, 0x424A, 0x424A, 0x4249, 0x4249, 0x4249, 0x4249, 0x4249, 0x424A, 0x4249, 0x4249,
  0x424A, 0x4249, 0x424A, 0x4249, 0x4249, 0x4249, 0x424A, 0x4249, 0x4249, 0x4249, 0x424A, 0x4249,
  0x4249, 0x424A, 0x4249, 0x4249, 0x4249, 0x424A, 0x4249, 0x4249, 0x4249, 0x4249, 0x4249, 0x424A,
  0x4249, 0x4249, 0x4249, 0x4249, 0x4249, 0x424A, 0x4249, 0x4249, 0x4249, 0x4249, 0x424A, 0x4249,
  0x424A, 0x424A, 0x4249, 0x4249, 0x4249, 0x4249, 0x424A, 0x424A, 0x4249, 0x4249, 0x4249, 0x4249,
  0x4249, 0x424A, 0x4249, 0x4249, 0x424A, 0x4249, 0x4249, 0x4249, 0x424A, 0x4249, 0x424A, 0x4249,
  0x4249, 0x424A, 0x4249, 0x4249, 0x4249, 0x4249, 0x424A, 0x424A, 0x4249, 0x4249, 0x424A, 0x4249,
  0x4249, 0x424A, 0x4249, 0x4249, 0x424A, 0x4249, 0x4249, 0x4249, 0x4249, 0x4249, 0x424A, 0x4249,
  0x4249, 0x424A, 0x4249, 0x4249, 0x4249, 0x424A, 0x424A, 0x4249, 0x424A, 0x4249, 0x4249, 0x4249,
  0x424A, 0x4249, 0x4249, 0x4249, 0x4249, 0x4249, 0x4249, 0x4249, 0x4249, 0x4249, 0x4249, 0x4249,
  0x4249, 0x424A, 0x4249, 0x4249, 0x4249, 0x424A, 0x4249, 0x4249, 0x424A, 0x4249, 0x424A, 0x4249,
  0x4249, 0x4249, 0x4249, 0x4249, 0x424A, 0x4249, 0x4249, 0x4249, 0x4249, 0x4249, 0x4249, 0x4249,
  0x4249, 0x424A, 0x4249, 0x424A, 0x424A, 0x4249, 0x424A, 0x4249, 0x4249, 0x4249, 0x424A, 0x4249,
  0x4249, 0x424A, 0x4249, 0x4249, 0x424A, 0x4249, 0x4249, 0x4249, 0x424A, 0x4249, 0x4249, 0x4249,
  0x4249, 0x4249, 0x424A, 0x4249, 0x4249, 0x4249, 0x4249, 0x424A, 0x4249, 0x4249, 0x424A, 0x4249,
  0x4249, 0x424A, 0x4249, 0x424A, 0x4249, 0x4249, 0x4249, 0x424A, 0x4249, 0x424A, 0x424A, 0x4249,
  0x4249, 0x4249, 0x424A, 0x4249, 0x424A, 0x4249, 0x4249, 0x4249, 0x424A, 0x4249, 0x2986, 0x4207,
  0x52A9, 0x52A9, 0x52A9, 0x52A9, 0x52A9, 0x52A9, 0x52A9, 0x52A9, 0x52A9, 0x52A9, 0x52A9, 0x5289,
  0x39E7, 0x2945, 0x4A48, 0x52A9, 0x52A9, 0x52A9, 0x39E7, 0x31A7, 0x4249, 0x4249, 0x4249, 0x4249,
  0x4249, 0x4249, 0x4249, 0x4249, 0x4249, 0x4249, 0x4249, 0x4249, 0x424A, 0x4249, 0x4249, 0x424A,
  0x4249, 0x4249, 0x424A, 0x424A, 0x4249, 0x424A, 0x4249, 0x4249, 0x4249, 0x424A, 0x424A, 0x4249,
  0x4249, 0x4249, 0x4249, 0x424A, 0x4249, 0x4249, 0x424A, 0x4249, 0x424A, 0x4249, 0x4249, 0x4249,
  0x424A, 0x424A, 0x4249, 0x4249, 0x424A, 0x4249, 0x4249, 0x424A, 0x4249, 0x424A, 0x4249, 0x4249,
  0x4249, 0x4249, 0x4249, 0x4249, 0x4249, 0x424A, 0x4249, 0x4249, 0x4249, 0x4249, 0x4249, 0x4249,
  0x4249, 0x4249, 0x4249, 0x4249, 0x424A, 0x4249, 0x4249, 0x424A, 0x4249, 0x4249, 0x4249, 0x4249,
  0x4249, 0x4249, 0x424A, 0x4249, 0x4249, 0x424A, 0x424A, 0x4249, 0x424A, 0x4249, 0x4249, 0x4249,
  0x4249, 0x4249, 0x4249, 0x4249, 0x424A, 0x4249, 0x4249, 0x4249, 0x4249, 0x4249, 0x4249, 0x4249,
  0x4249, 0x424A, 0x4249, 0x424A, 0x4249, 0x4249, 0x4249, 0x4249, 0x4249, 0x4249, 0x4249, 0x4249,
  0x4249, 0x4249, 0x424A, 0x4249, 0x4249, 0x424A, 0x4249, 0x4249, 0x424A, 0x4249, 0x4249, 0x4249,
  0x4249, 0x4249, 0x424A, 0x4249, 0x4249, 0x424A, 0x4249, 0x4249, 0x4249, 0x424A, 0x424A, 0x4249,
  0x424A, 0x4249, 0x4249, 0x4249, 0x424A, 0x4249, 0x4249, 0x4249, 0x4249, 0x4249, 0x4249, 0x4249,
  0x4249, 0x4249, 0x4249, 0x4249, 0x4249, 0x424A, 0x4249, 0x4249, 0x4249, 0x424A, 0x4249, 0x4249,
  0x424A, 0x4249, 0x424A, 0x4249, 0x4249, 0x4249, 0x4249, 0x4249, 0x424A, 0x4249, 0x4249, 0x4249,
  0x4249, 0x4249, 0x4249, 0x4249, 0x4249, 0x4249, 0x4249, 0x4249, 0x4249, 0x4249, 0x4249, 0x4249,
  0x4249, 0x4249, 0x4249, 0x424A, 0x4249, 0x4249, 0x4249, 0x424A, 0x4249, 0x4249, 0x4249, 0x4249,
  0x424A, 0x4249, 0x4249, 0x4249, 0x4249, 0x4249, 0x424A, 0x4249, 0x4249, 0x4249, 0x4249, 0x4249,
  0x4249, 0x4249, 0x4249, 0x4249, 0x424A, 0x4249, 0x4249, 0x4249, 0x4249, 0x4249, 0x4249, 0x4249,
  0x4249, 0x4249, 0x4249, 0x4249, 0x4249, 0x4249, 0x4249, 0x4249, 0x4249, 0x424A, 0x4249, 0x4249,
  0x424A, 0x4249, 0x4249, 0x424A, 0x424A, 0x4249, 0x4249, 0x424A, 0x4249, 0x4249, 0x4249, 0x4249,
  0x4249, 0x424A, 0x4249, 0x4249, 0x424A, 0x424A, 0x4249, 0x424A, 0x4249, 0x4249, 0x4249, 0x4249,
  0x4249, 0x4249, 0x4249, 0x424A, 0x4249, 0x4249, 0x4249, 0x424A, 0x4249, 0x424A, 0x4249, 0x4249,
  0x4249, 0x4249, 0x4249, 0x424A, 0x4249, 0x424A, 0x4249, 0x4249, 0x4249, 0x4249, 0x4249, 0x4249,
  0x424A, 0x4249, 0x4249, 0x424A, 0x4249, 0x4249, 0x4249, 0x4249, 0x4249, 0x424A, 0x4249, 0x4249,
  0x4249, 0x4249, 0x4249, 0x4249, 0x4249, 0x4249, 0x3A08, 0x2965, 0x5289, 0x52A9, 0x52AA, 0x52A9,
  0x52A9, 0x52A9, 0x52A9, 0x52A9, 0x52A9, 0x5289, 0x4227, 0x2945, 0x18E3, 0x10C3, 0x31A6, 0x5289,
  0x52A9, 0x52A9, 0x5289, 0x2965, 0x3A09, 0x424A, 0x4249, 0x4249, 0x424A, 0x4249, 0x4249, 0x4249,
  0x4249, 0x424A, 0x4249, 0x4249, 0x4249, 0x4249, 0x424A, 0x4249, 0x4249, 0x4249, 0x424A, 0x4249,
  0x4249, 0x4249, 0x424A, 0x4249, 0x4249, 0x424A, 0x4249, 0x4249, 0x424A, 0x4249, 0x4249, 0x4249,
  0x4249, 0x4249, 0x4249, 0x4249, 0x4249, 0x4249, 0x4249, 0x424A, 0x4249, 0x4249, 0x4249, 0x4249,
  0x424A, 0x4249, 0x4249, 0x4249, 0x4249, 0x4249, 0x424A, 0x4249, 0x424A, 0x4249, 0x4249, 0x4249,
  0x424A, 0x4249, 0x4249, 0x424A, 0x4249, 0x4249, 0x424A, 0x4249, 0x424A, 0x424A, 0x4249, 0x424A,
  0x4249, 0x4249, 0x424A, 0x4249, 0x4249, 0x424A, 0x4249, 0x4249, 0x424A, 0x4249, 0x4249, 0x4249,
  0x424A, 0x4249, 0x4249, 0x4249, 0x4249, 0x424A, 0x4249, 0x424A, 0x4249, 0x4249, 0x424A, 0x4249,
  0x4249, 0x4249, 0x4249, 0x4249, 0x424A, 0x424A, 0x4249, 0x4249, 0x4249, 0x4249, 0x4249, 0x4249,
  0x4249, 0x4249, 0x4249, 0x4249, 0x4249, 0x4249, 0x4249, 0x424A, 0x4249, 0x4249, 0x4249, 0x4249,
  0x4249, 0x4249, 0x4249, 0x4249, 0x4249, 0x4249, 0x4249, 0x424A, 0x4249, 0x4249, 0x4249, 0x424A,
  0x4249, 0x4249, 0x4249, 0x4249, 0x424A, 0x4249, 0x4249, 0x4249, 0x4249, 0x4249, 0x424A, 0x4249,
  0x4249, 0x4249, 0x4249, 0x4249, 0x4249, 0x4249, 0x4249, 0x4249, 0x424A, 0x4249, 0x4249, 0x4249,
  0x4249, 0x4249, 0x4249, 0x4249, 0x4249, 0x4249, 0x4249, 0x4249, 0x4249, 0x4249, 0x4249, 0x4249,
  0x4249, 0x424A, 0x4249, 0x4249, 0x424A, 0x4249, 0x4249, 0x424A, 0x424A, 0x4249, 0x4249, 0x424A,
  0x4249, 0x424A, 0x4249, 0x424A, 0x4249, 0x4249, 0x4249, 0x424A, 0x424A, 0x4249, 0x424A, 0x4249,
  0x4249, 0x4249, 0x4249, 0x4249, 0x4249, 0x424A, 0x4249, 0x4249, 0x4249, 0x4249, 0x4249, 0x4249,
  0x4249, 0x4249, 0x4249, 0x424A, 0x4249, 0x4249, 0x4249, 0x424A, 0x4249, 0x4249, 0x424A, 0x4249,
  0x424A, 0x4249, 0x424A, 0x4249, 0x424A, 0x4249, 0x424A, 0x4249, 0x424A, 0x4249, 0x4249, 0x4249,
  0x4249, 0x424A, 0x4249, 0x424A, 0x4249, 0x4249, 0x4249, 0x4249, 0x424A, 0x4249, 0x4249, 0x4249,
  0x4249, 0x4249, 0x4249, 0x4249, 0x424A, 0x4249, 0x4249, 0x4249, 0x4249, 0x4249, 0x4249, 0x4249,
  0x4249, 0x4249, 0x4249, 0x4249, 0x4249, 0x4249, 0x424A, 0x4249, 0x424A, 0x4249, 0x4249, 0x424A,
  0x4249, 0x4249, 0x4249, 0x4249, 0x4249, 0x4249, 0x4249, 0x424A, 0x424A, 0x424A, 0x4249, 0x4249,
  0x4249, 0x4249, 0x4249, 0x4249, 0x424A, 0x4249, 0x4249, 0x4249, 0x4249, 0x424A, 0x4249, 0x4249,
  0x4249, 0x4249, 0x4249, 0x4249, 0x424A, 0x4249, 0x4249, 0x4249, 0x424A, 0x4249, 0x4249, 0x4249,
  0x424A, 0x4249, 0x4249, 0x31A6, 0x39E7, 0x52A9, 0x52A9, 0x52A9, 0x52A9, 0x52A9, 0x52A9, 0x5289,
  0x4A48, 0x2965, 0x18E3, 0x18C3, 0x18A3, 0x10A3, 0x18E3, 0x4228, 0x52A9, 0x52A9, 0x52A9, 0x4208,
  0x2986, 0x4249, 0x4249, 0x4249, 0x4249, 0x424A, 0x424A, 0x4249, 0x4249, 0x424A, 0x4249, 0x4249,
  0x4249, 0x424A, 0x4249, 0x424A, 0x4249, 0x4249, 0x4249, 0x4249, 0x4249, 0x4249, 0x4249, 0x4249,
  0x4249, 0x4249, 0x4249, 0x4249, 0x4249, 0x424A, 0x4249, 0x4249, 0x424A, 0x4249, 0x424A, 0x4249,
  0x4249, 0x424A, 0x4249, 0x4249, 0x4249, 0x4249, 0x4249, 0x424A, 0x4249, 0x4249, 0x4249, 0x424A,
  0x4249, 0x4249, 0x4249, 0x4249, 0x4249, 0x424A, 0x4249, 0x4249, 0x4249, 0x4249, 0x4249, 0x4249,
  0x4249, 0x424A, 0x4249, 0x4249, 0x4249, 0x4249, 0x4249, 0x4249, 0x4249, 0x4249, 0x4249, 0x4249,
  0x4249, 0x424A, 0x4249, 0x424A, 0x4249, 0x4249, 0x424A, 0x4249, 0x4249, 0x4249, 0x4249, 0x4249,
  0x4249, 0x4249, 0x4249, 0x4249, 0x4249, 0x4249, 0x4249, 0x4249, 0x4249, 0x424A, 0x424A, 0x4249,
  0x4249, 0x4249, 0x4249, 0x4249, 0x4249, 0x4249, 0x4249, 0x424A, 0x4249, 0x4249, 0x424A, 0x4249,
  0x424A, 0x424A, 0x4249, 0x424A, 0x4249, 0x424A, 0x4249, 0x424A, 0x4249, 0x4249, 0x4249, 0x424A,
  0x424A, 0x4249, 0x424A, 0x4249, 0x4249, 0x4249, 0x4249, 0x4249, 0x4249, 0x424A, 0x4249, 0x4249,
  0x4249, 0x4249, 0x4249, 0x4249, 0x4249, 0x4249, 0x4249, 0x424A, 0x4249, 0x4249, 0x4249, 0x424A,
  0x4249, 0x4249, 0x424A, 0x4249, 0x424A, 0x4249, 0x424A, 0x4249, 0x424A, 0x4249, 0x424A, 0x4249,
  0x424A, 0x4249, 0x4249, 0x4249, 0x4249, 0x424A, 0x4249, 0x424A, 0x4249, 0x4249, 0x4249, 0x4249,
  0x424A, 0x4249, 0x4249, 0x4249, 0x4249, 0x4249, 0x4249, 0x4249, 0x4249, 0x4249, 0x4249, 0x4249,
  0x424A, 0x424A, 0x4249, 0x4249, 0x4249, 0x4249, 0x4249, 0x4249, 0x4249, 0x424A, 0x4249, 0x4249,
  0x4249, 0x4249, 0x4249, 0x424A, 0x4249, 0x4249, 0x4249, 0x424A, 0x4249, 0x424A, 0x4249, 0x4249,
  0x4249, 0x424A, 0x4249, 0x4249, 0x424A, 0x4249, 0x4249, 0x4249, 0x424A, 0x4249, 0x4249, 0x4249,
  0x4249, 0x4249, 0x424A, 0x4249, 0x4249, 0x4249, 0x424A, 0x4249, 0x424A, 0x4249, 0x4249, 0x4249,
  0x4249, 0x4249, 0x4249, 0x4249, 0x4249, 0x4249, 0x4249, 0x4249, 0x424A, 0x4249, 0x4249, 0x4249,
  0x4249, 0x424A, 0x4249, 0x424A, 0x4249, 0x4249, 0x4249, 0x4249, 0x424A, 0x4249, 0x4249, 0x4249,
  0x424A, 0x4249, 0x4249, 0x4249, 0x4249, 0x424A, 0x4249, 0x4249, 0x4249, 0x424A, 0x4249, 0x424A,
  0x4249, 0x4249, 0x4249, 0x4249, 0x4249, 0x4249, 0x424A, 0x4249, 0x4249, 0x4249, 0x424A, 0x4249,
  0x4249, 0x424A, 0x4249, 0x4249, 0x4249, 0x4249, 0x4249, 0x424A, 0x4249, 0x4249, 0x4249, 0x424A,
  0x4249, 0x424A, 0x4249, 0x424A, 0x4249, 0x4249, 0x4249, 0x424A, 0x4249, 0x424A, 0x4249, 0x3A29,
  0x2965, 0x4A68, 0x52A9, 0x52A9, 0x52A9, 0x52A9, 0x4A48, 0x3185, 0x10A2, 0x1081, 0x1082, 0x10A3,
  0x18A3, 0x10C3, 0x18C3, 0x3185, 0x5289, 0x52A9, 0x52A9, 0x5289, 0x31A6, 0x3A08, 0x4249, 0x424A,
  0x4249, 0x4249, 0x4249, 0x4249, 0x4249, 0x4249, 0x4249, 0x4249, 0x4249, 0x4249, 0x4249, 0x4249,
  0x4249, 0x4249, 0x424A, 0x4249, 0x4249, 0x4249, 0x4249, 0x4249, 0x424A, 0x4249, 0x4249, 0x4249,
  0x4249, 0x4249, 0x4249, 0x4249, 0x424A, 0x4249, 0x4249, 0x4249, 0x4249, 0x4249, 0x4249, 0x424A,
  0x4249, 0x4249, 0x4249, 0x424A, 0x4249, 0x4249, 0x4249, 0x4249, 0x424A, 0x4249, 0x424A, 0x4249,
  0x4249, 0x4249, 0x4249, 0x4249, 0x424A, 0x4249, 0x4249, 0x4249, 0x4249, 0x424A, 0x4249, 0x4249,
  0x4249, 0x4249, 0x4249, 0x424A, 0x4249, 0x424A, 0x4249, 0x4249, 0x4249, 0x4249, 0x4249, 0x4249,
  0x4249, 0x4249, 0x4249, 0x4249, 0x4249, 0x4249, 0x4249, 0x4249, 0x424A, 0x4249, 0x424A, 0x4249,
  0x4249, 0x424A, 0x4249, 0x424A, 0x4249, 0x4249, 0x4249, 0x4249, 0x4249, 0x424A, 0x424A, 0x4249,
  0x424A, 0x4249, 0x4249, 0x424A, 0x4249, 0x4249, 0x4249, 0x4249, 0x4249, 0x4249, 0x4249, 0x424A,
  0x4249, 0x4249, 0x4249, 0x4249, 0x424A, 0x424A, 0x4249, 0x4249, 0x4249, 0x4249, 0x4249, 0x4249,
  0x4249, 0x424A, 0x4249, 0x4249, 0x4249, 0x4249, 0x4249, 0x424A, 0x4249, 0x4249, 0x4249, 0x424A,
  0x4249, 0x424A, 0x4249, 0x4249, 0x4249, 0x424A, 0x4249, 0x4249, 0x424A, 0x4249, 0x4249, 0x4249,
  0x424A, 0x4249, 0x4249, 0x4249, 0x4249, 0x4249, 0x424A, 0x4249, 0x4249, 0x4249, 0x424A, 0x4249,
  0x424A, 0x4249, 0x4249, 0x4249, 0x4249, 0x4249, 0x4249, 0x4249, 0x4249, 0x4249, 0x4249, 0x4249,
  0x424A, 0x4249, 0x4249, 0x4249, 0x4249, 0x4249, 0x4249, 0x4249, 0x4249, 0x4249, 0x4249, 0x4249,
  0x424A, 0x4249, 0x4249, 0x424A, 0x4249, 0x424A, 0x4249, 0x4249, 0x4249, 0x4249, 0x424A, 0x4249,
  0x4249, 0x4249, 0x424A, 0x4249, 0x424A, 0x4249, 0x4249, 0x4249, 0x4249, 0x4249, 0x4249, 0x4249,
  0x424A, 0x4249, 0x4249, 0x4249, 0x4249, 0x4249, 0x4249, 0x4249, 0x4249, 0x4249, 0x4249, 0x4249,
  0x4249, 0x424A, 0x4249, 0x4249, 0x4249, 0x4249, 0x4249, 0x424A, 0x4249, 0x4249, 0x424A, 0x4249,
  0x4249, 0x424A, 0x4249, 0x4249, 0x424A, 0x4249, 0x4249, 0x424A, 0x4249, 0x4249, 0x424A, 0x4249,
  0x4249, 0x4249, 0x424A, 0x4249, 0x4249, 0x4249, 0x424A, 0x4249, 0x424A, 0x4249, 0x4249, 0x4249,
  0x4249, 0x4249, 0x4249, 0x4249, 0x4249, 0x4249, 0x4249, 0x4249, 0x4249, 0x4249, 0x424A, 0x4249,
  0x4249, 0x4249, 0x4249, 0x4249, 0x4249, 0x4249, 0x424A, 0x4249, 0x4249, 0x424A, 0x4249, 0x424A,
  0x4249, 0x4249, 0x4249, 0x4249, 0x424A, 0x4249, 0x424A, 0x4249, 0x4249, 0x4249, 0x4249, 0x4249,
  0x424A, 0x4249, 0x424A, 0x4249, 0x4249, 0x424A, 0x4249, 0x4249, 0x31C7, 0x39C6, 0x5289, 0x52AA,
  0x52A9, 0x5289, 0x2124, 0x1061, 0x1082, 0x1082, 0x10A2, 0x18C3, 0x10C3, 0x2104, 0x39C6, 0x4A69,
  0x52A9, 0x52A9, 0x52A9, 0x52A9, 0x4A48, 0x2986, 0x4229, 0x4249, 0x4249, 0x4249, 0x4249, 0x4249,
  0x4249, 0x424A, 0x4249, 0x424A, 0x4249, 0x4249, 0x424A, 0x4249, 0x4249, 0x4249, 0x4249, 0x424A,
  0x4249, 0x424A, 0x424A, 0x4249, 0x4249, 0x4249, 0x424A, 0x424A, 0x4249, 0x424A, 0x4249, 0x4249,
  0x4249, 0x4249, 0x424A, 0x4249, 0x4249, 0x4249, 0x424A, 0x4249, 0x424A, 0x4249, 0x424A, 0x4249,
  0x4249, 0x4249, 0x424A, 0x4249, 0x4249, 0x4249, 0x4249, 0x4249, 0x4249, 0x4249, 0x424A, 0x424A,
  0x4249, 0x4249, 0x424A, 0x4249, 0x424A, 0x4249, 0x4249, 0x4249, 0x4249, 0x424A, 0x4249, 0x4249,
  0x4249, 0x4249, 0x4249, 0x424A, 0x4249, 0x4249, 0x4249, 0x424A, 0x4249, 0x4249, 0x4249, 0x4249,
  0x424A, 0x424A, 0x4249, 0x4249, 0x424A, 0x4249, 0x4249, 0x424A, 0x4249, 0x424A, 0x4249, 0x4249,
  0x4249, 0x424A, 0x4249, 0x424A, 0x4249, 0x4249, 0x4249, 0x4249, 0x4249, 0x4249, 0x4249, 0x4249,
  0x4249, 0x4249, 0x4249, 0x424A, 0x4249, 0x4249, 0x4249, 0x4249, 0x4249, 0x4249, 0x4249, 0x4249,
  0x4249, 0x4249, 0x4249, 0x4249, 0x424A, 0x4249, 0x4249, 0x424A, 0x4249, 0x424A, 0x4249, 0x4249,
  0x4249, 0x4249, 0x424A, 0x4249, 0x4249, 0x4249, 0x424A, 0x4249, 0x424A, 0x4249, 0x4249, 0x4249,
  0x4249, 0x4249, 0x4249, 0x4249, 0x424A, 0x4249, 0x4249, 0x4249, 0x4249, 0x4249, 0x4249, 0x4249,
  0x4249, 0x4249, 0x4249, 0x4249, 0x4249, 0x424A, 0x4249, 0x4249, 0x4249, 0x4249, 0x4249, 0x424A,
  0x4249, 0x4249, 0x424A, 0x4249, 0x4249, 0x424A, 0x4249, 0x4249, 0x424A, 0x4249, 0x4249, 0x424A,
  0x424A, 0x4249, 0x424A, 0x4249, 0x4249, 0x4249, 0x4249, 0x4249, 0x4249, 0x4249, 0x424A, 0x4249,
  0x4249, 0x4249, 0x4249, 0x424A, 0x4249, 0x4249, 0x424A, 0x4249, 0x4249, 0x424A, 0x4249, 0x4249,
  0x4249, 0x4249, 0x4249, 0x424A, 0x424A, 0x4249, 0x4249, 0x4249, 0x4249, 0x4249, 0x424A, 0x4249,
  0x424A, 0x4249, 0x4249, 0x424A, 0x4249, 0x4249, 0x424A, 0x4249, 0x4249, 0x4249, 0x4249, 0x4249,
  0x424A, 0x424A, 0x4249, 0x4249, 0x4249, 0x4249, 0x424A, 0x4249, 0x4249, 0x4249, 0x4249, 0x424A,
  0x4249, 0x4249, 0x424A, 0x4249, 0x4249, 0x4249, 0x4249, 0x4249, 0x4249, 0x424A, 0x4249, 0x4249,
  0x4249, 0x4249, 0x4249, 0x4249, 0x4249, 0x4249, 0x424A, 0x4249, 0x4249, 0x4249, 0x4249, 0x4249,
  0x424A, 0x4249, 0x4249, 0x424A, 0x4249, 0x4249, 0x4249, 0x424A, 0x4249, 0x4249, 0x4249, 0x424A,
  0x4249, 0x4249, 0x4249, 0x4249, 0x4249, 0x4249, 0x4249, 0x4249, 0x4249, 0x424A, 0x4249, 0x4249,
  0x424A, 0x4249, 0x4249, 0x4249, 0x4249, 0x4249, 0x4249, 0x4249, 0x4249, 0x4249, 0x4249, 0x4249,
  0x4249, 0x4249, 0x4249, 0x4249, 0x4229, 0x2965, 0x4A48, 0x52A9, 0x52A9, 0x52A9, 0x39E6, 0x1061,
  0x0882, 0x1081, 0x0862, 0x18C3, 0x3186, 0x4A48, 0x52A9, 0x52A9, 0x52A9, 0x52A9, 0x52A9, 0x52A9,
  0x4A68, 0x2145, 0x31E8, 0x424A, 0x424A, 0x4249, 0x424A, 0x424A, 0x4249, 0x4249, 0x4249, 0x4249,
  0x4249, 0x4249, 0x4249, 0x4249, 0x4249, 0x424A, 0x4249, 0x4249, 0x4249, 0x4249, 0x4249, 0x4249,
  0x4249, 0x424A, 0x4249, 0x4249, 0x4249, 0x4249, 0x4249, 0x4249, 0x4249, 0x4249, 0x424A, 0x4249,
  0x4249, 0x424A, 0x4249, 0x4249, 0x4249, 0x4249, 0x4249, 0x4249, 0x4249, 0x4249, 0x4249, 0x424A,
  0x4249, 0x4249, 0x4249, 0x424A, 0x4249, 0x4249, 0x424A, 0x4249, 0x4249, 0x4249, 0x4249, 0x4249,
  0x4249, 0x424A, 0x4249, 0x4249, 0x424A, 0x4249, 0x4249, 0x4249, 0x424A, 0x4249, 0x4249, 0x424A,
  0x4249, 0x4249, 0x4249, 0x4249, 0x424A, 0x4249, 0x424A, 0x4249, 0x4249, 0x4249, 0x4249, 0x4249,
  0x424A, 0x4249, 0x4249, 0x4249, 0x4249, 0x4249, 0x4249, 0x424A, 0x4249, 0x4249, 0x4249, 0x4249,
  0x4249, 0x4249, 0x424A, 0x4249, 0x4249, 0x424A, 0x424A, 0x4249, 0x424A, 0x4249, 0x4249, 0x4249,
  0x4249, 0x424A, 0x4249, 0x4249, 0x424A, 0x4249, 0x424A, 0x4249, 0x4249, 0x4249, 0x4249, 0x4249,
  0x4249, 0x4249, 0x424A, 0x4249, 0x4249, 0x4249, 0x4249, 0x424A, 0x4249, 0x4249, 0x424A, 0x4249,
  0x4249, 0x424A, 0x4249, 0x4249, 0x4249, 0x4249, 0x4249, 0x424A, 0x424A, 0x4249, 0x4249, 0x4249,
  0x4249, 0x4249, 0x424A, 0x4249, 0x424A, 0x4249, 0x4249, 0x424A, 0x4249, 0x4249, 0x424A, 0x4249,
  0x4249, 0x4249, 0x4249, 0x4249, 0x424A, 0x424A, 0x4249, 0x4249, 0x4249, 0x4249, 0x424A, 0x4249,
  0x4249, 0x4249, 0x4249, 0x424A, 0x4249, 0x4249, 0x424A, 0x4249, 0x4249, 0x4249, 0x424A, 0x4249,
  0x424A, 0x4249, 0x4249, 0x4249, 0x424A, 0x4249, 0x4249, 0x4249, 0x424A, 0x4249, 0x4249, 0x4249,
  0x424A, 0x4249, 0x4249, 0x4249, 0x4249, 0x4249, 0x4249, 0x4249, 0x4249, 0x424A, 0x4249, 0x4249,
  0x4249, 0x4249, 0x424A, 0x4249, 0x4249, 0x4249, 0x4249, 0x4249, 0x4249, 0x4249, 0x4249, 0x424A,
  0x4249, 0x4249, 0x4249, 0x4249, 0x4249, 0x4249, 0x4249, 0x4249, 0x4249, 0x4249, 0x4249, 0x424A,
  0x4249, 0x4249, 0x4249, 0x4249, 0x4249, 0x4249, 0x4249, 0x424A, 0x4249, 0x4249, 0x4249, 0x4249,
  0x424A, 0x4249, 0x4249, 0x424A, 0x4249, 0x4249, 0x424A, 0x4249, 0x424A, 0x424A, 0x424A, 0x4249,
  0x4249, 0x4249, 0x424A, 0x4249, 0x424A, 0x424A, 0x424A, 0x4249, 0x424A, 0x4249, 0x4249, 0x4249,
  0x424A, 0x4249, 0x4249, 0x4249, 0x424A, 0x4249, 0x4249, 0x4249, 0x424A, 0x424A, 0x4249, 0x424A,
  0x4249, 0x4249, 0x4249, 0x4249, 0x4249, 0x424A, 0x4249, 0x4249, 0x4249, 0x4249, 0x4249, 0x4249,
  0x4249, 0x424A, 0x4249, 0x424A, 0x4249, 0x4249, 0x4249, 0x4249, 0x4249, 0x424A, 0x4249, 0x424A,
  0x4249, 0x39E8, 0x31A6, 0x5289, 0x52A9, 0x52A9, 0x5289, 0x2124, 0x08A1, 0x1081, 0x2944, 0x4228,
  0x52A9, 0x52A9, 0x52A9, 0x52A9, 0x52A9, 0x52A9, 0x5289, 0x4207, 0x2924, 0x18C3, 0x2145, 0x4229,
  0x4249, 0x4249, 0x4249, 0x4249, 0x4249, 0x4249, 0x4249, 0x424A, 0x4249, 0x4249, 0x424A, 0x424A,
  0x4249, 0x4249, 0x4249, 0x4249, 0x424A, 0x4249, 0x4249, 0x4249, 0x424A, 0x4249, 0x4249, 0x4249,
  0x4249, 0x4249, 0x424A, 0x4249, 0x4249, 0x424A, 0x4249, 0x4249, 0x424A, 0x4249, 0x4249, 0x4249,
  0x424A, 0x4249, 0x4249, 0x4249, 0x424A, 0x4249, 0x4249, 0x4249, 0x4249, 0x424A, 0x4249, 0x4249,
  0x4249, 0x4249, 0x4249, 0x4249, 0x4249, 0x424A, 0x4249, 0x4249, 0x4249, 0x4249, 0x4249, 0x4249,
  0x4249, 0x4249, 0x4249, 0x4249, 0x4249, 0x424A, 0x4249, 0x4249, 0x4249, 0x4249, 0x424A, 0x4249,
  0x4249, 0x4249, 0x424A, 0x4249, 0x4249, 0x4249, 0x4249, 0x4249, 0x4249, 0x4249, 0x4249, 0x4249,
  0x4249, 0x4249, 0x4249, 0x4249, 0x4249, 0x4249, 0x4249, 0x4249, 0x424A, 0x4249, 0x4249, 0x4249,
  0x4249, 0x4249, 0x4249, 0x4249, 0x424A, 0x4249, 0x4249, 0x4249, 0x4249, 0x4249, 0x424A, 0x4249,
  0x4249, 0x4249, 0x424A, 0x4249, 0x424A, 0x4249, 0x4249, 0x4249, 0x424A, 0x4249, 0x4249, 0x4249,
  0x424A, 0x4249, 0x4249, 0x4249, 0x424A, 0x4249, 0x4249, 0x4249, 0x4249, 0x4249, 0x4249, 0x4249,
  0x4249, 0x424A, 0x4249, 0x4249, 0x4249, 0x4249, 0x424A, 0x4249, 0x4249, 0x4249, 0x4249, 0x4249,
  0x4249, 0x4249, 0x4249, 0x424A, 0x4249, 0x4249, 0x4249, 0x4249, 0x4249, 0x4249, 0x4249, 0x4249,
  0x4249, 0x4249, 0x4249, 0x424A, 0x4249, 0x4249, 0x4249, 0x4249, 0x4249, 0x4249, 0x4249, 0x424A,
  0x4249, 0x4249, 0x4249, 0x4249, 0x4249, 0x4249, 0x424A, 0x4249, 0x4249, 0x424A, 0x4249, 0x4249,
  0x4249, 0x4249, 0x4249, 0x4249, 0x4249, 0x4249, 0x4249, 0x4249, 0x4249, 0x4249, 0x4249, 0x4249,
  0x4249, 0x424A, 0x4249, 0x424A, 0x4249, 0x4249, 0x424A, 0x4249, 0x4249, 0x4249, 0x4249, 0x4249,
  0x424A, 0x4249, 0x4249, 0x4249, 0x424A, 0x4249, 0x4249, 0x4249, 0x4249, 0x4249, 0x424A, 0x4249,
  0x4249, 0x424A, 0x4249, 0x424A, 0x4249, 0x4249, 0x4249, 0x4249, 0x4249, 0x4249, 0x424A, 0x424A,
  0x4249, 0x4249, 0x4249, 0x4249, 0x4249, 0x4249, 0x424A, 0x4249, 0x4249, 0x4249, 0x424A, 0x4249,
  0x4249, 0x4249, 0x4249, 0x4249, 0x4249, 0x4249, 0x4249, 0x4249, 0x4249, 0x4249, 0x4249, 0x4249,
  0x4249, 0x4249, 0x4249, 0x4249, 0x4249, 0x4249, 0x4249, 0x4249, 0x424A, 0x4249, 0x4249, 0x4249,
  0x4249, 0x4249, 0x424A, 0x4249, 0x4249, 0x4249, 0x4249, 0x4249, 0x424A, 0x4249, 0x4249, 0x4249,
  0x4249, 0x4249, 0x424A, 0x4249, 0x424A, 0x4249, 0x4249, 0x4249, 0x424A, 0x4249, 0x4249, 0x4249,
  0x4249, 0x424A, 0x424A, 0x4249, 0x4249, 0x4249, 0x4249, 0x4249, 0x4249, 0x4249, 0x2966, 0x4A28,
  0x52A9, 0x52A9, 0x52A9, 0x4207, 0x2103, 0x41E7, 0x5289, 0x52A9, 0x52A9, 0x52A9, 0x5AA9, 0x736C,
  0x7BEF, 0x4248, 0x2965, 0x18C4, 0x10A3, 0x10A3, 0x10C3, 0x31A7, 0x4249, 0x4249, 0x4249, 0x4249,
  0x4249, 0x4249, 0x4249, 0x4249, 0x424A, 0x4249, 0x4249, 0x4249, 0x4249, 0x4249, 0x424A, 0x4249,
  0x4249, 0x4249, 0x424A, 0x4249, 0x424A, 0x4249, 0x4249, 0x4249, 0x4249, 0x4249, 0x4249, 0x424A,
  0x4249, 0x4249, 0x4249, 0x4249, 0x4249, 0x4249, 0x4249, 0x4249, 0x4249, 0x424A, 0x4249, 0x4249,
  0x4249, 0x4249, 0x4249, 0x4249, 0x4249, 0x424A, 0x424A, 0x4249, 0x4249, 0x424A, 0x4249, 0x4249,
  0x4249, 0x4249, 0x424A, 0x4249, 0x424A, 0x4249, 0x424A, 0x424A, 0x4249, 0x4249, 0x4249, 0x424A,
  0x424A, 0x4249, 0x4249, 0x4249, 0x4249, 0x4249, 0x424A, 0x4249, 0x4249, 0x4249, 0x4249, 0x4249,
  0x4249, 0x424A, 0x4249, 0x4249, 0x424A, 0x4249, 0x424A, 0x4249, 0x424A, 0x424A, 0x4249, 0x4249,
  0x4249, 0x424A, 0x4249, 0x424A, 0x4249, 0x4249, 0x424A, 0x424A, 0x4249, 0x4249, 0x4249, 0x4249,
  0x4249, 0x424A, 0x4249, 0x4249, 0x4249, 0x424A, 0x4249, 0x4249, 0x4249, 0x4249, 0x424A, 0x4249,
  0x4249, 0x424A, 0x4249, 0x4249, 0x4249, 0x4249, 0x4249, 0x4249, 0x4249, 0x4249, 0x4249, 0x4249,
  0x4249, 0x4249, 0x4249, 0x4249, 0x4249, 0x424A, 0x4249, 0x424A, 0x4249, 0x4249, 0x424A, 0x4249,
  0x4249, 0x4249, 0x4249, 0x4249, 0x424A, 0x4249, 0x4249, 0x4249, 0x424A, 0x4249, 0x4249, 0x4249,
  0x4249, 0x4249, 0x424A, 0x4249, 0x4249, 0x424A, 0x4249, 0x424A, 0x4249, 0x4249, 0x4249, 0x4249,
  0x4249, 0x4249, 0x424A, 0x424A, 0x4249, 0x4249, 0x4249, 0x4249, 0x4249, 0x4249, 0x424A, 0x4249,
  0x4249, 0x4249, 0x4249, 0x4249, 0x4249, 0x4249, 0x4249, 0x424A, 0x424A, 0x4249, 0x424A, 0x4249,
  0x4249, 0x424A, 0x4249, 0x4249, 0x4249, 0x424A, 0x4249, 0x4249, 0x424A, 0x4249, 0x4249, 0x424A,
  0x4249, 0x4249, 0x4249, 0x424A, 0x4249, 0x424A, 0x4249, 0x4249, 0x424A, 0x4249, 0x424A, 0x4249,
  0x424A, 0x4249, 0x4249, 0x4249, 0x424A, 0x4249, 0x424A, 0x4249, 0x4249, 0x424A, 0x4249, 0x4249,
  0x4249, 0x4249, 0x4249, 0x424A, 0x4249, 0x4249, 0x4249, 0x4249, 0x424A, 0x4249, 0x4249, 0x4249,
  0x424A, 0x4249, 0x4249, 0x4249, 0x4249, 0x4249, 0x4249, 0x4249, 0x424A, 0x424A, 0x4249, 0x4249,
  0x4249, 0x4249, 0x424A, 0x4249, 0x4249, 0x4249, 0x424A, 0x4249, 0x4249, 0x4249, 0x4249, 0x4249,
  0x4249, 0x4249, 0x424A, 0x4249, 0x4249, 0x4249, 0x4249, 0x424A, 0x4249, 0x4249, 0x424A, 0x4249,
  0x4249, 0x4249, 0x4249, 0x4249, 0x4249, 0x4249, 0x424A, 0x424A, 0x4249, 0x4249, 0x4249, 0x4249,
  0x4249, 0x424A, 0x4249, 0x424A, 0x4249, 0x4249, 0x424A, 0x4249, 0x4249, 0x4249, 0x4249, 0x4249,
  0x424A, 0x4249, 0x424A, 0x4249, 0x4249, 0x424A, 0x3A08, 0x2965, 0x5289, 0x52A9, 0x52A9, 0x52A9,
  0x5289, 0x52A9, 0x52A9, 0x52A9, 0x5AA9, 0x6B0A, 0x836B, 0x9B8D, 0xAD34, 0x526A, 0x10C3, 0x10A3,
  0x10C3, 0x10C3, 0x18A3, 0x2105, 0x3A29, 0x424A, 0x4249, 0x424A, 0x424A, 0x4249, 0x424A, 0x4249,
  0x4249, 0x4249, 0x4249, 0x4249, 0x4249, 0x4249, 0x4249, 0x424A, 0x4249, 0x4249, 0x424A, 0x4249,
  0x4249, 0x4249, 0x424A, 0x424A, 0x4249, 0x4249, 0x424A, 0x4249, 0x4249, 0x4249, 0x4249, 0x4249,
  0x424A, 0x424A, 0x4249, 0x4249, 0x4249, 0x4249, 0x4249, 0x4249, 0x424A, 0x424A, 0x4249, 0x4249,
  0x4249, 0x4249, 0x4249, 0x4249, 0x4249, 0x4249, 0x424A, 0x4249, 0x4249, 0x4249, 0x424A, 0x4249,
  0x4249, 0x4249, 0x4249, 0x4249, 0x4249, 0x424A, 0x4249, 0x4249, 0x4249, 0x4249, 0x4249, 0x424A,
  0x4249, 0x4249, 0x4249, 0x4249, 0x4249, 0x424A, 0x424A, 0x4249, 0x4249, 0x424A, 0x4249, 0x4249,
  0x424A, 0x4249, 0x4249, 0x4249, 0x4249, 0x4249, 0x4249, 0x424A, 0x4249, 0x4249, 0x4249, 0x4249,
  0x4249, 0x4249, 0x4249, 0x4249, 0x4249, 0x424A, 0x4249, 0x4249, 0x4249, 0x4249, 0x424A, 0x4249,
  0x424A, 0x4249, 0x4249, 0x4249, 0x4249, 0x4249, 0x4249, 0x4249, 0x4249, 0x4249, 0x4249, 0x424A,
  0x424A, 0x4249, 0x424A, 0x4249, 0x4249, 0x424A, 0x4249, 0x4249, 0x4249, 0x424A, 0x4249, 0x4249,
  0x424A, 0x4249, 0x4249, 0x424A, 0x4249, 0x4249, 0x4249, 0x424A, 0x4249, 0x424A, 0x4249, 0x4249,
  0x424A, 0x4249, 0x424A, 0x4249, 0x424A, 0x4249, 0x4249, 0x4249, 0x424A, 0x4249, 0x424A, 0x4249,
  0x4249, 0x424A, 0x4249, 0x4249, 0x4249, 0x4249, 0x4249, 0x424A, 0x4249, 0x4249, 0x4249, 0x4249,
  0x424A, 0x4249, 0x4249, 0x4249, 0x424A, 0x4249, 0x4249, 0x4249, 0x4249, 0x424A, 0x4249, 0x424A,
  0x4249, 0x4249, 0x4249, 0x4249, 0x4249, 0x4249, 0x4249, 0x424A, 0x4249, 0x424A, 0x4249, 0x4249,
  0x424A, 0x4249, 0x4249, 0x424A, 0x4249, 0x4249, 0x4249, 0x4249, 0x4249, 0x4249, 0x4249, 0x4249,
  0x4249, 0x4249, 0x4249, 0x4249, 0x4249, 0x4249, 0x4249, 0x4249, 0x424A, 0x4249, 0x4249, 0x4249,
  0x4249, 0x4249, 0x4249, 0x4249, 0x4249, 0x4249, 0x4249, 0x4249, 0x4249, 0x424A, 0x4249, 0x4249,
  0x4249, 0x4249, 0x4249, 0x4249, 0x424A, 0x4249, 0x4249, 0x4249, 0x424A, 0x4249, 0x424A, 0x4249,
  0x4249, 0x424A, 0x424A, 0x4249, 0x4249, 0x4249, 0x4249, 0x4249, 0x424A, 0x4249, 0x4249, 0x424A,
  0x4249, 0x4249, 0x4249, 0x4249, 0x4249, 0x424A, 0x424A, 0x4249, 0x4249, 0x4249, 0x4249, 0x4249,
  0x4249, 0x4249, 0x424A, 0x4249, 0x4249, 0x4249, 0x4249, 0x4249, 0x4249, 0x424A, 0x4249, 0x4249,
  0x4249, 0x4249, 0x4249, 0x4249, 0x4249, 0x4249, 0x4249, 0x4249, 0x4249, 0x4249, 0x4249, 0x4249,
  0x4249, 0x4249, 0x4249, 0x4249, 0x4249, 0x424A, 0x4249, 0x424A, 0x4249, 0x4249, 0x4249, 0x4249,
  0x4249, 0x4249, 0x4249, 0x2986, 0x4207, 0x52A9, 0x52A9, 0x52A9, 0x52A9, 0x52A9, 0x52A9, 0x5AEA,
  0x7B6C, 0x93C9, 0xA4AD, 0x9B2A, 0xA4B1, 0x8C71, 0x2124, 0x10C3, 0x18C3, 0x10A3, 0x10A3, 0x10A3,
  0x31A7, 0x4249, 0x4249, 0x4249, 0x4249, 0x4249, 0x4249, 0x4249, 0x424A, 0x4249, 0x4249, 0x424A,
  0x424A, 0x424A, 0x4249, 0x4249, 0x4249, 0x4249, 0x4249, 0x4249, 0x4249, 0x4249, 0x4249, 0x4249,
  0x4249, 0x424A, 0x4249, 0x4249, 0x4249, 0x4249, 0x424A, 0x4249, 0x4249, 0x4249, 0x424A, 0x4249,
  0x4249, 0x424A, 0x424A, 0x4249, 0x4249, 0x4249, 0x4249, 0x4249, 0x424A, 0x4249, 0x4249, 0x4249,
  0x4249, 0x4249, 0x4249, 0x424A, 0x4249, 0x4249, 0x4249, 0x4249, 0x4249, 0x4249, 0x4249, 0x4249,
  0x4249, 0x4249, 0x4249, 0x4249, 0x4249, 0x4249, 0x424A, 0x4249, 0x4249, 0x424A, 0x4249, 0x424A,
  0x4249, 0x4249, 0x4249, 0x4249, 0x424A, 0x4249, 0x4249, 0x4249, 0x4249, 0x4249, 0x4249, 0x4249,
  0x4249, 0x4249, 0x4249, 0x4249, 0x4249, 0x4249, 0x424A, 0x4249, 0x4249, 0x4249, 0x4249, 0x4249,
  0x4249, 0x424A, 0x4249, 0x424A, 0x4249, 0x4249, 0x4249, 0x4249, 0x4249, 0x4249, 0x4249, 0x424A,
  0x4249, 0x424A, 0x4249, 0x424A, 0x4249, 0x4249, 0x4249, 0x4249, 0x4249, 0x4249, 0x4249, 0x424A,
  0x4249, 0x424A, 0x4249, 0x4249, 0x424A, 0x4249, 0x4249, 0x424A, 0x4249, 0x4249, 0x4249, 0x4249,
  0x4249, 0x4249, 0x4249, 0x4249, 0x4249, 0x4249, 0x4249, 0x4249, 0x4249, 0x4249, 0x4249, 0x4249,
  0x424A, 0x4249, 0x4249, 0x4249, 0x4249, 0x4249, 0x4249, 0x4249, 0x4249, 0x4249, 0x4249, 0x4249,
  0x4249, 0x424A, 0x4249, 0x4249, 0x4249, 0x4249, 0x4249, 0x4249, 0x424A, 0x4249, 0x4249, 0x4249,
  0x424A, 0x4249, 0x424A, 0x4249, 0x4249, 0x4249, 0x4249, 0x4249, 0x4249, 0x424A, 0x4249, 0x4249,
  0x4249, 0x4249, 0x4249, 0x4249, 0x4249, 0x4249, 0x4249, 0x4249, 0x4249, 0x4249, 0x4249, 0x4249,
  0x4249, 0x4249, 0x424A, 0x4249, 0x424A, 0x4249, 0x4249, 0x4249, 0x424A, 0x424A, 0x4249, 0x424A,
  0x4249, 0x4249, 0x4249, 0x4249, 0x4249, 0x4249, 0x424A, 0x4249, 0x4249, 0x4249, 0x4249, 0x424A,
  0x4249, 0x4249, 0x4249, 0x424A, 0x4249, 0x4249, 0x4249, 0x424A, 0x4249, 0x424A, 0x4249, 0x4249,
  0x4249, 0x424A, 0x4249, 0x4249, 0x4249, 0x4249, 0x4249, 0x4249, 0x424A, 0x4249, 0x4249, 0x4249,
  0x4249, 0x424A, 0x4249, 0x424A, 0x4249, 0x424A, 0x4249, 0x4249, 0x4249, 0x424A, 0x424A, 0x4249,
  0x4249, 0x4249, 0x4249, 0x424A, 0x4249, 0x424A, 0x4249, 0x424A, 0x4249, 0x4249, 0x4249, 0x4249,
  0x424A, 0x424A, 0x4249, 0x4249, 0x4249, 0x4249, 0x424A, 0x4249, 0x4249, 0x424A, 0x4249, 0x4249,
  0x424A, 0x4249, 0x424A, 0x4249, 0x4249, 0x4249, 0x424A, 0x4249, 0x4249, 0x424A, 0x4249, 0x4249,
  0x4249, 0x4249, 0x4249, 0x4249, 0x424A, 0x4249, 0x424A, 0x4249, 0x4249, 0x4249, 0x4249, 0x3A09,
  0x2965, 0x5289, 0x52A9, 0x52A9, 0x52A9, 0x52A9, 0x52A9, 0x62EB, 0x9410, 0x9BC9, 0xA46B, 0xA42C,
  0x9B4C, 0xAD34, 0x5AEB, 0x18A3, 0x10C3, 0x10C3, 0x10A3, 0x10C3, 0x1904, 0x3A08, 0x424A, 0x4249,
  0x4249, 0x424A, 0x4249, 0x4249, 0x4249, 0x4249, 0x4249, 0x4249, 0x4249, 0x4249, 0x4249, 0x4249,
  0x4249, 0x4249, 0x424A, 0x4249, 0x4249, 0x424A, 0x4249, 0x4249, 0x4249, 0x4249, 0x4249, 0x4249,
  0x424A, 0x424A, 0x4249, 0x4249, 0x4249, 0x4249, 0x4249, 0x4249, 0x424A, 0x4249, 0x4249, 0x4249,
  0x424A, 0x4249, 0x4249, 0x424A, 0x4249, 0x424A, 0x4249, 0x424A, 0x424A, 0x4249, 0x4249, 0x424A,
  0x4249, 0x4249, 0x4249, 0x4249, 0x424A, 0x4249, 0x4249, 0x424A, 0x4249, 0x424A, 0x4249, 0x424A,
  0x4249, 0x4249, 0x4249, 0x4249, 0x4249, 0x4249, 0x4249, 0x4249, 0x4249, 0x4249, 0x424A, 0x4249,
  0x4249, 0x4249, 0x424A, 0x4249, 0x424A, 0x4249, 0x4249, 0x424A, 0x424A, 0x424A, 0x4249, 0x4249,
  0x424A, 0x4249, 0x4249, 0x424A, 0x4249, 0x424A, 0x4249, 0x424A, 0x4249, 0x4249, 0x4249, 0x4249,
  0x424A, 0x4249, 0x4249, 0x4249, 0x4249, 0x424A, 0x4249, 0x4249, 0x4249, 0x4249, 0x4249, 0x4249,
  0x4249, 0x424A, 0x4249, 0x4249, 0x4249, 0x4249, 0x4249, 0x4249, 0x4249, 0x4249, 0x4249, 0x4249,
  0x4249, 0x4249, 0x4249, 0x4249, 0x4249, 0x4249, 0x424A, 0x4249, 0x424A, 0x4249, 0x4249, 0x4249,
  0x424A, 0x424A, 0x4249, 0x424A, 0x4249, 0x4249, 0x4249, 0x4249, 0x4249, 0x4249, 0x424A, 0x4249,
  0x4249, 0x4249, 0x4249, 0x424A, 0x4249, 0x4249, 0x4249, 0x424A, 0x4249, 0x4249, 0x4249, 0x424A,
  0x4249, 0x424A, 0x4249, 0x4249, 0x4249, 0x424A, 0x4249, 0x4249, 0x4249, 0x4249, 0x4249, 0x4249,
  0x4249, 0x4249, 0x424A, 0x4249, 0x4249, 0x4249, 0x4249, 0x424A, 0x4249, 0x4249, 0x4249, 0x4249,
  0x424A, 0x4249, 0x4249, 0x424A, 0x4249, 0x4249, 0x4249, 0x4249, 0x4249, 0x4249, 0x4249, 0x4249,
  0x4249, 0x424A, 0x4249, 0x4249, 0x4249, 0x4249, 0x4249, 0x4249, 0x4249, 0x424A, 0x424A, 0x4249,
  0x4249, 0x4249, 0x4249, 0x424A, 0x4249, 0x424A, 0x4249, 0x4249, 0x4249, 0x424A, 0x424A, 0x4249,
  0x4249, 0x4249, 0x4249, 0x4249, 0x424A, 0x4249, 0x4249, 0x4249, 0x4249, 0x4249, 0x4249, 0x424A,
  0x4249, 0x4249, 0x424A, 0x4249, 0x4249, 0x4249, 0x4249, 0x4249, 0x4249, 0x4249, 0x4249, 0x4249,
  0x4249, 0x4249, 0x4249, 0x4249, 0x4249, 0x4249, 0x4249, 0x4249, 0x4249, 0x424A, 0x4249, 0x4249,
  0x4249, 0x4249, 0x4249, 0x4249, 0x4249, 0x424A, 0x4249, 0x4249, 0x4249, 0x4249, 0x4249, 0x424A,
  0x4249, 0x4249, 0x4249, 0x424A, 0x424A, 0x4249, 0x4249, 0x424A, 0x4249, 0x4249, 0x4249, 0x424A,
  0x4249, 0x424A, 0x4249, 0x424A, 0x4249, 0x4249, 0x424A, 0x4249, 0x4249, 0x4249, 0x4249, 0x4249,
  0x4249, 0x4249, 0x4249, 0x4249, 0x4249, 0x424A, 0x424A, 0x4249, 0x31A7, 0x39C6, 0x52A9, 0x52A9,
  0x52A9, 0x5289, 0x4228, 0x2965, 0x7B4E, 0x9BEE, 0x9BE8, 0xA4AD, 0x9B6A, 0xA450, 0x9CD2, 0x2965,
  0x18C3, 0x18C3, 0x10A3, 0x18C3, 0x1083, 0x2966, 0x4249, 0x4249, 0x4249, 0x424A, 0x4249, 0x4249,
  0x424A, 0x4249, 0x4249, 0x4249, 0x4249, 0x4249, 0x4249, 0x424A, 0x424A, 0x4249, 0x4249, 0x424A,
  0x4249, 0x4249, 0x4249, 0x4249, 0x424A, 0x4249, 0x4249, 0x4249, 0x4249, 0x4249, 0x4249, 0x424A,
  0x4249, 0x4249, 0x4249, 0x4249, 0x4249, 0x4249, 0x4249, 0x4249, 0x4249, 0x424A, 0x4249, 0x4249,
  0x4249, 0x4249, 0x4249, 0x4249, 0x4249, 0x4249, 0x424A, 0x4249, 0x4249, 0x424A, 0x4249, 0x424A,
  0x4249, 0x424A, 0x4249, 0x4249, 0x4249, 0x4249, 0x4249, 0x4249, 0x424A, 0x424A, 0x4249, 0x4249,
  0x424A, 0x4249, 0x4249, 0x4249, 0x424A, 0x4249, 0x4249, 0x4249, 0x4249, 0x424A, 0x4249, 0x4249,
  0x424A, 0x4249, 0x4249, 0x4249, 0x4249, 0x4249, 0x4249, 0x4249, 0x4249, 0x4249, 0x4249, 0x4249,
  0x424A, 0x4249, 0x4249, 0x4249, 0x424A, 0x4249, 0x4249, 0x4249, 0x424A, 0x4249, 0x4249, 0x424A,
  0x4249, 0x4249, 0x4249, 0x424A, 0x4249, 0x4249, 0x424A, 0x4249, 0x4249, 0x4249, 0x4249, 0x424A,
  0x4249, 0x4249, 0x4249, 0x4249, 0x424A, 0x4249, 0x4249, 0x424A, 0x4249, 0x4249, 0x4249, 0x4249,
  0x4249, 0x4249, 0x4249, 0x4249, 0x4249, 0x424A, 0x4249, 0x4249, 0x4249, 0x4249, 0x4249, 0x4249,
  0x4249, 0x424A, 0x424A, 0x4249, 0x4249, 0x4249, 0x4249, 0x424A, 0x4249, 0x424A, 0x4249, 0x4249,
  0x4249, 0x424A, 0x424A, 0x4249, 0x4249, 0x4249, 0x4249, 0x4249, 0x424A, 0x4249, 0x4249, 0x4249,
  0x4249, 0x4249, 0x4249, 0x424A, 0x4249, 0x4249, 0x424A, 0x4249, 0x4249, 0x4249, 0x424A, 0x4249,
  0x424A, 0x4249, 0x424A, 0x4249, 0x4249, 0x4249, 0x424A, 0x4249, 0x4249, 0x4249, 0x4249, 0x4249,
  0x4249, 0x4249, 0x424A, 0x424A, 0x4249, 0x424A, 0x424A, 0x4249, 0x4249, 0x4249, 0x4249, 0x424A,
  0x4249, 0x4249, 0x4249, 0x4249, 0x4249, 0x4249, 0x4249, 0x4249, 0x4249, 0x4249, 0x4249, 0x4249,
  0x424A, 0x4249, 0x4249, 0x4249, 0x4249, 0x4249, 0x4249, 0x4249, 0x424A, 0x4249, 0x424A, 0x4249,
  0x4249, 0x4249, 0x4249, 0x4249, 0x4249, 0x4249, 0x424A, 0x4249, 0x4249, 0x4249, 0x4249, 0x4249,
  0x4249, 0x424A, 0x4249, 0x4249, 0x4249, 0x4249, 0x424A, 0x4249, 0x4249, 0x4249, 0x4249, 0x424A,
  0x4249, 0x4249, 0x4249, 0x4249, 0x4249, 0x4249, 0x4249, 0x4249, 0x4249, 0x4249, 0x4249, 0x424A,
  0x4249, 0x4249, 0x4249, 0x4249, 0x424A, 0x4249, 0x4249, 0x4249, 0x4249, 0x4249, 0x4249, 0x4249,
  0x4249, 0x4249, 0x4249, 0x4249, 0x4249, 0x424A, 0x4249, 0x4249, 0x4249, 0x4249, 0x4249, 0x4249,
  0x4249, 0x4249, 0x4249, 0x4249, 0x424A, 0x4249, 0x4249, 0x424A, 0x4249, 0x4249, 0x424A, 0x424A,
  0x4249, 0x4249, 0x4249, 0x4249, 0x4229, 0x2965, 0x4A68, 0x52A9, 0x4248, 0x2965, 0x18E3, 0x10C3,
  0x41E8, 0x93F0, 0x9BCA, 0x9C4A, 0xA44C, 0x9B2B, 0xAD34, 0x6B6D, 0x18A3, 0x10C3, 0x10A3, 0x18A3,
  0x10C3, 0x18E4, 0x39E8, 0x424A, 0x4249, 0x4249, 0x4249, 0x4249, 0x4249, 0x4249, 0x4249, 0x424A,
  0x4249, 0x424A, 0x4249, 0x4249, 0x4249, 0x4249, 0x4249, 0x4249, 0x4249, 0x424A, 0x4249, 0x4249,
  0x4249, 0x424A, 0x4249, 0x4249, 0x4249, 0x4249, 0x4249, 0x424A, 0x4249, 0x4249, 0x424A, 0x4249,
  0x424A, 0x424A, 0x4249, 0x4249, 0x4249, 0x424A, 0x4249, 0x4249, 0x4249, 0x4249, 0x4249, 0x4249,
  0x4249, 0x424A, 0x4249, 0x4249, 0x4249, 0x4249, 0x4249, 0x4249, 0x4249, 0x4249, 0x4249, 0x424A,
  0x4249, 0x424A, 0x4249, 0x4249, 0x424A, 0x4249, 0x4249, 0x4249, 0x4249, 0x424A, 0x4249, 0x4249,
  0x4249, 0x424A, 0x4249, 0x4249, 0x4249, 0x4249, 0x4249, 0x4249, 0x4249, 0x4249, 0x424A, 0x4249,
  0x4249, 0x4249, 0x424A, 0x4249, 0x4249, 0x4249, 0x424A, 0x4249, 0x4249, 0x4249, 0x4249, 0x4249,
  0x4249, 0x4249, 0x4249, 0x4249, 0x4249, 0x4249, 0x4249, 0x4249, 0x4249, 0x4249, 0x424A, 0x4249,
  0x4249, 0x4249, 0x424A, 0x4249, 0x424A, 0x4249, 0x424A, 0x4249, 0x4249, 0x4249, 0x424A, 0x4249,
  0x4249, 0x4249, 0x4249, 0x4249, 0x4249, 0x4249, 0x424A, 0x424A, 0x4249, 0x424A, 0x424A, 0x4249,
  0x4249, 0x4249, 0x4249, 0x424A, 0x4249, 0x4249, 0x4249, 0x4249, 0x4249, 0x4249, 0x4249, 0x4249,
  0x4249, 0x4249, 0x4249, 0x4249, 0x424A, 0x4249, 0x4249, 0x4249, 0x4249, 0x4249, 0x4249, 0x4249,
  0x424A, 0x4249, 0x424A, 0x4249, 0x4249, 0x4249, 0x4249, 0x4249, 0x4249, 0x4249, 0x424A, 0x4249,
  0x4249, 0x4249, 0x4249, 0x4249, 0x4249, 0x4249, 0x4249, 0x4249, 0x4249, 0x4249, 0x424A, 0x4249,
  0x4249, 0x4249, 0x424A, 0x4249, 0x4249, 0x424A, 0x4249, 0x424A, 0x4249, 0x4249, 0x4249, 0x4249,
  0x4249, 0x4249, 0x4249, 0x4249, 0x4249, 0x4249, 0x424A, 0x4249, 0x4249, 0x424A, 0x4249, 0x424A,
  0x424A, 0x4249, 0x424A, 0x4249, 0x424A, 0x424A, 0x4249, 0x4249, 0x4249, 0x4249, 0x4249, 0x424A,
  0x4249, 0x4249, 0x424A, 0x4249, 0x4249, 0x4249, 0x4249, 0x4249, 0x4249, 0x424A, 0x424A, 0x4249,
  0x424A, 0x424A, 0x4249, 0x4249, 0x4249, 0x424A, 0x4249, 0x4249, 0x4249, 0x4249, 0x4249, 0x424A,
  0x424A, 0x4249, 0x424A, 0x4249, 0x4249, 0x4249, 0x424A, 0x4249, 0x4249, 0x4249, 0x4249, 0x424A,
  0x4249, 0x4249, 0x424A, 0x4249, 0x4249, 0x4249, 0x4249, 0x424A, 0x4249, 0x4249, 0x4249, 0x4249,
  0x4249, 0x4249, 0x4249, 0x424A, 0x424A, 0x4249, 0x4249, 0x424A, 0x4249, 0x4249, 0x424A, 0x4249,
  0x4249, 0x4249, 0x4249, 0x4249, 0x4249, 0x424A, 0x424A, 0x4249, 0x424A, 0x4249, 0x4249, 0x4249,
  0x424A, 0x4249, 0x4249, 0x4249, 0x4249, 0x4249, 0x4249, 0x4249, 0x424A, 0x4249, 0x4249, 0x4249,
  0x4249, 0x31C8, 0x2985, 0x3186, 0x18E3, 0x10A3, 0x18C3, 0x10C3, 0x18E3, 0x6B0D, 0x9C0F, 0x9BC8,
  0xA4AD, 0x9B8B, 0xA40F, 0xA4F3, 0x39C7, 0x10C3, 0x18C3, 0x18E5, 0x10E5, 0x18C3, 0x2145, 0x4229,
  0x4249, 0x4249, 0x4249, 0x424A, 0x424A, 0x4249, 0x4249, 0x424A, 0x4249, 0x4249, 0x4249, 0x4249,
  0x4249, 0x4249, 0x4249, 0x4249, 0x4249, 0x4249, 0x4249, 0x424A, 0x4249, 0x4249, 0x424A, 0x4249,
  0x424A, 0x4249, 0x4249, 0x4249, 0x4249, 0x424A, 0x4249, 0x4249, 0x424A, 0x4249, 0x4249, 0x424A,
  0x4249, 0x4249, 0x4249, 0x4249, 0x424A, 0x4249, 0x424A, 0x4249, 0x4249, 0x4249, 0x4249, 0x4249,
  0x424A, 0x4249, 0x4249, 0x4249, 0x4249, 0x4249, 0x4249, 0x4249, 0x4249, 0x4249, 0x4249, 0x4249,
  0x4249, 0x4249, 0x4249, 0x424A, 0x4249, 0x4249, 0x4249, 0x424A, 0x4249, 0x424A, 0x4249, 0x4249,
  0x424A, 0x4249, 0x4249, 0x424A, 0x4249, 0x4249, 0x4249, 0x4249, 0x4249, 0x4249, 0x4249, 0x4249,
  0x4249, 0x4249, 0x4249, 0x4249, 0x424A, 0x4249, 0x4249, 0x424A, 0x4249, 0x424A, 0x4249, 0x424A,
  0x424A, 0x4249, 0x424A, 0x4249, 0x4249, 0x4249, 0x4249, 0x424A, 0x4249, 0x4249, 0x4249, 0x4249,
  0x4249, 0x4249, 0x424A, 0x4249, 0x4249, 0x4249, 0x424A, 0x4249, 0x4249, 0x424A, 0x4249, 0x424A,
  0x4249, 0x4249, 0x4249, 0x4249, 0x4249, 0x4249, 0x4249, 0x4249, 0x4249, 0x4249, 0x424A, 0x4249,
  0x4249, 0x424A, 0x4249, 0x424A, 0x424A, 0x4249, 0x424A, 0x4249, 0x424A, 0x424A, 0x4249, 0x4249,
  0x4249, 0x4249, 0x4249, 0x424A, 0x4249, 0x4249, 0x424A, 0x4249, 0x4249, 0x4249, 0x4249, 0x4249,
  0x4249, 0x424A, 0x424A, 0x4249, 0x424A, 0x424A, 0x4249, 0x4249, 0x4249, 0x424A, 0x4249, 0x4249,
  0x4249, 0x4249, 0x4249, 0x4249, 0x4249, 0x4249, 0x424A, 0x4249, 0x4249, 0x4249, 0x4249, 0x4249,
  0x4249, 0x4249, 0x424A, 0x4249, 0x4249, 0x4249, 0x424A, 0x4249, 0x4249, 0x4249, 0x4249, 0x424A,
  0x424A, 0x4249, 0x4249, 0x4249, 0x4249, 0x4249, 0x4249, 0x4249, 0x4249, 0x424A, 0x4249, 0x4249,
  0x4249, 0x4249, 0x4249, 0x4249, 0x424A, 0x4249, 0x4249, 0x4249, 0x424A, 0x4249, 0x4249, 0x4249,
  0x4249, 0x424A, 0x4249, 0x4249, 0x4249, 0x4249, 0x4249, 0x4249, 0x4249, 0x4249, 0x4249, 0x4249,
  0x4249, 0x4249, 0x424A, 0x4249, 0x4249, 0x424A, 0x4249, 0x4249, 0x4249, 0x4249, 0x4249, 0x4249,
  0x424A, 0x4249, 0x424A, 0x4249, 0x4249, 0x424A, 0x4249, 0x424A, 0x4249, 0x4249, 0x4249, 0x424A,
  0x424A, 0x4249, 0x4249, 0x4249, 0x424A, 0x4249, 0x424A, 0x4249, 0x424A, 0x4249, 0x4249, 0x4249,
  0x4249, 0x4249, 0x424A, 0x4249, 0x4249, 0x424A, 0x4249, 0x4249, 0x424A, 0x4249, 0x424A, 0x4249,
  0x4249, 0x4249, 0x4249, 0x4249, 0x4249, 0x4249, 0x4249, 0x424A, 0x4249, 0x4249, 0x4249, 0x424A,
  0x4249, 0x4249, 0x4249, 0x4249, 0x4249, 0x4249, 0x424A, 0x4249, 0x4249, 0x4229, 0x2965, 0x10A3,
  0x10A3, 0x10A3, 0x18C3, 0x10A3, 0x10A3, 0x3986, 0x8BF0, 0x9BCB, 0x9C09, 0xA48D, 0x9B2A, 0xACF3,
  0x7BCF, 0x18E6, 0x29AC, 0x3A2F, 0x320E, 0x1906, 0x18E4, 0x39E8, 0x4249, 0x4249, 0x424A, 0x4249,
  0x4249, 0x4249, 0x4249, 0x4249, 0x4249, 0x4249, 0x424A, 0x4249, 0x424A, 0x424A, 0x4249, 0x424A,
  0x424A, 0x4249, 0x4249, 0x4249, 0x4249, 0x4249, 0x4249, 0x4249, 0x4249, 0x4249, 0x4249, 0x4249,
  0x4249, 0x4249, 0x4249, 0x4249, 0x4249, 0x4249, 0x4249, 0x4249, 0x4249, 0x424A, 0x4249, 0x4249,
  0x4249, 0x424A, 0x4249, 0x4249, 0x424A, 0x4249, 0x4249, 0x4249, 0x4249, 0x424A, 0x424A, 0x4249,
  0x424A, 0x4249, 0x4249, 0x4249, 0x4249, 0x424A, 0x4249, 0x424A, 0x4249, 0x4249, 0x4249, 0x4249,
  0x4249, 0x4249, 0x424A, 0x4249, 0x4249, 0x4249, 0x4249, 0x4249, 0x424A, 0x4249, 0x4249, 0x424A,
  0x424A, 0x4249, 0x4249, 0x424A, 0x4249, 0x4249, 0x424A, 0x4249, 0x424A, 0x424A, 0x4249, 0x4249,
  0x424A, 0x4249, 0x4249, 0x4249, 0x4249, 0x4249, 0x4249, 0x4249, 0x4249, 0x4249, 0x4249, 0x4249,
  0x4249, 0x4249, 0x4249, 0x4249, 0x4249, 0x4249, 0x4249, 0x4249, 0x4249, 0x4249, 0x424A, 0x4249,
  0x4249, 0x4249, 0x4249, 0x4249, 0x4249, 0x4249, 0x424A, 0x4249, 0x4249, 0x4249, 0x424A, 0x4249,
  0x4249, 0x4249, 0x4249, 0x424A, 0x424A, 0x4249, 0x4249, 0x4249, 0x4249, 0x4249, 0x4249, 0x4249,
  0x4249, 0x424A, 0x4249, 0x4249, 0x4249, 0x4249, 0x4249, 0x4249, 0x424A, 0x4249, 0x4249, 0x4249,
  0x424A, 0x4249, 0x4249, 0x4249, 0x4249, 0x424A, 0x4249, 0x4249, 0x4249, 0x4249, 0x4249, 0x4249,
  0x4249, 0x4249, 0x4249, 0x4249, 0x4249, 0x4249, 0x424A, 0x4249, 0x4249, 0x4249, 0x424A, 0x424A,
  0x4249, 0x4249, 0x4249, 0x4249, 0x4249, 0x424A, 0x4249, 0x4249, 0x424A, 0x4249, 0x4249, 0x4249,
  0x4249, 0x424A, 0x4249, 0x4249, 0x424A, 0x4249, 0x4249, 0x4249, 0x4249, 0x4249, 0x424A, 0x4249,
  0x4249, 0x4249, 0x4249, 0x4249, 0x4249, 0x4249, 0x4249, 0x4249, 0x4249, 0x4249, 0x4249, 0x424A,
  0x4249, 0x4249, 0x4249, 0x424A, 0x4249, 0x4249, 0x4249, 0x424A, 0x4249, 0x424A, 0x4249, 0x4249,
  0x424A, 0x424A, 0x4249, 0x4249, 0x4249, 0x4249, 0x424A, 0x4249, 0x4249, 0x4249, 0x424A, 0x4249,
  0x4249, 0x4249, 0x4249, 0x4249, 0x424A, 0x4249, 0x4249, 0x424A, 0x4249, 0x4249, 0x4249, 0x4249,
  0x4249, 0x424A, 0x4249, 0x4249, 0x4249, 0x4249, 0x4249, 0x4249, 0x4249, 0x4249, 0x4249, 0x4249,
  0x424A, 0x4249, 0x4249, 0x4249, 0x4249, 0x4249, 0x424A, 0x4249, 0x4249, 0x424A, 0x4249, 0x4249,
  0x4249, 0x4249, 0x4249, 0x424A, 0x4249, 0x4249, 0x424A, 0x4249, 0x424A, 0x4249, 0x4249, 0x424A,
  0x4249, 0x4249, 0x424A, 0x4249, 0x4249, 0x4249, 0x4249, 0x4249, 0x4249, 0x424A, 0x4249, 0x4249,
  0x4249, 0x4249, 0x4249, 0x424A, 0x4249, 0x424A, 0x39E8, 0x18E4, 0x10C3, 0x18C3, 0x10C3, 0x10A3,
  0x10C3, 0x10A3, 0x62AB, 0x9C10, 0x9BC8, 0xA48C, 0x9BCB, 0x9BAE, 0x8452, 0x424F, 0x4271, 0x4271,
  0x4271, 0x31ED, 0x39E9, 0x4A69, 0x5289, 0x4A69, 0x4A69, 0x4249, 0x4249, 0x4249, 0x424A, 0x4249,
  0x424A, 0x4249, 0x4249, 0x4249, 0x4249, 0x4249, 0x4249, 0x4249, 0x4249, 0x4249, 0x4249, 0x424A,
  0x4249, 0x4249, 0x424A, 0x4249, 0x4249, 0x424A, 0x424A, 0x424A, 0x4249, 0x4249, 0x4249, 0x4249,
  0x424A, 0x4249, 0x4249, 0x4249, 0x4249, 0x4249, 0x4249, 0x4249, 0x424A, 0x4249, 0x4249, 0x4249,
  0x4249, 0x424A, 0x424A, 0x4249, 0x4249, 0x4249, 0x4249, 0x4249, 0x424A, 0x4249, 0x424A, 0x4249,
  0x4249, 0x4249, 0x424A, 0x4249, 0x4249, 0x4249, 0x424A, 0x424A, 0x4249, 0x424A, 0x4249, 0x424A,
  0x4249, 0x4249, 0x4249, 0x424A, 0x4249, 0x4249, 0x4249, 0x4249, 0x4249, 0x424A, 0x4249, 0x4249,
  0x4249, 0x4249, 0x424A, 0x4249, 0x4249, 0x4249, 0x4249, 0x4249, 0x4249, 0x4249, 0x424A, 0x424A,
  0x4249, 0x4249, 0x4249, 0x4249, 0x4249, 0x4249, 0x4249, 0x424A, 0x4249, 0x424A, 0x4249, 0x424A,
  0x4249, 0x4249, 0x424A, 0x424A, 0x4249, 0x4249, 0x4249, 0x4249, 0x4249, 0x424A, 0x4249, 0x4249,
  0x424A, 0x4249, 0x4249, 0x4249, 0x4249, 0x424A, 0x4249, 0x4249, 0x424A, 0x4249, 0x4249, 0x4249,
  0x4249, 0x4249, 0x424A, 0x4249, 0x4249, 0x4249, 0x4249, 0x4249, 0x4249, 0x4249, 0x4249, 0x4249,
  0x4249, 0x4249, 0x4249, 0x424A, 0x4249, 0x4249, 0x4249, 0x424A, 0x4249, 0x4249, 0x4249, 0x424A,
  0x4249, 0x424A, 0x4249, 0x4249, 0x424A, 0x424A, 0x4249, 0x4249, 0x4249, 0x4249, 0x424A, 0x4249,
  0x4249, 0x4249, 0x424A, 0x4249, 0x4249, 0x4249, 0x4249, 0x4249, 0x4249, 0x424A, 0x4249, 0x4249,
  0x424A, 0x4249, 0x424A, 0x4249, 0x4249, 0x4249, 0x4249, 0x4249, 0x4249, 0x4249, 0x4249, 0x4249,
  0x4249, 0x4249, 0x424A, 0x4249, 0x4249, 0x4249, 0x4249, 0x424A, 0x424A, 0x4249, 0x4249, 0x4249,
  0x424A, 0x4249, 0x4249, 0x424A, 0x424A, 0x4249, 0x4249, 0x4249, 0x4249, 0x4249, 0x4249, 0x4249,
  0x4249, 0x4249, 0x4249, 0x4249, 0x4249, 0x4249, 0x4249, 0x4249, 0x424A, 0x4249, 0x4249, 0x424A,
  0x4249, 0x4249, 0x4249, 0x4249, 0x4249, 0x4249, 0x4249, 0x4249, 0x4249, 0x4249, 0x4249, 0x4249,
  0x4249, 0x4249, 0x4249, 0x4249, 0x424A, 0x4249, 0x4249, 0x4249, 0x424A, 0x4249, 0x4249, 0x4249,
  0x424A, 0x4249, 0x424A, 0x4249, 0x4249, 0x4249, 0x424A, 0x4249, 0x4249, 0x4249, 0x4249, 0x424A,
  0x4249, 0x4249, 0x424A, 0x4249, 0x4249, 0x4249, 0x4249, 0x4249, 0x424A, 0x4249, 0x4249, 0x4249,
  0x4249, 0x4249, 0x4249, 0x4249, 0x4249, 0x4249, 0x4249, 0x4249, 0x424A, 0x4249, 0x4249, 0x4249,
  0x424A, 0x4249, 0x424A, 0x4249, 0x424A, 0x4249, 0x4249, 0x424A, 0x4249, 0x424A, 0x4249, 0x4249,
  0x4249, 0x4249, 0x4229, 0x2966, 0x18C3, 0x10A3, 0x10A3, 0x10C3, 0x18C3, 0x10C3, 0x2945, 0x83AF,
  0x9BED, 0x9BE9, 0x8C0E, 0x5A8F, 0x4A91, 0x4291, 0x4271, 0x4271, 0x4291, 0x4271, 0x4270, 0x4A6E,
  0x5289, 0x5289, 0x5289, 0x4A89, 0x4A69, 0x4A69, 0x4269, 0x4249, 0x4249, 0x4249, 0x424A, 0x4249,
  0x4249, 0x4249, 0x4249, 0x4249, 0x4249, 0x4249, 0x4249, 0x4249, 0x4249, 0x4249, 0x424A, 0x4249,
  0x4249, 0x4249, 0x4249, 0x4249, 0x4249, 0x4249, 0x424A, 0x4249, 0x4249, 0x4249, 0x424A, 0x4249,
  0x424A, 0x4249, 0x4249, 0x4249, 0x4249, 0x4249, 0x4249, 0x4249, 0x4249, 0x4249, 0x4249, 0x4249,
  0x4249, 0x4249, 0x4249, 0x4249, 0x4249, 0x4249, 0x4249, 0x424A, 0x4249, 0x424A, 0x4249, 0x4249,
  0x4249, 0x424A, 0x4249, 0x4249, 0x4249, 0x4249, 0x4249, 0x4249, 0x4249, 0x4249, 0x4249, 0x4249,
  0x4249, 0x4249, 0x4249, 0x4249, 0x4249, 0x4249, 0x4249, 0x424A, 0x4249, 0x4249, 0x4249, 0x4249,
  0x4249, 0x4249, 0x4249, 0x4249, 0x4249, 0x4249, 0x4249, 0x4249, 0x4249, 0x424A, 0x424A, 0x4249,
  0x4249, 0x424A, 0x424A, 0x4249, 0x4249, 0x4249, 0x4249, 0x4249, 0x4249, 0x4249, 0x4249, 0x4249,
  0x4249, 0x424A, 0x4249, 0x4249, 0x424A, 0x4249, 0x424A, 0x4249, 0x4249, 0x4249, 0x4249, 0x4249,
  0x4249, 0x4249, 0x4249, 0x4249, 0x4249, 0x4249, 0x424A, 0x4249, 0x4249, 0x4249, 0x4249, 0x424A,
  0x424A, 0x4249, 0x4249, 0x4249, 0x424A, 0x4249, 0x4249, 0x424A, 0x424A, 0x4249, 0x4249, 0x4249,
  0x4249, 0x4249, 0x4249, 0x4249, 0x4249, 0x4249, 0x4249, 0x4249, 0x4249, 0x4249, 0x4249, 0x4249,
  0x424A, 0x4249, 0x4249, 0x424A, 0x4249, 0x4249, 0x4249, 0x4249, 0x4249, 0x4249, 0x4249, 0x4249,
  0x424A, 0x4249, 0x424A, 0x4249, 0x4249, 0x424A, 0x4249, 0x4249, 0x4249, 0x4249, 0x4249, 0x4249,
  0x424A, 0x424A, 0x4249, 0x4249, 0x424A, 0x4249, 0x424A, 0x4249, 0x424A, 0x4249, 0x4249, 0x4249,
  0x424A, 0x4249, 0x4249, 0x4249, 0x4249, 0x424A, 0x4249, 0x4249, 0x4249, 0x4249, 0x4249, 0x424A,
  0x4249, 0x4249, 0x4249, 0x4249, 0x424A, 0x4249, 0x4249, 0x424A, 0x4249, 0x4249, 0x4249, 0x4249,
  0x424A, 0x4249, 0x424A, 0x4249, 0x4249, 0x4249, 0x4249, 0x4249, 0x424A, 0x4249, 0x424A, 0x4249,
  0x4249, 0x424A, 0x424A, 0x4249, 0x4249, 0x424A, 0x424A, 0x4249, 0x4249, 0x4249, 0x424A, 0x4249,
  0x4249, 0x4249, 0x424A, 0x4249, 0x4249, 0x4249, 0x4249, 0x4249, 0x424A, 0x4249, 0x4249, 0x424A,
  0x4249, 0x4249, 0x4249, 0x424A, 0x4249, 0x4249, 0x424A, 0x4249, 0x4249, 0x4249, 0x4249, 0x4249,
  0x4249, 0x424A, 0x4249, 0x424A, 0x4249, 0x4249, 0x4249, 0x424A, 0x4249, 0x424A, 0x4249, 0x4249,
  0x4249, 0x4249, 0x424A, 0x4249, 0x4249, 0x4249, 0x4249, 0x4249, 0x424A, 0x4249, 0x4249, 0x4249,
  0x4249, 0x4249, 0x424A, 0x4249, 0x4249, 0x4249, 0x4249, 0x4249, 0x424A, 0x4249, 0x4249, 0x3A09,
  0x1904, 0x10A3, 0x10A3, 0x18C3, 0x10A3, 0x10A3, 0x18A3, 0x526A, 0x8BB0, 0x6ACE, 0x4A91, 0x4291,
  0x4271, 0x4271, 0x4271, 0x5250, 0x622F, 0x6A0F, 0x6A0E, 0x6A0E, 0x622A, 0x5A69, 0x5269, 0x5289,
  0x5289, 0x5289, 0x5289, 0x5289, 0x4A69, 0x4A69, 0x4249, 0x4249, 0x4249, 0x424A, 0x4249, 0x424A,
  0x4249, 0x4249, 0x424A, 0x4249, 0x424A, 0x4249, 0x4249, 0x4249, 0x4249, 0x4249, 0x4249, 0x4249,
  0x4249, 0x424A, 0x4249, 0x4249, 0x424A, 0x4249, 0x4249, 0x4249, 0x4249, 0x424A, 0x4249, 0x424A,
  0x4249, 0x4249, 0x424A, 0x4249, 0x4249, 0x4249, 0x424A, 0x4249, 0x4249, 0x424A, 0x4249, 0x4249,
  0x424A, 0x4249, 0x4249, 0x4249, 0x4249, 0x4249, 0x424A, 0x4249, 0x4249, 0x4249, 0x4249, 0x4249,
  0x4249, 0x424A, 0x4249, 0x4249, 0x4249, 0x424A, 0x4249, 0x424A, 0x4249, 0x424A, 0x4249, 0x424A,
  0x4249, 0x4249, 0x4249, 0x424A, 0x4249, 0x4249, 0x424A, 0x4249, 0x4249, 0x4249, 0x424A, 0x4249,
  0x4249, 0x424A, 0x4249, 0x4249, 0x4249, 0x4249, 0x4249, 0x4249, 0x4249, 0x4249, 0x4249, 0x4249,
  0x4249, 0x4249, 0x4249, 0x4249, 0x424A, 0x4249, 0x424A, 0x4249, 0x4249, 0x424A, 0x4249, 0x4249,
  0x4249, 0x4249, 0x4249, 0x4249, 0x424A, 0x424A, 0x4249, 0x4249, 0x424A, 0x4249, 0x424A, 0x4249,
  0x424A, 0x4249, 0x4249, 0x4249, 0x424A, 0x4249, 0x4249, 0x4249, 0x4249, 0x424A, 0x4249, 0x4249,
  0x4249, 0x4249, 0x4249, 0x424A, 0x4249, 0x4249, 0x4249, 0x4249, 0x424A, 0x4249, 0x4249, 0x424A,
  0x4249, 0x4249, 0x4249, 0x4249, 0x424A, 0x4249, 0x424A, 0x4249, 0x4249, 0x4249, 0x4249, 0x4249,
  0x424A, 0x4249, 0x424A, 0x4249, 0x4249, 0x424A, 0x424A, 0x4249, 0x4249, 0x4249, 0x4249, 0x4249,
  0x4249, 0x424A, 0x4249, 0x4249, 0x4249, 0x4249, 0x424A, 0x4249, 0x4249, 0x4249, 0x4249, 0x4249,
  0x424A, 0x4249, 0x4249, 0x4249, 0x4249, 0x424A, 0x4249, 0x4249, 0x4249, 0x4249, 0x4249, 0x4249,
  0x4249, 0x4249, 0x424A, 0x424A, 0x4249, 0x4249, 0x4249, 0x4249, 0x4249, 0x4249, 0x424A, 0x4249,
  0x424A, 0x4249, 0x4249, 0x4249, 0x4249, 0x424A, 0x424A, 0x4249, 0x4249, 0x4249, 0x4249, 0x4249,
  0x4249, 0x4249, 0x4249, 0x4249, 0x4249, 0x4249, 0x424A, 0x4249, 0x4249, 0x4249, 0x4249, 0x4249,
  0x4249, 0x424A, 0x4249, 0x4249, 0x4249, 0x4249, 0x424A, 0x4249, 0x4249, 0x4249, 0x4249, 0x4249,
  0x4249, 0x424A, 0x4249, 0x424A, 0x4249, 0x4249, 0x4249, 0x4249, 0x4249, 0x424A, 0x4249, 0x424A,
  0x4249, 0x4249, 0x4249, 0x424A, 0x4249, 0x4249, 0x4249, 0x4249, 0x424A, 0x4249, 0x4249, 0x4249,
  0x4249, 0x424A, 0x424A, 0x4249, 0x4249, 0x4249, 0x4249, 0x4249, 0x424A, 0x4249, 0x4249, 0x4249,
  0x4249, 0x4249, 0x424A, 0x4249, 0x4249, 0x4249, 0x4249, 0x424A, 0x4249, 0x4249, 0x4249, 0x4249,
  0x4249, 0x424A, 0x4249, 0x4249, 0x4249, 0x4249, 0x4249, 0x4249, 0x31A7, 0x18C3, 0x18C3, 0x10A3,
  0x10A3, 0x10C3, 0x2127, 0x31CD, 0x4A91, 0x4271, 0x4291, 0x4271, 0x5250, 0x7A0E, 0x99CB, 0xB1E9,
  0xC249, 0xC289, 0xC28A, 0xC289, 0xBA08, 0xA9E7, 0x91E7, 0x6A48, 0x5269, 0x5289, 0x5289, 0x5269,
  0x5289, 0x5289, 0x5289, 0x5269, 0x5269, 0x4A49, 0x4249, 0x424A, 0x4249, 0x4249, 0x424A, 0x4249,
  0x4249, 0x4249, 0x4249, 0x424A, 0x4249, 0x424A, 0x424A, 0x4249, 0x424A, 0x4249, 0x4249, 0x4249,
  0x4249, 0x4249, 0x424A, 0x4249, 0x4249, 0x4249, 0x4249, 0x424A, 0x4249, 0x4249, 0x424A, 0x4249,
  0x424A, 0x4249, 0x4249, 0x4249, 0x4249, 0x424A, 0x424A, 0x4249, 0x4249, 0x4249, 0x424A, 0x4249,
  0x4249, 0x4249, 0x4249, 0x4249, 0x424A, 0x4249, 0x4249, 0x4249, 0x4249, 0x4249, 0x424A, 0x4249,
  0x4249, 0x424A, 0x4249, 0x4249, 0x4249, 0x4249, 0x424A, 0x4249, 0x4249, 0x424A, 0x4249, 0x4249,
  0x4249, 0x4249, 0x4249, 0x4249, 0x424A, 0x4249, 0x4249, 0x4249, 0x424A, 0x4249, 0x4249, 0x424A,
  0x4249, 0x4249, 0x4249, 0x424A, 0x424A, 0x4249, 0x4249, 0x4249, 0x424A, 0x424A, 0x4249, 0x424A,
  0x4249, 0x4249, 0x4249, 0x4249, 0x4249, 0x424A, 0x4249, 0x4249, 0x4249, 0x4249, 0x424A, 0x4249,
  0x4249, 0x4249, 0x4249, 0x4249, 0x424A, 0x4249, 0x4249, 0x4249, 0x4249, 0x424A, 0x4249, 0x4249,
  0x4249, 0x4249, 0x4249, 0x4249, 0x4249, 0x4249, 0x424A, 0x424A, 0x4249, 0x4249, 0x4249, 0x4249,
  0x4249, 0x4249, 0x424A, 0x4249, 0x424A, 0x4249, 0x4249, 0x4249, 0x4249, 0x424A, 0x424A, 0x4249,
  0x4249, 0x4249, 0x4249, 0x4249, 0x4249, 0x4249, 0x4249, 0x4249, 0x4249, 0x4249, 0x424A, 0x4249,
  0x4249, 0x4249, 0x4249, 0x4249, 0x4249, 0x4249, 0x4249, 0x4249, 0x424A, 0x4249, 0x4249, 0x424A,
  0x4249, 0x424A, 0x4249, 0x4249, 0x424A, 0x4249, 0x4249, 0x4249, 0x4249, 0x4249, 0x424A, 0x4249,
  0x4249, 0x424A, 0x4249, 0x4249, 0x424A, 0x4249, 0x424A, 0x4249, 0x4249, 0x4249, 0x4249, 0x4249,
  0x4249, 0x4249, 0x424A, 0x424A, 0x4249, 0x4249, 0x424A, 0x4249, 0x4249, 0x4249, 0x4249, 0x4249,
  0x424A, 0x4249, 0x4249, 0x4249, 0x4249, 0x4249, 0x424A, 0x4249, 0x4249, 0x424A, 0x424A, 0x4249,
  0x4249, 0x4249, 0x4249, 0x4249, 0x424A, 0x4249, 0x4249, 0x4249, 0x4249, 0x4249, 0x4249, 0x4249,
  0x4249, 0x424A, 0x4249, 0x4249, 0x424A, 0x4249, 0x424A, 0x4249, 0x4249, 0x4249, 0x4249, 0x4249,
  0x4249, 0x4249, 0x424A, 0x4249, 0x4249, 0x4249, 0x4249, 0x4249, 0x4249, 0x4249, 0x4249, 0x4249,
  0x4249, 0x424A, 0x4249, 0x4249, 0x4249, 0x4249, 0x4249, 0x4249, 0x4249, 0x4249, 0x4249, 0x4249,
  0x4249, 0x4249, 0x4249, 0x424A, 0x4249, 0x424A, 0x4249, 0x4249, 0x424A, 0x424A, 0x4249, 0x4249,
  0x4249, 0x4249, 0x4249, 0x4249, 0x4249, 0x4249, 0x424A, 0x4249, 0x4249, 0x4249, 0x4249, 0x424A,
  0x424A, 0x4249, 0x4249, 0x424A, 0x4229, 0x2105, 0x10C3, 0x10A3, 0x18C3, 0x216A, 0x3A30, 0x4271,
  0x4291, 0x4271, 0x4A70, 0x720E, 0xA9E9, 0xCAAA, 0xD34C, 0xDB8C, 0xDBAD, 0xDBAD, 0xDBAD, 0xDBAD,
  0xDB8D, 0xDB6C, 0xD30B, 0xBA28, 0x99C6, 0x6A48, 0x5289, 0x5289, 0x5289, 0x6289, 0x82CA, 0x7A89,
  0x6A69, 0x5248, 0x4229, 0x4249, 0x4249, 0x424A, 0x4249, 0x4249, 0x424A, 0x4249, 0x4249, 0x4249,
  0x4249, 0x4249, 0x4249, 0x4249, 0x4249, 0x424A, 0x4249, 0x424A, 0x4249, 0x4249, 0x4249, 0x4249,
  0x424A, 0x4249, 0x4249, 0x4249, 0x4249, 0x4249, 0x4249, 0x4249, 0x4249, 0x424A, 0x4249, 0x4249,
  0x4249, 0x4249, 0x4249, 0x4249, 0x424A, 0x4249, 0x4249, 0x4249, 0x4249, 0x4249, 0x4249, 0x424A,
  0x4249, 0x4249, 0x424A, 0x4249, 0x4249, 0x4249, 0x4249, 0x424A, 0x4249, 0x4249, 0x4249, 0x4249,
  0x4249, 0x4249, 0x4249, 0x4249, 0x4249, 0x424A, 0x4249, 0x4249, 0x4249, 0x424A, 0x4249, 0x4249,
  0x4249, 0x4249, 0x424A, 0x4249, 0x4249, 0x424A, 0x4249, 0x4249, 0x4249, 0x424A, 0x4249, 0x4249,
  0x4249, 0x4249, 0x4249, 0x4249, 0x4249, 0x4249, 0x4249, 0x4249, 0x4249, 0x4249, 0x4249, 0x4249,
  0x424A, 0x4249, 0x4249, 0x424A, 0x4249, 0x424A, 0x4249, 0x4249, 0x424A, 0x4249, 0x4249, 0x4249,
  0x4249, 0x4249, 0x424A, 0x4249, 0x4249, 0x424A, 0x4249, 0x4249, 0x424A, 0x4249, 0x424A, 0x4249,
  0x4249, 0x4249, 0x4249, 0x4249, 0x4249, 0x4249, 0x424A, 0x424A, 0x4249, 0x4249, 0x424A, 0x4249,
  0x4249, 0x4249, 0x4249, 0x4249, 0x424A, 0x4249, 0x4249, 0x4249, 0x4249, 0x4249, 0x424A, 0x4249,
  0x4249, 0x424A, 0x424A, 0x4249, 0x4249, 0x4249, 0x4249, 0x4249, 0x424A, 0x4249, 0x4249, 0x4249,
  0x4249, 0x4249, 0x424A, 0x4249, 0x4249, 0x4249, 0x4249, 0x4249, 0x4249, 0x4249, 0x4249, 0x4249,
  0x4249, 0x4249, 0x4249, 0x4249, 0x4249, 0x4249, 0x4249, 0x4249, 0x4249, 0x4249, 0x4249, 0x4249,
  0x424A, 0x4249, 0x4249, 0x424A, 0x4249, 0x4249, 0x4249, 0x4249, 0x4249, 0x4249, 0x4249, 0x4249,
  0x4249, 0x4249, 0x4249, 0x4249, 0x4249, 0x424A, 0x4249, 0x4249, 0x4249, 0x4249, 0x4249, 0x4249,
  0x424A, 0x4249, 0x4249, 0x4249, 0x4249, 0x4249, 0x4249, 0x424A, 0x4249, 0x4249, 0x4249, 0x4249,
  0x4249, 0x4249, 0x424A, 0x424A, 0x4249, 0x4249, 0x4249, 0x4249, 0x424A, 0x4249, 0x4249, 0x4249,
  0x4249, 0x4249, 0x4249, 0x424A, 0x4249, 0x4249, 0x4249, 0x4249, 0x424A, 0x4249, 0x4249, 0x424A,
  0x4249, 0x424A, 0x4249, 0x4249, 0x4249, 0x4249, 0x424A, 0x424A, 0x4249, 0x4249, 0x4249, 0x4249,
  0x424A, 0x4249, 0x4249, 0x424A, 0x4249, 0x4249, 0x424A, 0x4249, 0x4249, 0x4249, 0x424A, 0x4249,
  0x4249, 0x4249, 0x4249, 0x4249, 0x4249, 0x4249, 0x424A, 0x4249, 0x4249, 0x424A, 0x4249, 0x424A,
  0x4249, 0x4249, 0x4249, 0x4249, 0x424A, 0x4249, 0x4249, 0x4249, 0x424A, 0x4249, 0x4249, 0x4249,
  0x4249, 0x31C7, 0x10C3, 0x18C3, 0x18C4, 0x31EE, 0x4271, 0x4291, 0x4271, 0x5250, 0x91CB, 0xC269,
  0xD36C, 0xDBAD, 0xDBAD, 0xDBAD, 0xDBAD, 0xDBAD, 0xDBAD, 0xDBAD, 0xDBAD, 0xDBAD, 0xDBAD, 0xDB8D,
  0xD30B, 0xB1E7, 0x8228, 0x72A9, 0x6AA9, 0x9AEA, 0x7268, 0x5269, 0x5269, 0x4A68, 0x4208, 0x4228,
  0x4249, 0x4249, 0x4249, 0x4249, 0x4249, 0x4249, 0x424A, 0x424A, 0x4249, 0x4249, 0x4249, 0x4249,
  0x4249, 0x4249, 0x4249, 0x4249, 0x424A, 0x4249, 0x4249, 0x4249, 0x4249, 0x424A, 0x4249, 0x4249,
  0x4249, 0x4249, 0x4249, 0x4249, 0x424A, 0x4249, 0x424A, 0x4249, 0x4249, 0x424A, 0x4249, 0x4249,
  0x4249, 0x424A, 0x4249, 0x4249, 0x424A, 0x424A, 0x4249, 0x4249, 0x4249, 0x4249, 0x424A, 0x4249,
  0x424A, 0x424A, 0x4249, 0x4249, 0x4249, 0x4249, 0x424A, 0x424A, 0x4249, 0x424A, 0x4249, 0x4249,
  0x4249, 0x4249, 0x4249, 0x4249, 0x4249, 0x424A, 0x4249, 0x4249, 0x4249, 0x424A, 0x4249, 0x4249,
  0x4249, 0x4249, 0x4249, 0x4249, 0x4249, 0x4249, 0x4249, 0x4249, 0x4249, 0x4249, 0x4249, 0x4249,
  0x4249, 0x424A, 0x4249, 0x4249, 0x4249, 0x4249, 0x424A, 0x4249, 0x4249, 0x4249, 0x4249, 0x4249,
  0x4249, 0x4249, 0x4249, 0x4249, 0x4249, 0x4249, 0x4249, 0x4249, 0x4249, 0x4249, 0x4249, 0x4249,
  0x4249, 0x4249, 0x4249, 0x4249, 0x424A, 0x4249, 0x4249, 0x424A, 0x4249, 0x4249, 0x4249, 0x4249,
  0x4249, 0x4249, 0x4249, 0x4249, 0x4249, 0x4249, 0x4249, 0x4249, 0x4249, 0x424A, 0x4249, 0x4249,
  0x4249, 0x4249, 0x4249, 0x4249, 0x424A, 0x4249, 0x4249, 0x4249, 0x4249, 0x4249, 0x4249, 0x424A,
  0x4249, 0x4249, 0x4249, 0x4249, 0x4249, 0x4249, 0x424A, 0x424A, 0x424A, 0x4249, 0x424A, 0x4249,
  0x4249, 0x4249, 0x424A, 0x4249, 0x4249, 0x4249, 0x4249, 0x424A, 0x4249, 0x424A, 0x4249, 0x424A,
  0x424A, 0x4249, 0x4249, 0x4249, 0x4249, 0x424A, 0x4249, 0x4249, 0x4249, 0x4249, 0x4249, 0x424A,
  0x4249, 0x4249, 0x424A, 0x424A, 0x4249, 0x4249, 0x4249, 0x4249, 0x4249, 0x424A, 0x4249, 0x4249,
  0x4249, 0x4249, 0x424A, 0x4249, 0x424A, 0x4249, 0x4249, 0x424A, 0x4249, 0x4249, 0x4249, 0x424A,
  0x424A, 0x4249, 0x4249, 0x4249, 0x4249, 0x424A, 0x424A, 0x4249, 0x4249, 0x4249, 0x4249, 0x4249,
  0x424A, 0x4249, 0x4249, 0x424A, 0x4249, 0x4249, 0x424A, 0x4249, 0x4249, 0x4249, 0x4249, 0x4249,
  0x4249, 0x4249, 0x424A, 0x4249, 0x4249, 0x4249, 0x424A, 0x4249, 0x4249, 0x4249, 0x4249, 0x4249,
  0x4249, 0x424A, 0x4249, 0x4249, 0x4249, 0x4249, 0x424A, 0x4249, 0x4249, 0x424A, 0x424A, 0x4249,
  0x4249, 0x4249, 0x4249, 0x4249, 0x4249, 0x4249, 0x424A, 0x4249, 0x4249, 0x424A, 0x4249, 0x424A,
  0x4249, 0x4249, 0x424A, 0x4249, 0x4249, 0x4249, 0x4249, 0x424A, 0x4249, 0x424A, 0x4249, 0x4249,
  0x4249, 0x424A, 0x4249, 0x4249, 0x4249, 0x4249, 0x4249, 0x424A, 0x4249, 0x4229, 0x2145, 0x10A3,
  0x18C4, 0x29AB, 0x4271, 0x4271, 0x5250, 0x99CA, 0xCAEA, 0xDB8D, 0xDBAD, 0xDBAD, 0xDBAD, 0xDBAD,
  0xDBAD, 0xDBAD, 0xDBAD, 0xDBAD, 0xDBAD, 0xDBAD, 0xDBAD, 0xDBAD, 0xDBAD, 0xD36C, 0xC248, 0xBAA9,
  0xC36C, 0x9AAA, 0x5268, 0x4A48, 0x4A68, 0x4A68, 0x4A68, 0x39E7, 0x4249, 0x424A, 0x4249, 0x424A,
  0x4249, 0x4249, 0x4249, 0x4249, 0x4249, 0x4249, 0x424A, 0x4249, 0x424A, 0x4249, 0x4249, 0x4249,
  0x4249, 0x4249, 0x4249, 0x4249, 0x424A, 0x4249, 0x4249, 0x4249, 0x424A, 0x424A, 0x4249, 0x4249,
  0x4249, 0x4249, 0x4249, 0x4249, 0x4249, 0x4249, 0x424A, 0x4249, 0x4249, 0x4249, 0x4249, 0x4249,
  0x4249, 0x4249, 0x4249, 0x4249, 0x4249, 0x424A, 0x4249, 0x4249, 0x4249, 0x4249, 0x4249, 0x424A,
  0x4249, 0x4249, 0x4249, 0x4249, 0x4249, 0x4249, 0x424A, 0x424A, 0x4249, 0x424A, 0x4249, 0x424A,
  0x4249, 0x4249, 0x4249, 0x4249, 0x424A, 0x4249, 0x4249, 0x4249, 0x4249, 0x424A, 0x4249, 0x424A,
  0x4249, 0x4249, 0x424A, 0x424A, 0x4249, 0x424A, 0x4249, 0x424A, 0x4249, 0x424A, 0x4249, 0x4249,
  0x424A, 0x4249, 0x424A, 0x4249, 0x4249, 0x4249, 0x424A, 0x4249, 0x4249, 0x4249, 0x4249, 0x424A,
  0x4249, 0x424A, 0x4249, 0x424A, 0x424A, 0x4249, 0x4249, 0x4249, 0x4249, 0x424A, 0x4249, 0x4249,
  0x4249, 0x4249, 0x4249, 0x424A, 0x4249, 0x4249, 0x424A, 0x424A, 0x4249, 0x4249, 0x4249, 0x4249,
  0x4249, 0x424A, 0x4249, 0x4249, 0x4249, 0x4249, 0x424A, 0x4249, 0x424A, 0x4249, 0x4249, 0x424A,
  0x4249, 0x4249, 0x4249, 0x424A, 0x424A, 0x4249, 0x4249, 0x4249, 0x4249, 0x424A, 0x424A, 0x4249,
  0x4249, 0x4249, 0x4249, 0x4249, 0x4249, 0x4249, 0x4249, 0x4249, 0x4249, 0x424A, 0x4249, 0x4249,
  0x424A, 0x4249, 0x4249, 0x4249, 0x424A, 0x4249, 0x4249, 0x4249, 0x4249, 0x4249, 0x424A, 0x424A,
  0x4249, 0x4249, 0x424A, 0x4249, 0x4249, 0x424A, 0x4249, 0x4249, 0x4249, 0x4249, 0x4249, 0x4249,
  0x4249, 0x4249, 0x424A, 0x424A, 0x4249, 0x4249, 0x4249, 0x4249, 0x424A, 0x4249, 0x4249, 0x4249,
  0x4249, 0x4249, 0x4249, 0x4249, 0x4249, 0x424A, 0x4249, 0x4249, 0x4249, 0x4249, 0x4249, 0x4249,
  0x4249, 0x424A, 0x4249, 0x4249, 0x4249, 0x424A, 0x4249, 0x4249, 0x4249, 0x4249, 0x424A, 0x4249,
  0x4249, 0x4249, 0x4249, 0x4249, 0x424A, 0x4249, 0x4249, 0x424A, 0x4249, 0x4249, 0x424A, 0x424A,
  0x4249, 0x4249, 0x4249, 0x4249, 0x424A, 0x4249, 0x4249, 0x424A, 0x4249, 0x4249, 0x4249, 0x4249,
  0x4249, 0x424A, 0x4249, 0x4249, 0x4249, 0x4249, 0x4249, 0x4249, 0x4249, 0x4249, 0x424A, 0x4249,
  0x4249, 0x4249, 0x4249, 0x4249, 0x4249, 0x4249, 0x4249, 0x4249, 0x4249, 0x4249, 0x4249, 0x4249,
  0x424A, 0x4249, 0x4249, 0x4249, 0x4249, 0x4249, 0x4249, 0x424A, 0x4249, 0x4249, 0x4249, 0x4249,
  0x424A, 0x4249, 0x424A, 0x4249, 0x4249, 0x424A, 0x39E8, 0x18C4, 0x18E3, 0x31AA, 0x4271, 0x4A70,
  0x99AB, 0xCAEA, 0xDBAD, 0xDBAD, 0xDBAD, 0xDBAD, 0xDBAD, 0xDBAD, 0xDBAD, 0xDBAD, 0xDBAD, 0xDBAD,
  0xDBAD, 0xDBAD, 0xDBAD, 0xDBAD, 0xDBAD, 0xDBAD, 0xD36C, 0xC248, 0xC2EA, 0x8289, 0x4A68, 0x4A68,
  0x5269, 0x4A69, 0x4A68, 0x39C7, 0x4249, 0x4249, 0x4249, 0x4249, 0x4249, 0x4249, 0x4249, 0x4249,
  0x4249, 0x424A, 0x4249, 0x4249, 0x4249, 0x4249, 0x4249, 0x4249, 0x4249, 0x424A, 0x424A, 0x4249,
  0x4249, 0x4249, 0x4249, 0x4249, 0x424A, 0x4249, 0x4249, 0x4249, 0x4249, 0x424A, 0x4249, 0x4249,
  0x4249, 0x4249, 0x4249, 0x4249, 0x4249, 0x424A, 0x4249, 0x4249, 0x4249, 0x424A, 0x424A, 0x4249,
  0x4249, 0x4249, 0x4249, 0x4249, 0x4249, 0x4249, 0x4249, 0x4249, 0x4249, 0x4249, 0x4249, 0x4249,
  0x4249, 0x4249, 0x4249, 0x4249, 0x4249, 0x4249, 0x4249, 0x424A, 0x4249, 0x424A, 0x4249, 0x4249,
  0x4249, 0x4249, 0x4249, 0x424A, 0x4249, 0x4249, 0x4249, 0x4249, 0x4249, 0x4249, 0x4249, 0x4249,
  0x4249, 0x4249, 0x424A, 0x4249, 0x4249, 0x4249, 0x4249, 0x4249, 0x4249, 0x4249, 0x4249, 0x4249,
  0x4249, 0x424A, 0x4249, 0x4249, 0x424A, 0x4249, 0x4249, 0x4249, 0x424A, 0x4249, 0x4249, 0x4249,
  0x4249, 0x4249, 0x424A, 0x424A, 0x4249, 0x4249, 0x424A, 0x4249, 0x4249, 0x424A, 0x4249, 0x4249,
  0x4249, 0x4249, 0x4249, 0x4249, 0x4249, 0x4249, 0x424A, 0x424A, 0x4249, 0x4249, 0x4249, 0x4249,
  0x424A, 0x4249, 0x4249, 0x4249, 0x4249, 0x4249, 0x4249, 0x4249, 0x4249, 0x424A, 0x4249, 0x4249,
  0x4249, 0x4249, 0x4249, 0x4249, 0x4249, 0x424A, 0x4249, 0x4249, 0x4249, 0x424A, 0x4249, 0x4249,
  0x4249, 0x424A, 0x4249, 0x4249, 0x424A, 0x4249, 0x4249, 0x4249, 0x424A, 0x4249, 0x4249, 0x4249,
  0x4249, 0x4249, 0x4249, 0x424A, 0x4249, 0x4249, 0x4249, 0x4249, 0x424A, 0x4249, 0x4249, 0x4249,
  0x4249, 0x4249, 0x4249, 0x4249, 0x424A, 0x4249, 0x424A, 0x4249, 0x424A, 0x4249, 0x4249, 0x4249,
  0x4249, 0x4249, 0x4249, 0x424A, 0x4249, 0x4249, 0x424A, 0x4249, 0x4249, 0x424A, 0x4249, 0x4249,
  0x4249, 0x4249, 0x4249, 0x4249, 0x4249, 0x424A, 0x4249, 0x4249, 0x4249, 0x4249, 0x424A, 0x4249,
  0x424A, 0x424A, 0x4249, 0x4249, 0x4249, 0x4249, 0x4249, 0x424A, 0x4249, 0x4249, 0x4249, 0x424A,
  0x4249, 0x4249, 0x4249, 0x424A, 0x4249, 0x4249, 0x4249, 0x4249, 0x4249, 0x4249, 0x4249, 0x4249,
  0x424A, 0x4249, 0x4249, 0x4249, 0x4249, 0x424A, 0x4249, 0x4249, 0x424A, 0x4249, 0x4249, 0x4249,
  0x424A, 0x424A, 0x4249, 0x4249, 0x4249, 0x424A, 0x424A, 0x4249, 0x4249, 0x424A, 0x424A, 0x4249,
  0x4249, 0x4249, 0x4249, 0x424A, 0x4249, 0x4249, 0x4249, 0x4249, 0x424A, 0x4249, 0x4249, 0x4249,
  0x4249, 0x4249, 0x424A, 0x4249, 0x4249, 0x4249, 0x424A, 0x4249, 0x4249, 0x4249, 0x4249, 0x4249,
  0x4249, 0x4249, 0x4249, 0x31C6, 0x4228, 0x424D, 0x4271, 0x81ED, 0xC28A, 0xDB8D, 0xDBAD, 0xDBAD,
  0xDBAD, 0xDBAD, 0xDBAD, 0xDBAD, 0xDBAD, 0xDBAD, 0xDBAD, 0xDBAD, 0xDBAD, 0xDBAD, 0xDBAD, 0xDBAD,
  0xDBAD, 0xDBAD, 0xDBAD, 0xD34C, 0xBA07, 0x7A07, 0x4A68, 0x4A69, 0x5269, 0x5289, 0x4A68, 0x31A6,
  0x4229, 0x424A, 0x4249, 0x4249, 0x4249, 0x4249, 0x424A, 0x4249, 0x424A, 0x4249, 0x4249, 0x4249,
  0x4249, 0x424A, 0x424A, 0x4249, 0x4249, 0x4249, 0x4249, 0x4249, 0x4249, 0x4249, 0x424A, 0x4249,
  0x4249, 0x4249, 0x4249, 0x424A, 0x4249, 0x4249, 0x424A, 0x424A, 0x4249, 0x4249, 0x4249, 0x4249,
  0x424A, 0x4249, 0x4249, 0x424A, 0x4249, 0x4249, 0x4249, 0x4249, 0x424A, 0x4249, 0x424A, 0x4249,
  0x4249, 0x424A, 0x424A, 0x4249, 0x424A, 0x4249, 0x4249, 0x424A, 0x424A, 0x4249, 0x4249, 0x4249,
  0x4249, 0x4249, 0x4249, 0x4249, 0x4249, 0x4249, 0x4249, 0x424A, 0x4249, 0x424A, 0x4249, 0x4249,
  0x4249, 0x4249, 0x424A, 0x4249, 0x4249, 0x4249, 0x4249, 0x4249, 0x4249, 0x424A, 0x4249, 0x4249,
  0x4249, 0x4249, 0x424A, 0x4249, 0x4249, 0x424A, 0x4249, 0x4249, 0x424A, 0x4249, 0x4249, 0x4249,
  0x424A, 0x4249, 0x4249, 0x4249, 0x4249, 0x4249, 0x4249, 0x424A, 0x4249, 0x4249, 0x4249, 0x4249,
  0x424A, 0x4249, 0x4249, 0x4249, 0x4249, 0x4249, 0x4249, 0x4249, 0x424A, 0x4249, 0x424A, 0x4249,
  0x424A, 0x4249, 0x4249, 0x4249, 0x4249, 0x4249, 0x4249, 0x424A, 0x4249, 0x4249, 0x424A, 0x4249,
  0x4249, 0x424A, 0x4249, 0x4249, 0x4249, 0x4249, 0x4249, 0x4249, 0x4249, 0x424A, 0x4249, 0x4249,
  0x4249, 0x4249, 0x424A, 0x4249, 0x424A, 0x424A, 0x4249, 0x4249, 0x4249, 0x4249, 0x4249, 0x4249,
  0x424A, 0x4249, 0x4249, 0x4249, 0x4249, 0x4249, 0x4249, 0x4249, 0x424A, 0x4249, 0x4249, 0x4249,
  0x4249, 0x4249, 0x424A, 0x4249, 0x4249, 0x4249, 0x4249, 0x424A, 0x4249, 0x424A, 0x4249, 0x4249,
  0x4249, 0x4249, 0x4249, 0x4249, 0x4249, 0x4249, 0x4249, 0x4249, 0x4249, 0x424A, 0x4249, 0x4249,
  0x4249, 0x4249, 0x4249, 0x4249, 0x424A, 0x4249, 0x4249, 0x4249, 0x424A, 0x424A, 0x4249, 0x4249,
  0x4249, 0x424A, 0x4249, 0x4249, 0x4249, 0x4249, 0x4249, 0x4249, 0x4249, 0x4249, 0x4249, 0x424A,
  0x424A, 0x4249, 0x4249, 0x4249, 0x424A, 0x4249, 0x4249, 0x4249, 0x4249, 0x424A, 0x4249, 0x4249,
  0x4249, 0x4249, 0x4249, 0x4249, 0x4249, 0x4249, 0x424A, 0x4249, 0x4249, 0x4249, 0x424A, 0x4249,
  0x4249, 0x4249, 0x4249, 0x424A, 0x4249, 0x4249, 0x4249, 0x4249, 0x4249, 0x4249, 0x4249, 0x424A,
  0x4249, 0x4249, 0x4249, 0x424A, 0x4249, 0x4249, 0x4249, 0x4249, 0x424A, 0x4249, 0x4249, 0x4249,
  0x4249, 0x4249, 0x424A, 0x424A, 0x4249, 0x4249, 0x4249, 0x424A, 0x4249, 0x4249, 0x4249, 0x4249,
  0x424A, 0x4249, 0x4249, 0x4249, 0x4249, 0x424A, 0x4249, 0x424A, 0x4249, 0x4249, 0x424A, 0x4A69,
  0x5289, 0x4A6C, 0x5A2F, 0xB209, 0xDB8C, 0xDBAD, 0xDBAD, 0xDBAD, 0xDBAD, 0xDBAD, 0xDBAD, 0xDBAD,
  0xDBAD, 0xDBAD, 0xDBAD, 0xDBAD, 0xDBAD, 0xDBAD, 0xDBAD, 0xDBAD, 0xDBAD, 0xDBAD, 0xDBAD, 0xDBAD,
  0xCAEA, 0x9945, 0x5207, 0x4A68, 0x5269, 0x4A68, 0x49E7, 0x3985, 0x39E8, 0x4249, 0x4249, 0x4249,
  0x424A, 0x4249, 0x4249, 0x424A, 0x4249, 0x4249, 0x424A, 0x4249, 0x4249, 0x4249, 0x4249, 0x4249,
  0x424A, 0x4249, 0x4249, 0x424A, 0x4249, 0x424A, 0x4249, 0x4249, 0x4249, 0x4249, 0x4249, 0x424A,
  0x4249, 0x4249, 0x4249, 0x4249, 0x4249, 0x424A, 0x424A, 0x4249, 0x4249, 0x4249, 0x4249, 0x424A,
  0x4249, 0x4249, 0x4249, 0x4249, 0x4249, 0x4249, 0x4249, 0x4249, 0x4249, 0x4249, 0x4249, 0x4249,
  0x4249, 0x4249, 0x424A, 0x4249, 0x4249, 0x4249, 0x424A, 0x4249, 0x4249, 0x424A, 0x4249, 0x4249,
  0x4249, 0x4249, 0x4249, 0x4249, 0x424A, 0x4249, 0x4249, 0x4249, 0x4249, 0x424A, 0x4249, 0x4249,
  0x424A, 0x424A, 0x4249, 0x4249, 0x4249, 0x4249, 0x4249, 0x4249, 0x4249, 0x4249, 0x424A, 0x4249,
  0x4249, 0x4249, 0x4249, 0x4249, 0x424A, 0x4249, 0x4249, 0x4249, 0x4249, 0x4249, 0x4249, 0x4249,
  0x424A, 0x4249, 0x4249, 0x4249, 0x4249, 0x4249, 0x424A, 0x4249, 0x4249, 0x4249, 0x4249, 0x424A,
  0x4249, 0x424A, 0x4249, 0x4249, 0x4249, 0x4249, 0x4249, 0x4249, 0x4249, 0x4249, 0x4249, 0x4249,
  0x4249, 0x424A, 0x4249, 0x4249, 0x4249, 0x4249, 0x4249, 0x4249, 0x424A, 0x4249, 0x4249, 0x4249,
  0x424A, 0x424A, 0x4249, 0x4249, 0x4249, 0x424A, 0x4249, 0x4249, 0x4249, 0x4249, 0x4249, 0x4249,
  0x4249, 0x4249, 0x4249, 0x424A, 0x4249, 0x4249, 0x4249, 0x4249, 0x4249, 0x4249, 0x424A, 0x4249,
  0x4249, 0x4249, 0x424A, 0x4249, 0x424A, 0x4249, 0x4249, 0x424A, 0x4249, 0x4249, 0x4249, 0x4249,
  0x4249, 0x4249, 0x4249, 0x4249, 0x4249, 0x4249, 0x4249, 0x4249, 0x424A, 0x4249, 0x4249, 0x4249,
  0x424A, 0x4249, 0x424A, 0x424A, 0x4249, 0x4249, 0x424A, 0x4249, 0x424A, 0x4249, 0x4249, 0x4249,
  0x424A, 0x4249, 0x4249, 0x4249, 0x4249, 0x4249, 0x4249, 0x424A, 0x4249, 0x4249, 0x424A, 0x4249,
  0x424A, 0x424A, 0x4249, 0x4249, 0x4249, 0x4249, 0x4249, 0x424A, 0x4249, 0x424A, 0x4249, 0x4249,
  0x4249, 0x4249, 0x4249, 0x4249, 0x4249, 0x4249, 0x4249, 0x4249, 0x424A, 0x4249, 0x4249, 0x424A,
  0x424A, 0x4249, 0x424A, 0x424A, 0x4249, 0x4249, 0x424A, 0x4249, 0x424A, 0x4249, 0x4249, 0x4249,
  0x4249, 0x4249, 0x424A, 0x4249, 0x424A, 0x4249, 0x4249, 0x4249, 0x4249, 0x4249, 0x4249, 0x424A,
  0x4249, 0x4249, 0x4249, 0x4249, 0x424A, 0x4249, 0x424A, 0x424A, 0x4249, 0x424A, 0x4249, 0x4249,
  0x4249, 0x4249, 0x4249, 0x424A, 0x4249, 0x4249, 0x424A, 0x4249, 0x4249, 0x4249, 0x4249, 0x4249,
  0x4249, 0x4249, 0x4249, 0x4249, 0x4249, 0x4249, 0x4249, 0x5289, 0x5269, 0x5269, 0x89CA, 0xCAEA,
  0xDBAD, 0xDBAD, 0xDBAD, 0xDBAD, 0xDBAD, 0xDBAD, 0xDBAD, 0xDBAD, 0xDBAD, 0xDBAD, 0xDBAD, 0xDBAD,
  0xDBAD, 0xDBAD, 0xDBAD, 0xDBAD, 0xDBAD, 0xDBAD, 0xDBAD, 0xDBAD, 0xDB8C, 0xBA07, 0x9A07, 0x7A28,
  0x6207, 0x71E7, 0x7A07, 0x39A6, 0x3A07, 0x4249, 0x424A, 0x4249, 0x424A, 0x4249, 0x4249, 0x4249,
  0x4249, 0x4249, 0x4249, 0x424A, 0x4249, 0x4249, 0x4249, 0x4249, 0x4249, 0x4249, 0x424A, 0x4249,
  0x4249, 0x4249, 0x4249, 0x4249, 0x4249, 0x424A, 0x424A, 0x4249, 0x4249, 0x4249, 0x424A, 0x4249,
  0x4249, 0x4249, 0x4249, 0x4249, 0x4249, 0x424A, 0x4249, 0x4249, 0x4249, 0x4249, 0x424A, 0x4249,
  0x4249, 0x4249, 0x424A, 0x4249, 0x424A, 0x4249, 0x4249, 0x4249, 0x4249, 0x4249, 0x4249, 0x4249,
  0x4249, 0x4249, 0x4249, 0x424A, 0x4249, 0x4249, 0x424A, 0x4249, 0x4249, 0x424A, 0x4249, 0x4249,
  0x4249, 0x4249, 0x424A, 0x4249, 0x424A, 0x4249, 0x4249, 0x4249, 0x4249, 0x4249, 0x424A, 0x4249,
  0x4249, 0x424A, 0x424A, 0x4249, 0x424A, 0x4249, 0x424A, 0x4249, 0x4249, 0x4249, 0x4249, 0x4249,
  0x4249, 0x4249, 0x424A, 0x4249, 0x4249, 0x4249, 0x424A, 0x4249, 0x424A, 0x4249, 0x4249, 0x424A,
  0x4249, 0x4249, 0x4249, 0x4249, 0x4249, 0x4249, 0x4249, 0x4249, 0x4249, 0x4249, 0x4249, 0x4249,
  0x424A, 0x4249, 0x4249, 0x4249, 0x424A, 0x4249, 0x424A, 0x424A, 0x4249, 0x4249, 0x424A, 0x4249,
  0x424A, 0x4249, 0x4249, 0x4249, 0x424A, 0x4249, 0x4249, 0x4249, 0x4249, 0x4249, 0x4249, 0x424A,
  0x4249, 0x4249, 0x424A, 0x4249, 0x424A, 0x424A, 0x4249, 0x4249, 0x4249, 0x4249, 0x4249, 0x424A,
  0x4249, 0x424A, 0x424A, 0x4249, 0x4249, 0x4249, 0x4249, 0x424A, 0x4249, 0x4249, 0x424A, 0x4249,
  0x4249, 0x4249, 0x424A, 0x4249, 0x424A, 0x4249, 0x4249, 0x424A, 0x4249, 0x424A, 0x4249, 0x4249,
  0x424A, 0x4249, 0x4249, 0x424A, 0x424A, 0x4249, 0x4249, 0x424A, 0x4249, 0x4249, 0x4249, 0x4249,
  0x4249, 0x4249, 0x424A, 0x4249, 0x4249, 0x4249, 0x4249, 0x4249, 0x4249, 0x4249, 0x4249, 0x4249,
  0x4249, 0x4249, 0x4249, 0x4249, 0x4249, 0x4249, 0x4249, 0x4249, 0x4249, 0x4249, 0x4249, 0x4249,
  0x4249, 0x4249, 0x4249, 0x4249, 0x4249, 0x4249, 0x424A, 0x4249, 0x424A, 0x424A, 0x4249, 0x424A,
  0x4249, 0x424A, 0x4249, 0x4249, 0x4249, 0x424A, 0x4249, 0x4249, 0x4249, 0x4249, 0x4249, 0x4249,
  0x4249, 0x4249, 0x4249, 0x4249, 0x4249, 0x4249, 0x424A, 0x4249, 0x424A, 0x4249, 0x4249, 0x4249,
  0x4249, 0x4249, 0x424A, 0x4249, 0x4249, 0x4249, 0x4249, 0x4249, 0x4249, 0x4249, 0x4249, 0x4249,
  0x424A, 0x4249, 0x4249, 0x4249, 0x4249, 0x4249, 0x4249, 0x4249, 0x424A, 0x4249, 0x424A, 0x4249,
  0x4249, 0x4249, 0x424A, 0x4249, 0x424A, 0x4249, 0x424A, 0x424A, 0x4249, 0x4249, 0x424A, 0x4249,
  0x424A, 0x4249, 0x4A49, 0x5289, 0x5289, 0x5A69, 0xA9E7, 0xDB6C, 0xDBAD, 0xDBAD, 0xDBAD, 0xDBAD,
  0xDBAD, 0xDBAD, 0xDBAD, 0xDBAD, 0xDBAD, 0xDBAD, 0xDBAD, 0xDBAD, 0xDBAD, 0xDBAD, 0xDBAD, 0xDBAD,
  0xDBAD, 0xDBAD, 0xDBAD, 0xDBAD, 0xDBAD, 0xCAEA, 0xA9E7, 0xCB4B, 0xCB4B, 0xD36C, 0xCB6C, 0x7A69,
  0x4A49, 0x4249, 0x4249, 0x4249, 0x4249, 0x4249, 0x424A, 0x4249, 0x424A, 0x4249, 0x4249, 0x4249,
  0x424A, 0x4249, 0x4249, 0x424A, 0x4249, 0x4249, 0x4249, 0x4249, 0x4249, 0x4249, 0x4249, 0x4249,
  0x424A, 0x4249, 0x4249, 0x4249, 0x4249, 0x4249, 0x4249, 0x4249, 0x4249, 0x4249, 0x424A, 0x4249,
  0x4249, 0x4249, 0x424A, 0x4249, 0x424A, 0x4249, 0x4249, 0x4249, 0x424A, 0x4249, 0x424A, 0x4249,
  0x4249, 0x4249, 0x424A, 0x4249, 0x424A, 0x4249, 0x4249, 0x4249, 0x4249, 0x4249, 0x4249, 0x4249,
  0x4249, 0x4249, 0x4249, 0x4249, 0x424A, 0x4249, 0x4249, 0x424A, 0x424A, 0x4249, 0x4249, 0x4249,
  0x4249, 0x4249, 0x4249, 0x4249, 0x4249, 0x4249, 0x4249, 0x4249, 0x4249, 0x4249, 0x4249, 0x4249,
  0x4249, 0x4249, 0x4249, 0x4249, 0x4249, 0x424A, 0x424A, 0x4249, 0x4249, 0x4249, 0x4249, 0x424A,
  0x4249, 0x4249, 0x424A, 0x4249, 0x4249, 0x4249, 0x424A, 0x4249, 0x424A, 0x4249, 0x4249, 0x424A,
  0x4249, 0x424A, 0x4249, 0x4249, 0x424A, 0x4249, 0x4249, 0x424A, 0x424A, 0x4249, 0x4249, 0x424A,
  0x4249, 0x4249, 0x4249, 0x4249, 0x4249, 0x4249, 0x424A, 0x4249, 0x4249, 0x4249, 0x4249, 0x4249,
  0x4249, 0x4249, 0x4249, 0x4249, 0x4249, 0x4249, 0x4249, 0x4249, 0x4249, 0x4249, 0x4249, 0x4249,
  0x4249, 0x4249, 0x4249, 0x4249, 0x4249, 0x4249, 0x4249, 0x4249, 0x4249, 0x4249, 0x424A, 0x4249,
  0x4249, 0x4249, 0x424A, 0x4249, 0x4249, 0x4249, 0x4249, 0x4249, 0x4249, 0x4249, 0x4249, 0x4249,
  0x4249, 0x4249, 0x4249, 0x4249, 0x424A, 0x4249, 0x4249, 0x424A, 0x424A, 0x4249, 0x4249, 0x4249,
  0x4249, 0x4249, 0x4249, 0x424A, 0x4249, 0x4249, 0x4249, 0x4249, 0x4249, 0x4249, 0x4249, 0x4249,
  0x4249, 0x424A, 0x4249, 0x4249, 0x4249, 0x4249, 0x424A, 0x424A, 0x4249, 0x424A, 0x4249, 0x424A,
  0x424A, 0x4249, 0x4249, 0x4249, 0x4249, 0x4249, 0x424A, 0x4249, 0x424A, 0x4249, 0x4249, 0x4249,
  0x4249, 0x4249, 0x4249, 0x4249, 0x4249, 0x4249, 0x4249, 0x4249, 0x4249, 0x4249, 0x424A, 0x4249,
  0x4249, 0x4249, 0x4249, 0x4249, 0x4249, 0x4249, 0x4249, 0x4249, 0x4249, 0x424A, 0x4249, 0x4249,
  0x4249, 0x424A, 0x4249, 0x4249, 0x4249, 0x4249, 0x4249, 0x424A, 0x4249, 0x4249, 0x4249, 0x424A,
  0x4249, 0x4249, 0x4249, 0x424A, 0x424A, 0x4249, 0x424A, 0x4249, 0x4249, 0x4249, 0x4249, 0x4249,
  0x4249, 0x424A, 0x4249, 0x4249, 0x4249, 0x4249, 0x4249, 0x4249, 0x4249, 0x4249, 0x4249, 0x4249,
  0x4249, 0x4249, 0x4249, 0x4249, 0x4249, 0x4249, 0x4249, 0x4249, 0x4249, 0x4249, 0x4A69, 0x5269,
  0x5289, 0x6A28, 0xC268, 0xDB8D, 0xDBAD, 0xDBAD, 0xDBAD, 0xDBAD, 0xDBAD, 0xDBAD, 0xDBAD, 0xDBAD,
  0xDBAD, 0xDBAD, 0xDBAD, 0xDBAD, 0xDBAD, 0xDBAD, 0xDBAD, 0xDBAD, 0xDBAD, 0xDBAD, 0xDBAD, 0xDBAD,
  0xDBAD, 0xD34C, 0xA986, 0xBAEA, 0xDBAD, 0xDBAD, 0xDBAD, 0xC36C, 0x628A, 0x4249, 0x4249, 0x4249,
  0x424A, 0x4249, 0x4249, 0x4249, 0x4249, 0x4249, 0x4249, 0x4249, 0x424A, 0x424A, 0x4249, 0x4249,
  0x4249, 0x4249, 0x4249, 0x424A, 0x4249, 0x4249, 0x424A, 0x4249, 0x4249, 0x4249, 0x4249, 0x4249,
  0x424A, 0x4249, 0x424A, 0x424A, 0x4249, 0x4249, 0x4249, 0x424A, 0x4249, 0x4249, 0x4249, 0x4249,
  0x4249, 0x424A, 0x4249, 0x424A, 0x4249, 0x4249, 0x4249, 0x424A, 0x4249, 0x4249, 0x4249, 0x4249,
  0x424A, 0x4249, 0x424A, 0x4249, 0x424A, 0x4249, 0x424A, 0x4249, 0x4249, 0x424A, 0x4249, 0x424A,
  0x4249, 0x4249, 0x4249, 0x4249, 0x4249, 0x4249, 0x4249, 0x4249, 0x4249, 0x424A, 0x4249, 0x424A,
  0x4249, 0x424A, 0x424A, 0x4249, 0x424A, 0x4249, 0x4249, 0x424A, 0x4249, 0x4249, 0x4249, 0x424A,
  0x4249, 0x4249, 0x424A, 0x4249, 0x4249, 0x4249, 0x424A, 0x4249, 0x4249, 0x4249, 0x4249, 0x4249,
  0x4249, 0x4249, 0x4249, 0x4249, 0x4249, 0x4249, 0x4249, 0x4249, 0x424A, 0x4249, 0x4249, 0x424A,
  0x424A, 0x4249, 0x4249, 0x4249, 0x4249, 0x4249, 0x4249, 0x424A, 0x4249, 0x4249, 0x4249, 0x4249,
  0x4249, 0x4249, 0x4249, 0x4249, 0x4249, 0x424A, 0x4249, 0x4249, 0x4249, 0x4249, 0x424A, 0x424A,
  0x4249, 0x424A, 0x4249, 0x424A, 0x424A, 0x4249, 0x4249, 0x4249, 0x4249, 0x4249, 0x424A, 0x4249,
  0x424A, 0x4249, 0x4249, 0x4249, 0x4249, 0x4249, 0x4249, 0x4249, 0x4249, 0x424A, 0x4249, 0x4249,
  0x424A, 0x4249, 0x4249, 0x4249, 0x4249, 0x4249, 0x424A, 0x4249, 0x424A, 0x4249, 0x424A, 0x4249,
  0x4249, 0x4249, 0x4249, 0x4249, 0x4249, 0x4249, 0x4249, 0x4249, 0x4249, 0x4249, 0x4249, 0x4249,
  0x4249, 0x4249, 0x424A, 0x4249, 0x4249, 0x4249, 0x4249, 0x424A, 0x4249, 0x4249, 0x424A, 0x424A,
  0x4249, 0x4249, 0x4249, 0x4249, 0x4249, 0x4249, 0x424A, 0x4249, 0x4249, 0x4249, 0x424A, 0x4249,
  0x4249, 0x4249, 0x4249, 0x4249, 0x424A, 0x424A, 0x4249, 0x4249, 0x424A, 0x4249, 0x4249, 0x4249,
  0x4249, 0x424A, 0x4249, 0x4249, 0x424A, 0x4249, 0x4249, 0x424A, 0x4249, 0x424A, 0x4249, 0x424A,
  0x4249, 0x4249, 0x424A, 0x424A, 0x4249, 0x4249, 0x424A, 0x4249, 0x4249, 0x4249, 0x4249, 0x4249,
  0x424A, 0x424A, 0x4249, 0x4249, 0x4249, 0x4249, 0x4249, 0x4249, 0x424A, 0x4249, 0x4249, 0x4249,
  0x4249, 0x4249, 0x424A, 0x4249, 0x4249, 0x424A, 0x4249, 0x4249, 0x424A, 0x4249, 0x4249, 0x4249,
  0x4249, 0x4249, 0x424A, 0x4249, 0x4249, 0x424A, 0x4249, 0x4249, 0x424A, 0x4249, 0x424A, 0x4249,
  0x4249, 0x424A, 0x4249, 0x4249, 0x4249, 0x4249, 0x4A69, 0x5289, 0x5289, 0x79E7, 0xCACA, 0xDBAD,
  0xDBAD, 0xDBAD, 0xDBAD, 0xDBAD, 0xDBAD, 0xDBAD, 0xDBAD, 0xDBAD, 0xDBAD, 0xDBAD, 0xDBAD, 0xDBAD,
  0xDBAD, 0xDBAD, 0xDBAD, 0xDBAD, 0xDBAD, 0xDBAD, 0xDBAD, 0xDBAD, 0xDBAD, 0xDB8C, 0xB1E7, 0xB269,
  0xD38C, 0xDBAD, 0xDBAD, 0xDBAD, 0xA30B, 0x4A4A, 0x4249, 0x4249, 0x4249, 0x4249, 0x424A, 0x4249,
  0x4249, 0x424A, 0x4249, 0x4249, 0x4249, 0x4249, 0x4249, 0x4249, 0x4249, 0x424A, 0x4249, 0x4249,
  0x4249, 0x4249, 0x424A, 0x4249, 0x424A, 0x4249, 0x4249, 0x424A, 0x4249, 0x4249, 0x4249, 0x4249,
  0x424A, 0x4249, 0x4249, 0x4249, 0x4249, 0x424A, 0x4249, 0x4249, 0x4249, 0x424A, 0x4249, 0x4249,
  0x4249, 0x4249, 0x4249, 0x4249, 0x4249, 0x424A, 0x4249, 0x4249, 0x4249, 0x4249, 0x4249, 0x4249,
  0x4249, 0x4249, 0x4249, 0x424A, 0x4249, 0x4249, 0x4249, 0x4249, 0x4249, 0x4249, 0x424A, 0x4249,
  0x4249, 0x424A, 0x4249, 0x4249, 0x424A, 0x4249, 0x424A, 0x4249, 0x4249, 0x4249, 0x4249, 0x4249,
  0x4249, 0x4249, 0x4249, 0x4249, 0x424A, 0x4249, 0x4249, 0x4249, 0x4249, 0x4249, 0x4249, 0x4249,
  0x4249, 0x424A, 0x4249, 0x4249, 0x424A, 0x4249, 0x4249, 0x4249, 0x4249, 0x4249, 0x424A, 0x4249,
  0x424A, 0x4249, 0x424A, 0x4249, 0x4249, 0x4249, 0x4249, 0x4249, 0x4249, 0x4249, 0x4249, 0x4249,
  0x4249, 0x4249, 0x4249, 0x4249, 0x4249, 0x4249, 0x424A, 0x4249, 0x4249, 0x4249, 0x4249, 0x424A,
  0x4249, 0x4249, 0x424A, 0x424A, 0x4249, 0x4249, 0x4249, 0x4249, 0x4249, 0x4249, 0x424A, 0x4249,
  0x4249, 0x4249, 0x424A, 0x4249, 0x4249, 0x4249, 0x4249, 0x4249, 0x424A, 0x424A, 0x4249, 0x4249,
  0x424A, 0x4249, 0x4249, 0x4249, 0x424A, 0x4249, 0x4249, 0x4249, 0x4249, 0x424A, 0x4249, 0x4249,
  0x424A, 0x424A, 0x4249, 0x4249, 0x4249, 0x4249, 0x4249, 0x4249, 0x424A, 0x4249, 0x4249, 0x4249,
  0x4249, 0x424A, 0x4249, 0x424A, 0x4249, 0x4249, 0x424A, 0x4249, 0x4249, 0x424A, 0x4249, 0x424A,
  0x4249, 0x424A, 0x424A, 0x4249, 0x4249, 0x4249, 0x4249, 0x4249, 0x4249, 0x4249, 0x4249, 0x424A,
  0x4249, 0x4249, 0x4249, 0x4249, 0x4249, 0x4249, 0x424A, 0x4249, 0x4249, 0x424A, 0x4249, 0x4249,
  0x4249, 0x4249, 0x4249, 0x4249, 0x424A, 0x4249, 0x424A, 0x4249, 0x4249, 0x4249, 0x4249, 0x4249,
  0x4249, 0x4249, 0x4249, 0x4249, 0x4249, 0x4249, 0x424A, 0x4249, 0x4249, 0x4249, 0x4249, 0x4249,
  0x4249, 0x4249, 0x4249, 0x4249, 0x4249, 0x4249, 0x4249, 0x4249, 0x4249, 0x4249, 0x4249, 0x4249,
  0x4249, 0x4249, 0x424A, 0x4249, 0x4249, 0x4249, 0x4249, 0x4249, 0x4249, 0x4249, 0x4249, 0x4249,
  0x4249, 0x4249, 0x424A, 0x4249, 0x4249, 0x4249, 0x4249, 0x424A, 0x4249, 0x424A, 0x4249, 0x4249,
  0x424A, 0x4249, 0x424A, 0x4249, 0x4249, 0x4249, 0x4249, 0x4249, 0x4249, 0x4249, 0x4249, 0x424A,
  0x424A, 0x4249, 0x5269, 0x5289, 0x5269, 0x89C7, 0xD30B, 0xDBAD, 0xDBAD, 0xDBAD, 0xDBAD, 0xDBAD,
  0xDBAD, 0xDBAD, 0xDBAD, 0xDBAD, 0xDBAD, 0xDBAD, 0xDBAD, 0xDBAD, 0xDBAD, 0xDBAD, 0xDBAD, 0xDBAD,
  0xDBAD, 0xDBAD, 0xDBAD, 0xDBAD, 0xDBAD, 0xDB8D, 0xBA07, 0xAA07, 0xD36C, 0xDBAD, 0xDBAD, 0xDBAD,
  0xCB8C, 0x6A8A, 0x424A, 0x424A, 0x4249, 0x4249, 0x4249, 0x4249, 0x424A, 0x424A, 0x4249, 0x4249,
  0x4249, 0x4249, 0x4249, 0x424A, 0x4249, 0x424A, 0x4249, 0x4249, 0x4249, 0x4249, 0x4249, 0x4249,
  0x4249, 0x4249, 0x424A, 0x4249, 0x4249, 0x4249, 0x4249, 0x4249, 0x4249, 0x4249, 0x4249, 0x4249,
  0x4249, 0x424A, 0x4249, 0x4249, 0x4249, 0x424A, 0x4249, 0x4249, 0x424A, 0x4249, 0x424A, 0x4249,
  0x4249, 0x4249, 0x4249, 0x4249, 0x424A, 0x4249, 0x4249, 0x4249, 0x424A, 0x4249, 0x424A, 0x4249,
  0x4249, 0x424A, 0x4249, 0x4249, 0x4249, 0x4249, 0x424A, 0x4249, 0x4249, 0x4249, 0x424A, 0x4249,
  0x4249, 0x4249, 0x4249, 0x4249, 0x4249, 0x424A, 0x4249, 0x4249, 0x424A, 0x4249, 0x4249, 0x4249,
  0x4249, 0x424A, 0x4249, 0x4249, 0x424A, 0x4249, 0x4249, 0x4249, 0x424A, 0x4249, 0x4249, 0x4249,
  0x4249, 0x424A, 0x4249, 0x4249, 0x424A, 0x424A, 0x4249, 0x4249, 0x4249, 0x4249, 0x4249, 0x4249,
  0x424A, 0x4249, 0x4249, 0x4249, 0x4249, 0x424A, 0x4249, 0x424A, 0x4249, 0x4249, 0x424A, 0x4249,
  0x4249, 0x424A, 0x4249, 0x424A, 0x4249, 0x424A, 0x424A, 0x4249, 0x4249, 0x4249, 0x4249, 0x4249,
  0x4249, 0x4249, 0x4249, 0x424A, 0x4249, 0x4249, 0x4249, 0x4249, 0x4249, 0x4249, 0x424A, 0x4249,
  0x4249, 0x424A, 0x4249, 0x4249, 0x4249, 0x4249, 0x4249, 0x4249, 0x4249, 0x424A, 0x4249, 0x4249,
  0x4249, 0x424A, 0x4249, 0x4249, 0x4249, 0x424A, 0x4249, 0x4249, 0x424A, 0x4249, 0x4249, 0x4249,
  0x4249, 0x424A, 0x4249, 0x4249, 0x4249, 0x4249, 0x424A, 0x424A, 0x4249, 0x4249, 0x424A, 0x4249,
  0x4249, 0x424A, 0x4249, 0x424A, 0x4249, 0x4249, 0x4249, 0x4249, 0x4249, 0x4249, 0x4249, 0x4249,
  0x424A, 0x4249, 0x4249, 0x4249, 0x424A, 0x424A, 0x4249, 0x4249, 0x4249, 0x4249, 0x4249, 0x4249,
  0x4249, 0x4249, 0x4249, 0x4249, 0x424A, 0x4249, 0x4249, 0x4249, 0x4249, 0x4249, 0x424A, 0x4249,
  0x4249, 0x4249, 0x4249, 0x4249, 0x424A, 0x4249, 0x4249, 0x424A, 0x4249, 0x4249, 0x4249, 0x424A,
  0x424A, 0x4249, 0x4249, 0x4249, 0x4249, 0x4249, 0x424A, 0x4249, 0x4249, 0x4249, 0x4249, 0x4249,
  0x424A, 0x4249, 0x424A, 0x4249, 0x424A, 0x4249, 0x4249, 0x4249, 0x424A, 0x4249, 0x4249, 0x4249,
  0x4249, 0x4249, 0x424A, 0x424A, 0x4249, 0x4249, 0x424A, 0x4249, 0x4249, 0x4249, 0x4249, 0x4249,
  0x4249, 0x424A, 0x424A, 0x4249, 0x4249, 0x4249, 0x4249, 0x4249, 0x4249, 0x4249, 0x4249, 0x4249,
  0x4249, 0x424A, 0x4249, 0x4249, 0x424A, 0x4249, 0x4249, 0x424A, 0x4249, 0x4A69, 0x5289, 0x5289,
  0x5289, 0x89C6, 0xD32B, 0xDBAD, 0xDBAD, 0xDBAD, 0xDBAD, 0xDBAD, 0xDBAD, 0xDBAD, 0xDBAD, 0xDBAD,
  0xDBAD, 0xDBAD, 0xDBAD, 0xDBAD, 0xDBAD, 0xDBAD, 0xDBAD, 0xDBAD, 0xDBAD, 0xDBAD, 0xDBAD, 0xDBAD,
  0xDBAD, 0xDBAD, 0xC227, 0xA1E7, 0xCB4C, 0xDBAD, 0xDBAD, 0xDBAD, 0xDBAD, 0xA30B, 0x4249, 0x4249,
  0x4249, 0x4249, 0x4249, 0x4249, 0x4249, 0x4249, 0x4249, 0x4249, 0x424A, 0x4249, 0x424A, 0x4249,
  0x4249, 0x4249, 0x4249, 0x4249, 0x424A, 0x4249, 0x4249, 0x4249, 0x424A, 0x4249, 0x424A, 0x4249,
  0x4249, 0x424A, 0x424A, 0x4249, 0x4249, 0x4249, 0x424A, 0x4249, 0x4249, 0x4249, 0x4249, 0x424A,
  0x4249, 0x4249, 0x4249, 0x4249, 0x4249, 0x4249, 0x4249, 0x424A, 0x4249, 0x4249, 0x4249, 0x4249,
  0x424A, 0x4249, 0x424A, 0x424A, 0x4249, 0x4249, 0x4249, 0x4249, 0x4249, 0x4249, 0x424A, 0x4249,
  0x424A, 0x4249, 0x4249, 0x4249, 0x424A, 0x4249, 0x4249, 0x4249, 0x4249, 0x4249, 0x4249, 0x4249,
  0x424A, 0x4249, 0x4249, 0x4249, 0x424A, 0x4249, 0x424A, 0x424A, 0x4249, 0x4249, 0x424A, 0x4249,
  0x4249, 0x424A, 0x4249, 0x4249, 0x4249, 0x424A, 0x4249, 0x4249, 0x4249, 0x424A, 0x4249, 0x4249,
  0x424A, 0x4249, 0x4249, 0x4249, 0x4249, 0x424A, 0x4249, 0x4249, 0x4249, 0x4249, 0x424A, 0x424A,
  0x4249, 0x4249, 0x424A, 0x4249, 0x4249, 0x424A, 0x4249, 0x424A, 0x4249, 0x4249, 0x4249, 0x4249,
  0x4249, 0x4249, 0x4249, 0x4249, 0x424A, 0x4249, 0x4249, 0x4249, 0x424A, 0x424A, 0x4249, 0x4249,
  0x4249, 0x4249, 0x4249, 0x4249, 0x4249, 0x4249, 0x4249, 0x4249, 0x424A, 0x4249, 0x4249, 0x4249,
  0x4249, 0x4249, 0x424A, 0x4249, 0x4249, 0x424A, 0x4249, 0x4249, 0x4249, 0x4249, 0x4249, 0x4249,
  0x4249, 0x4249, 0x4249, 0x4249, 0x4249, 0x424A, 0x4249, 0x4249, 0x4249, 0x424A, 0x4249, 0x4249,
  0x424A, 0x4249, 0x4249, 0x4249, 0x4249, 0x4249, 0x424A, 0x4249, 0x4249, 0x4249, 0x4249, 0x4249,
  0x4249, 0x4249, 0x424A, 0x4249, 0x4249, 0x4249, 0x4249, 0x4249, 0x4249, 0x4249, 0x424A, 0x4249,
  0x4249, 0x4249, 0x424A, 0x4249, 0x4249, 0x424A, 0x4249, 0x424A, 0x424A, 0x4249, 0x4249, 0x4249,
  0x4249, 0x4249, 0x424A, 0x4249, 0x4249, 0x4249, 0x4249, 0x4249, 0x424A, 0x4249, 0x4249, 0x4249,
  0x424A, 0x4249, 0x4249, 0x424A, 0x4249, 0x4249, 0x424A, 0x4249, 0x4249, 0x4249, 0x4249, 0x424A,
  0x4249, 0x424A, 0x4249, 0x4249, 0x4249, 0x424A, 0x424A, 0x4249, 0x424A, 0x4249, 0x4249, 0x4249,
  0x4249, 0x4249, 0x424A, 0x4249, 0x4249, 0x4249, 0x424A, 0x424A, 0x4249, 0x4249, 0x4249, 0x4249,
  0x4249, 0x424A, 0x4249, 0x4249, 0x4249, 0x424A, 0x4249, 0x4249, 0x4249, 0x4249, 0x4249, 0x4249,
  0x4249, 0x4249, 0x4249, 0x4249, 0x4249, 0x4249, 0x4249, 0x4249, 0x4249, 0x4249, 0x4249, 0x4249,
  0x4249, 0x4249, 0x4249, 0x4249, 0x4249, 0x4A69, 0x5289, 0x5289, 0x5289, 0x99E7, 0xD30B, 0xDBAD,
  0xDBAD, 0xDBAD, 0xDBAD, 0xDBAD, 0xDBAD, 0xDBAD, 0xDBAD, 0xDBAD, 0xDBAD, 0xDBAD, 0xDBAD, 0xDBAD,
  0xDBAD, 0xDBAD, 0xDBAD, 0xDBAD, 0xDBAD, 0xDBAD, 0xDBAD, 0xDBAD, 0xDBAD, 0xDBAD, 0xBA27, 0xA1E6,
  0xCB2B, 0xDBAD, 0xDBAD, 0xDBAD, 0xDBAD, 0xC36C, 0x5A6A, 0x4249, 0x4249, 0x424A, 0x424A, 0x4249,
  0x4249, 0x4249, 0x4249, 0x4249, 0x4249, 0x4249, 0x4249, 0x4249, 0x4249, 0x4249, 0x424A, 0x4249,
  0x424A, 0x4249, 0x424A, 0x4249, 0x4249, 0x4249, 0x4249, 0x4249, 0x4249, 0x4249, 0x4249, 0x4249,
  0x4249, 0x424A, 0x4249, 0x424A, 0x424A, 0x4249, 0x4249, 0x4249, 0x424A, 0x4249, 0x4249, 0x4249,
  0x424A, 0x4249, 0x4249, 0x4249, 0x4249, 0x424A, 0x4249, 0x4249, 0x4249, 0x4249, 0x4249, 0x4249,
  0x4249, 0x4249, 0x424A, 0x4249, 0x424A, 0x4249, 0x4249, 0x4249, 0x4249, 0x424A, 0x4249, 0x4249,
  0x4249, 0x4249, 0x4249, 0x424A, 0x4249, 0x424A, 0x4249, 0x4249, 0x4249, 0x4249, 0x4249, 0x4249,
  0x4249, 0x4249, 0x4249, 0x4249, 0x4249, 0x4249, 0x4249, 0x4249, 0x4249, 0x424A, 0x4249, 0x4249,
  0x4249, 0x4249, 0x4249, 0x4249, 0x4249, 0x4249, 0x4249, 0x4249, 0x4249, 0x424A, 0x4249, 0x4249,
  0x4249, 0x424A, 0x4249, 0x4249, 0x424A, 0x4249, 0x4249, 0x4249, 0x4249, 0x4249, 0x424A, 0x4249,
  0x4249, 0x4249, 0x4249, 0x4249, 0x4249, 0x4249, 0x424A, 0x4249, 0x4249, 0x4249, 0x4249, 0x4249,
  0x4249, 0x4249, 0x424A, 0x4249, 0x4249, 0x4249, 0x424A, 0x4249, 0x4249, 0x424A, 0x4249, 0x424A,
  0x424A, 0x4249, 0x4249, 0x4249, 0x4249, 0x4249, 0x424A, 0x4249, 0x4249, 0x4249, 0x4249, 0x4249,
  0x4249, 0x4249, 0x424A, 0x4249, 0x4249, 0x424A, 0x424A, 0x4249, 0x4249, 0x4249, 0x4249, 0x4249,
  0x4249, 0x4249, 0x4249, 0x424A, 0x4249, 0x4249, 0x4249, 0x424A, 0x4249, 0x4249, 0x4249, 0x4249,
  0x424A, 0x4249, 0x4249, 0x4249, 0x4249, 0x424A, 0x4249, 0x4249, 0x4249, 0x424A, 0x4249, 0x4249,
  0x424A, 0x4249, 0x424A, 0x4249, 0x4249, 0x4249, 0x424A, 0x4249, 0x4249, 0x4249, 0x4249, 0x4249,
  0x4249, 0x424A, 0x4249, 0x4249, 0x4249, 0x424A, 0x4249, 0x4249, 0x4249, 0x4249, 0x4249, 0x4249,
  0x424A, 0x424A, 0x4249, 0x4249, 0x424A, 0x4249, 0x4249, 0x4249, 0x4249, 0x4249, 0x4249, 0x4249,
  0x4249, 0x4249, 0x4249, 0x4249, 0x4249, 0x4249, 0x424A, 0x4249, 0x4249, 0x4249, 0x4249, 0x424A,
  0x424A, 0x4249, 0x4249, 0x4249, 0x4249, 0x4249, 0x424A, 0x4249, 0x4249, 0x4249, 0x4249, 0x4249,
  0x4249, 0x424A, 0x4249, 0x4249, 0x4249, 0x4249, 0x424A, 0x4249, 0x4249, 0x4249, 0x4249, 0x424A,
  0x4249, 0x4249, 0x424A, 0x4249, 0x4249, 0x4249, 0x4249, 0x4249, 0x424A, 0x424A, 0x4249, 0x424A,
  0x4249, 0x424A, 0x4249, 0x424A, 0x4249, 0x4249, 0x424A, 0x4249, 0x424A, 0x424A, 0x4249, 0x4249,
  0x4249, 0x5269, 0x5289, 0x5269, 0x6AA9, 0xB269, 0xCACA, 0xDBAD, 0xDBAD, 0xDBAD, 0xDBAD, 0xDBAD,
  0xDBAD, 0xDBAD, 0xDBAD, 0xDBAD, 0xDBAD, 0xDBAD, 0xDBAD, 0xDBAD, 0xDBAD, 0xDBAD, 0xDBAD, 0xDBAD,
  0xDBAD, 0xDBAD, 0xDBAD, 0xDBAD, 0xDBAD, 0xDB8C, 0xB1E6, 0xA1E7, 0xC32B, 0xDBAD, 0xDBAD, 0xDBAD,
  0xDBAD, 0xD38D, 0x7AAA, 0x4249, 0x424A, 0x4249, 0x4249, 0x4249, 0x424A, 0x4249, 0x424A, 0x424A,
  0x4249, 0x4249, 0x4249, 0x4249, 0x4249, 0x424A, 0x4249, 0x4249, 0x4249, 0x4249, 0x4249, 0x4249,
  0x4249, 0x4249, 0x4249, 0x4249, 0x4249, 0x4249, 0x4249, 0x4249, 0x4249, 0x4249, 0x4249, 0x4249,
  0x4249, 0x4249, 0x4249, 0x4249, 0x424A, 0x4249, 0x4249, 0x4249, 0x424A, 0x4249, 0x4249, 0x4249,
  0x4249, 0x4249, 0x424A, 0x4249, 0x4249, 0x424A, 0x4249, 0x4249, 0x4249, 0x4249, 0x4249, 0x4249,
  0x4249, 0x4249, 0x4249, 0x424A, 0x4249, 0x4249, 0x4249, 0x4249, 0x4249, 0x4249, 0x4249, 0x4249,
  0x424A, 0x4249, 0x424A, 0x4249, 0x424A, 0x4249, 0x4249, 0x4249, 0x424A, 0x4249, 0x4249, 0x4249,
  0x424A, 0x4249, 0x4249, 0x4249, 0x4249, 0x4249, 0x424A, 0x4249, 0x4249, 0x424A, 0x424A, 0x4249,
  0x4249, 0x4249, 0x4249, 0x4249, 0x4249, 0x4249, 0x4249, 0x424A, 0x4249, 0x4249, 0x4249, 0x424A,
  0x4249, 0x4249, 0x4249, 0x4249, 0x424A, 0x4249, 0x4249, 0x4249, 0x4249, 0x424A, 0x4249, 0x4249,
  0x4249, 0x424A, 0x4249, 0x4249, 0x424A, 0x4249, 0x424A, 0x4249, 0x4249, 0x4249, 0x424A, 0x4249,
  0x4249, 0x4249, 0x4249, 0x4249, 0x4249, 0x424A, 0x4249, 0x4249, 0x4249, 0x424A, 0x4249, 0x4249,
  0x4249, 0x4249, 0x4249, 0x4249, 0x424A, 0x424A, 0x4249, 0x4249, 0x424A, 0x4249, 0x4249, 0x4249,
  0x4249, 0x4249, 0x4249, 0x4249, 0x424A, 0x424A, 0x4249, 0x424A, 0x424A, 0x4249, 0x4249, 0x4249,
  0x4249, 0x4249, 0x4249, 0x4249, 0x4249, 0x424A, 0x4249, 0x4249, 0x4249, 0x4249, 0x4249, 0x424A,
  0x4249, 0x424A, 0x4249, 0x4249, 0x424A, 0x4249, 0x4249, 0x4249, 0x4249, 0x4249, 0x4249, 0x424A,
  0x4249, 0x4249, 0x4249, 0x4249, 0x4249, 0x424A, 0x424A, 0x424A, 0x4249, 0x4249, 0x4249, 0x4249,
  0x4249, 0x424A, 0x4249, 0x4249, 0x424A, 0x4249, 0x4249, 0x424A, 0x4249, 0x4249, 0x4249, 0x4249,
  0x4249, 0x4249, 0x4249, 0x4249, 0x4249, 0x424A, 0x4249, 0x4249, 0x424A, 0x4249, 0x4249, 0x4249,
  0x424A, 0x4249, 0x4249, 0x4249, 0x4249, 0x4249, 0x4249, 0x4249, 0x4249, 0x4249, 0x424A, 0x4249,
  0x4249, 0x4249, 0x4249, 0x424A, 0x4249, 0x4249, 0x4249, 0x424A, 0x4249, 0x4249, 0x4249, 0x4249,
  0x4249, 0x4249, 0x424A, 0x4249, 0x4249, 0x424A, 0x4249, 0x4249, 0x4249, 0x4249, 0x4249, 0x424A,
  0x4249, 0x424A, 0x4249, 0x4249, 0x4249, 0x4249, 0x4249, 0x4249, 0x4249, 0x4249, 0x424A, 0x4249,
  0x4249, 0x4249, 0x424A, 0x4249, 0x4249, 0x4249, 0x4249, 0x4249, 0x4A69, 0x5289, 0x5289, 0x5289,
  0x8AEA, 0xC30A, 0xC268, 0xDBAD, 0xDBAD, 0xDBAD, 0xDBAD, 0xDBAD, 0xDBAD, 0xDBAD, 0xDBAD, 0xDBAD,
  0xDBAD, 0xDBAD, 0xDBAD, 0xDBAD, 0xDBAD, 0xDBAD, 0xDBAD, 0xDBAD, 0xDBAD, 0xDBAD, 0xDBAD, 0xDBAD,
  0xDBAD, 0xD36C, 0xA985, 0xA207, 0xCB2B, 0xDBAD, 0xDBAD, 0xDBAD, 0xDBAD, 0xDBAD, 0x9AEB, 0x4249,
  0x4249, 0x4249, 0x4249, 0x4249, 0x4249, 0x4249, 0x4249, 0x4249, 0x4249, 0x424A, 0x424A, 0x4249,
  0x4249, 0x4249, 0x4249, 0x424A, 0x4249, 0x424A, 0x4249, 0x4249, 0x424A, 0x4249, 0x4249, 0x4249,
  0x424A, 0x4249, 0x424A, 0x4249, 0x424A, 0x4249, 0x4249, 0x4249, 0x4249, 0x424A, 0x4249, 0x4249,
  0x4249, 0x4249, 0x4249, 0x424A, 0x4249, 0x4249, 0x424A, 0x4249, 0x424A, 0x4249, 0x4249, 0x4249,
  0x424A, 0x4249, 0x4249, 0x424A, 0x424A, 0x4249, 0x4249, 0x4249, 0x4249, 0x4249, 0x4249, 0x4249,
  0x4249, 0x424A, 0x424A, 0x4249, 0x424A, 0x4249, 0x424A, 0x4249, 0x4249, 0x4249, 0x4249, 0x4249,
  0x4249, 0x424A, 0x4249, 0x4249, 0x4249, 0x4249, 0x4249, 0x4249, 0x424A, 0x4249, 0x424A, 0x4249,
  0x424A, 0x4249, 0x4249, 0x4249, 0x4249, 0x4249, 0x4249, 0x4249, 0x424A, 0x424A, 0x4249, 0x424A,
  0x424A, 0x4249, 0x4249, 0x4249, 0x4249, 0x4249, 0x4249, 0x4249, 0x4249, 0x424A, 0x4249, 0x4249,
  0x4249, 0x4249, 0x4249, 0x424A, 0x4249, 0x424A, 0x4249, 0x4249, 0x424A, 0x4249, 0x4249, 0x4249,
  0x4249, 0x4249, 0x4249, 0x424A, 0x4249, 0x4249, 0x4249, 0x4249, 0x4249, 0x424A, 0x424A, 0x424A,
  0x4249, 0x4249, 0x4249, 0x4249, 0x4249, 0x424A, 0x4249, 0x4249, 0x424A, 0x4249, 0x4249, 0x424A,
  0x4249, 0x4249, 0x4249, 0x4249, 0x4249, 0x4249, 0x4249, 0x424A, 0x4249, 0x4249, 0x4249, 0x4249,
  0x4249, 0x4249, 0x4249, 0x4249, 0x4249, 0x4249, 0x424A, 0x4249, 0x4249, 0x424A, 0x4249, 0x4249,
  0x4249, 0x4249, 0x4249, 0x424A, 0x4249, 0x4249, 0x4249, 0x424A, 0x4249, 0x4249, 0x4249, 0x4249,
  0x4249, 0x4249, 0x4249, 0x424A, 0x424A, 0x4249, 0x4249, 0x4249, 0x4249, 0x4249, 0x4249, 0x424A,
  0x4249, 0x4249, 0x4249, 0x4249, 0x4249, 0x4249, 0x424A, 0x4249, 0x4249, 0x4249, 0x4249, 0x4249,
  0x4249, 0x424A, 0x4249, 0x4249, 0x424A, 0x4249, 0x4249, 0x424A, 0x4249, 0x424A, 0x4249, 0x4249,
  0x424A, 0x4249, 0x4249, 0x4249, 0x424A, 0x4249, 0x4249, 0x424A, 0x4249, 0x4249, 0x424A, 0x424A,
  0x4249, 0x424A, 0x4249, 0x4249, 0x4249, 0x4249, 0x4249, 0x4249, 0x4249, 0x4249, 0x424A, 0x4249,
  0x4249, 0x4249, 0x424A, 0x4249, 0x4249, 0x4249, 0x4249, 0x4249, 0x424A, 0x4249, 0x424A, 0x4249,
  0x4249, 0x4249, 0x4249, 0x4249, 0x4249, 0x4249, 0x4249, 0x4249, 0x4249, 0x4249, 0x4249, 0x424A,
  0x4249, 0x4249, 0x424A, 0x4249, 0x4249, 0x4249, 0x4249, 0x4249, 0x4249, 0x4249, 0x4249, 0x4249,
  0x4249, 0x4249, 0x4249, 0x4249, 0x4A69, 0x5289, 0x5A89, 0x6AA9, 0xAB2B, 0xD36C, 0xBA07, 0xDB8C,
  0xDBAD, 0xDBAD, 0xDBAD, 0xDBAD, 0xDBAD, 0xDBAD, 0xDBAD, 0xDBAD, 0xDBAD, 0xDBAD, 0xDBAD, 0xDBAD,
  0xDBAD, 0xDBAD, 0xDBAD, 0xDBAD, 0xDBAD, 0xDBAD, 0xDBAD, 0xDBAD, 0xDBAD, 0xCAEA, 0xA165, 0xAA28,
  0xCB6C, 0xDBAD, 0xDBAD, 0xDBAD, 0xDBAD, 0xDBAD, 0xB32C, 0x4A49, 0x424A, 0x4249, 0x4249, 0x424A,
  0x4249, 0x4249, 0x4249, 0x4249, 0x4249, 0x4249, 0x4249, 0x4249, 0x4249, 0x424A, 0x4249, 0x4249,
  0x4249, 0x4249, 0x4249, 0x4249, 0x424A, 0x424A, 0x4249, 0x424A, 0x4249, 0x4249, 0x4249, 0x424A,
  0x4249, 0x424A, 0x4249, 0x4249, 0x4249, 0x4249, 0x4249, 0x4249, 0x424A, 0x4249, 0x4249, 0x4249,
  0x4249, 0x424A, 0x4249, 0x4249, 0x4249, 0x4249, 0x424A, 0x4249, 0x4249, 0x4249, 0x4249, 0x4249,
  0x4249, 0x424A, 0x4249, 0x4249, 0x424A, 0x4249, 0x424A, 0x4249, 0x4249, 0x4249, 0x4249, 0x4249,
  0x4249, 0x4249, 0x4249, 0x4249, 0x424A, 0x4249, 0x4249, 0x4249, 0x4249, 0x4249, 0x4249, 0x424A,
  0x424A, 0x4249, 0x4249, 0x424A, 0x4249, 0x4249, 0x4249, 0x4249, 0x4249, 0x4249, 0x4249, 0x424A,
  0x4249, 0x4249, 0x4249, 0x4249, 0x4249, 0x4249, 0x4249, 0x4249, 0x4249, 0x4249, 0x424A, 0x4249,
  0x4249, 0x424A, 0x4249, 0x4249, 0x4249, 0x4249, 0x4249, 0x424A, 0x4249, 0x4249, 0x4249, 0x424A,
  0x4249, 0x4249, 0x4249, 0x4249, 0x4249, 0x4249, 0x4249, 0x424A, 0x424A, 0x4249, 0x4249, 0x4249,
  0x4249, 0x4249, 0x4249, 0x424A, 0x4249, 0x4249, 0x4249, 0x4249, 0x4249, 0x4249, 0x424A, 0x4249,
  0x4249, 0x4249, 0x4249, 0x4249, 0x4249, 0x424A, 0x4249, 0x4249, 0x424A, 0x4249, 0x4249, 0x424A,
  0x4249, 0x424A, 0x4249, 0x4249, 0x4249, 0x424A, 0x4249, 0x4249, 0x4249, 0x424A, 0x4249, 0x4249,
  0x4249, 0x4249, 0x4249, 0x4249, 0x4249, 0x424A, 0x4249, 0x424A, 0x4249, 0x4249, 0x4249, 0x4249,
  0x424A, 0x4249, 0x4249, 0x4249, 0x4249, 0x424A, 0x4249, 0x424A, 0x4249, 0x4249, 0x424A, 0x4249,
  0x4249, 0x4249, 0x4249, 0x424A, 0x4249, 0x4249, 0x4249, 0x4249, 0x4249, 0x4249, 0x4249, 0x4249,
  0x4249, 0x4249, 0x4249, 0x4249, 0x4249, 0x4249, 0x424A, 0x4249, 0x4249, 0x4249, 0x4249, 0x4249,
  0x4249, 0x4249, 0x4249, 0x4249, 0x4249, 0x4249, 0x4249, 0x424A, 0x4249, 0x4249, 0x4249, 0x4249,
  0x4249, 0x4249, 0x424A, 0x4249, 0x4249, 0x4249, 0x4249, 0x4249, 0x4249, 0x424A, 0x4249, 0x424A,
  0x4249, 0x4249, 0x424A, 0x4249, 0x4249, 0x4249, 0x4249, 0x4249, 0x4249, 0x4249, 0x4249, 0x4249,
  0x4249, 0x424A, 0x424A, 0x4249, 0x4249, 0x4249, 0x4249, 0x4249, 0x4249, 0x4249, 0x424A, 0x424A,
  0x4249, 0x4249, 0x424A, 0x4249, 0x424A, 0x4249, 0x4249, 0x4249, 0x4249, 0x4249, 0x424A, 0x4249,
  0x4249, 0x424A, 0x4249, 0x4249, 0x424A, 0x424A, 0x4249, 0x4249, 0x4249, 0x424A, 0x424A, 0x4249,
  0x5289, 0x6A89, 0x92CA, 0x9ACA, 0xB32B, 0xCB6C, 0xBA48, 0xCB0A, 0xDBAD, 0xDBAD, 0xDBAD, 0xDBAD,
  0xDBAD, 0xDBAD, 0xDBAD, 0xDBAD, 0xDBAD, 0xDBAD, 0xDBAD, 0xDBAD, 0xDBAD, 0xDBAD, 0xDBAD, 0xDBAD,
  0xDBAD, 0xDBAD, 0xDBAD, 0xDBAD, 0xDB8D, 0xBA27, 0xA1C6, 0xAA68, 0xD38C, 0xDBAD, 0xDBAD, 0xDBAD,
  0xDBAD, 0xDBAD, 0xBB4C, 0x4A69, 0x4249, 0x4249, 0x4249, 0x4249, 0x4249, 0x424A, 0x4249, 0x424A,
  0x4249, 0x4249, 0x4249, 0x4249, 0x424A, 0x4249, 0x4249, 0x4249, 0x424A, 0x4249, 0x4249, 0x4249,
  0x4249, 0x4249, 0x4249, 0x4249, 0x4249, 0x4249, 0x4249, 0x4249, 0x4249, 0x4249, 0x4249, 0x4249,
  0x424A, 0x4249, 0x424A, 0x4249, 0x4249, 0x4249, 0x4249, 0x4249, 0x4249, 0x4249, 0x4249, 0x424A,
  0x4249, 0x4249, 0x4249, 0x4249, 0x4249, 0x424A, 0x424A, 0x4249, 0x4249, 0x4249, 0x4249, 0x424A,
  0x4249, 0x4249, 0x4249, 0x424A, 0x4249, 0x4249, 0x4249, 0x424A, 0x4249, 0x424A, 0x4249, 0x4249,
  0x4249, 0x424A, 0x4249, 0x4249, 0x4249, 0x424A, 0x4249, 0x4249, 0x4249, 0x4249, 0x4249, 0x4249,
  0x4249, 0x424A, 0x4249, 0x424A, 0x4249, 0x424A, 0x4249, 0x4249, 0x4249, 0x424A, 0x4249, 0x4249,
  0x4249, 0x424A, 0x4249, 0x4249, 0x4249, 0x4249, 0x4249, 0x4249, 0x4249, 0x424A, 0x4249, 0x424A,
  0x4249, 0x4249, 0x4249, 0x4249, 0x424A, 0x4249, 0x4249, 0x4249, 0x4249, 0x424A, 0x4249, 0x424A,
  0x4249, 0x4249, 0x424A, 0x4249, 0x4249, 0x4249, 0x4249, 0x424A, 0x4249, 0x4249, 0x4249, 0x4249,
  0x4249, 0x4249, 0x4249, 0x4249, 0x4249, 0x4249, 0x4249, 0x4249, 0x4249, 0x4249, 0x424A, 0x4249,
  0x4249, 0x4249, 0x4249, 0x4249, 0x4249, 0x4249, 0x4249, 0x4249, 0x4249, 0x4249, 0x424A, 0x4249,
  0x4249, 0x4249, 0x424A, 0x4249, 0x4249, 0x4249, 0x4249, 0x4249, 0x4249, 0x424A, 0x4249, 0x4249,
  0x424A, 0x4249, 0x4249, 0x424A, 0x4249, 0x424A, 0x4249, 0x4249, 0x424A, 0x4249, 0x4249, 0x4249,
  0x4249, 0x424A, 0x4249, 0x4249, 0x4249, 0x424A, 0x4249, 0x4249, 0x4249, 0x4249, 0x4249, 0x4249,
  0x424A, 0x4249, 0x424A, 0x424A, 0x4249, 0x424A, 0x4249, 0x424A, 0x4249, 0x424A, 0x4249, 0x424A,
  0x424A, 0x4249, 0x4249, 0x424A, 0x4249, 0x4249, 0x4249, 0x4249, 0x424A, 0x4249, 0x424A, 0x4249,
  0x4249, 0x424A, 0x4249, 0x424A, 0x4249, 0x4249, 0x424A, 0x4249, 0x4249, 0x4249, 0x4249, 0x4249,
  0x4249, 0x4249, 0x4249, 0x4249, 0x4249, 0x4249, 0x4249, 0x4249, 0x4249, 0x4249, 0x424A, 0x4249,
  0x424A, 0x4249, 0x4249, 0x4249, 0x4249, 0x424A, 0x4249, 0x4249, 0x4249, 0x4249, 0x424A, 0x4249,
  0x4249, 0x424A, 0x4249, 0x4249, 0x424A, 0x4249, 0x4249, 0x424A, 0x4249, 0x4249, 0x4249, 0x424A,
  0x4249, 0x4249, 0x424A, 0x4249, 0x4249, 0x4249, 0x424A, 0x4249, 0x424A, 0x4249, 0x4249, 0x4249,
  0x4249, 0x4249, 0x4249, 0x4249, 0x424A, 0x4249, 0x424A, 0x4249, 0x6289, 0x7A89, 0x5A48, 0x5268,
  0x5269, 0x82A9, 0xBAEA, 0xBA07, 0xDB8C, 0xDBAD, 0xDBAD, 0xDBAD, 0xDBAD, 0xDBAD, 0xDBAD, 0xDBAD,
  0xDBAD, 0xDBAD, 0xDBAD, 0xDBAD, 0xDBAD, 0xDBAD, 0xDBAD, 0xDBAD, 0xDBAD, 0xDBAD, 0xDBAD, 0xDBAD,
  0xD30B, 0xA165, 0xA207, 0xBACA, 0xDBAD, 0xDBAD, 0xDBAD, 0xDBAD, 0xDBAD, 0xDBAD, 0xC36C, 0x524A,
  0x424A, 0x4249, 0x424A, 0x4249, 0x4249, 0x4249, 0x4249, 0x4249, 0x424A, 0x4249, 0x4249, 0x424A,
  0x4249, 0x4249, 0x4249, 0x4249, 0x4249, 0x4249, 0x4249, 0x424A, 0x4249, 0x4249, 0x4249, 0x4249,
  0x424A, 0x4249, 0x4249, 0x424A, 0x4249, 0x4249, 0x424A, 0x4249, 0x4249, 0x4249, 0x4249, 0x4249,
  0x424A, 0x4249, 0x424A, 0x424A, 0x4249, 0x4249, 0x4249, 0x4249, 0x4249, 0x424A, 0x4249, 0x4249,
  0x4249, 0x4249, 0x4249, 0x4249, 0x4249, 0x424A, 0x4249, 0x4249, 0x4249, 0x424A, 0x4249, 0x4249,
  0x4249, 0x4249, 0x4249, 0x4249, 0x4249, 0x424A, 0x4249, 0x4249, 0x4249, 0x4249, 0x424A, 0x424A,
  0x4249, 0x4249, 0x4249, 0x424A, 0x4249, 0x4249, 0x424A, 0x424A, 0x4249, 0x4249, 0x4249, 0x4249,
  0x4249, 0x4249, 0x424A, 0x4249, 0x4249, 0x4249, 0x424A, 0x4249, 0x4249, 0x4249, 0x4249, 0x4249,
  0x4249, 0x424A, 0x4249, 0x4249, 0x424A, 0x4249, 0x4249, 0x424A, 0x4249, 0x424A, 0x4249, 0x4249,
  0x424A, 0x4249, 0x4249, 0x4249, 0x4249, 0x424A, 0x4249, 0x4249, 0x4249, 0x424A, 0x4249, 0x4249,
  0x4249, 0x4249, 0x4249, 0x4249, 0x424A, 0x4249, 0x424A, 0x424A, 0x4249, 0x424A, 0x4249, 0x424A,
  0x4249, 0x424A, 0x4249, 0x424A, 0x424A, 0x4249, 0x4249, 0x424A, 0x4249, 0x4249, 0x4249, 0x4249,
  0x424A, 0x4249, 0x424A, 0x4249, 0x4249, 0x4249, 0x424A, 0x4249, 0x4249, 0x4249, 0x424A, 0x4249,
  0x4249, 0x424A, 0x4249, 0x424A, 0x424A, 0x4249, 0x4249, 0x4249, 0x4249, 0x4249, 0x4249, 0x4249,
  0x4249, 0x4249, 0x4249, 0x4249, 0x4249, 0x424A, 0x4249, 0x424A, 0x4249, 0x4249, 0x4249, 0x4249,
  0x4249, 0x4249, 0x4249, 0x4249, 0x424A, 0x4249, 0x4249, 0x4249, 0x4249, 0x4249, 0x4249, 0x4249,
  0x4249, 0x4249, 0x424A, 0x4249, 0x4249, 0x4249, 0x4249, 0x4249, 0x424A, 0x4249, 0x4249, 0x4249,
  0x4249, 0x424A, 0x4249, 0x4249, 0x4249, 0x4249, 0x4249, 0x424A, 0x4249, 0x4249, 0x4249, 0x4249,
  0x4249, 0x4249, 0x424A, 0x4249, 0x424A, 0x424A, 0x4249, 0x4249, 0x4249, 0x424A, 0x4249, 0x424A,
  0x4249, 0x4249, 0x4249, 0x424A, 0x4249, 0x4249, 0x4249, 0x4249, 0x4249, 0x4249, 0x424A, 0x424A,
  0x4249, 0x4249, 0x424A, 0x4249, 0x4249, 0x4249, 0x4249, 0x4249, 0x4249, 0x424A, 0x4249, 0x4249,
  0x4249, 0x4249, 0x4249, 0x4249, 0x4249, 0x424A, 0x4249, 0x4249, 0x4249, 0x4249, 0x4249, 0x4249,
  0x424A, 0x4249, 0x4249, 0x4249, 0x4249, 0x4249, 0x4249, 0x4249, 0x4249, 0x424A, 0x4249, 0x4249,
  0x4249, 0x4249, 0x4249, 0x4A69, 0x6A69, 0x5248, 0x4A68, 0x4A48, 0x4A68, 0x5269, 0x92A9, 0xB248,
  0xCACA, 0xDBAD, 0xDBAD, 0xDBAD, 0xDBAD, 0xDBAD, 0xDBAD, 0xDBAD, 0xDBAD, 0xDBAD, 0xDBAD, 0xDBAD,
  0xDBAD, 0xDBAD, 0xDBAD, 0xDBAD, 0xDBAD, 0xDBAD, 0xDBAD, 0xDB6C, 0xB1E6, 0xA1C6, 0xAA28, 0xCB4B,
  0xDBAD, 0xDBAD, 0xDBAD, 0xDBAD, 0xDBAD, 0xDBAD, 0xC36C, 0x524A, 0x4249, 0x4249, 0x4249, 0x4249,
  0x424A, 0x4249, 0x424A, 0x4249, 0x4249, 0x4249, 0x424A, 0x4249, 0x4249, 0x4249, 0x4249, 0x424A,
  0x4249, 0x4249, 0x424A, 0x4249, 0x4249, 0x4249, 0x424A, 0x4249, 0x4249, 0x4249, 0x4249, 0x4249,
  0x4249, 0x4249, 0x424A, 0x4249, 0x4249, 0x4249, 0x4249, 0x424A, 0x4249, 0x4249, 0x4249, 0x4249,
  0x4249, 0x424A, 0x424A, 0x4249, 0x4249, 0x424A, 0x4249, 0x4249, 0x424A, 0x424A, 0x4249, 0x4249,
  0x4249, 0x4249, 0x4249, 0x4249, 0x4249, 0x4249, 0x4249, 0x424A, 0x4249, 0x424A, 0x4249, 0x4249,
  0x4249, 0x4249, 0x4249, 0x4249, 0x4249, 0x4249, 0x4249, 0x4249, 0x4249, 0x4249, 0x4249, 0x4249,
  0x4249, 0x424A, 0x4249, 0x4249, 0x4249, 0x4249, 0x424A, 0x4249, 0x4249, 0x4249, 0x424A, 0x4249,
  0x4249, 0x4249, 0x424A, 0x4249, 0x4249, 0x424A, 0x4249, 0x424A, 0x424A, 0x4249, 0x4249, 0x4249,
  0x4249, 0x4249, 0x4249, 0x4249, 0x4249, 0x4249, 0x4249, 0x4249, 0x4249, 0x424A, 0x4249, 0x424A,
  0x4249, 0x4249, 0x4249, 0x4249, 0x4249, 0x4249, 0x4249, 0x4249, 0x424A, 0x4249, 0x4249, 0x4249,
  0x4249, 0x4249, 0x4249, 0x4249, 0x4249, 0x4249, 0x424A, 0x4249, 0x4249, 0x4249, 0x4249, 0x4249,
  0x424A, 0x4249, 0x4249, 0x4249, 0x4249, 0x424A, 0x4249, 0x4249, 0x4249, 0x4249, 0x4249, 0x424A,
  0x424A, 0x4249, 0x4249, 0x4249, 0x4249, 0x424A, 0x4249, 0x4249, 0x4249, 0x424A, 0x4249, 0x4249,
  0x4249, 0x424A, 0x4249, 0x4249, 0x4249, 0x4249, 0x4249, 0x424A, 0x424A, 0x4249, 0x4249, 0x424A,
  0x4249, 0x4249, 0x4249, 0x4249, 0x4249, 0x4249, 0x4249, 0x424A, 0x4249, 0x4249, 0x4249, 0x4249,
  0x4249, 0x4249, 0x424A, 0x4249, 0x4249, 0x4249, 0x4249, 0x4249, 0x4249, 0x4249, 0x4249, 0x4249,
  0x4249, 0x424A, 0x4249, 0x4249, 0x4249, 0x4249, 0x4249, 0x4249, 0x424A, 0x4249, 0x424A, 0x4249,
  0x4249, 0x4249, 0x4249, 0x424A, 0x4249, 0x4249, 0x4249, 0x424A, 0x4249, 0x4249, 0x4249, 0x4249,
  0x4249, 0x4249, 0x4249, 0x4249, 0x4249, 0x424A, 0x4249, 0x424A, 0x4249, 0x4249, 0x4249, 0x4249,
  0x4249, 0x4249, 0x4249, 0x4249, 0x4249, 0x4249, 0x4249, 0x4249, 0x4249, 0x424A, 0x4249, 0x424A,
  0x4249, 0x424A, 0x4249, 0x4249, 0x4249, 0x424A, 0x4249, 0x4249, 0x424A, 0x4249, 0x4249, 0x4249,
  0x4249, 0x4249, 0x4249, 0x4249, 0x424A, 0x4249, 0x424A, 0x4249, 0x4249, 0x4249, 0x4249, 0x424A,
  0x4249, 0x424A, 0x4249, 0x424A, 0x424A, 0x4249, 0x4249, 0x4249, 0x424A, 0x4249, 0x4249, 0x4A49,
  0x5A28, 0x4A68, 0x4A48, 0x5269, 0x5269, 0x4A68, 0x6A48, 0xC32B, 0xB207, 0xD30B, 0xDBAD, 0xDBAD,
  0xDBAD, 0xDBAD, 0xDBAD, 0xDBAD, 0xDBAD, 0xDBAD, 0xDBAD, 0xDBAD, 0xDBAD, 0xDBAD, 0xDBAD, 0xDBAD,
  0xDBAD, 0xDBAD, 0xDB8C, 0xC268, 0xA185, 0xA207, 0xB2A9, 0xDB8D, 0xDBAD, 0xDBAD, 0xDBAD, 0xDBAD,
  0xDBAD, 0xDBAD, 0xBB4C, 0x526A, 0x4249, 0x4249, 0x4249, 0x4249, 0x4249, 0x4249, 0x4249, 0x4249,
  0x424A, 0x4249, 0x424A, 0x4249, 0x4249, 0x4249, 0x424A, 0x4249, 0x4249, 0x4249, 0x4249, 0x4249,
  0x4249, 0x424A, 0x4249, 0x4249, 0x424A, 0x4249, 0x424A, 0x4249, 0x4249, 0x424A, 0x4249, 0x4249,
  0x4249, 0x4249, 0x424A, 0x4249, 0x4249, 0x4249, 0x4249, 0x4249, 0x4249, 0x4249, 0x4249, 0x4249,
  0x4249, 0x4249, 0x4249, 0x424A, 0x4249, 0x4249, 0x4249, 0x4249, 0x424A, 0x4249, 0x4249, 0x424A,
  0x4249, 0x4249, 0x4249, 0x4249, 0x4249, 0x4249, 0x4249, 0x4249, 0x4249, 0x424A, 0x424A, 0x4249,
  0x424A, 0x4249, 0x4249, 0x424A, 0x4249, 0x4249, 0x424A, 0x4249, 0x4249, 0x4249, 0x4249, 0x4249,
  0x4249, 0x424A, 0x4249, 0x4249, 0x424A, 0x4249, 0x4249, 0x4249, 0x4249, 0x424A, 0x4249, 0x4249,
  0x4249, 0x424A, 0x4249, 0x4249, 0x4249, 0x424A, 0x4249, 0x4249, 0x4249, 0x4249, 0x4249, 0x424A,
  0x424A, 0x4249, 0x4249, 0x424A, 0x4249, 0x4249, 0x4249, 0x4249, 0x4249, 0x4249, 0x4249, 0x424A,
  0x4249, 0x4249, 0x4249, 0x4249, 0x4249, 0x4249, 0x424A, 0x4249, 0x4249, 0x4249, 0x4249, 0x4249,
  0x4249, 0x4249, 0x4249, 0x4249, 0x4249, 0x424A, 0x4249, 0x4249, 0x4249, 0x4249, 0x4249, 0x4249,
  0x424A, 0x4249, 0x424A, 0x4249, 0x4249, 0x4249, 0x4249, 0x424A, 0x4249, 0x4249, 0x424A, 0x4249,
  0x4249, 0x4249, 0x424A, 0x4249, 0x4249, 0x4249, 0x4249, 0x4249, 0x4249, 0x4249, 0x4249, 0x4249,
  0x424A, 0x4249, 0x4249, 0x4249, 0x4249, 0x4249, 0x424A, 0x4249, 0x4249, 0x4249, 0x424A, 0x4249,
  0x424A, 0x424A, 0x4249, 0x424A, 0x4249, 0x424A, 0x4249, 0x4249, 0x424A, 0x4249, 0x4249, 0x424A,
  0x4249, 0x4249, 0x424A, 0x4249, 0x424A, 0x4249, 0x4249, 0x4249, 0x4249, 0x4249, 0x4249, 0x4249,
  0x4249, 0x424A, 0x4249, 0x4249, 0x4249, 0x4249, 0x4249, 0x4249, 0x4249, 0x424A, 0x4249, 0x4249,
  0x4249, 0x424A, 0x4249, 0x4249, 0x4249, 0x4249, 0x4249, 0x4249, 0x4249, 0x424A, 0x4249, 0x4249,
  0x4249, 0x4249, 0x4249, 0x4249, 0x4249, 0x424A, 0x4249, 0x424A, 0x4249, 0x4249, 0x424A, 0x424A,
  0x4249, 0x4249, 0x4249, 0x4249, 0x4249, 0x4249, 0x4249, 0x4249, 0x424A, 0x4249, 0x4249, 0x4249,
  0x4249, 0x4249, 0x4249, 0x4249, 0x4249, 0x424A, 0x4249, 0x4249, 0x424A, 0x4249, 0x424A, 0x4249,
  0x4249, 0x4249, 0x4249, 0x4249, 0x424A, 0x4249, 0x4249, 0x424A, 0x4249, 0x4249, 0x4249, 0x4249,
  0x4249, 0x4249, 0x4249, 0x4249, 0x424A, 0x4249, 0x4249, 0x4A4A, 0x5228, 0x4A48, 0x4A68, 0x5289,
  0x5269, 0x5269, 0x6A07, 0xD36C, 0xC30B, 0xB1C6, 0xCB0B, 0xDBAD, 0xDBAD, 0xDBAD, 0xDBAD, 0xDBAD,
  0xDBAD, 0xDBAD, 0xDBAD, 0xDBAD, 0xDBAD, 0xDBAD, 0xDBAD, 0xDBAD, 0xDBAD, 0xDB8C, 0xC268, 0xA185,
  0xA207, 0xAA48, 0xD36C, 0xDBAD, 0xDBAD, 0xDBAD, 0xDBAD, 0xDBAD, 0xDBAD, 0xDBAD, 0xB32C, 0x4A49,
  0x424A, 0x424A, 0x4249, 0x4249, 0x424A, 0x4249, 0x4249, 0x424A, 0x4249, 0x4249, 0x4249, 0x4249,
  0x4249, 0x4249, 0x424A, 0x4249, 0x4249, 0x4249, 0x4249, 0x424A, 0x4249, 0x4249, 0x4249, 0x4249,
  0x4249, 0x4249, 0x4249, 0x4249, 0x4249, 0x4249, 0x4249, 0x4249, 0x424A, 0x4249, 0x4249, 0x4249,
  0x4249, 0x424A, 0x4249, 0x424A, 0x4249, 0x4249, 0x4249, 0x4249, 0x424A, 0x4249, 0x4249, 0x4249,
  0x4249, 0x4249, 0x4249, 0x424A, 0x4249, 0x4249, 0x424A, 0x4249, 0x424A, 0x424A, 0x4249, 0x4249,
  0x4249, 0x424A, 0x424A, 0x4249, 0x4249, 0x4249, 0x4249, 0x424A, 0x4249, 0x4249, 0x4249, 0x424A,
  0x4249, 0x4249, 0x4249, 0x4249, 0x4249, 0x424A, 0x4249, 0x4249, 0x4249, 0x424A, 0x4249, 0x4249,
  0x4249, 0x4249, 0x424A, 0x4249, 0x4249, 0x4249, 0x424A, 0x4249, 0x4249, 0x4249, 0x4249, 0x4249,
  0x4249, 0x4249, 0x4249, 0x4249, 0x424A, 0x4249, 0x4249, 0x4249, 0x4249, 0x4249, 0x424A, 0x4249,
  0x4249, 0x4249, 0x424A, 0x4249, 0x424A, 0x424A, 0x4249, 0x424A, 0x4249, 0x424A, 0x4249, 0x4249,
  0x424A, 0x4249, 0x4249, 0x424A, 0x4249, 0x4249, 0x424A, 0x4249, 0x424A, 0x4249, 0x4249, 0x4249,
  0x4249, 0x4249, 0x4249, 0x4249, 0x4249, 0x424A, 0x4249, 0x4249, 0x4249, 0x4249, 0x4249, 0x4249,
  0x4249, 0x424A, 0x4249, 0x4249, 0x4249, 0x4249, 0x424A, 0x4249, 0x4249, 0x4249, 0x4249, 0x4249,
  0x4249, 0x4249, 0x4249, 0x4249, 0x4249, 0x4249, 0x424A, 0x4249, 0x424A, 0x4249, 0x4249, 0x4249,
  0x424A, 0x4249, 0x4249, 0x4249, 0x4249, 0x4249, 0x4249, 0x4249, 0x4249, 0x4249, 0x4249, 0x4249,
  0x4249, 0x4249, 0x424A, 0x424A, 0x4249, 0x4249, 0x4249, 0x4249, 0x4249, 0x424A, 0x4249, 0x4249,
  0x4249, 0x424A, 0x4249, 0x4249, 0x4249, 0x424A, 0x4249, 0x424A, 0x4249, 0x4249, 0x4249, 0x4249,
  0x424A, 0x4249, 0x4249, 0x4249, 0x424A, 0x424A, 0x4249, 0x4249, 0x4249, 0x4249, 0x4249, 0x4249,
  0x424A, 0x4249, 0x4249, 0x424A, 0x4249, 0x4249, 0x424A, 0x4249, 0x424A, 0x4249, 0x424A, 0x4249,
  0x4249, 0x4249, 0x4249, 0x4249, 0x424A, 0x4249, 0x4249, 0x4249, 0x4249, 0x4249, 0x4249, 0x424A,
  0x424A, 0x4249, 0x4249, 0x4249, 0x4249, 0x4249, 0x4249, 0x424A, 0x4249, 0x4249, 0x424A, 0x4249,
  0x4249, 0x4249, 0x4249, 0x4249, 0x4249, 0x4249, 0x4249, 0x4249, 0x4249, 0x4249, 0x4249, 0x424A,
  0x4249, 0x4249, 0x4249, 0x4249, 0x4249, 0x424A, 0x4249, 0x4249, 0x4249, 0x424A, 0x4249, 0x424A,
  0x4249, 0x4249, 0x4249, 0x4249, 0x4208, 0x41E7, 0x4A68, 0x5289, 0x5269, 0x5228, 0x9248, 0xD38C,
  0xDB8C, 0xC2EA, 0xA9A5, 0xC2A9, 0xDB8C, 0xDBAD, 0xDBAD, 0xDBAD, 0xDBAD, 0xDBAD, 0xDBAD, 0xDBAD,
  0xDBAD, 0xDBAD, 0xDBAD, 0xDBAD, 0xD34B, 0xBA48, 0xA248, 0xA227, 0xAA28, 0xC30B, 0xDBAD, 0xDBAD,
  0xDBAD, 0xDBAD, 0xDBAD, 0xDBAD, 0xDBAD, 0xDBAD, 0xA30B, 0x4249, 0x4249, 0x4249, 0x4249, 0x424A,
  0x4249, 0x4249, 0x4249, 0x4249, 0x4249, 0x4249, 0x424A, 0x4249, 0x424A, 0x424A, 0x4249, 0x4249,
  0x424A, 0x4249, 0x424A, 0x4249, 0x4249, 0x424A, 0x4249, 0x4249, 0x424A, 0x4249, 0x4249, 0x4249,
  0x424A, 0x4249, 0x4249, 0x4249, 0x424A, 0x4249, 0x4249, 0x4249, 0x424A, 0x4249, 0x4249, 0x4249,
  0x424A, 0x424A, 0x4249, 0x424A, 0x4249, 0x4249, 0x4249, 0x424A, 0x4249, 0x4249, 0x4249, 0x4249,
  0x4249, 0x4249, 0x4249, 0x4249, 0x4249, 0x4249, 0x4249, 0x424A, 0x4249, 0x4249, 0x4249, 0x424A,
  0x4249, 0x4249, 0x4249, 0x4249, 0x4249, 0x4249, 0x4249, 0x4249, 0x4249, 0x4249, 0x4249, 0x4249,
  0x424A, 0x4249, 0x424A, 0x4249, 0x4249, 0x4249, 0x4249, 0x4249, 0x4249, 0x4249, 0x424A, 0x4249,
  0x4249, 0x4249, 0x4249, 0x4249, 0x4249, 0x4249, 0x4249, 0x4249, 0x4249, 0x4249, 0x424A, 0x4249,
  0x424A, 0x4249, 0x4249, 0x4249, 0x424A, 0x4249, 0x4249, 0x4249, 0x4249, 0x4249, 0x4249, 0x4249,
  0x4249, 0x4249, 0x4249, 0x4249, 0x4249, 0x4249, 0x424A, 0x424A, 0x4249, 0x4249, 0x4249, 0x4249,
  0x4249, 0x424A, 0x4249, 0x4249, 0x4249, 0x424A, 0x4249, 0x4249, 0x4249, 0x424A, 0x4249, 0x424A,
  0x4249, 0x4249, 0x4249, 0x4249, 0x424A, 0x4249, 0x4249, 0x4249, 0x424A, 0x424A, 0x4249, 0x4249,
  0x424A, 0x4249, 0x4249, 0x4249, 0x4249, 0x424A, 0x4249, 0x4249, 0x424A, 0x4249, 0x424A, 0x4249,
  0x4249, 0x424A, 0x4249, 0x4249, 0x4249, 0x4249, 0x4249, 0x424A, 0x4249, 0x4249, 0x4249, 0x424A,
  0x424A, 0x4249, 0x4249, 0x4249, 0x424A, 0x4249, 0x4249, 0x4249, 0x424A, 0x4249, 0x4249, 0x4249,
  0x4249, 0x4249, 0x424A, 0x4249, 0x4249, 0x4249, 0x4249, 0x4249, 0x4249, 0x4249, 0x4249, 0x4249,
  0x4249, 0x424A, 0x4249, 0x4249, 0x424A, 0x4249, 0x4249, 0x4249, 0x424A, 0x4249, 0x424A, 0x4249,
  0x4249, 0x4249, 0x4249, 0x4249, 0x4249, 0x4249, 0x424A, 0x4249, 0x424A, 0x4249, 0x4249, 0x4249,
  0x4249, 0x4249, 0x4249, 0x4249, 0x4249, 0x4249, 0x4249, 0x4249, 0x424A, 0x4249, 0x4249, 0x4249,
  0x424A, 0x4249, 0x4249, 0x4249, 0x4249, 0x424A, 0x4249, 0x424A, 0x4249, 0x4249, 0x4249, 0x4249,
  0x4249, 0x424A, 0x4249, 0x424A, 0x4249, 0x4249, 0x4249, 0x4249, 0x4249, 0x4249, 0x424A, 0x424A,
  0x4249, 0x4249, 0x4249, 0x424A, 0x4249, 0x4249, 0x4249, 0x4249, 0x4249, 0x4249, 0x424A, 0x4249,
  0x4249, 0x4249, 0x424A, 0x4249, 0x424A, 0x4249, 0x4249, 0x4249, 0x4249, 0x4249, 0x4249, 0x4249,
  0x4249, 0x39E8, 0x39A6, 0x41E7, 0x51E6, 0x8A28, 0xCB4B, 0xDBAD, 0xDBAD, 0xDB8D, 0xBAEA, 0xA1A5,
  0xB1E6, 0xCAEA, 0xD36C, 0xDBAD, 0xDBAD, 0xDBAD, 0xDBAD, 0xDBAD, 0xDBAD, 0xDB8C, 0xD34B, 0xC289,
  0xAA89, 0x9B6D, 0xA2AA, 0xAA28, 0xC30B, 0xDB8D, 0xDBAD, 0xDBAD, 0xDBAD, 0xDBAD, 0xDBAD, 0xDBAD,
  0xDBAD, 0xD3AD, 0x82AB, 0x4249, 0x4249, 0x4249, 0x4249, 0x4249, 0x4249, 0x4249, 0x4249, 0x4249,
  0x424A, 0x4249, 0x4249, 0x4249, 0x4249, 0x4249, 0x4249, 0x4249, 0x4249, 0x4249, 0x4249, 0x4249,
  0x4249, 0x4249, 0x4249, 0x424A, 0x4249, 0x4249, 0x424A, 0x4249, 0x424A, 0x4249, 0x4249, 0x4249,
  0x4249, 0x424A, 0x4249, 0x4249, 0x4249, 0x4249, 0x4249, 0x4249, 0x4249, 0x4249, 0x4249, 0x4249,
  0x4249, 0x424A, 0x4249, 0x4249, 0x4249, 0x4249, 0x424A, 0x4249, 0x4249, 0x4249, 0x4249, 0x4249,
  0x4249, 0x4249, 0x4249, 0x4249, 0x4249, 0x4249, 0x4249, 0x424A, 0x4249, 0x4249, 0x4249, 0x424A,
  0x4249, 0x4249, 0x424A, 0x424A, 0x4249, 0x4249, 0x424A, 0x424A, 0x4249, 0x4249, 0x4249, 0x4249,
  0x4249, 0x424A, 0x4249, 0x4249, 0x424A, 0x4249, 0x4249, 0x4249, 0x4249, 0x424A, 0x4249, 0x4249,
  0x424A, 0x4249, 0x424A, 0x4249, 0x4249, 0x424A, 0x4249, 0x4249, 0x4249, 0x4249, 0x4249, 0x424A,
  0x4249, 0x4249, 0x4249, 0x424A, 0x424A, 0x4249, 0x4249, 0x4249, 0x424A, 0x4249, 0x4249, 0x4249,
  0x424A, 0x4249, 0x4249, 0x4249, 0x4249, 0x4249, 0x424A, 0x4249, 0x4249, 0x4249, 0x4249, 0x4249,
  0x4249, 0x4249, 0x4249, 0x4249, 0x4249, 0x424A, 0x4249, 0x4249, 0x424A, 0x4249, 0x4249, 0x4249,
  0x424A, 0x4249, 0x424A, 0x4249, 0x4249, 0x4249, 0x4249, 0x4249, 0x4249, 0x4249, 0x4249, 0x4249,
  0x424A, 0x4249, 0x4249, 0x4249, 0x4249, 0x4249, 0x424A, 0x4249, 0x424A, 0x4249, 0x4249, 0x4249,
  0x4249, 0x424A, 0x4249, 0x424A, 0x4249, 0x4249, 0x4249, 0x4249, 0x4249, 0x4249, 0x4249, 0x424A,
  0x4249, 0x4249, 0x424A, 0x4249, 0x4249, 0x4249, 0x4249, 0x4249, 0x4249, 0x424A, 0x4249, 0x424A,
  0x4249, 0x4249, 0x4249, 0x424A, 0x4249, 0x4249, 0x424A, 0x424A, 0x4249, 0x4249, 0x4249, 0x4249,
  0x4249, 0x4249, 0x424A, 0x4249, 0x4249, 0x4249, 0x424A, 0x4249, 0x4249, 0x4249, 0x4249, 0x424A,
  0x4249, 0x4249, 0x4249, 0x4249, 0x4249, 0x4249, 0x424A, 0x4249, 0x4249, 0x424A, 0x4249, 0x4249,
  0x4249, 0x4249, 0x424A, 0x4249, 0x4249, 0x4249, 0x4249, 0x424A, 0x4249, 0x4249, 0x424A, 0x424A,
  0x4249, 0x4249, 0x4249, 0x4249, 0x4249, 0x4249, 0x424A, 0x424A, 0x4249, 0x4249, 0x4249, 0x4249,
  0x4249, 0x4249, 0x4249, 0x4249, 0x424A, 0x4249, 0x4249, 0x4249, 0x4249, 0x4249, 0x4249, 0x4249,
  0x4249, 0x424A, 0x424A, 0x4249, 0x4249, 0x4249, 0x4249, 0x424A, 0x4249, 0x4249, 0x4249, 0x4249,
  0x4249, 0x424A, 0x4249, 0x4249, 0x4249, 0x424A, 0x424A, 0x4249, 0x4249, 0x4249, 0x4207, 0x41A6,
  0x49A6, 0xBB0B, 0xDBAD, 0xDBAD, 0xDBAD, 0xDBAD, 0xDBAD, 0xC32B, 0xAA27, 0xA165, 0xA9A5, 0xBA27,
  0xC2A9, 0xCAEA, 0xCAEA, 0xCACA, 0xC268, 0xB207, 0xA2AA, 0x9B6D, 0xA3AE, 0xA2AA, 0xAA68, 0xC32B,
  0xDBAD, 0xDBAD, 0xDBAD, 0xDBAD, 0xDBAD, 0xDBAD, 0xDBAD, 0xDBAD, 0xDBAD, 0xCB6C, 0x626A, 0x4249,
  0x4249, 0x4249, 0x4249, 0x4249, 0x4249, 0x424A, 0x424A, 0x4249, 0x4249, 0x4249, 0x424A, 0x4249,
  0x4249, 0x4249, 0x4249, 0x4249, 0x424A, 0x4249, 0x4249, 0x424A, 0x4249, 0x4249, 0x4249, 0x4249,
  0x4249, 0x424A, 0x4249, 0x4249, 0x4249, 0x4249, 0x424A, 0x424A, 0x4249, 0x4249, 0x4249, 0x424A,
  0x4249, 0x4249, 0x424A, 0x4249, 0x4249, 0x4249, 0x4249, 0x4249, 0x4249, 0x4249, 0x4249, 0x424A,
  0x4249, 0x4249, 0x424A, 0x4249, 0x4249, 0x424A, 0x424A, 0x4249, 0x424A, 0x424A, 0x4249, 0x424A,
  0x4249, 0x4249, 0x4249, 0x4249, 0x4249, 0x4249, 0x4249, 0x4249, 0x4249, 0x424A, 0x4249, 0x424A,
  0x4249, 0x4249, 0x4249, 0x4249, 0x4249, 0x4249, 0x4249, 0x4249, 0x424A, 0x4249, 0x4249, 0x424A,
  0x4249, 0x4249, 0x4249, 0x4249, 0x424A, 0x4249, 0x4249, 0x4249, 0x4249, 0x4249, 0x424A, 0x4249,
  0x424A, 0x4249, 0x4249, 0x4249, 0x4249, 0x424A, 0x4249, 0x424A, 0x4249, 0x4249, 0x4249, 0x4249,
  0x4249, 0x4249, 0x4249, 0x424A, 0x4249, 0x4249, 0x424A, 0x4249, 0x4249, 0x4249, 0x4249, 0x4249,
  0x4249, 0x424A, 0x4249, 0x424A, 0x4249, 0x4249, 0x4249, 0x424A, 0x4249, 0x4249, 0x424A, 0x424A,
  0x4249, 0x4249, 0x4249, 0x4249, 0x4249, 0x4249, 0x424A, 0x4249, 0x4249, 0x4249, 0x424A, 0x4249,
  0x4249, 0x4249, 0x4249, 0x424A, 0x4249, 0x4249, 0x424A, 0x4249, 0x4249, 0x4249, 0x424A, 0x4249,
  0x4249, 0x424A, 0x4249, 0x4249, 0x4249, 0x4249, 0x4249, 0x4249, 0x424A, 0x4249, 0x4249, 0x4249,
  0x4249, 0x4249, 0x4249, 0x424A, 0x4249, 0x4249, 0x424A, 0x4249, 0x4249, 0x4249, 0x4249, 0x4249,
  0x4249, 0x4249, 0x4249, 0x4249, 0x424A, 0x4249, 0x4249, 0x4249, 0x4249, 0x424A, 0x424A, 0x4249,
  0x4249, 0x4249, 0x4249, 0x4249, 0x4249, 0x4249, 0x4249, 0x4249, 0x4249, 0x424A, 0x4249, 0x4249,
  0x4249, 0x4249, 0x4249, 0x4249, 0x4249, 0x4249, 0x4249, 0x4249, 0x424A, 0x4249, 0x424A, 0x4249,
  0x4249, 0x424A, 0x4249, 0x4249, 0x424A, 0x4249, 0x4249, 0x4249, 0x424A, 0x424A, 0x4249, 0x424A,
  0x4249, 0x4249, 0x424A, 0x4249, 0x4249, 0x4249, 0x4249, 0x424A, 0x4249, 0x4249, 0x4249, 0x4249,
  0x4249, 0x424A, 0x4249, 0x4249, 0x4249, 0x4249, 0x4249, 0x4249, 0x4249, 0x424A, 0x4249, 0x4249,
  0x424A, 0x4249, 0x4249, 0x4249, 0x4249, 0x424A, 0x4249, 0x4249, 0x4249, 0x424A, 0x4249, 0x4249,
  0x4249, 0x424A, 0x4249, 0x4249, 0x4249, 0x4249, 0x424A, 0x4249, 0x4249, 0x4249, 0x4249, 0x4249,
  0x4249, 0x424A, 0x4249, 0x4249, 0x4249, 0x424A, 0x4249, 0x4248, 0x4207, 0x9ACA, 0xDBAD, 0xDBAD,
  0xDBAD, 0xDBAD, 0xDBAD, 0xDBAD, 0xD36C, 0xBACA, 0xAA27, 0xA1C6, 0x99A5, 0x9985, 0x9985, 0x9985,
  0x99A6, 0xA269, 0xA2EB, 0xA2AA, 0xAA69, 0xBACA, 0xD36C, 0xDBAD, 0xDBAD, 0xDBAD, 0xDBAD, 0xDBAD,
  0xDBAD, 0xDBAD, 0xDBAD, 0xDBAD, 0xDBAD, 0xAB2B, 0x4A49, 0x424A, 0x424A, 0x4249, 0x424A, 0x424A,
  0x4249, 0x4249, 0x4249, 0x4249, 0x424A, 0x4249, 0x4249, 0x4249, 0x4249, 0x424A, 0x424A, 0x4249,
  0x4249, 0x424A, 0x4249, 0x4249, 0x424A, 0x4249, 0x4249, 0x424A, 0x4249, 0x4249, 0x4249, 0x424A,
  0x4249, 0x4249, 0x4249, 0x424A, 0x4249, 0x4249, 0x4249, 0x424A, 0x4249, 0x4249, 0x4249, 0x4249,
  0x4249, 0x424A, 0x4249, 0x4249, 0x424A, 0x4249, 0x4249, 0x424A, 0x4249, 0x4249, 0x4249, 0x4249,
  0x4249, 0x424A, 0x4249, 0x4249, 0x4249, 0x4249, 0x4249, 0x424A, 0x424A, 0x4249, 0x4249, 0x424A,
  0x4249, 0x4249, 0x424A, 0x4249, 0x4249, 0x4249, 0x4249, 0x4249, 0x4249, 0x4249, 0x4249, 0x424A,
  0x4249, 0x424A, 0x4249, 0x4249, 0x424A, 0x4249, 0x4249, 0x4249, 0x4249, 0x4249, 0x424A, 0x4249,
  0x4249, 0x4249, 0x424A, 0x4249, 0x4249, 0x424A, 0x4249, 0x4249, 0x4249, 0x4249, 0x4249, 0x4249,
  0x424A, 0x4249, 0x4249, 0x4249, 0x4249, 0x4249, 0x4249, 0x424A, 0x4249, 0x4249, 0x424A, 0x4249,
  0x4249, 0x4249, 0x4249, 0x4249, 0x4249, 0x4249, 0x4249, 0x4249, 0x424A, 0x4249, 0x4249, 0x4249,
  0x4249, 0x424A, 0x424A, 0x4249, 0x4249, 0x4249, 0x4249, 0x4249, 0x4249, 0x4249, 0x4249, 0x4249,
  0x4249, 0x424A, 0x4249, 0x4249, 0x4249, 0x4249, 0x4249, 0x4249, 0x4249, 0x4249, 0x4249, 0x4249,
  0x424A, 0x424A, 0x4249, 0x4249, 0x4249, 0x4249, 0x4249, 0x4249, 0x4249, 0x4249, 0x4249, 0x424A,
  0x4249, 0x4249, 0x424A, 0x4249, 0x4249, 0x4249, 0x4249, 0x4249, 0x424A, 0x4249, 0x424A, 0x4249,
  0x424A, 0x4249, 0x4249, 0x4249, 0x4249, 0x4249, 0x424A, 0x4249, 0x424A, 0x424A, 0x4249, 0x424A,
  0x4249, 0x4249, 0x4249, 0x4249, 0x4249, 0x4249, 0x4249, 0x424A, 0x4249, 0x4249, 0x424A, 0x4249,
  0x4249, 0x424A, 0x4249, 0x424A, 0x4249, 0x4249, 0x4249, 0x424A, 0x4249, 0x4249, 0x4249, 0x4249,
  0x424A, 0x4249, 0x424A, 0x4249, 0x4249, 0x4249, 0x4249, 0x4249, 0x4249, 0x424A, 0x4249, 0x4249,
  0x4249, 0x4249, 0x4249, 0x424A, 0x4249, 0x4249, 0x4249, 0x4249, 0x4249, 0x4249, 0x4249, 0x4249,
  0x4249, 0x4249, 0x4249, 0x4249, 0x4249, 0x424A, 0x4249, 0x4249, 0x424A, 0x4249, 0x4249, 0x4249,
  0x4249, 0x4249, 0x424A, 0x4249, 0x424A, 0x4249, 0x4249, 0x424A, 0x4249, 0x4249, 0x424A, 0x4249,
  0x4249, 0x424A, 0x4249, 0x4249, 0x4249, 0x4249, 0x4249, 0x4249, 0x424A, 0x4249, 0x4249, 0x424A,
  0x4249, 0x424A, 0x4249, 0x4249, 0x4249, 0x4249, 0x424A, 0x4249, 0x4249, 0x4249, 0x4249, 0x4249,
  0x4249, 0x4249, 0x4249, 0x4249, 0x4A49, 0x6AA9, 0xCB8C, 0xDBAD, 0xDBAD, 0xDBAD, 0xDBAD, 0xDBAD,
  0xDBAD, 0xDBAD, 0xD36C, 0xC2EA, 0xB289, 0xAA68, 0xAA28, 0xAA48, 0xAA48, 0xAA68, 0xB2A9, 0xC2EA,
  0xD36C, 0xDBAD, 0xDBAD, 0xDBAD, 0xDBAD, 0xDBAD, 0xDBAD, 0xDBAD, 0xDBAD, 0xDBAD, 0xDBAD, 0xDBAD,
  0xD38D, 0x7AAA, 0x4249, 0x4249, 0x4249, 0x4249, 0x4249, 0x4249, 0x4249, 0x4249, 0x4249, 0x4249,
  0x4249, 0x424A, 0x4249, 0x4249, 0x4249, 0x4249, 0x4249, 0x4249, 0x4249, 0x4249, 0x4249, 0x4249,
  0x4249, 0x424A, 0x4249, 0x4249, 0x424A, 0x4249, 0x4249, 0x4249, 0x4249, 0x4249, 0x4249, 0x4249,
  0x4249, 0x4249, 0x424A, 0x4249, 0x4249, 0x4249, 0x4249, 0x424A, 0x424A, 0x4249, 0x424A, 0x424A,
  0x4249, 0x4249, 0x4249, 0x4249, 0x4249, 0x4249, 0x424A, 0x4249, 0x424A, 0x4249, 0x4249, 0x4249,
  0x424A, 0x4249, 0x4249, 0x4249, 0x4249, 0x4249, 0x4249, 0x424A, 0x4249, 0x4249, 0x424A, 0x4249,
  0x4249, 0x4249, 0x424A, 0x4249, 0x4249, 0x424A, 0x4249, 0x4249, 0x4249, 0x4249, 0x424A, 0x4249,
  0x4249, 0x4249, 0x424A, 0x4249, 0x424A, 0x424A, 0x4249, 0x4249, 0x4249, 0x4249, 0x4249, 0x4249,
  0x4249, 0x4249, 0x4249, 0x424A, 0x4249, 0x4249, 0x424A, 0x4249, 0x4249, 0x4249, 0x4249, 0x4249,
  0x424A, 0x4249, 0x424A, 0x4249, 0x424A, 0x4249, 0x4249, 0x4249, 0x4249, 0x4249, 0x424A, 0x4249,
  0x424A, 0x424A, 0x4249, 0x424A, 0x4249, 0x4249, 0x4249, 0x4249, 0x4249, 0x4249, 0x4249, 0x424A,
  0x4249, 0x4249, 0x424A, 0x4249, 0x4249, 0x424A, 0x4249, 0x424A, 0x4249, 0x4249, 0x4249, 0x424A,
  0x4249, 0x4249, 0x4249, 0x4249, 0x424A, 0x4249, 0x424A, 0x4249, 0x4249, 0x4249, 0x4249, 0x4249,
  0x4249, 0x424A, 0x424A, 0x4249, 0x4249, 0x4249, 0x4249, 0x4249, 0x4249, 0x424A, 0x4249, 0x424A,
  0x4249, 0x4249, 0x424A, 0x4249, 0x4249, 0x4249, 0x4249, 0x4249, 0x4249, 0x4249, 0x424A, 0x424A,
  0x4249, 0x4249, 0x4249, 0x4249, 0x4249, 0x4249, 0x4249, 0x4249, 0x4249, 0x424A, 0x4249, 0x4249,
  0x4249, 0x4249, 0x4249, 0x4249, 0x4249, 0x4249, 0x424A, 0x4249, 0x4249, 0x4249, 0x424A, 0x4249,
  0x4249, 0x424A, 0x4249, 0x4249, 0x4249, 0x4249, 0x424A, 0x4249, 0x4249, 0x4249, 0x4249, 0x4249,
  0x4249, 0x424A, 0x4249, 0x4249, 0x4249, 0x4249, 0x4249, 0x4249, 0x4249, 0x4249, 0x4249, 0x424A,
  0x4249, 0x4249, 0x4249, 0x4249, 0x4249, 0x4249, 0x424A, 0x4249, 0x4249, 0x424A, 0x424A, 0x4249,
  0x4249, 0x4249, 0x424A, 0x4249, 0x4249, 0x4249, 0x4249, 0x424A, 0x4249, 0x4249, 0x4249, 0x4249,
  0x4249, 0x4249, 0x4249, 0x4249, 0x4249, 0x4249, 0x4249, 0x4249, 0x4249, 0x4249, 0x4249, 0x424A,
  0x4249, 0x424A, 0x4249, 0x424A, 0x4249, 0x4249, 0x4249, 0x4249, 0x4249, 0x4249, 0x4249, 0x4249,
  0x4249, 0x424A, 0x424A, 0x4249, 0x4249, 0x424A, 0x424A, 0x4249, 0x424A, 0x4249, 0x4249, 0x424A,
  0x4249, 0x4A49, 0xA30B, 0xDBAD, 0xDBAD, 0xDBAD, 0xDBAD, 0xDBAD, 0xDBAD, 0xDBAD, 0xDBAD, 0xDBAD,
  0xDB8D, 0xD38C, 0xD36C, 0xD36C, 0xD36C, 0xD38C, 0xDB8D, 0xDBAD, 0xDBAD, 0xDBAD, 0xDBAD, 0xDBAD,
  0xDBAD, 0xDBAD, 0xDBAD, 0xDBAD, 0xDBAD, 0xDBAD, 0xDBAD, 0xDBAD, 0xB32B, 0x524A, 0x4249, 0x4249,
  0x4249, 0x4249, 0x4249, 0x4249, 0x4249, 0x4249, 0x424A, 0x4249, 0x4249, 0x4249, 0x424A, 0x4249,
  0x424A, 0x4249, 0x4249, 0x4249, 0x424A, 0x4249, 0x4249, 0x4249, 0x4249, 0x4249, 0x4249, 0x4249,
  0x4249, 0x424A, 0x4249, 0x4249, 0x4249, 0x424A, 0x4249, 0x424A, 0x4249, 0x4249, 0x4249, 0x4249,
  0x424A, 0x4249, 0x4249, 0x4249, 0x4249, 0x4249, 0x4249, 0x4249, 0x4249, 0x4249, 0x4249, 0x424A,
  0x424A, 0x4249, 0x4249, 0x4249, 0x4249, 0x4249, 0x4249, 0x4249, 0x4249, 0x4249, 0x4249, 0x4249,
  0x424A, 0x4249, 0x4249, 0x424A, 0x4249, 0x4249, 0x4249, 0x4249, 0x4249, 0x4249, 0x4249, 0x4249,
  0x4249, 0x424A, 0x4249, 0x4249, 0x4249, 0x424A, 0x4249, 0x4249, 0x4249, 0x4249, 0x4249, 0x4249,
  0x4249, 0x4249, 0x4249, 0x4249, 0x4249, 0x424A, 0x424A, 0x4249, 0x4249, 0x4249, 0x4249, 0x4249,
  0x4249, 0x424A, 0x4249, 0x424A, 0x4249, 0x4249, 0x424A, 0x4249, 0x4249, 0x4249, 0x4249, 0x4249,
  0x4249, 0x4249, 0x424A, 0x424A, 0x4249, 0x4249, 0x4249, 0x4249, 0x4249, 0x4249, 0x4249, 0x4249,
  0x4249, 0x424A, 0x4249, 0x4249, 0x4249, 0x4249, 0x4249, 0x4249, 0x4249, 0x4249, 0x424A, 0x4249,
  0x4249, 0x4249, 0x424A, 0x4249, 0x4249, 0x424A, 0x4249, 0x4249, 0x4249, 0x4249, 0x424A, 0x4249,
  0x4249, 0x4249, 0x4249, 0x4249, 0x4249, 0x4249, 0x4249, 0x424A, 0x4249, 0x4249, 0x4249, 0x4249,
  0x424A, 0x424A, 0x4249, 0x4249, 0x424A, 0x4249, 0x4249, 0x4249, 0x4249, 0x4249, 0x4249, 0x424A,
  0x4249, 0x4249, 0x4249, 0x4249, 0x4249, 0x4249, 0x4249, 0x4249, 0x4249, 0x4249, 0x4249, 0x4249,
  0x4249, 0x424A, 0x4249, 0x4249, 0x4249, 0x4249, 0x424A, 0x4249, 0x4249, 0x4249, 0x4249, 0x4249,
  0x4249, 0x4249, 0x4249, 0x4249, 0x4249, 0x4249, 0x4249, 0x4249, 0x4249, 0x4249, 0x4249, 0x424A,
  0x424A, 0x4249, 0x4249, 0x424A, 0x4249, 0x4249, 0x4249, 0x4249, 0x4249, 0x4249, 0x424A, 0x4249,
  0x4249, 0x4249, 0x4249, 0x424A, 0x424A, 0x4249, 0x424A, 0x4249, 0x4249, 0x4249, 0x424A, 0x4249,
  0x4249, 0x4249, 0x424A, 0x4249, 0x4249, 0x4249, 0x4249, 0x4249, 0x4249, 0x4249, 0x4249, 0x4249,
  0x4249, 0x4249, 0x424A, 0x4249, 0x424A, 0x4249, 0x4249, 0x424A, 0x4249, 0x4249, 0x4249, 0x424A,
  0x424A, 0x4249, 0x4249, 0x424A, 0x4249, 0x424A, 0x4249, 0x4249, 0x4249, 0x4249, 0x4249, 0x4249,
  0x4249, 0x4249, 0x424A, 0x424A, 0x4249, 0x4249, 0x424A, 0x4249, 0x4249, 0x4249, 0x4249, 0x4249,
  0x4249, 0x4249, 0x4249, 0x4249, 0x4249, 0x424A, 0x4249, 0x4249, 0x4249, 0x4249, 0x628A, 0xC34C,
  0xDBAD, 0xDBAD, 0xDBAD, 0xDBAD, 0xDBAD, 0xDBAD, 0xDBAD, 0xDBAD, 0xDBAD, 0xDBAD, 0xDBAD, 0xDBAD,
  0xDBAD, 0xDBAD, 0xDBAD, 0xDBAD, 0xDBAD, 0xDBAD, 0xDBAD, 0xDBAD, 0xDBAD, 0xDBAD, 0xDBAD, 0xDBAD,
  0xDBAD, 0xDBAD, 0xDBAD, 0xCB8C, 0x728A, 0x424A, 0x424A, 0x4249, 0x424A, 0x424A, 0x4249, 0x424A,
  0x424A, 0x4249, 0x4249, 0x4249, 0x424A, 0x4249, 0x4249, 0x4249, 0x4249, 0x424A, 0x4249, 0x424A,
  0x4249, 0x4249, 0x4249, 0x4249, 0x424A, 0x424A, 0x424A, 0x4249, 0x4249, 0x4249, 0x4249, 0x424A,
  0x4249, 0x424A, 0x4249, 0x4249, 0x4249, 0x424A, 0x4249, 0x4249, 0x4249, 0x424A, 0x424A, 0x4249,
  0x4249, 0x4249, 0x4249, 0x4249, 0x424A, 0x4249, 0x4249, 0x4249, 0x4249, 0x4249, 0x4249, 0x4249,
  0x4249, 0x424A, 0x4249, 0x4249, 0x4249, 0x424A, 0x4249, 0x424A, 0x4249, 0x4249, 0x4249, 0x4249,
  0x4249, 0x4249, 0x424A, 0x4249, 0x424A, 0x4249, 0x424A, 0x4249, 0x4249, 0x4249, 0x424A, 0x4249,
  0x4249, 0x424A, 0x4249, 0x4249, 0x424A, 0x4249, 0x4249, 0x424A, 0x4249, 0x4249, 0x4249, 0x424A,
  0x4249, 0x4249, 0x4249, 0x4249, 0x424A, 0x424A, 0x4249, 0x4249, 0x424A, 0x4249, 0x4249, 0x4249,
  0x4249, 0x4249, 0x4249, 0x424A, 0x4249, 0x4249, 0x4249, 0x4249, 0x4249, 0x4249, 0x4249, 0x4249,
  0x4249, 0x4249, 0x4249, 0x4249, 0x4249, 0x424A, 0x4249, 0x4249, 0x4249, 0x4249, 0x424A, 0x4249,
  0x4249, 0x4249, 0x4249, 0x4249, 0x4249, 0x4249, 0x4249, 0x4249, 0x4249, 0x4249, 0x4249, 0x4249,
  0x4249, 0x4249, 0x4249, 0x424A, 0x424A, 0x4249, 0x4249, 0x424A, 0x4249, 0x4249, 0x4249, 0x4249,
  0x424A, 0x4249, 0x4249, 0x4249, 0x4249, 0x4249, 0x4249, 0x4249, 0x4249, 0x4249, 0x4249, 0x4249,
  0x4249, 0x4249, 0x4249, 0x4249, 0x424A, 0x4249, 0x424A, 0x4249, 0x424A, 0x4249, 0x4249, 0x424A,
  0x4249, 0x424A, 0x4249, 0x4249, 0x424A, 0x4249, 0x424A, 0x424A, 0x4249, 0x4249, 0x4249, 0x424A,
  0x4249, 0x4249, 0x4249, 0x4249, 0x424A, 0x424A, 0x424A, 0x4249, 0x424A, 0x4249, 0x4249, 0x424A,
  0x4249, 0x4249, 0x4249, 0x4249, 0x424A, 0x4249, 0x4249, 0x4249, 0x4249, 0x4249, 0x4249, 0x4249,
  0x4249, 0x424A, 0x424A, 0x4249, 0x424A, 0x4249, 0x424A, 0x4249, 0x4249, 0x424A, 0x4249, 0x424A,
  0x4249, 0x4249, 0x4249, 0x4249, 0x4249, 0x4249, 0x424A, 0x4249, 0x424A, 0x4249, 0x4249, 0x4249,
  0x424A, 0x4249, 0x4249, 0x424A, 0x424A, 0x4249, 0x4249, 0x4249, 0x4249, 0x424A, 0x4249, 0x4249,
  0x4249, 0x424A, 0x4249, 0x4249, 0x424A, 0x4249, 0x4249, 0x4249, 0x4249, 0x4249, 0x4249, 0x4249,
  0x4249, 0x4249, 0x4249, 0x424A, 0x4249, 0x424A, 0x4249, 0x4249, 0x424A, 0x4249, 0x4249, 0x4249,
  0x4249, 0x4249, 0x4249, 0x4249, 0x4249, 0x424A, 0x4249, 0x4249, 0x4249, 0x4249, 0x4249, 0x424A,
  0x4249, 0x4249, 0x4249, 0x4249, 0x424A, 0x4249, 0x424A, 0x7AAA, 0xD38C, 0xDBAD, 0xDBAD, 0xDBAD,
  0xDBAD, 0xDBAD, 0xDBAD, 0xDBAD, 0xDBAD, 0xDBAD, 0xDBAD, 0xDBAD, 0xDBAD, 0xDBAD, 0xDBAD, 0xDBAD,
  0xDBAD, 0xDBAD, 0xDBAD, 0xDBAD, 0xDBAD, 0xDBAD, 0xDBAD, 0xDBAD, 0xDBAD, 0xDBAD, 0xD38D, 0x92EB,
  0x4249, 0x4249, 0x4249, 0x4249, 0x4249, 0x4249, 0x4249, 0x4249, 0x4249, 0x4249, 0x424A, 0x4249,
  0x4249, 0x4249, 0x4249, 0x4249, 0x4249, 0x4249, 0x4249, 0x4249, 0x4249, 0x424A, 0x424A, 0x4249,
  0x4249, 0x4249, 0x4249, 0x4249, 0x4249, 0x424A, 0x4249, 0x4249, 0x4249, 0x4249, 0x4249, 0x4249,
  0x4249, 0x424A, 0x4249, 0x4249, 0x424A, 0x4249, 0x4249, 0x4249, 0x424A, 0x4249, 0x4249, 0x4249,
  0x4249, 0x424A, 0x4249, 0x4249, 0x4249, 0x4249, 0x424A, 0x4249, 0x4249, 0x424A, 0x4249, 0x424A,
  0x4249, 0x4249, 0x4249, 0x4249, 0x4249, 0x4249, 0x424A, 0x4249, 0x4249, 0x424A, 0x4249, 0x4249,
  0x4249, 0x424A, 0x4249, 0x4249, 0x4249, 0x4249, 0x4249, 0x4249, 0x424A, 0x4249, 0x4249, 0x4249,
  0x424A, 0x4249, 0x4249, 0x4249, 0x424A, 0x4249, 0x4249, 0x4249, 0x4249, 0x4249, 0x4249, 0x4249,
  0x4249, 0x4249, 0x4249, 0x4249, 0x4249, 0x4249, 0x4249, 0x4249, 0x424A, 0x4249, 0x424A, 0x4249,
  0x424A, 0x4249, 0x4249, 0x424A, 0x4249, 0x424A, 0x4249, 0x4249, 0x424A, 0x4249, 0x424A, 0x424A,
  0x4249, 0x4249, 0x4249, 0x424A, 0x4249, 0x4249, 0x4249, 0x4249, 0x424A, 0x424A, 0x424A, 0x4249,
  0x424A, 0x4249, 0x4249, 0x424A, 0x4249, 0x4249, 0x4249, 0x4249, 0x424A, 0x4249, 0x4249, 0x4249,
  0x4249, 0x4249, 0x4249, 0x4249, 0x4249, 0x424A, 0x424A, 0x4249, 0x4249, 0x424A, 0x4249, 0x4249,
  0x424A, 0x424A, 0x4249, 0x4249, 0x4249, 0x424A, 0x4249, 0x4249, 0x424A, 0x4249, 0x4249, 0x4249,
  0x4249, 0x4249, 0x4249, 0x4249, 0x4249, 0x4249, 0x424A, 0x4249, 0x4249, 0x4249, 0x4249, 0x4249,
  0x424A, 0x4249, 0x4249, 0x4249, 0x4249, 0x4249, 0x424A, 0x4249, 0x4249, 0x424A, 0x4249, 0x4249,
  0x4249, 0x4249, 0x4249, 0x4249, 0x4249, 0x4249, 0x424A, 0x424A, 0x4249, 0x4249, 0x424A, 0x4249,
  0x424A, 0x424A, 0x4249, 0x4249, 0x4249, 0x424A, 0x4249, 0x4249, 0x4249, 0x4249, 0x4249, 0x4249,
  0x4249, 0x4249, 0x4249, 0x4249, 0x424A, 0x4249, 0x4249, 0x4249, 0x4249, 0x4249, 0x4249, 0x424A,
  0x4249, 0x4249, 0x4249, 0x4249, 0x4249, 0x4249, 0x4249, 0x4249, 0x4249, 0x4249, 0x4249, 0x4249,
  0x4249, 0x424A, 0x424A, 0x4249, 0x4249, 0x4249, 0x4249, 0x4249, 0x4249, 0x4249, 0x4249, 0x4249,
  0x4249, 0x424A, 0x4249, 0x424A, 0x4249, 0x424A, 0x4249, 0x424A, 0x4249, 0x4249, 0x4249, 0x4249,
  0x424A, 0x4249, 0x4249, 0x4249, 0x4249, 0x4249, 0x4249, 0x424A, 0x4249, 0x424A, 0x4249, 0x424A,
  0x4249, 0x4249, 0x424A, 0x4249, 0x424A, 0x4249, 0x424A, 0x4249, 0x4249, 0x424A, 0x424A, 0x4249,
  0x4249, 0x424A, 0x4249, 0x424A, 0x92EB, 0xD38D, 0xDBAD, 0xDBAD, 0xDBAD, 0xDBAD, 0xDBAD, 0xDBAD,
  0xDBAD, 0xDBAD, 0xDBAD, 0xDBAD, 0xDBAD, 0xDBAD, 0xDBAD, 0xDBAD, 0xDBAD, 0xDBAD, 0xDBAD, 0xDBAD,
  0xDBAD, 0xDBAD, 0xDBAD, 0xDBAD, 0xDBAD, 0xDBAD, 0xA30B, 0x4A4A, 0x4249, 0x424A, 0x4249, 0x4249,
  0x4249, 0x4249, 0x4249, 0x424A, 0x4249, 0x4249, 0x4249, 0x4249, 0x424A, 0x424A, 0x4249, 0x4249,
  0x4249, 0x424A, 0x4249, 0x424A, 0x4249, 0x4249, 0x4249, 0x4249, 0x4249, 0x4249, 0x4249, 0x4249,
  0x4249, 0x424A, 0x4249, 0x4249, 0x4249, 0x4249, 0x424A, 0x4249, 0x4249, 0x424A, 0x4249, 0x4249,
  0x4249, 0x4249, 0x4249, 0x4249, 0x4249, 0x4249, 0x424A, 0x4249, 0x4249, 0x424A, 0x4249, 0x4249,
  0x4249, 0x424A, 0x4249, 0x4249, 0x4249, 0x4249, 0x4249, 0x4249, 0x424A, 0x4249, 0x4249, 0x424A,
  0x4249, 0x424A, 0x4249, 0x424A, 0x4249, 0x4249, 0x424A, 0x4249, 0x4249, 0x4249, 0x424A, 0x4249,
  0x4249, 0x424A, 0x4249, 0x4249, 0x4249, 0x4249, 0x4249, 0x4249, 0x4249, 0x4249, 0x4249, 0x4249,
  0x4249, 0x424A, 0x4249, 0x4249, 0x424A, 0x424A, 0x4249, 0x4249, 0x4249, 0x424A, 0x4249, 0x4249,
  0x424A, 0x4249, 0x4249, 0x4249, 0x4249, 0x4249, 0x4249, 0x4249, 0x4249, 0x4249, 0x424A, 0x4249,
  0x4249, 0x4249, 0x4249, 0x4249, 0x424A, 0x4249, 0x4249, 0x4249, 0x4249, 0x4249, 0x424A, 0x4249,
  0x4249, 0x424A, 0x4249, 0x4249, 0x4249, 0x4249, 0x4249, 0x4249, 0x4249, 0x4249, 0x424A, 0x424A,
  0x4249, 0x4249, 0x424A, 0x4249, 0x424A, 0x424A, 0x4249, 0x4249, 0x4249, 0x424A, 0x4249, 0x4249,
  0x4249, 0x4249, 0x4249, 0x4249, 0x4249, 0x424A, 0x4249, 0x4249, 0x4249, 0x424A, 0x4249, 0x4249,
  0x4249, 0x424A, 0x4249, 0x4249, 0x4249, 0x424A, 0x4249, 0x4249, 0x424A, 0x424A, 0x4249, 0x4249,
  0x4249, 0x4249, 0x424A, 0x4249, 0x4249, 0x4249, 0x4249, 0x4249, 0x4249, 0x4249, 0x4249, 0x4249,
  0x4249, 0x424A, 0x4249, 0x4249, 0x4249, 0x4249, 0x424A, 0x4249, 0x4249, 0x4249, 0x4249, 0x424A,
  0x4249, 0x4249, 0x4249, 0x4249, 0x4249, 0x4249, 0x424A, 0x4249, 0x4249, 0x4249, 0x4249, 0x4249,
  0x424A, 0x4249, 0x4249, 0x424A, 0x4249, 0x4249, 0x4249, 0x4249, 0x424A, 0x4249, 0x424A, 0x4249,
  0x4249, 0x4249, 0x4249, 0x4249, 0x4249, 0x424A, 0x4249, 0x4249, 0x4249, 0x424A, 0x4249, 0x4249,
  0x4249, 0x4249, 0x424A, 0x4249, 0x424A, 0x424A, 0x4249, 0x4249, 0x4249, 0x4249, 0x4249, 0x4249,
  0x424A, 0x4249, 0x424A, 0x4249, 0x4249, 0x4249, 0x4249, 0x424A, 0x4249, 0x4249, 0x4249, 0x4249,
  0x4249, 0x4249, 0x424A, 0x4249, 0x4249, 0x424A, 0x4249, 0x4249, 0x4249, 0x4249, 0x424A, 0x4249,
  0x4249, 0x4249, 0x424A, 0x4249, 0x4249, 0x4249, 0x4249, 0x4249, 0x4249, 0x4249, 0x424A, 0x4249,
  0x4249, 0x424A, 0x4249, 0x4249, 0x4249, 0x4249, 0x4249, 0x4249, 0x4249, 0x4249, 0x4249, 0x4249,
  0x4A49, 0x9AEB, 0xD38D, 0xDBAD, 0xDBAD, 0xDBAD, 0xDBAD, 0xDBAD, 0xDBAD, 0xDBAD, 0xDBAD, 0xDBAD,
  0xDBAD, 0xDBAD, 0xDBAD, 0xDBAD, 0xDBAD, 0xDBAD, 0xDBAD, 0xDBAD, 0xDBAD, 0xDBAD, 0xDBAD, 0xDBAD,
  0xDBAD, 0xAB2B, 0x526A, 0x4249, 0x4249, 0x4249, 0x4249, 0x424A, 0x4249, 0x4249, 0x4249, 0x424A,
  0x4249, 0x4249, 0x4249, 0x4249, 0x4249, 0x4249, 0x4249, 0x424A, 0x4249, 0x4249, 0x4249, 0x4249,
  0x4249, 0x4249, 0x4249, 0x4249, 0x4249, 0x424A, 0x424A, 0x4249, 0x4249, 0x4249, 0x4249, 0x4249,
  0x4249, 0x424A, 0x4249, 0x4249, 0x4249, 0x4249, 0x4249, 0x4249, 0x424A, 0x4249, 0x424A, 0x4249,
  0x4249, 0x424A, 0x4249, 0x4249, 0x424A, 0x4249, 0x4249, 0x4249, 0x4249, 0x4249, 0x4249, 0x424A,
  0x4249, 0x4249, 0x4249, 0x4249, 0x424A, 0x4249, 0x4249, 0x4249, 0x4249, 0x4249, 0x4249, 0x4249,
  0x4249, 0x4249, 0x4249, 0x4249, 0x4249, 0x4249, 0x4249, 0x4249, 0x4249, 0x4249, 0x4249, 0x4249,
  0x4249, 0x424A, 0x4249, 0x424A, 0x4249, 0x424A, 0x4249, 0x4249, 0x4249, 0x424A, 0x4249, 0x4249,
  0x4249, 0x424A, 0x4249, 0x4249, 0x4249, 0x424A, 0x4249, 0x4249, 0x4249, 0x424A, 0x4249, 0x4249,
  0x424A, 0x424A, 0x4249, 0x4249, 0x4249, 0x4249, 0x424A, 0x4249, 0x4249, 0x4249, 0x4249, 0x4249,
  0x4249, 0x4249, 0x4249, 0x4249, 0x4249, 0x424A, 0x4249, 0x4249, 0x4249, 0x4249, 0x424A, 0x4249,
  0x4249, 0x4249, 0x4249, 0x424A, 0x4249, 0x4249, 0x4249, 0x4249, 0x4249, 0x4249, 0x424A, 0x4249,
  0x4249, 0x4249, 0x4249, 0x4249, 0x424A, 0x4249, 0x4249, 0x424A, 0x4249, 0x4249, 0x4249, 0x4249,
  0x4249, 0x4249, 0x4249, 0x424A, 0x4249, 0x4249, 0x4249, 0x424A, 0x4249, 0x424A, 0x4249, 0x4249,
  0x4249, 0x4249, 0x424A, 0x4249, 0x4249, 0x4249, 0x4249, 0x4249, 0x424A, 0x4249, 0x4249, 0x4249,
  0x424A, 0x424A, 0x4249, 0x4249, 0x4249, 0x4249, 0x4249, 0x424A, 0x4249, 0x4249, 0x424A, 0x4249,
  0x4249, 0x4249, 0x424A, 0x4249, 0x4249, 0x4249, 0x4249, 0x4249, 0x424A, 0x4249, 0x4249, 0x4249,
  0x4249, 0x424A, 0x4249, 0x4249, 0x4249, 0x4249, 0x4249, 0x424A, 0x4249, 0x4249, 0x4249, 0x424A,
  0x4249, 0x424A, 0x4249, 0x424A, 0x4249, 0x4249, 0x4249, 0x4249, 0x4249, 0x4249, 0x4249, 0x424A,
  0x4249, 0x4249, 0x424A, 0x4249, 0x4249, 0x4249, 0x4249, 0x4249, 0x424A, 0x4249, 0x4249, 0x4249,
  0x4249, 0x4249, 0x4249, 0x4249, 0x4249, 0x4249, 0x4249, 0x4249, 0x4249, 0x4249, 0x4249, 0x424A,
  0x4249, 0x4249, 0x424A, 0x4249, 0x4249, 0x4249, 0x424A, 0x4249, 0x4249, 0x4249, 0x4249, 0x4249,
  0x4249, 0x4249, 0x424A, 0x424A, 0x4249, 0x4249, 0x4249, 0x4249, 0x424A, 0x4249, 0x4249, 0x4249,
  0x4249, 0x4249, 0x424A, 0x424A, 0x4249, 0x4249, 0x4249, 0x4249, 0x4249, 0x4249, 0x4249, 0x4249,
  0x4249, 0x424A, 0x4249, 0x4249, 0x4249, 0x424A, 0x4249, 0x424A, 0x4249, 0x4A4A, 0x8ACB, 0xCB8C,
  0xDBAD, 0xDBAD, 0xDBAD, 0xDBAD, 0xDBAD, 0xDBAD, 0xDBAD, 0xDBAD, 0xDBAD, 0xDBAD, 0xDBAD, 0xDBAD,
  0xDBAD, 0xDBAD, 0xDBAD, 0xDBAD, 0xDBAD, 0xC34C, 0xBB2B, 0xCB8C, 0xD38D, 0x7AAA, 0x4249, 0x424A,
  0x424A, 0x4249, 0x4249, 0x424A, 0x4249, 0x4249, 0x424A, 0x4249, 0x4249, 0x4249, 0x424A, 0x4249,
  0x4249, 0x4249, 0x4249, 0x424A, 0x4249, 0x4249, 0x4249, 0x4249, 0x424A, 0x4249, 0x424A, 0x4249,
  0x424A, 0x4249, 0x4249, 0x4249, 0x4249, 0x424A, 0x424A, 0x424A, 0x4249, 0x4249, 0x424A, 0x4249,
  0x4249, 0x4249, 0x4249, 0x4249, 0x4249, 0x4249, 0x4249, 0x424A, 0x4249, 0x4249, 0x4249, 0x4249,
  0x4249, 0x4249, 0x424A, 0x4249, 0x4249, 0x424A, 0x4249, 0x4249, 0x4249, 0x424A, 0x4249, 0x4249,
  0x4249, 0x424A, 0x4249, 0x4249, 0x424A, 0x4249, 0x424A, 0x4249, 0x4249, 0x424A, 0x4249, 0x424A,
  0x424A, 0x4249, 0x4249, 0x424A, 0x4249, 0x4249, 0x424A, 0x4249, 0x4249, 0x4249, 0x4249, 0x4249,
  0x4249, 0x4249, 0x4249, 0x424A, 0x4249, 0x4249, 0x4249, 0x424A, 0x4249, 0x4249, 0x4249, 0x424A,
  0x4249, 0x424A, 0x4249, 0x4249, 0x4249, 0x4249, 0x424A, 0x4249, 0x4249, 0x4249, 0x4249, 0x4249,
  0x424A, 0x4249, 0x4249, 0x4249, 0x424A, 0x424A, 0x4249, 0x4249, 0x4249, 0x4249, 0x4249, 0x424A,
  0x4249, 0x4249, 0x424A, 0x4249, 0x4249, 0x4249, 0x424A, 0x4249, 0x4249, 0x4249, 0x4249, 0x4249,
  0x424A, 0x4249, 0x4249, 0x4249, 0x4249, 0x424A, 0x4249, 0x4249, 0x4249, 0x4249, 0x4249, 0x424A,
  0x4249, 0x4249, 0x4249, 0x424A, 0x4249, 0x424A, 0x4249, 0x424A, 0x4249, 0x4249, 0x4249, 0x4249,
  0x4249, 0x4249, 0x4249, 0x4249, 0x4249, 0x4249, 0x4249, 0x4249, 0x424A, 0x4249, 0x4249, 0x4249,
  0x4249, 0x4249, 0x424A, 0x4249, 0x424A, 0x4249, 0x4249, 0x4249, 0x4249, 0x4249, 0x4249, 0x424A,
  0x4249, 0x424A, 0x4249, 0x424A, 0x4249, 0x4249, 0x4249, 0x4249, 0x4249, 0x424A, 0x4249, 0x4249,
  0x424A, 0x4249, 0x4249, 0x4249, 0x4249, 0x4249, 0x4249, 0x424A, 0x4249, 0x4249, 0x4249, 0x4249,
  0x4249, 0x424A, 0x4249, 0x4249, 0x4249, 0x4249, 0x4249, 0x4249, 0x4249, 0x4249, 0x4249, 0x4249,
  0x4249, 0x4249, 0x424A, 0x4249, 0x424A, 0x424A, 0x4249, 0x4249, 0x4249, 0x4249, 0x424A, 0x4249,
  0x4249, 0x424A, 0x4249, 0x4249, 0x4249, 0x424A, 0x4249, 0x4249, 0x4249, 0x4249, 0x424A, 0x424A,
  0x4249, 0x424A, 0x424A, 0x4249, 0x424A, 0x4249, 0x4249, 0x4249, 0x424A, 0x4249, 0x424A, 0x4249,
  0x4249, 0x4249, 0x424A, 0x4249, 0x4249, 0x424A, 0x4249, 0x424A, 0x4249, 0x4249, 0x4249, 0x4249,
  0x4249, 0x4249, 0x4249, 0x424A, 0x4249, 0x4249, 0x4249, 0x4249, 0x4249, 0x4249, 0x4249, 0x4249,
  0x4249, 0x4249, 0x424A, 0x4249, 0x4249, 0x4249, 0x4249, 0x4249, 0x424A, 0x4249, 0x4249, 0x4249,
  0x4249, 0x4249, 0x424A, 0x4249, 0x4249, 0x4249, 0x4249, 0x728A, 0xBB2B, 0xD38C, 0xDBAD, 0xDBAD,
  0xDBAD, 0xDBAD, 0xDBAD, 0xDBAD, 0xDBAD, 0xDBAD, 0xDBAD, 0xDBAD, 0xDBAD, 0xDBAD, 0xDBAD, 0xDBAD,
  0xBB2B, 0x51C6, 0x3165, 0x82AA, 0xD38D, 0xB32C, 0x4A4A, 0x4249, 0x424A, 0x4249, 0x4249, 0x4249,
  0x4249, 0x424A, 0x4249, 0x4249, 0x4249, 0x4249, 0x424A, 0x4249, 0x4249, 0x4249, 0x4249, 0x424A,
  0x4249, 0x4249, 0x424A, 0x424A, 0x4249, 0x4249, 0x4249, 0x4249, 0x4249, 0x4249, 0x4249, 0x424A,
  0x4249, 0x4249, 0x4249, 0x4249, 0x4249, 0x4249, 0x4249, 0x4249, 0x424A, 0x4249, 0x424A, 0x424A,
  0x4249, 0x4249, 0x4249, 0x4249, 0x4249, 0x424A, 0x4249, 0x424A, 0x4249, 0x4249, 0x424A, 0x424A,
  0x4249, 0x4249, 0x4249, 0x4249, 0x4249, 0x4249, 0x4249, 0x4249, 0x4249, 0x4249, 0x4249, 0x4249,
  0x4249, 0x4249, 0x4249, 0x4249, 0x4249, 0x4249, 0x4249, 0x4249, 0x4249, 0x4249, 0x4249, 0x4249,
  0x424A, 0x4249, 0x4249, 0x4249, 0x4249, 0x424A, 0x4249, 0x4249, 0x424A, 0x4249, 0x424A, 0x4249,
  0x4249, 0x4249, 0x4249, 0x4249, 0x4249, 0x4249, 0x4249, 0x4249, 0x4249, 0x4249, 0x4249, 0x4249,
  0x424A, 0x4249, 0x4249, 0x4249, 0x4249, 0x4249, 0x424A, 0x4249, 0x424A, 0x4249, 0x4249, 0x4249,
  0x4249, 0x4249, 0x4249, 0x424A, 0x4249, 0x424A, 0x4249, 0x424A, 0x4249, 0x4249, 0x4249, 0x4249,
  0x4249, 0x424A, 0x4249, 0x4249, 0x424A, 0x4249, 0x4249, 0x4249, 0x4249, 0x4249, 0x4249, 0x424A,
  0x4249, 0x4249, 0x4249, 0x4249, 0x4249, 0x424A, 0x4249, 0x4249, 0x4249, 0x4249, 0x4249, 0x4249,
  0x4249, 0x4249, 0x4249, 0x4249, 0x4249, 0x4249, 0x424A, 0x4249, 0x4249, 0x424A, 0x424A, 0x4249,
  0x4249, 0x4249, 0x424A, 0x424A, 0x4249, 0x4249, 0x424A, 0x4249, 0x424A, 0x4249, 0x4249, 0x4249,
  0x4249, 0x424A, 0x4249, 0x4249, 0x424A, 0x4249, 0x4249, 0x4249, 0x4249, 0x4249, 0x4249, 0x4249,
  0x4249, 0x4249, 0x424A, 0x4249, 0x4249, 0x4249, 0x4249, 0x4249, 0x4249, 0x4249, 0x4249, 0x424A,
  0x4249, 0x4249, 0x4249, 0x4249, 0x4249, 0x424A, 0x424A, 0x4249, 0x424A, 0x4249, 0x4249, 0x4249,
  0x424A, 0x4249, 0x424A, 0x4249, 0x4249, 0x424A, 0x4249, 0x424A, 0x4249, 0x424A, 0x4249, 0x4249,
  0x4249, 0x4249, 0x424A, 0x4249, 0x4249, 0x4249, 0x4249, 0x4249, 0x4249, 0x4249, 0x424A, 0x4249,
  0x4249, 0x4249, 0x424A, 0x4249, 0x4249, 0x4249, 0x4249, 0x4249, 0x4249, 0x4249, 0x4249, 0x424A,
  0x4249, 0x4249, 0x4249, 0x4249, 0x4249, 0x4249, 0x424A, 0x4249, 0x4249, 0x4249, 0x424A, 0x4249,
  0x4249, 0x4249, 0x4249, 0x4249, 0x4249, 0x4249, 0x4249, 0x424A, 0x424A, 0x4249, 0x4249, 0x424A,
  0x4249, 0x424A, 0x4249, 0x4249, 0x424A, 0x4249, 0x424A, 0x4249, 0x4249, 0x424A, 0x4249, 0x424A,
  0x4249, 0x4249, 0x424A, 0x4249, 0x4249, 0x424A, 0x4249, 0x424A, 0x4249, 0x4249, 0x4249, 0x4249,
  0x424A, 0x4249, 0x4249, 0x4249, 0x41A6, 0x8A69, 0xC34B, 0xD38D, 0xDBAD, 0xDBAD, 0xDBAD, 0xDBAD,
  0xDBAD, 0xDBAD, 0xDBAD, 0xDBAD, 0xDBAD, 0xDBAD, 0xDBAD, 0xDBAD, 0x92A9, 0x3185, 0x2945, 0x4A49,
  0xC36C, 0xC36C, 0x526A, 0x4249, 0x4249, 0x4249, 0x4249, 0x4249, 0x4249, 0x4249, 0x4249, 0x4249,
  0x4249, 0x4249, 0x4249, 0x4249, 0x4249, 0x4249, 0x4249, 0x4249, 0x4249, 0x4249, 0x4249, 0x4249,
  0x4249, 0x424A, 0x4249, 0x4249, 0x424A, 0x4249, 0x4249, 0x4249, 0x4249, 0x424A, 0x4249, 0x4249,
  0x424A, 0x4249, 0x4249, 0x4249, 0x424A, 0x4249, 0x4249, 0x4249, 0x4249, 0x4249, 0x4249, 0x4249,
  0x4249, 0x4249, 0x424A, 0x4249, 0x4249, 0x4249, 0x4249, 0x4249, 0x4249, 0x424A, 0x4249, 0x424A,
  0x4249, 0x424A, 0x4249, 0x424A, 0x4249, 0x4249, 0x4249, 0x4249, 0x424A, 0x4249, 0x4249, 0x424A,
  0x424A, 0x4249, 0x4249, 0x4249, 0x4249, 0x4249, 0x424A, 0x4249, 0x4249, 0x424A, 0x4249, 0x4249,
  0x424A, 0x4249, 0x424A, 0x4249, 0x4249, 0x4249, 0x4249, 0x4249, 0x4249, 0x4249, 0x424A, 0x4249,
  0x4249, 0x424A, 0x424A, 0x4249, 0x4249, 0x4249, 0x424A, 0x424A, 0x4249, 0x4249, 0x424A, 0x4249,
  0x424A, 0x4249, 0x4249, 0x4249, 0x4249, 0x424A, 0x4249, 0x4249, 0x424A, 0x4249, 0x4249, 0x4249,
  0x4249, 0x4249, 0x4249, 0x4249, 0x4249, 0x4249, 0x424A, 0x4249, 0x4249, 0x4249, 0x4249, 0x4249,
  0x4249, 0x4249, 0x4249, 0x424A, 0x4249, 0x4249, 0x4249, 0x4249, 0x4249, 0x424A, 0x424A, 0x4249,
  0x424A, 0x4249, 0x4249, 0x4249, 0x424A, 0x4249, 0x424A, 0x4249, 0x4249, 0x424A, 0x4249, 0x424A,
  0x424A, 0x4249, 0x4249, 0x4249, 0x4249, 0x4249, 0x4249, 0x4249, 0x424A, 0x4249, 0x4249, 0x4249,
  0x4249, 0x4249, 0x4249, 0x4249, 0x4249, 0x4249, 0x4249, 0x424A, 0x4249, 0x4249, 0x4249, 0x4249,
  0x4249, 0x424A, 0x424A, 0x4249, 0x4249, 0x424A, 0x4249, 0x4249, 0x4249, 0x4249, 0x4249, 0x424A,
  0x4249, 0x4249, 0x4249, 0x424A, 0x424A, 0x4249, 0x424A, 0x4249, 0x4249, 0x4249, 0x424A, 0x4249,
  0x4249, 0x4249, 0x4249, 0x4249, 0x4249, 0x4249, 0x424A, 0x4249, 0x4249, 0x4249, 0x424A, 0x4249,
  0x4249, 0x4249, 0x4249, 0x4249, 0x4249, 0x4249, 0x4249, 0x424A, 0x4249, 0x4249, 0x4249, 0x4249,
  0x424A, 0x4249, 0x4249, 0x4249, 0x4249, 0x4249, 0x424A, 0x4249, 0x424A, 0x4249, 0x4249, 0x4249,
  0x424A, 0x424A, 0x4249, 0x424A, 0x4249, 0x4249, 0x4249, 0x4249, 0x4249, 0x4249, 0x424A, 0x4249,
  0x4249, 0x4249, 0x4249, 0x4249, 0x4249, 0x4249, 0x4249, 0x4249, 0x4249, 0x4249, 0x4249, 0x4249,
  0x424A, 0x4249, 0x4249, 0x4249, 0x4249, 0x4249, 0x4249, 0x4249, 0x4249, 0x4249, 0x4249, 0x4249,
  0x4249, 0x4249, 0x4249, 0x4249, 0x4249, 0x4249, 0x4249, 0x424A, 0x4249, 0x4249, 0x424A, 0x4249,
  0x4249, 0x4249, 0x4249, 0x4249, 0x4249, 0x424A, 0x4249, 0x4249, 0x4249, 0x4249, 0x4249, 0x4249,
  0x2986, 0x39C6, 0x51E7, 0x7A48, 0xAAEA, 0xC36C, 0xD38C, 0xD38D, 0xDB8D, 0xDBAD, 0xDBAD, 0xD38D,
  0xD38C, 0xCB6C, 0xBB2B, 0xD38C, 0xAAEA, 0x41A6, 0x2966, 0x6A8A, 0xCB6C, 0xBB4C, 0x4A69, 0x424A,
  0x4249, 0x4249, 0x424A, 0x424A, 0x4249, 0x4249, 0x424A, 0x4249, 0x424A, 0x4249, 0x424A, 0x4249,
  0x424A, 0x424A, 0x4249, 0x424A, 0x4249, 0x4249, 0x4249, 0x4249, 0x4249, 0x4249, 0x424A, 0x4249,
  0x4249, 0x4249, 0x4249, 0x424A, 0x424A, 0x4249, 0x4249, 0x4249, 0x4249, 0x4249, 0x4249, 0x4249,
  0x4249, 0x4249, 0x4249, 0x4249, 0x4249, 0x424A, 0x4249, 0x4249, 0x424A, 0x4249, 0x4249, 0x4249,
  0x4249, 0x4249, 0x4249, 0x4249, 0x4249, 0x4249, 0x424A, 0x4249, 0x4249, 0x4249, 0x4249, 0x4249,
  0x424A, 0x424A, 0x4249, 0x4249, 0x424A, 0x4249, 0x4249, 0x4249, 0x4249, 0x4249, 0x424A, 0x424A,
  0x4249, 0x4249, 0x424A, 0x4249, 0x4249, 0x4249, 0x424A, 0x4249, 0x4249, 0x4249, 0x4249, 0x4249,
  0x4249, 0x424A, 0x4249, 0x4249, 0x424A, 0x4249, 0x4249, 0x4249, 0x4249, 0x4249, 0x4249, 0x4249,
  0x424A, 0x4249, 0x4249, 0x4249, 0x4249, 0x4249, 0x4249, 0x4249, 0x4249, 0x4249, 0x4249, 0x424A,
  0x4249, 0x4249, 0x4249, 0x4249, 0x4249, 0x424A, 0x424A, 0x4249, 0x4249, 0x424A, 0x4249, 0x4249,
  0x4249, 0x4249, 0x4249, 0x424A, 0x4249, 0x4249, 0x4249, 0x424A, 0x424A, 0x4249, 0x424A, 0x4249,
  0x4249, 0x4249, 0x424A, 0x4249, 0x4249, 0x4249, 0x4249, 0x4249, 0x4249, 0x4249, 0x424A, 0x4249,
  0x4249, 0x4249, 0x424A, 0x4249, 0x4249, 0x4249, 0x4249, 0x4249, 0x424A, 0x4249, 0x4249, 0x424A,
  0x4249, 0x424A, 0x4249, 0x4249, 0x4249, 0x4249, 0x4249, 0x4249, 0x4249, 0x424A, 0x4249, 0x424A,
  0x4249, 0x4249, 0x4249, 0x424A, 0x4249, 0x4249, 0x4249, 0x424A, 0x4249, 0x4249, 0x4249, 0x4249,
  0x4249, 0x4249, 0x4249, 0x424A, 0x4249, 0x4249, 0x4249, 0x424A, 0x4249, 0x4249, 0x4249, 0x4249,
  0x4249, 0x4249, 0x4249, 0x4249, 0x424A, 0x4249, 0x4249, 0x4249, 0x424A, 0x4249, 0x4249, 0x424A,
  0x4249, 0x4249, 0x4249, 0x4249, 0x4249, 0x4249, 0x4249, 0x4249, 0x4249, 0x4249, 0x4249, 0x4249,
  0x4249, 0x4249, 0x4249, 0x4249, 0x4249, 0x424A, 0x4249, 0x4249, 0x4249, 0x424A, 0x4249, 0x4249,
  0x424A, 0x4249, 0x4249, 0x4249, 0x424A, 0x4249, 0x4249, 0x424A, 0x4249, 0x4249, 0x4249, 0x4249,
  0x4249, 0x4249, 0x4249, 0x4249, 0x424A, 0x4249, 0x4249, 0x4249, 0x424A, 0x4249, 0x4249, 0x424A,
  0x424A, 0x4249, 0x424A, 0x4249, 0x4249, 0x424A, 0x424A, 0x4249, 0x4249, 0x4249, 0x424A, 0x4249,
  0x4249, 0x424A, 0x4249, 0x4249, 0x4249, 0x424A, 0x4249, 0x4249, 0x424A, 0x4249, 0x4249, 0x4249,
  0x424A, 0x4249, 0x4249, 0x4249, 0x4249, 0x4249, 0x4249, 0x4249, 0x4249, 0x424A, 0x4249, 0x4249,
  0x4249, 0x424A, 0x4249, 0x4249, 0x424A, 0x4249, 0x4249, 0x4249, 0x2986, 0x4A28, 0x4A48, 0x39E7,
  0x41C6, 0x51E7, 0x6207, 0x7A48, 0x8A89, 0x8A89, 0x8A89, 0x7A48, 0x6A27, 0x51E7, 0x49C7, 0xB30B,
  0xD38D, 0xAB0A, 0x9AA9, 0xC34C, 0xD38D, 0x82CB, 0x4249, 0x4249, 0x424A, 0x4249, 0x4249, 0x424A,
  0x4249, 0x4249, 0x4249, 0x4249, 0x424A, 0x4249, 0x4249, 0x4249, 0x4249, 0x4249, 0x4249, 0x4249,
  0x4249, 0x424A, 0x4249, 0x4249, 0x424A, 0x4249, 0x4249, 0x4249, 0x424A, 0x424A, 0x4249, 0x4249,
  0x4249, 0x4249, 0x4249, 0x424A, 0x424A, 0x4249, 0x4249, 0x424A, 0x4249, 0x424A, 0x4249, 0x424A,
  0x4249, 0x4249, 0x424A, 0x4249, 0x4249, 0x4249, 0x4249, 0x4249, 0x424A, 0x4249, 0x424A, 0x424A,
  0x4249, 0x4249, 0x4249, 0x4249, 0x424A, 0x4249, 0x4249, 0x424A, 0x4249, 0x4249, 0x424A, 0x4249,
  0x4249, 0x424A, 0x4249, 0x4249, 0x4249, 0x4249, 0x424A, 0x4249, 0x4249, 0x4249, 0x4249, 0x4249,
  0x4249, 0x4249, 0x4249, 0x4249, 0x4249, 0x4249, 0x424A, 0x4249, 0x424A, 0x4249, 0x4249, 0x4249,
  0x424A, 0x4249, 0x4249, 0x424A, 0x4249, 0x424A, 0x4249, 0x4249, 0x4249, 0x4249, 0x4249, 0x4249,
  0x4249, 0x424A, 0x4249, 0x424A, 0x4249, 0x4249, 0x4249, 0x424A, 0x4249, 0x4249, 0x4249, 0x424A,
  0x4249, 0x4249, 0x4249, 0x4249, 0x4249, 0x4249, 0x4249, 0x424A, 0x4249, 0x4249, 0x4249, 0x424A,
  0x4249, 0x4249, 0x4249, 0x4249, 0x4249, 0x4249, 0x4249, 0x4249, 0x424A, 0x4249, 0x4249, 0x4249,
  0x424A, 0x4249, 0x4249, 0x424A, 0x4249, 0x4249, 0x4249, 0x4249, 0x4249, 0x4249, 0x4249, 0x4249,
  0x4249, 0x4249, 0x4249, 0x4249, 0x4249, 0x4249, 0x4249, 0x424A, 0x4249, 0x4249, 0x4249, 0x4249,
  0x4249, 0x424A, 0x4249, 0x4249, 0x424A, 0x4249, 0x4249, 0x4249, 0x4249, 0x424A, 0x4249, 0x4249,
  0x4249, 0x4249, 0x424A, 0x4249, 0x4249, 0x4249, 0x424A, 0x4249, 0x424A, 0x4249, 0x4249, 0x424A,
  0x4249, 0x4249, 0x4249, 0x4249, 0x4249, 0x424A, 0x424A, 0x4249, 0x424A, 0x4249, 0x4249, 0x4249,
  0x4249, 0x4249, 0x424A, 0x4249, 0x4249, 0x4249, 0x4249, 0x4249, 0x4249, 0x4249, 0x424A, 0x4249,
  0x4249, 0x424A, 0x4249, 0x4249, 0x4249, 0x424A, 0x424A, 0x4249, 0x4249, 0x424A, 0x4249, 0x4249,
  0x4249, 0x424A, 0x4249, 0x4249, 0x4249, 0x4249, 0x424A, 0x4249, 0x4249, 0x4249, 0x4249, 0x4249,
  0x4249, 0x4249, 0x4249, 0x4249, 0x4249, 0x4249, 0x4249, 0x4249, 0x424A, 0x424A, 0x4249, 0x424A,
  0x4249, 0x4249, 0x4249, 0x424A, 0x4249, 0x4249, 0x4249, 0x4249, 0x4249, 0x4249, 0x4249, 0x4249,
  0x4249, 0x4249, 0x424A, 0x4249, 0x4249, 0x4249, 0x4249, 0x4249, 0x4249, 0x424A, 0x4249, 0x4249,
  0x4249, 0x424A, 0x4249, 0x4249, 0x4249, 0x424A, 0x4249, 0x4249, 0x4249, 0x4249, 0x4249, 0x4249,
  0x424A, 0x4249, 0x4249, 0x424A, 0x4249, 0x4249, 0x4249, 0x424A, 0x4249, 0x4249, 0x4249, 0x4249,
  0x4249, 0x424A, 0x424A, 0x4249, 0x2966, 0x4A48, 0x5289, 0x5269, 0x4A48, 0x4207, 0x39E6, 0x39C6,
  0x31A6, 0x39A6, 0x39A6, 0x31A6, 0x39A6, 0x31A6, 0x31A6, 0x5A07, 0xB30B, 0xD38C, 0xD38C, 0xCB6C,
  0x9AEB, 0x4A49, 0x424A, 0x4249, 0x4249, 0x424A, 0x4249, 0x4249, 0x4249, 0x4249, 0x424A, 0x4249,
  0x4249, 0x4249, 0x4249, 0x4249, 0x4249, 0x424A, 0x4249, 0x4249, 0x424A, 0x4249, 0x424A, 0x4249,
  0x4249, 0x4249, 0x4249, 0x4249, 0x4249, 0x4249, 0x4249, 0x424A, 0x4249, 0x4249, 0x4249, 0x4249,
  0x4249, 0x4249, 0x424A, 0x4249, 0x4249, 0x424A, 0x4249, 0x4249, 0x4249, 0x4249, 0x4249, 0x4249,
  0x4249, 0x424A, 0x4249, 0x4249, 0x4249, 0x4249, 0x4249, 0x424A, 0x4249, 0x4249, 0x4249, 0x4249,
  0x424A, 0x4249, 0x4249, 0x4249, 0x4249, 0x4249, 0x4249, 0x4249, 0x4249, 0x4249, 0x4249, 0x4249,
  0x424A, 0x4249, 0x4249, 0x4249, 0x424A, 0x4249, 0x4249, 0x424A, 0x4249, 0x4249, 0x424A, 0x4249,
  0x4249, 0x424A, 0x4249, 0x4249, 0x4249, 0x4249, 0x4249, 0x4249, 0x4249, 0x4249, 0x4249, 0x424A,
  0x4249, 0x4249, 0x4249, 0x4249, 0x4249, 0x424A, 0x4249, 0x4249, 0x424A, 0x4249, 0x4249, 0x4249,
  0x4249, 0x424A, 0x4249, 0x4249, 0x4249, 0x4249, 0x424A, 0x4249, 0x4249, 0x4249, 0x424A, 0x4249,
  0x424A, 0x4249, 0x4249, 0x424A, 0x4249, 0x4249, 0x4249, 0x4249, 0x4249, 0x424A, 0x424A, 0x4249,
  0x424A, 0x4249, 0x4249, 0x4249, 0x4249, 0x4249, 0x424A, 0x4249, 0x4249, 0x4249, 0x4249, 0x4249,
  0x4249, 0x4249, 0x424A, 0x4249, 0x4249, 0x424A, 0x4249, 0x4249, 0x4249, 0x424A, 0x424A, 0x4249,
  0x424A, 0x4249, 0x4249, 0x4249, 0x4249, 0x4249, 0x4249, 0x424A, 0x4249, 0x424A, 0x4249, 0x4249,
  0x4249, 0x4249, 0x424A, 0x4249, 0x4249, 0x4249, 0x4249, 0x424A, 0x4249, 0x4249, 0x4249, 0x4249,
  0x4249, 0x4249, 0x4249, 0x4249, 0x424A, 0x4249, 0x4249, 0x4249, 0x424A, 0x4249, 0x4249, 0x4249,
  0x4249, 0x4249, 0x4249, 0x4249, 0x4249, 0x4249, 0x424A, 0x424A, 0x4249, 0x4249, 0x4249, 0x4249,
  0x4249, 0x424A, 0x4249, 0x4249, 0x424A, 0x4249, 0x4249, 0x4249, 0x4249, 0x4249, 0x424A, 0x4249,
  0x4249, 0x4249, 0x424A, 0x4249, 0x4249, 0x424A, 0x4249, 0x4249, 0x4249, 0x424A, 0x4249, 0x4249,
  0x4249, 0x4249, 0x4249, 0x4249, 0x424A, 0x4249, 0x424A, 0x4249, 0x4249, 0x4249, 0x424A, 0x4249,
  0x4249, 0x424A, 0x4249, 0x4249, 0x4249, 0x4249, 0x4249, 0x4249, 0x4249, 0x4249, 0x4249, 0x4249,
  0x4249, 0x4249, 0x424A, 0x4249, 0x4249, 0x4249, 0x4249, 0x424A, 0x4249, 0x4249, 0x4249, 0x4249,
  0x4249, 0x4249, 0x424A, 0x4249, 0x4249, 0x4249, 0x4249, 0x424A, 0x4249, 0x4249, 0x424A, 0x4249,
  0x4249, 0x4249, 0x4249, 0x424A, 0x424A, 0x4249, 0x4249, 0x4249, 0x424A, 0x4249, 0x4249, 0x4249,
  0x424A, 0x4249, 0x424A, 0x4249, 0x4249, 0x4249, 0x424A, 0x4249, 0x4249, 0x4249, 0x4249, 0x4249,
  0x2986, 0x4A48, 0x5289, 0x5289, 0x5289, 0x5289, 0x4A69, 0x4A48, 0x4A28, 0x4227, 0x4207, 0x4207,
  0x4207, 0x4228, 0x4A28, 0x4A68, 0x5268, 0x6207, 0x6A07, 0x5A6A, 0x4A4A, 0x4249, 0x4249, 0x4249,
  0x4249, 0x4249, 0x4249, 0x4249, 0x4249, 0x424A, 0x4249, 0x4249, 0x4249, 0x4249, 0x424A, 0x4249,
  0x4249, 0x424A, 0x4249, 0x4249, 0x4249, 0x4249, 0x4249, 0x4249, 0x4249, 0x4249, 0x424A, 0x4249,
  0x4249, 0x4249, 0x4249, 0x4249, 0x4249, 0x4249, 0x4249, 0x4249, 0x4249, 0x4249, 0x424A, 0x4249,
  0x4249, 0x4249, 0x4249, 0x4249, 0x4249, 0x424A, 0x424A, 0x4249, 0x4249, 0x424A, 0x4249, 0x424A,
  0x4249, 0x4249, 0x4249, 0x4249, 0x4249, 0x424A, 0x424A, 0x4249, 0x4249, 0x424A, 0x4249, 0x424A,
  0x4249, 0x4249, 0x424A, 0x424A, 0x4249, 0x4249, 0x424A, 0x4249, 0x424A, 0x4249, 0x4249, 0x4249,
  0x424A, 0x4249, 0x4249, 0x4249, 0x4249, 0x424A, 0x4249, 0x4249, 0x4249, 0x424A, 0x4249, 0x4249,
  0x4249, 0x424A, 0x424A, 0x4249, 0x424A, 0x4249, 0x4249, 0x4249, 0x4249, 0x4249, 0x4249, 0x424A,
  0x4249, 0x424A, 0x4249, 0x4249, 0x4249, 0x4249, 0x424A, 0x4249, 0x4249, 0x4249, 0x4249, 0x424A,
  0x4249, 0x4249, 0x4249, 0x4249, 0x4249, 0x4249, 0x4249, 0x4249, 0x424A, 0x4249, 0x4249, 0x4249,
  0x424A, 0x4249, 0x4249, 0x4249, 0x4249, 0x4249, 0x4249, 0x4249, 0x4249, 0x4249, 0x424A, 0x424A,
  0x4249, 0x4249, 0x4249, 0x4249, 0x4249, 0x424A, 0x4249, 0x4249, 0x424A, 0x4249, 0x4249, 0x4249,
  0x4249, 0x4249, 0x424A, 0x4249, 0x4249, 0x4249, 0x424A, 0x4249, 0x4249, 0x4249, 0x424A, 0x4249,
  0x4249, 0x4249, 0x4249, 0x4249, 0x4249, 0x4249, 0x4249, 0x424A, 0x4249, 0x4249, 0x4249, 0x4249,
  0x4249, 0x4249, 0x4249, 0x4249, 0x424A, 0x4249, 0x4249, 0x424A, 0x4249, 0x4249, 0x424A, 0x4249,
  0x4249, 0x4249, 0x424A, 0x4249, 0x4249, 0x4249, 0x424A, 0x424A, 0x4249, 0x4249, 0x4249, 0x4249,
  0x4249, 0x4249, 0x4249, 0x4249, 0x4249, 0x424A, 0x4249, 0x424A, 0x4249, 0x4249, 0x4249, 0x4249,
  0x4249, 0x424A, 0x4249, 0x4249, 0x4249, 0x4249, 0x4249, 0x424A, 0x4249, 0x4249, 0x4249, 0x4249,
  0x4249, 0x4249, 0x4249, 0x4249, 0x4249, 0x424A, 0x4249, 0x4249, 0x424A, 0x4249, 0x4249, 0x424A,
  0x4249, 0x4249, 0x4249, 0x4249, 0x4249, 0x424A, 0x424A, 0x4249, 0x4249, 0x424A, 0x4249, 0x4249,
  0x424A, 0x4249, 0x4249, 0x424A, 0x4249, 0x424A, 0x4249, 0x424A, 0x4249, 0x4249, 0x4249, 0x4249,
  0x424A, 0x4249, 0x4249, 0x424A, 0x4249, 0x4249, 0x4249, 0x424A, 0x4249, 0x424A, 0x4249, 0x4249,
  0x4249, 0x4249, 0x424A, 0x4249, 0x4249, 0x4249, 0x4249, 0x4249, 0x4249, 0x4249, 0x424A, 0x4249,
  0x4249, 0x4249, 0x4249, 0x424A, 0x4249, 0x4249, 0x424A, 0x4249, 0x4249, 0x4249, 0x4249, 0x4249,
  0x4249, 0x424A, 0x4249, 0x424A, 0x4249, 0x4249, 0x4249, 0x4249, 0x2966, 0x4A48, 0x5289, 0x5289,
  0x5289, 0x5289, 0x5289, 0x5289, 0x5289, 0x5269, 0x5289, 0x5289, 0x5289, 0x5289, 0x5289, 0x5289,
  0x5289, 0x4207, 0x2965, 0x4249, 0x4249, 0x424A, 0x4249, 0x4249, 0x424A, 0x4249, 0x4249, 0x424A,
  0x4249, 0x4249, 0x4249, 0x424A, 0x4249, 0x424A, 0x4249, 0x4249, 0x4249, 0x4249, 0x4249, 0x4249,
  0x424A, 0x4249, 0x4249, 0x424A, 0x424A, 0x4249, 0x4249, 0x4249, 0x424A, 0x424A, 0x4249, 0x4249,
  0x4249, 0x424A, 0x424A, 0x4249, 0x424A, 0x4249, 0x4249, 0x4249, 0x4249, 0x424A, 0x4249, 0x4249,
  0x424A, 0x4249, 0x4249, 0x4249, 0x4249, 0x4249, 0x4249, 0x4249, 0x424A, 0x4249, 0x4249, 0x424A,
  0x4249, 0x4249, 0x4249, 0x4249, 0x4249, 0x4249, 0x4249, 0x4249, 0x4249, 0x4249, 0x4249, 0x4249,
  0x4249, 0x4249, 0x4249, 0x4249, 0x4249, 0x4249, 0x424A, 0x4249, 0x4249, 0x4249, 0x4249, 0x424A,
  0x4249, 0x4249, 0x4249, 0x4249, 0x4249, 0x4249, 0x424A, 0x4249, 0x4249, 0x4249, 0x4249, 0x4249,
  0x4249, 0x4249, 0x424A, 0x4249, 0x4249, 0x4249, 0x4249, 0x4249, 0x4249, 0x4249, 0x4249, 0x424A,
  0x4249, 0x4249, 0x4249, 0x4249, 0x4249, 0x4249, 0x4249, 0x4249, 0x424A, 0x4249, 0x4249, 0x424A,
  0x4249, 0x4249, 0x424A, 0x4249, 0x4249, 0x4249, 0x424A, 0x4249, 0x4249, 0x4249, 0x424A, 0x424A,
  0x4249, 0x4249, 0x4249, 0x4249, 0x4249, 0x4249, 0x4249, 0x4249, 0x4249, 0x424A, 0x4249, 0x424A,
  0x4249, 0x4249, 0x4249, 0x4249, 0x4249, 0x424A, 0x4249, 0x4249, 0x4249, 0x4249, 0x4249, 0x424A,
  0x4249, 0x4249, 0x4249, 0x4249, 0x4249, 0x4249, 0x424A, 0x4249, 0x424A, 0x4249, 0x424A, 0x424A,
  0x4249, 0x4249, 0x4249, 0x4249, 0x4249, 0x4249, 0x424A, 0x4249, 0x424A, 0x424A, 0x4249, 0x4249,
  0x4249, 0x4249, 0x4249, 0x4249, 0x4249, 0x4249, 0x4249, 0x424A, 0x4249, 0x4249, 0x4249, 0x4249,
  0x4249, 0x4249, 0x4249, 0x4249, 0x4249, 0x4249, 0x424A, 0x424A, 0x4249, 0x4249, 0x424A, 0x4249,
  0x4249, 0x4249, 0x4249, 0x4249, 0x4249, 0x4249, 0x424A, 0x4249, 0x4249, 0x4249, 0x424A, 0x424A,
  0x424A, 0x4249, 0x424A, 0x4249, 0x4249, 0x4249, 0x4249, 0x4249, 0x424A, 0x4249, 0x424A, 0x4249,
  0x4249, 0x424A, 0x4249, 0x4249, 0x424A, 0x424A, 0x4249, 0x4249, 0x4249, 0x4249, 0x424A, 0x4249,
  0x4249, 0x4249, 0x4249, 0x4249, 0x4249, 0x4249, 0x4249, 0x4249, 0x424A, 0x4249, 0x4249, 0x4249,
  0x4249, 0x4249, 0x4249, 0x4249, 0x4249, 0x4249, 0x4249, 0x4249, 0x4249, 0x424A, 0x4249, 0x4249,
  0x4249, 0x4249, 0x424A, 0x4249, 0x4249, 0x4249, 0x4249, 0x424A, 0x4249, 0x4249, 0x4249, 0x424A,
  0x4249, 0x4249, 0x4249, 0x424A, 0x4249, 0x424A, 0x4249, 0x4249, 0x4249, 0x4249, 0x4249, 0x4249,
  0x4249, 0x4249, 0x4249, 0x4249, 0x424A, 0x4249, 0x4249, 0x4249, 0x4249, 0x424A, 0x4249, 0x4249,
  0x4249, 0x4249, 0x4249, 0x4249, 0x2986, 0x4A48, 0x5289, 0x5289, 0x5289, 0x5289, 0x5289, 0x5289,
  0x5289, 0x5289, 0x5289, 0x5289, 0x5269, 0x5289, 0x5289, 0x5289, 0x5289, 0x4A28, 0x2966, 0x4249,
  0x4249, 0x4249, 0x4249, 0x4249, 0x4249, 0x4249, 0x4249, 0x4249, 0x424A, 0x4249, 0x4249, 0x4249,
  0x4249, 0x4249, 0x424A, 0x4249, 0x424A, 0x4249, 0x4249, 0x4249, 0x4249, 0x424A, 0x4249, 0x4249,
  0x4249, 0x4249, 0x4249, 0x4249, 0x4249, 0x4249, 0x4249, 0x424A, 0x4249, 0x4249, 0x4249, 0x4249,
  0x4249, 0x4249, 0x4249, 0x4249, 0x4249, 0x4249, 0x424A, 0x4249, 0x4249, 0x4249, 0x4249, 0x424A,
  0x4249, 0x4249, 0x4249, 0x4249, 0x4249, 0x424A, 0x4249, 0x4249, 0x4249, 0x4249, 0x4249, 0x4249,
  0x4249, 0x424A, 0x4249, 0x4249, 0x4249, 0x424A, 0x4249, 0x4249, 0x4249, 0x424A, 0x4249, 0x4249,
  0x4249, 0x4249, 0x4249, 0x4249, 0x4249, 0x4249, 0x424A, 0x4249, 0x4249, 0x4249, 0x4249, 0x424A,
  0x4249, 0x4249, 0x4249, 0x4249, 0x4249, 0x4249, 0x424A, 0x4249, 0x4249, 0x4249, 0x424A, 0x4249,
  0x424A, 0x4249, 0x424A, 0x424A, 0x4249, 0x4249, 0x4249, 0x4249, 0x4249, 0x4249, 0x424A, 0x4249,
  0x424A, 0x424A, 0x4249, 0x4249, 0x4249, 0x4249, 0x4249, 0x4249, 0x4249, 0x4249, 0x4249, 0x424A,
  0x4249, 0x4249, 0x4249, 0x4249, 0x4249, 0x4249, 0x4249, 0x4249, 0x4249, 0x4249, 0x424A, 0x424A,
  0x4249, 0x4249, 0x424A, 0x4249, 0x4249, 0x4249, 0x4249, 0x4249, 0x4249, 0x4249, 0x424A, 0x4249,
  0x4249, 0x4249, 0x424A, 0x424A, 0x424A, 0x4249, 0x424A, 0x4249, 0x4249, 0x4249, 0x4249, 0x4249,
  0x4249, 0x4249, 0x4249, 0x424A, 0x4249, 0x4249, 0x4249, 0x424A, 0x4249, 0x4249, 0x4249, 0x424A,
  0x4249, 0x4249, 0x4249, 0x4249, 0x4249, 0x4249, 0x4249, 0x4249, 0x424A, 0x4249, 0x4249, 0x424A,
  0x424A, 0x4249, 0x4249, 0x424A, 0x4249, 0x4249, 0x4249, 0x4249, 0x424A, 0x4249, 0x4249, 0x4249,
  0x424A, 0x4249, 0x4249, 0x4249, 0x424A, 0x4249, 0x424A, 0x4249, 0x4249, 0x424A, 0x4249, 0x424A,
  0x4249, 0x4249, 0x424A, 0x4249, 0x4249, 0x4249, 0x4249, 0x4249, 0x4249, 0x4249, 0x4249, 0x4249,
  0x4249, 0x424A, 0x4249, 0x424A, 0x4249, 0x4249, 0x4249, 0x4249, 0x4249, 0x4249, 0x4249, 0x4249,
  0x4249, 0x4249, 0x4249, 0x4249, 0x424A, 0x4249, 0x4249, 0x4249, 0x424A, 0x4249, 0x424A, 0x4249,
  0x4249, 0x4249, 0x4249, 0x4249, 0x4249, 0x4249, 0x4249, 0x424A, 0x424A, 0x4249, 0x424A, 0x4249,
  0x4249, 0x424A, 0x4249, 0x4249, 0x424A, 0x4249, 0x4249, 0x4249, 0x424A, 0x4249, 0x4249, 0x424A,
  0x424A, 0x4249, 0x4249, 0x4249, 0x424A, 0x4249, 0x4249, 0x4249, 0x4249, 0x4249, 0x4249, 0x4249,
  0x4249, 0x4229, 0x4249, 0x4249, 0x4249, 0x4229, 0x4229, 0x4249, 0x4249, 0x4249, 0x4249, 0x4249,
  0x4249, 0x4249, 0x4249, 0x4249, 0x4249, 0x4249, 0x4229, 0x4249, 0x4249, 0x4249, 0x4249, 0x4249,
  0x2966, 0x4248, 0x5269, 0x5289, 0x5289, 0x5269, 0x5289, 0x5289, 0x5289, 0x5289, 0x5269, 0x5289,
  0x5289, 0x5289, 0x5269, 0x5289, 0x4A68, 0x4A28, 0x2965, 0x4229, 0x4229, 0x4229, 0x4229, 0x4249,
  0x4249, 0x4229, 0x4249, 0x4229, 0x4229, 0x4249, 0x4249, 0x4249, 0x4229, 0x4229, 0x4249, 0x4249,
  0x4249, 0x4249, 0x4249, 0x4229, 0x4249, 0x4249, 0x4249, 0x4249, 0x4249, 0x4249, 0x4249, 0x424A,
  0x4249, 0x424A, 0x4249, 0x4249, 0x4249, 0x4249, 0x4249, 0x424A, 0x4249, 0x424A, 0x424A, 0x4249,
  0x4249, 0x4249, 0x424A, 0x4249, 0x4249, 0x4249, 0x424A, 0x4249, 0x4249, 0x4249, 0x424A, 0x4249,
  0x424A, 0x4249, 0x4249, 0x4249, 0x424A, 0x424A, 0x4249, 0x4249, 0x424A, 0x4249, 0x4249, 0x4249,
  0x4249, 0x4249, 0x424A, 0x4249, 0x4249, 0x424A, 0x4249, 0x4249, 0x4249, 0x424A, 0x424A, 0x4249,
  0x4249, 0x4249, 0x4249, 0x4249, 0x424A, 0x4249, 0x4249, 0x424A, 0x4249, 0x4249, 0x4249, 0x424A,
  0x4249, 0x4249, 0x4249, 0x4249, 0x4249, 0x4249, 0x4249, 0x424A, 0x4249, 0x4249, 0x4249, 0x424A,
  0x4249, 0x4249, 0x4249, 0x424A, 0x4249, 0x4249, 0x4249, 0x4249, 0x4249, 0x4249, 0x4249, 0x4249,
  0x424A, 0x4249, 0x4249, 0x424A, 0x424A, 0x4249, 0x4249, 0x424A, 0x4249, 0x4249, 0x4249, 0x4249,
  0x424A, 0x4249, 0x4249, 0x4249, 0x424A, 0x4249, 0x4249, 0x4249, 0x424A, 0x4249, 0x424A, 0x4249,
  0x4249, 0x424A, 0x4249, 0x424A, 0x4249, 0x4249, 0x424A, 0x4249, 0x4249, 0x4249, 0x4249, 0x4249,
  0x4249, 0x4249, 0x4249, 0x4249, 0x4249, 0x424A, 0x4249, 0x424A, 0x424A, 0x4249, 0x4249, 0x4249,
  0x4249, 0x4249, 0x4249, 0x4249, 0x4249, 0x4249, 0x424A, 0x4249, 0x424A, 0x4249, 0x424A, 0x4249,
  0x4249, 0x424A, 0x4249, 0x4249, 0x4249, 0x4249, 0x424A, 0x4249, 0x4249, 0x4249, 0x4249, 0x4249,
  0x4249, 0x4249, 0x4249, 0x424A, 0x4249, 0x4249, 0x4249, 0x424A, 0x4249, 0x4249, 0x4249, 0x4249,
  0x4249, 0x4249, 0x4249, 0x4249, 0x4249, 0x4249, 0x4249, 0x4249, 0x4249, 0x424A, 0x4249, 0x4249,
  0x4249, 0x4249, 0x424A, 0x4249, 0x4249, 0x424A, 0x4249, 0x4249, 0x4249, 0x424A, 0x4249, 0x4249,
  0x4249, 0x4249, 0x4249, 0x424A, 0x4249, 0x4249, 0x424A, 0x4249, 0x4249, 0x4249, 0x4249, 0x4249,
  0x4249, 0x424A, 0x4249, 0x4249, 0x4249, 0x4249, 0x4249, 0x424A, 0x4249, 0x4249, 0x424A, 0x4249,
  0x424A, 0x4249, 0x4249, 0x4249, 0x4249, 0x4249, 0x4249, 0x424A, 0x4249, 0x424A, 0x4249, 0x4249,
  0x4249, 0x4249, 0x4249, 0x424A, 0x4249, 0x4249, 0x4249, 0x4249, 0x4249, 0x4249, 0x4249, 0x4249,
  0x4249, 0x424A, 0x4249, 0x4249, 0x4249, 0x31C8, 0x2966, 0x2945, 0x2145, 0x2145, 0x2125, 0x2145,
  0x2125, 0x2145, 0x2145, 0x2145, 0x2145, 0x2125, 0x2145, 0x2945, 0x2145, 0x2145, 0x2145, 0x2945,
  0x2945, 0x2965, 0x2965, 0x2965, 0x2966, 0x2966, 0x2986, 0x3186, 0x2965, 0x39C6, 0x39E6, 0x4207,
  0x4207, 0x4228, 0x4A48, 0x4A48, 0x4A48, 0x4A48, 0x4A28, 0x4228, 0x4207, 0x41E7, 0x39E6, 0x39C6,
  0x39A6, 0x3185, 0x2145, 0x2966, 0x2986, 0x2965, 0x2965, 0x2965, 0x2945, 0x2945, 0x2165, 0x2945,
  0x2145, 0x2125, 0x2145, 0x2125, 0x2945, 0x2125, 0x2125, 0x2125, 0x2125, 0x2145, 0x2145, 0x2145,
  0x2145, 0x2945, 0x2145, 0x2145, 0x2965, 0x39E8, 0x4249, 0x4249, 0x4249, 0x4249, 0x4249, 0x4249,
  0x424A, 0x4249, 0x424A, 0x4249, 0x4249, 0x4249, 0x4249, 0x424A, 0x4249, 0x4249, 0x4249, 0x4249,
  0x4249, 0x4249, 0x4249, 0x424A, 0x4249, 0x4249, 0x4249, 0x424A, 0x4249, 0x4249, 0x4249, 0x4249,
  0x4249, 0x4249, 0x4249, 0x4249, 0x4249, 0x4249, 0x4249, 0x424A, 0x4249, 0x4249, 0x4249, 0x4249,
  0x4249, 0x4249, 0x424A, 0x424A, 0x4249, 0x4249, 0x4249, 0x4249, 0x4249, 0x424A, 0x4249, 0x4249,
  0x4249, 0x4249, 0x4249, 0x4249, 0x424A, 0x424A, 0x4249, 0x4249, 0x424A, 0x4249, 0x424A, 0x4249,
  0x424A, 0x4249, 0x4249, 0x4249, 0x4249, 0x4249, 0x4249, 0x4249, 0x4249, 0x4249, 0x424A, 0x4249,
  0x424A, 0x4249, 0x424A, 0x4249, 0x4249, 0x424A, 0x4249, 0x4249, 0x4249, 0x4249, 0x424A, 0x4249,
  0x4249, 0x4249, 0x4249, 0x4249, 0x4249, 0x4249, 0x4249, 0x424A, 0x4249, 0x4249, 0x4249, 0x424A,
  0x4249, 0x4249, 0x4249, 0x4249, 0x4249, 0x4249, 0x4249, 0x4249, 0x4249, 0x4249, 0x4249, 0x4249,
  0x4249, 0x424A, 0x4249, 0x4249, 0x4249, 0x4249, 0x424A, 0x4249, 0x4249, 0x424A, 0x4249, 0x4249,
  0x4249, 0x424A, 0x4249, 0x4249, 0x4249, 0x424A, 0x4249, 0x4249, 0x424A, 0x4249, 0x4249, 0x4249,
  0x424A, 0x4249, 0x4249, 0x4249, 0x4249, 0x4249, 0x4249, 0x4249, 0x4249, 0x4249, 0x424A, 0x424A,
  0x4249, 0x4249, 0x4249, 0x4249, 0x424A, 0x4249, 0x4249, 0x4249, 0x424A, 0x424A, 0x4249, 0x4249,
  0x4249, 0x4249, 0x4249, 0x424A, 0x4249, 0x4249, 0x424A, 0x4249, 0x4249, 0x424A, 0x4249, 0x424A,
  0x4249, 0x4249, 0x424A, 0x4249, 0x4249, 0x4249, 0x4249, 0x4249, 0x424A, 0x4249, 0x4249, 0x4249,
  0x4249, 0x4249, 0x4249, 0x4249, 0x424A, 0x4249, 0x4249, 0x4249, 0x4249, 0x4249, 0x4249, 0x424A,
  0x4249, 0x4249, 0x4249, 0x4249, 0x4249, 0x424A, 0x4249, 0x4249, 0x4249, 0x4249, 0x4249, 0x424A,
  0x4249, 0x4249, 0x4249, 0x4249, 0x4249, 0x4249, 0x424A, 0x4249, 0x4249, 0x4249, 0x424A, 0x4249,
  0x4249, 0x4249, 0x4249, 0x4249, 0x4249, 0x4249, 0x4249, 0x4249, 0x4249, 0x424A, 0x4249, 0x4249,
  0x4249, 0x4249, 0x424A, 0x4249, 0x4249, 0x4249, 0x424A, 0x4249, 0x4249, 0x424A, 0x4249, 0x424A,
  0x4249, 0x31A7, 0x18E3, 0x18E3, 0x18A3, 0x10C3, 0x10A3, 0x10A2, 0x10A2, 0x10A2, 0x10A3, 0x10C2,
  0x10A3, 0x18A3, 0x10A2, 0x10C3, 0x10A3, 0x18A3, 0x18C3, 0x18E3, 0x18C3, 0x18E3, 0x1903, 0x20E3,
  0x2103, 0x2124, 0x2124, 0x2944, 0x2965, 0x3185, 0x31A6, 0x39E6, 0x39E7, 0x4207, 0x4228, 0x4A28,
  0x4A48, 0x4228, 0x4227, 0x4207, 0x39C7, 0x39C6, 0x3185, 0x3185, 0x2965, 0x2925, 0x2124, 0x2124,
  0x2104, 0x18E3, 0x1903, 0x18C3, 0x18E3, 0x18C3, 0x18E2, 0x18A3, 0x10C2, 0x10A3, 0x10C2, 0x10A2,
  0x10A2, 0x10A2, 0x10A2, 0x10A2, 0x1082, 0x1082, 0x0882, 0x1083, 0x10A2, 0x10A2, 0x10C2, 0x10E3,
  0x18C3, 0x31C7, 0x4249, 0x4249, 0x424A, 0x4249, 0x4249, 0x424A, 0x4249, 0x4249, 0x4249, 0x4249,
  0x4249, 0x4249, 0x4249, 0x4249, 0x4249, 0x424A, 0x4249, 0x4249, 0x424A, 0x4249, 0x4249, 0x4249,
  0x4249, 0x4249, 0x424A, 0x4249, 0x4249, 0x4249, 0x4249, 0x424A, 0x4249, 0x4249, 0x424A, 0x424A,
  0x4249, 0x4249, 0x424A, 0x4249, 0x4249, 0x4249, 0x4249, 0x424A, 0x4249, 0x4249, 0x4249, 0x4249,
  0x4249, 0x4249, 0x4249, 0x424A, 0x424A, 0x4249, 0x4249, 0x4249, 0x4249, 0x424A, 0x4249, 0x4249,
  0x4249, 0x4249, 0x4249, 0x4249, 0x4249, 0x4249, 0x4249, 0x4249, 0x4249, 0x424A, 0x4249, 0x4249,
  0x424A, 0x4249, 0x4249, 0x4249, 0x424A, 0x4249, 0x4249, 0x4249, 0x4249, 0x4249, 0x4249, 0x4249,
  0x4249, 0x4249, 0x424A, 0x424A, 0x4249, 0x4249, 0x4249, 0x4249, 0x424A, 0x4249, 0x4249, 0x4249,
  0x424A, 0x424A, 0x4249, 0x4249, 0x4249, 0x4249, 0x4249, 0x424A, 0x4249, 0x4249, 0x424A, 0x4249,
  0x4249, 0x424A, 0x4249, 0x424A, 0x4249, 0x4249, 0x424A, 0x4249, 0x4249, 0x4249, 0x4249, 0x4249,
  0x424A, 0x4249, 0x4249, 0x4249, 0x4249, 0x4249, 0x4249, 0x4249, 0x424A, 0x4249, 0x4249, 0x4249,
  0x4249, 0x4249, 0x4249, 0x4249, 0x4249, 0x424A, 0x4249, 0x4249, 0x4249, 0x4249, 0x424A, 0x4249,
  0x4249, 0x4249, 0x4249, 0x424A, 0x4249, 0x424A, 0x4249, 0x4249, 0x4249, 0x4249, 0x4249, 0x424A,
  0x4249, 0x4249, 0x424A, 0x424A, 0x4249, 0x4249, 0x4249, 0x424A, 0x4249, 0x4249, 0x4249, 0x4249,
  0x4249, 0x4249, 0x4249, 0x424A, 0x4249, 0x4249, 0x4249, 0x4249, 0x424A, 0x4249, 0x4249, 0x4249,
  0x4249, 0x424A, 0x424A, 0x4249, 0x4249, 0x4249, 0x4249, 0x424A, 0x4249, 0x4249, 0x4249, 0x424A,
  0x4249, 0x4249, 0x4249, 0x424A, 0x424A, 0x424A, 0x4249, 0x4249, 0x4249, 0x424A, 0x4249, 0x4249,
  0x4249, 0x4249, 0x424A, 0x4249, 0x4249, 0x424A, 0x4249, 0x4249, 0x4249, 0x424A, 0x4249, 0x424A,
  0x4249, 0x424A, 0x4249, 0x4249, 0x4249, 0x4249, 0x424A, 0x4249, 0x4249, 0x424A, 0x4249, 0x4249,
  0x4249, 0x4249, 0x424A, 0x4249, 0x424A, 0x4249, 0x4249, 0x4249, 0x424A, 0x4249, 0x4249, 0x4249,
  0x4249, 0x4249, 0x424A, 0x4249, 0x4249, 0x4249, 0x4249, 0x424A, 0x4249, 0x31A7, 0x1904, 0x18E3,
  0x10C3, 0x18A2, 0x1083, 0x10C2, 0x1882, 0x1083, 0x1082, 0x10A2, 0x10A3, 0x10C3, 0x10A2, 0x18C3,
  0x10C3, 0x18E2, 0x18C3, 0x10C3, 0x18C3, 0x18E3, 0x20E4, 0x1903, 0x2104, 0x2104, 0x2124, 0x2945,
  0x2965, 0x3185, 0x31A6, 0x39C6, 0x4207, 0x4207, 0x4227, 0x4A28, 0x4A28, 0x4A28, 0x4207, 0x4207,
  0x39E6, 0x39C6, 0x3186, 0x3165, 0x2965, 0x2945, 0x2124, 0x2124, 0x2123, 0x20E4, 0x1903, 0x18E3,
  0x18E3, 0x18A3, 0x18A3, 0x18C2, 0x18C3, 0x10A3, 0x18A2, 0x10A2, 0x10A2, 0x1082, 0x10A2, 0x10A3,
  0x10A2, 0x1082, 0x10A2, 0x1082, 0x1082, 0x10A2, 0x10A2, 0x18C2, 0x18E3, 0x31E7, 0x4249, 0x4249,
  0x424A, 0x4249, 0x4249, 0x4249, 0x424A, 0x4249, 0x4249, 0x4249, 0x4249, 0x424A, 0x424A, 0x4249,
  0x4249, 0x4249, 0x4249, 0x4249, 0x4249, 0x4249, 0x4249, 0x424A, 0x4249, 0x4249, 0x4249, 0x4249,
  0x424A, 0x4249, 0x4249, 0x4249, 0x424A, 0x4249, 0x4249, 0x4249, 0x4249, 0x4249, 0x4249, 0x4249,
  0x424A, 0x4249, 0x4249, 0x4249, 0x4249, 0x424A, 0x4249, 0x4249, 0x424A, 0x4249, 0x4249, 0x4249,
  0x4249, 0x4249, 0x4249, 0x424A, 0x4249, 0x4249, 0x424A, 0x4249, 0x4249, 0x4249, 0x424A, 0x4249,
  0x4249, 0x4249, 0x424A, 0x4249, 0x4249, 0x4249, 0x4249, 0x4249, 0x4249, 0x424A, 0x4249, 0x4249,
  0x4249, 0x4249, 0x424A, 0x4249, 0x4249, 0x4249, 0x4249, 0x424A, 0x4249, 0x424A, 0x4249, 0x4249,
  0x4249, 0x4249, 0x4249, 0x424A, 0x4249, 0x4249, 0x424A, 0x424A, 0x4249, 0x4249, 0x4249, 0x424A,
  0x4249, 0x4249, 0x4249, 0x4249, 0x4249, 0x4249, 0x4249, 0x424A, 0x4249, 0x4249, 0x4249, 0x4249,
  0x424A, 0x4249, 0x4249, 0x4249, 0x4249, 0x424A, 0x424A, 0x4249, 0x4249, 0x4249, 0x4249, 0x424A,
  0x4249, 0x4249, 0x4249, 0x424A, 0x4249, 0x4249, 0x4249, 0x424A, 0x424A, 0x4249, 0x4249, 0x4249,
  0x424A, 0x4249, 0x4249, 0x424A, 0x4249, 0x4249, 0x424A, 0x4249, 0x4249, 0x424A, 0x4249, 0x4249,
  0x4249, 0x4249, 0x4249, 0x4249, 0x4249, 0x424A, 0x4249, 0x4249, 0x4249, 0x4249, 0x4249, 0x4249,
  0x4249, 0x4249, 0x4249, 0x4249, 0x424A, 0x4249, 0x4249, 0x424A, 0x4249, 0x424A, 0x4249, 0x4249,
  0x424A, 0x4249, 0x4249, 0x4249, 0x4249, 0x4249, 0x4249, 0x424A, 0x4249, 0x4249, 0x4249, 0x4249,
  0x4249, 0x424A, 0x4249, 0x424A, 0x4249, 0x4249, 0x424A, 0x4249, 0x4249, 0x4249, 0x4249, 0x4249,
  0x4249, 0x4249, 0x4249, 0x4249, 0x4249, 0x4249, 0x424A, 0x4249, 0x424A, 0x4249, 0x424A, 0x4249,
  0x4249, 0x424A, 0x4249, 0x424A, 0x4249, 0x4249, 0x4249, 0x4249, 0x4249, 0x4249, 0x4249, 0x4249,
  0x424A, 0x4249, 0x424A, 0x4249, 0x4249, 0x4249, 0x424A, 0x424A, 0x4249, 0x4249, 0x4249, 0x4249,
  0x424A, 0x4249, 0x4249, 0x4249, 0x4249, 0x424A, 0x4249, 0x4249, 0x424A, 0x424A, 0x4249, 0x4249,
  0x4249, 0x4249, 0x4249, 0x4249, 0x4249, 0x31A7, 0x18E3, 0x18C3, 0x10A3, 0x1083, 0x10A2, 0x10A2,
  0x10A3, 0x10A2, 0x10C3, 0x10A2, 0x10A2, 0x1882, 0x10C2, 0x10C3, 0x18A3, 0x18A3, 0x10C3, 0x18C2,
  0x18C3, 0x18E3, 0x18E3, 0x18E4, 0x20E3, 0x2124, 0x2144, 0x2944, 0x2965, 0x3186, 0x31A6, 0x39C6,
  0x39E7, 0x4207, 0x4227, 0x4A48, 0x4A28, 0x4228, 0x4207, 0x4207, 0x39E7, 0x39C6, 0x31A6, 0x3165,
  0x2965, 0x2944, 0x2124, 0x2124, 0x2103, 0x2104, 0x18E4, 0x18E3, 0x18C3, 0x10E3, 0x18C3, 0x10C2,
  0x18A2, 0x10C2, 0x18A2, 0x10C3, 0x1082, 0x1082, 0x1082, 0x1082, 0x10A2, 0x08A2, 0x10A2, 0x10A2,
  0x1082, 0x10A3, 0x18A2, 0x10A3, 0x1903, 0x39C7, 0x4249, 0x4249, 0x4249, 0x4249, 0x4249, 0x4249,
  0x424A, 0x4249, 0x4249, 0x424A, 0x4249, 0x4249, 0x4249, 0x4249, 0x4249, 0x424A, 0x4249, 0x4249,
  0x424A, 0x4249, 0x4249, 0x4249, 0x4249, 0x4249, 0x4249, 0x424A, 0x4249, 0x4249, 0x424A, 0x4249,
  0x4249, 0x424A, 0x4249, 0x4249, 0x4249, 0x424A, 0x4249, 0x424A, 0x4249, 0x4249, 0x4249, 0x4249,
  0x4249, 0x4249, 0x424A, 0x4249, 0x4249, 0x4249, 0x4249, 0x4249, 0x4249, 0x4249, 0x4249, 0x424A,
  0x4249, 0x4249, 0x4249, 0x4249, 0x424A, 0x4249, 0x4249, 0x424A, 0x4249, 0x424A, 0x4249, 0x4249,
  0x424A, 0x4249, 0x4249, 0x4249, 0x424A, 0x4249, 0x4249, 0x424A, 0x4249, 0x4249, 0x424A, 0x4249,
  0x4249, 0x424A, 0x4249, 0x4249, 0x4249, 0x4249, 0x4249, 0x4249, 0x4249, 0x424A, 0x4249, 0x4249,
  0x4249, 0x4249, 0x4249, 0x4249, 0x4249, 0x4249, 0x4249, 0x4249, 0x424A, 0x4249, 0x4249, 0x424A,
  0x4249, 0x424A, 0x4249, 0x4249, 0x424A, 0x4249, 0x4249, 0x4249, 0x4249, 0x4249, 0x4249, 0x424A,
  0x4249, 0x4249, 0x4249, 0x4249, 0x4249, 0x424A, 0x4249, 0x424A, 0x4249, 0x4249, 0x424A, 0x4249,
  0x4249, 0x4249, 0x4249, 0x4249, 0x4249, 0x4249, 0x424A, 0x4249, 0x424A, 0x4249, 0x4249, 0x4249,
  0x4249, 0x4249, 0x4249, 0x4249, 0x4249, 0x4249, 0x4249, 0x424A, 0x4249, 0x4249, 0x424A, 0x4249,
  0x4249, 0x424A, 0x4249, 0x4249, 0x424A, 0x4249, 0x4249, 0x4249, 0x4249, 0x424A, 0x4249, 0x4249,
  0x4249, 0x424A, 0x4249, 0x4249, 0x4249, 0x4249, 0x424A, 0x4249, 0x4249, 0x4249, 0x4249, 0x4249,
  0x424A, 0x4249, 0x4249, 0x424A, 0x4249, 0x4249, 0x424A, 0x4249, 0x4249, 0x4249, 0x4249, 0x4249,
  0x4249, 0x4249, 0x4249, 0x4249, 0x4249, 0x424A, 0x4249, 0x4249, 0x4249, 0x4249, 0x424A, 0x4249,
  0x4249, 0x4249, 0x4249, 0x4249, 0x4249, 0x4249, 0x4249, 0x4249, 0x4249, 0x424A, 0x4249, 0x4249,
  0x4249, 0x4249, 0x4249, 0x424A, 0x4249, 0x4249, 0x424A, 0x4249, 0x4249, 0x4249, 0x4249, 0x4249,
  0x4249, 0x424A, 0x4249, 0x4249, 0x4249, 0x4249, 0x424A, 0x4249, 0x4249, 0x4249, 0x4249, 0x4249,
  0x4249, 0x424A, 0x4249, 0x4249, 0x4249, 0x4249, 0x4249, 0x4249, 0x424A, 0x4249, 0x424A, 0x4249,
  0x4249, 0x31C7, 0x1903, 0x18C3, 0x10C3, 0x10A2, 0x18A2, 0x10C2, 0x1083, 0x10A2, 0x10C2, 0x10A3,
  0x10A2, 0x10A3, 0x10A2, 0x18A3, 0x10A3, 0x10C3, 0x18C3, 0x18C3, 0x18C3, 0x18E3, 0x20E3, 0x18E3,
  0x2104, 0x2124, 0x2124, 0x2945, 0x2965, 0x3185, 0x31A6, 0x39E6, 0x41E7, 0x4207, 0x4228, 0x4228,
  0x4248, 0x4A28, 0x4207, 0x4207, 0x39C6, 0x39A6, 0x31A6, 0x2985, 0x2945, 0x2944, 0x2944, 0x2104,
  0x2103, 0x20E3, 0x18E3, 0x18C3, 0x18C3, 0x18A3, 0x18C3, 0x10A3, 0x10A3, 0x10C3, 0x18A2, 0x10C2,
  0x18A2, 0x10A2, 0x10A2, 0x08A2, 0x1082, 0x1062, 0x1082, 0x1082, 0x10A2, 0x10C3, 0x10A3, 0x10E3,
  0x18E3, 0x31C7, 0x424A, 0x4249, 0x4249, 0x4249, 0x4249, 0x424A, 0x4249, 0x4249, 0x4249, 0x4249,
  0x4249, 0x4249, 0x424A, 0x4249, 0x4249, 0x424A, 0x4249, 0x4249, 0x4249, 0x4249, 0x4249, 0x424A,
  0x4249, 0x424A, 0x424A, 0x4249, 0x4249, 0x424A, 0x4249, 0x4249, 0x4249, 0x424A, 0x4249, 0x4249,
  0x4249, 0x4249, 0x4249, 0x4249, 0x4249, 0x424A, 0x4249, 0x424A, 0x4249, 0x4249, 0x4249, 0x4249,
  0x424A, 0x4249, 0x4249, 0x424A, 0x424A, 0x4249, 0x4249, 0x4249, 0x4249, 0x4249, 0x424A, 0x4249,
  0x424A, 0x4249, 0x4249, 0x4249, 0x4249, 0x4249, 0x4249, 0x4249, 0x4249, 0x4249, 0x424A, 0x4249,
  0x424A, 0x4249, 0x4249, 0x4249, 0x4249, 0x4249, 0x4249, 0x4249, 0x4249, 0x4249, 0x4249, 0x424A,
  0x4249, 0x4249, 0x424A, 0x4249, 0x4249, 0x424A, 0x4249, 0x4249, 0x424A, 0x4249, 0x4249, 0x4249,
  0x4249, 0x424A, 0x4249, 0x4249, 0x4249, 0x424A, 0x4249, 0x4249, 0x4249, 0x4249, 0x424A, 0x4249,
  0x4249, 0x4249, 0x4249, 0x4249, 0x424A, 0x4249, 0x4249, 0x424A, 0x4249, 0x4249, 0x424A, 0x4249,
  0x4249, 0x4249, 0x4249, 0x4249, 0x4249, 0x4249, 0x4249, 0x4249, 0x4249, 0x424A, 0x4249, 0x4249,
  0x424A, 0x4249, 0x4249, 0x4249, 0x4249, 0x4249, 0x4249, 0x4249, 0x424A, 0x4249, 0x4249, 0x4249,
  0x424A, 0x4249, 0x424A, 0x4249, 0x4249, 0x4249, 0x4249, 0x4249, 0x4249, 0x4249, 0x4249, 0x4249,
  0x4249, 0x4249, 0x4249, 0x4249, 0x4249, 0x424A, 0x4249, 0x4249, 0x4249, 0x424A, 0x4249, 0x4249,
  0x4249, 0x4249, 0x4249, 0x4249, 0x4249, 0x424A, 0x4249, 0x424A, 0x4249, 0x4249, 0x4249, 0x4249,
  0x4249, 0x4249, 0x4249, 0x4249, 0x424A, 0x4249, 0x424A, 0x424A, 0x4249, 0x4249, 0x424A, 0x4249,
  0x4249, 0x424A, 0x4249, 0x424A, 0x4249, 0x4249, 0x4249, 0x4249, 0x4249, 0x424A, 0x4249, 0x4249,
  0x4249, 0x4249, 0x4249, 0x4249, 0x4249, 0x4249, 0x4249, 0x4249, 0x4249, 0x424A, 0x424A, 0x4249,
  0x4249, 0x424A, 0x4249, 0x4249, 0x424A, 0x4249, 0x424A, 0x4249, 0x4249, 0x4249, 0x4249, 0x4249,
  0x4249, 0x4249, 0x4249, 0x4249, 0x4249, 0x4249, 0x424A, 0x424A, 0x4249, 0x4249, 0x424A, 0x4249,
  0x4249, 0x424A, 0x4249, 0x4249, 0x4249, 0x4249, 0x4249, 0x4249, 0x4249, 0x31A7, 0x18E3, 0x18E3,
  0x18A3, 0x10C2, 0x10A2, 0x10C3, 0x10A2, 0x10A2, 0x1083, 0x1082, 0x10C2, 0x1083, 0x10A3, 0x10A3,
  0x10C2, 0x18A3, 0x18A3, 0x18E3, 0x18E3, 0x18E3, 0x18E3, 0x2104, 0x2124, 0x2124, 0x2124, 0x2945,
  0x2965, 0x3185, 0x31A6, 0x39C7, 0x39E7, 0x4227, 0x4228, 0x4228, 0x4A28, 0x4227, 0x4227, 0x41E7,
  0x39E7, 0x39C6, 0x31A6, 0x2965, 0x2945, 0x2945, 0x2124, 0x2104, 0x2104, 0x1903, 0x20E3, 0x18E3,
  0x18E3, 0x18C3, 0x18C2, 0x10C3, 0x10A2, 0x18C3, 0x10A2, 0x10A3, 0x1083, 0x10C2, 0x10A2, 0x1082,
  0x1082, 0x1082, 0x08A2, 0x1062, 0x10A2, 0x1882, 0x10C2, 0x10A2, 0x18E3, 0x39C7, 0x4249, 0x4249,
  0x424A, 0x424A, 0x4249, 0x4249, 0x4249, 0x4249, 0x424A, 0x4249, 0x4249, 0x4249, 0x4249, 0x4249,
  0x4249, 0x4249, 0x4249, 0x4249, 0x424A, 0x424A, 0x4249, 0x4249, 0x4249, 0x424A, 0x4249, 0x4249,
  0x4249, 0x4249, 0x4249, 0x4249, 0x4249, 0x4249, 0x4249, 0x424A, 0x4249, 0x424A, 0x4249, 0x4249,
  0x4249, 0x4249, 0x4249, 0x4249, 0x4249, 0x424A, 0x4249, 0x4249, 0x4249, 0x424A, 0x4249, 0x4249,
  0x4249, 0x424A, 0x4249, 0x4249, 0x424A, 0x4249, 0x4249, 0x4249, 0x4249, 0x4249, 0x4249, 0x4249,
  0x4249, 0x424A, 0x4249, 0x4249, 0x424A, 0x4249, 0x4249, 0x4249, 0x4249, 0x4249, 0x4249, 0x4249,
  0x424A, 0x4249, 0x4249, 0x4249, 0x424A, 0x4249, 0x424A, 0x4249, 0x4249, 0x4249, 0x4249, 0x4249,
  0x4249, 0x4249, 0x4249, 0x4249, 0x4249, 0x4249, 0x4249, 0x4249, 0x4249, 0x424A, 0x4249, 0x4249,
  0x4249, 0x424A, 0x4249, 0x4249, 0x4249, 0x4249, 0x4249, 0x4249, 0x4249, 0x424A, 0x4249, 0x424A,
  0x4249, 0x4249, 0x4249, 0x4249, 0x4249, 0x4249, 0x4249, 0x4249, 0x424A, 0x4249, 0x424A, 0x424A,
  0x4249, 0x4249, 0x424A, 0x4249, 0x4249, 0x424A, 0x4249, 0x424A, 0x4249, 0x424A, 0x4249, 0x4249,
  0x4249, 0x424A, 0x4249, 0x4249, 0x4249, 0x424A, 0x4249, 0x4249, 0x4249, 0x4249, 0x4249, 0x4249,
  0x4249, 0x424A, 0x4249, 0x4249, 0x4249, 0x4249, 0x424A, 0x424A, 0x4249, 0x424A, 0x424A, 0x424A,
  0x4249, 0x4249, 0x424A, 0x4249, 0x4249, 0x4249, 0x4249, 0x4249, 0x424A, 0x4249, 0x424A, 0x4249,
  0x4249, 0x424A, 0x4249, 0x4249, 0x4249, 0x4249, 0x4249, 0x4249, 0x4249, 0x424A, 0x4249, 0x4249,
  0x4249, 0x4249, 0x4249, 0x4249, 0x4249, 0x4249, 0x424A, 0x4249, 0x4249, 0x4249, 0x4249, 0x4249,
  0x424A, 0x4249, 0x4249, 0x424A, 0x4249, 0x4249, 0x424A, 0x4249, 0x424A, 0x424A, 0x4249, 0x4249,
  0x424A, 0x4249, 0x4249, 0x424A, 0x4249, 0x4249, 0x4249, 0x4249, 0x4249, 0x4249, 0x4249, 0x4249,
  0x4249, 0x4249, 0x4249, 0x4249, 0x424A, 0x4249, 0x4249, 0x424A, 0x4249, 0x424A, 0x4249, 0x424A,
  0x4249, 0x4249, 0x4249, 0x4249, 0x4249, 0x4249, 0x4249, 0x4249, 0x4249, 0x424A, 0x4249, 0x4249,
  0x4249, 0x4249, 0x424A, 0x4249, 0x4249, 0x31A7, 0x1903, 0x18C3, 0x18C3, 0x10A3, 0x10A3, 0x10C2,
  0x10A2, 0x10A2, 0x10A2, 0x18A3, 0x10A2, 0x10C2, 0x18A2, 0x18C2, 0x10A2, 0x18C3, 0x18C2, 0x18C3,
  0x10C3, 0x18E3, 0x18E3, 0x18E4, 0x18E3, 0x2104, 0x2924, 0x2945, 0x2965, 0x3185, 0x31A6, 0x39C6,
  0x41E7, 0x4227, 0x4227, 0x4A28, 0x4A28, 0x4228, 0x4227, 0x4207, 0x39E7, 0x39A6, 0x3185, 0x2985,
  0x2965, 0x2944, 0x2124, 0x2124, 0x2104, 0x20E3, 0x18C3, 0x18E3, 0x18E3, 0x18C3, 0x18A3, 0x18C3,
  0x18A2, 0x1082, 0x10A2, 0x10C2, 0x1082, 0x10A2, 0x1082, 0x10A2, 0x10A2, 0x10A2, 0x1082, 0x1082,
  0x0882, 0x10A2, 0x18A3, 0x18C2, 0x2103, 0x31E8, 0x4249, 0x4249, 0x4249, 0x4249, 0x4249, 0x4249,
  0x4249, 0x424A, 0x4249, 0x424A, 0x424A, 0x4249, 0x424A, 0x4249, 0x424A, 0x424A, 0x4249, 0x4249,
  0x4249, 0x4249, 0x4249, 0x4249, 0x4249, 0x4249, 0x4249, 0x4249, 0x4249, 0x4249, 0x4249, 0x424A,
  0x424A, 0x4249, 0x4249, 0x4249, 0x4249, 0x4249, 0x4249, 0x424A, 0x4249, 0x4249, 0x4249, 0x4249,
  0x424A, 0x4249, 0x4249, 0x4249, 0x424A, 0x4249, 0x4249, 0x4249, 0x4249, 0x4249, 0x424A, 0x4249,
  0x4249, 0x4249, 0x424A, 0x4249, 0x4249, 0x424A, 0x424A, 0x4249, 0x4249, 0x424A, 0x424A, 0x4249,
  0x4249, 0x424A, 0x4249, 0x4249, 0x4249, 0x424A, 0x4249, 0x4249, 0x4249, 0x424A, 0x4249, 0x4249,
  0x4249, 0x4249, 0x4249, 0x4249, 0x4249, 0x424A, 0x4249, 0x4249, 0x4249, 0x4249, 0x424A, 0x424A,
  0x4249, 0x424A, 0x424A, 0x424A, 0x4249, 0x4249, 0x424A, 0x4249, 0x4249, 0x4249, 0x4249, 0x4249,
  0x424A, 0x4249, 0x424A, 0x4249, 0x4249, 0x424A, 0x4249, 0x4249, 0x4249, 0x4249, 0x4249, 0x4249,
  0x4249, 0x424A, 0x4249, 0x4249, 0x4249, 0x4249, 0x4249, 0x4249, 0x4249, 0x4249, 0x424A, 0x4249,
  0x4249, 0x4249, 0x4249, 0x4249, 0x4249, 0x4249, 0x4249, 0x4249, 0x4249, 0x4249, 0x4249, 0x4249,
  0x424A, 0x4249, 0x4249, 0x4249, 0x424A, 0x4249, 0x4249, 0x4249, 0x4249, 0x4249, 0x424A, 0x4249,
  0x4249, 0x424A, 0x4249, 0x4249, 0x4249, 0x4249, 0x4249, 0x4249, 0x4249, 0x4249, 0x4249, 0x4249,
  0x4249, 0x424A, 0x4249, 0x424A, 0x424A, 0x4249, 0x4249, 0x4249, 0x4249, 0x4249, 0x4249, 0x4249,
  0x424A, 0x424A, 0x4249, 0x4249, 0x4249, 0x424A, 0x4249, 0x424A, 0x4249, 0x4249, 0x424A, 0x4249,
  0x4249, 0x4249, 0x4249, 0x4249, 0x4249, 0x4249, 0x4249, 0x4249, 0x4249, 0x4249, 0x4249, 0x424A,
  0x4249, 0x4249, 0x4249, 0x4249, 0x4249, 0x4249, 0x4249, 0x4249, 0x424A, 0x4249, 0x4249, 0x4249,
  0x424A, 0x4249, 0x4249, 0x4249, 0x424A, 0x4249, 0x4249, 0x424A, 0x4249, 0x424A, 0x4249, 0x4249,
  0x4249, 0x4249, 0x424A, 0x4249, 0x4249, 0x4249, 0x4249, 0x424A, 0x4249, 0x424A, 0x424A, 0x4249,
  0x4249, 0x424A, 0x424A, 0x4249, 0x4249, 0x424A, 0x4249, 0x424A, 0x4249, 0x4249, 0x4249, 0x4249,
  0x4249, 0x31C7, 0x18E4, 0x18C3, 0x18A2, 0x10A3, 0x10A2, 0x1082, 0x1083, 0x10C2, 0x1083, 0x1082,
  0x10A3, 0x10A3, 0x10A2, 0x10C3, 0x10C3, 0x10A2, 0x10C3, 0x18A3, 0x18C3, 0x18E3, 0x1903, 0x2104,
  0x2104, 0x2124, 0x2144, 0x2944, 0x2945, 0x3185, 0x31A6, 0x39C6, 0x3A07, 0x4207, 0x4227, 0x4A48,
  0x4A28, 0x4227, 0x4207, 0x41E7, 0x39E6, 0x39A6, 0x31A6, 0x3165, 0x2965, 0x2924, 0x2124, 0x2124,
  0x1904, 0x2103, 0x18E3, 0x18C3, 0x18C3, 0x18C3, 0x10C2, 0x18C3, 0x10A3, 0x18C3, 0x10C2, 0x18A2,
  0x10A2, 0x10A2, 0x1082, 0x10A3, 0x08A2, 0x1082, 0x10A2, 0x10A2, 0x10A3, 0x10C2, 0x10A3, 0x18E2,
  0x18C3, 0x39C7, 0x4249, 0x4249, 0x4249, 0x424A, 0x424A, 0x4249, 0x4249, 0x4249, 0x4249, 0x4249,
  0x4249, 0x4249, 0x4249, 0x4249, 0x4249, 0x4249, 0x4249, 0x4249, 0x4249, 0x424A, 0x4249, 0x4249,
  0x4249, 0x4249, 0x4249, 0x4249, 0x424A, 0x424A, 0x4249, 0x4249, 0x4249, 0x4249, 0x4249, 0x424A,
  0x4249, 0x4249, 0x4249, 0x4249, 0x424A, 0x4249, 0x424A, 0x4249, 0x424A, 0x4249, 0x4249, 0x4249,
  0x4249, 0x4249, 0x4249, 0x4249, 0x4249, 0x424A, 0x4249, 0x4249, 0x424A, 0x4249, 0x4249, 0x4249,
  0x4249, 0x4249, 0x4249, 0x4249, 0x4249, 0x4249, 0x4249, 0x4249, 0x4249, 0x4249, 0x4249, 0x4249,
  0x4249, 0x4249, 0x4249, 0x4249, 0x424A, 0x4249, 0x4249, 0x4249, 0x424A, 0x4249, 0x4249, 0x4249,
  0x4249, 0x4249, 0x424A, 0x4249, 0x4249, 0x424A, 0x4249, 0x4249, 0x4249, 0x4249, 0x4249, 0x4249,
  0x4249, 0x4249, 0x4249, 0x4249, 0x4249, 0x424A, 0x4249, 0x424A, 0x424A, 0x4249, 0x4249, 0x4249,
  0x4249, 0x4249, 0x4249, 0x4249, 0x424A, 0x424A, 0x4249, 0x4249, 0x4249, 0x424A, 0x4249, 0x424A,
  0x4249, 0x4249, 0x424A, 0x4249, 0x4249, 0x4249, 0x4249, 0x4249, 0x4249, 0x4249, 0x4249, 0x4249,
  0x4249, 0x4249, 0x424A, 0x4249, 0x424A, 0x4249, 0x4249, 0x424A, 0x4249, 0x4249, 0x4249, 0x424A,
  0x4249, 0x4249, 0x4249, 0x424A, 0x424A, 0x4249, 0x4249, 0x4249, 0x424A, 0x4249, 0x4249, 0x4249,
  0x4249, 0x4249, 0x4249, 0x4249, 0x4249, 0x424A, 0x4249, 0x4249, 0x4249, 0x4249, 0x4249, 0x4249,
  0x4249, 0x4249, 0x4249, 0x4249, 0x4249, 0x424A, 0x4249, 0x4249, 0x4249, 0x4249, 0x4249, 0x4249,
  0x4249, 0x4249, 0x4249, 0x4249, 0x4249, 0x4249, 0x4249, 0x424A, 0x4249, 0x4249, 0x4249, 0x4249,
  0x424A, 0x424A, 0x424A, 0x4249, 0x4249, 0x4249, 0x4249, 0x4249, 0x424A, 0x4249, 0x424A, 0x4249,
  0x4249, 0x424A, 0x424A, 0x4249, 0x4249, 0x4249, 0x424A, 0x4249, 0x4249, 0x4249, 0x424A, 0x4249,
  0x4249, 0x4249, 0x4249, 0x4249, 0x4249, 0x4249, 0x4249, 0x424A, 0x4249, 0x4249, 0x4249, 0x424A,
  0x4249, 0x4249, 0x4249, 0x4249, 0x4249, 0x4249, 0x4249, 0x4249, 0x4249, 0x4249, 0x4249, 0x4249,
  0x4249, 0x4249, 0x4249, 0x4249, 0x4249, 0x424A, 0x424A, 0x4249, 0x4249, 0x31C7, 0x18E3, 0x18C3,
  0x18C3, 0x10C2, 0x1882, 0x10A3, 0x10A2, 0x10A2, 0x10A2, 0x10A3, 0x18A3, 0x10C2, 0x18A3, 0x10A2,
  0x18A3, 0x18C3, 0x18C3, 0x10C3, 0x18C3, 0x18E3, 0x18E3, 0x20E3, 0x20E4, 0x2104, 0x2144, 0x2945,
  0x2965, 0x3185, 0x31A6, 0x39C6, 0x41E7, 0x4207, 0x4228, 0x4248, 0x4A48, 0x4228, 0x4227, 0x4207,
  0x39C7, 0x39C6, 0x31A6, 0x2985, 0x2945, 0x2144, 0x2924, 0x2124, 0x2103, 0x2103, 0x2104, 0x18E3,
  0x18C3, 0x10E3, 0x18E3, 0x10C2, 0x18C2, 0x18A3, 0x10A3, 0x18A2, 0x10A3, 0x10C2, 0x10A2, 0x1062,
  0x1082, 0x10A2, 0x10A2, 0x0882, 0x10C2, 0x10A2, 0x10C2, 0x18C3, 0x18E3, 0x39C7, 0x4249, 0x4249,
  0x4249, 0x4249, 0x4249, 0x4249, 0x424A, 0x4249, 0x4249, 0x4249, 0x4249, 0x4249, 0x4249, 0x4249,
  0x4249, 0x4249, 0x4249, 0x424A, 0x4249, 0x4249, 0x4249, 0x424A, 0x4249, 0x424A, 0x4249, 0x424A,
  0x4249, 0x4249, 0x4249, 0x4249, 0x424A, 0x4249, 0x4249, 0x4249, 0x4249, 0x4249, 0x424A, 0x424A,
  0x4249, 0x4249, 0x4249, 0x4249, 0x4249, 0x4249, 0x4249, 0x4249, 0x424A, 0x4249, 0x4249, 0x424A,
  0x4249, 0x4249, 0x424A, 0x4249, 0x4249, 0x4249, 0x4249, 0x424A, 0x4249, 0x4249, 0x4249, 0x424A,
  0x4249, 0x4249, 0x4249, 0x4249, 0x4249, 0x4249, 0x424A, 0x4249, 0x424A, 0x4249, 0x4249, 0x424A,
  0x4249, 0x4249, 0x4249, 0x424A, 0x4249, 0x4249, 0x4249, 0x424A, 0x424A, 0x4249, 0x4249, 0x4249,
  0x424A, 0x4249, 0x4249, 0x4249, 0x4249, 0x4249, 0x4249, 0x4249, 0x4249, 0x424A, 0x4249, 0x4249,
  0x4249, 0x4249, 0x4249, 0x4249, 0x4249, 0x4249, 0x4249, 0x4249, 0x4249, 0x424A, 0x4249, 0x4249,
  0x4249, 0x4249, 0x4249, 0x4249, 0x4249, 0x4249, 0x4249, 0x4249, 0x4249, 0x4249, 0x4249, 0x424A,
  0x4249, 0x4249, 0x4249, 0x4249, 0x424A, 0x424A, 0x424A, 0x4249, 0x424A, 0x4249, 0x424A, 0x4249,
  0x4249, 0x4249, 0x424A, 0x4249, 0x4249, 0x4249, 0x424A, 0x4249, 0x4249, 0x4249, 0x4249, 0x4249,
  0x4249, 0x4249, 0x4249, 0x4249, 0x424A, 0x4249, 0x4249, 0x4249, 0x424A, 0x424A, 0x424A, 0x4249,
  0x4249, 0x4249, 0x4249, 0x4249, 0x424A, 0x424A, 0x4249, 0x4249, 0x4249, 0x4249, 0x4249, 0x4249,
  0x4249, 0x424A, 0x4249, 0x4249, 0x4249, 0x4249, 0x4249, 0x424A, 0x424A, 0x4249, 0x4249, 0x4249,
  0x4249, 0x424A, 0x4249, 0x4249, 0x424A, 0x4249, 0x4249, 0x424A, 0x4249, 0x4249, 0x4249, 0x4249,
  0x4249, 0x424A, 0x4249, 0x4249, 0x4249, 0x4249, 0x4249, 0x4249, 0x4249, 0x4249, 0x4249, 0x4249,
  0x4249, 0x4249, 0x4249, 0x424A, 0x4249, 0x4249, 0x4249, 0x4249, 0x4249, 0x4249, 0x4249, 0x4249,
  0x4249, 0x424A, 0x4249, 0x4249, 0x4249, 0x424A, 0x4249, 0x4249, 0x424A, 0x424A, 0x4249, 0x4249,
  0x424A, 0x4249, 0x4249, 0x4249, 0x4249, 0x424A, 0x4249, 0x4249, 0x4249, 0x4249, 0x4249, 0x424A,
  0x424A, 0x4249, 0x4249, 0x4249, 0x4249, 0x31C7, 0x20E3, 0x18E3, 0x10E2, 0x10A3, 0x10A2, 0x10C3,
  0x10C3, 0x1882, 0x1082, 0x10C2, 0x10A2, 0x10C2, 0x10C3, 0x10A2, 0x10A3, 0x10C3, 0x18C3, 0x18E3,
  0x18C3, 0x18E3, 0x1904, 0x1903, 0x2104, 0x2124, 0x2124, 0x2945, 0x2965, 0x3185, 0x31A6, 0x39C6,
  0x3A07, 0x4207, 0x4228, 0x4A28, 0x4A28, 0x4228, 0x4227, 0x4207, 0x39E6, 0x39A6, 0x31A6, 0x2965,
  0x2965, 0x2924, 0x2124, 0x2104, 0x2104, 0x1904, 0x18E3, 0x18E3, 0x18C3, 0x18E3, 0x18C3, 0x10A3,
  0x10C2, 0x10A3, 0x10C2, 0x1082, 0x10A2, 0x10A2, 0x1082, 0x1082, 0x10A2, 0x1082, 0x1082, 0x10A2,
  0x10A2, 0x10A3, 0x1882, 0x18C2, 0x18C3, 0x31E7, 0x424A, 0x4249, 0x4249, 0x4249, 0x4249, 0x4249,
  0x4249, 0x4249, 0x424A, 0x4249, 0x4249, 0x424A, 0x424A, 0x424A, 0x4249, 0x4249, 0x4249, 0x4249,
  0x4249, 0x4249, 0x424A, 0x4249, 0x4249, 0x424A, 0x4249, 0x4249, 0x4249, 0x4249, 0x4249, 0x424A,
  0x4249, 0x4249, 0x4249, 0x4249, 0x4249, 0x424A, 0x4249, 0x4249, 0x4249, 0x4249, 0x4249, 0x4249,
  0x4249, 0x4249, 0x4249, 0x4249, 0x4249, 0x4249, 0x424A, 0x4249, 0x4249, 0x4249, 0x4249, 0x4249,
  0x4249, 0x424A, 0x4249, 0x4249, 0x424A, 0x424A, 0x4249, 0x4249, 0x424A, 0x4249, 0x424A, 0x4249,
  0x424A, 0x4249, 0x424A, 0x4249, 0x4249, 0x4249, 0x424A, 0x4249, 0x4249, 0x4249, 0x424A, 0x4249,
  0x4249, 0x4249, 0x4249, 0x4249, 0x4249, 0x4249, 0x4249, 0x4249, 0x424A, 0x4249, 0x4249, 0x4249,
  0x424A, 0x424A, 0x424A, 0x4249, 0x4249, 0x4249, 0x4249, 0x4249, 0x424A, 0x424A, 0x4249, 0x4249,
  0x4249, 0x4249, 0x4249, 0x4249, 0x4249, 0x424A, 0x4249, 0x4249, 0x4249, 0x4249, 0x4249, 0x424A,
  0x424A, 0x4249, 0x4249, 0x4249, 0x4249, 0x424A, 0x4249, 0x4249, 0x424A, 0x4249, 0x4249, 0x424A,
  0x4249, 0x4249, 0x4249, 0x4249, 0x4249, 0x4249, 0x4249, 0x4249, 0x4249, 0x4249, 0x4249, 0x4249,
  0x424A, 0x4249, 0x4249, 0x4249, 0x4249, 0x4249, 0x424A, 0x4249, 0x4249, 0x424A, 0x4249, 0x4249,
  0x4249, 0x4249, 0x424A, 0x4249, 0x4249, 0x4249, 0x4249, 0x4249, 0x424A, 0x4249, 0x4249, 0x4249,
  0x424A, 0x4249, 0x4249, 0x4249, 0x4249, 0x424A, 0x424A, 0x4249, 0x4249, 0x424A, 0x4249, 0x4249,
  0x424A, 0x4249, 0x4249, 0x4249, 0x4249, 0x424A, 0x4249, 0x424A, 0x4249, 0x4249, 0x4249, 0x4249,
  0x424A, 0x4249, 0x4249, 0x4249, 0x4249, 0x4249, 0x4249, 0x4249, 0x424A, 0x4249, 0x4249, 0x424A,
  0x4249, 0x4249, 0x4249, 0x424A, 0x4249, 0x4249, 0x424A, 0x4249, 0x4249, 0x424A, 0x4249, 0x4249,
  0x4249, 0x4249, 0x4249, 0x4249, 0x424A, 0x424A, 0x4249, 0x4249, 0x424A, 0x4249, 0x4249, 0x424A,
  0x4249, 0x424A, 0x4249, 0x4249, 0x4249, 0x4249, 0x4249, 0x4249, 0x4249, 0x4249, 0x424A, 0x424A,
  0x4249, 0x4249, 0x424A, 0x4249, 0x424A, 0x4249, 0x4249, 0x4249, 0x4249, 0x4249, 0x4249, 0x424A,
  0x424A, 0x31A7, 0x18E3, 0x18E3, 0x18A3, 0x10A2, 0x10A2, 0x10A2, 0x10A2, 0x10A2, 0x10A3, 0x10A2,
  0x1082, 0x10A3, 0x10A3, 0x10A3, 0x18C2, 0x18A3, 0x18A3, 0x10C3, 0x18C3, 0x18C3, 0x18E3, 0x2103,
  0x2124, 0x2124, 0x2124, 0x2964, 0x2965, 0x3185, 0x31A6, 0x39C6, 0x39E7, 0x4227, 0x4227, 0x4A28,
  0x4A48, 0x4228, 0x4227, 0x41E7, 0x39E6, 0x39C6, 0x3186, 0x3185, 0x2965, 0x2944, 0x2124, 0x2104,
  0x2104, 0x18E3, 0x20E3, 0x18E3, 0x18E3, 0x18C2, 0x18C2, 0x18A3, 0x18A2, 0x10C3, 0x10C2, 0x10A2,
  0x1883, 0x1082, 0x10A2, 0x10A3, 0x1082, 0x10A2, 0x10A2, 0x1082, 0x10A2, 0x1082, 0x10C3, 0x18C2,
  0x18E3, 0x39C7, 0x4249, 0x424A, 0x424A, 0x4249, 0x424A, 0x4249, 0x4249, 0x4249, 0x4249, 0x4249,
  0x424A, 0x4249, 0x4249, 0x4249, 0x4249, 0x424A, 0x4249, 0x424A, 0x424A, 0x4249, 0x4249, 0x4249,
  0x4249, 0x4249, 0x4249, 0x424A, 0x4249, 0x4249, 0x4249, 0x4249, 0x4249, 0x4249, 0x4249, 0x424A,
  0x4249, 0x4249, 0x4249, 0x4249, 0x4249, 0x424A, 0x4249, 0x424A, 0x4249, 0x424A, 0x424A, 0x4249,
  0x4249, 0x424A, 0x4249, 0x4249, 0x424A, 0x4249, 0x4249, 0x424A, 0x4249, 0x4249, 0x4249, 0x4249,
  0x4249, 0x4249, 0x4249, 0x4249, 0x424A, 0x4249, 0x4249, 0x4249, 0x4249, 0x4249, 0x4249, 0x4249,
  0x4249, 0x4249, 0x4249, 0x4249, 0x424A, 0x4249, 0x4249, 0x4249, 0x4249, 0x4249, 0x424A, 0x4249,
  0x4249, 0x424A, 0x4249, 0x4249, 0x4249, 0x4249, 0x424A, 0x4249, 0x4249, 0x4249, 0x4249, 0x4249,
  0x424A, 0x4249, 0x4249, 0x4249, 0x424A, 0x4249, 0x4249, 0x4249, 0x4249, 0x424A, 0x424A, 0x4249,
  0x4249, 0x424A, 0x4249, 0x4249, 0x424A, 0x4249, 0x4249, 0x4249, 0x4249, 0x424A, 0x4249, 0x424A,
  0x4249, 0x4249, 0x4249, 0x4249, 0x424A, 0x4249, 0x4249, 0x4249, 0x4249, 0x4249, 0x4249, 0x4249,
  0x4249, 0x424A, 0x4249, 0x4249, 0x424A, 0x4249, 0x4249, 0x4249, 0x4249, 0x4249, 0x4249, 0x424A,
  0x424A, 0x4249, 0x4249, 0x424A, 0x4249, 0x4249, 0x4249, 0x4249, 0x4249, 0x4249, 0x4249, 0x4249,
  0x4249, 0x424A, 0x4249, 0x4249, 0x424A, 0x4249, 0x4249, 0x424A, 0x4249, 0x4249, 0x4249, 0x424A,
  0x4249, 0x4249, 0x4249, 0x4249, 0x4249, 0x4249, 0x4249, 0x4249, 0x4249, 0x424A, 0x4249, 0x4249,
  0x4249, 0x4249, 0x4249, 0x4249, 0x424A, 0x424A, 0x4249, 0x4249, 0x4249, 0x4249, 0x4249, 0x424A,
  0x4249, 0x424A, 0x4249, 0x4249, 0x4249, 0x4249, 0x4249, 0x4249, 0x4249, 0x424A, 0x4249, 0x4249,
  0x4249, 0x4249, 0x4249, 0x424A, 0x424A, 0x4249, 0x4249, 0x4249, 0x424A, 0x4249, 0x424A, 0x4249,
  0x4249, 0x4249, 0x424A, 0x4249, 0x4249, 0x4249, 0x4249, 0x4249, 0x4249, 0x4249, 0x4249, 0x4249,
  0x4249, 0x4249, 0x424A, 0x424A, 0x4249, 0x4249, 0x4249, 0x4249, 0x4249, 0x4249, 0x4249, 0x424A,
  0x4249, 0x4249, 0x424A, 0x4249, 0x4249, 0x4249, 0x4249, 0x4249, 0x4249, 0x31A7, 0x18E4, 0x18C3,
  0x18C3, 0x18C3, 0x10A3, 0x1082, 0x1082, 0x10A3, 0x10A3, 0x10C3, 0x10A2, 0x1083, 0x18C2, 0x10C3,
  0x10C3, 0x18A3, 0x10C2, 0x18E3, 0x18C3, 0x18E3, 0x18E3, 0x18E4, 0x18E3, 0x2124, 0x2924, 0x2944,
  0x2965, 0x3185, 0x31A6, 0x39C6, 0x41E7, 0x4207, 0x4228, 0x4A48, 0x4A48, 0x4228, 0x4207, 0x4207,
  0x39E7, 0x39C6, 0x3186, 0x3185, 0x2965, 0x2944, 0x2124, 0x2124, 0x20E3, 0x2104, 0x20E3, 0x18E3,
  0x18E3, 0x18C3, 0x18C3, 0x10C2, 0x18A2, 0x10C2, 0x10A3, 0x1882, 0x10A2, 0x10A2, 0x10A2, 0x10A2,
  0x1062, 0x10A2, 0x1082, 0x10A2, 0x1083, 0x1082, 0x10A2, 0x18A3, 0x18E3, 0x31C8, 0x4249, 0x4249,
  0x4249, 0x4249, 0x4249, 0x4249, 0x4249, 0x4249, 0x424A, 0x4249, 0x4249, 0x4249, 0x4249, 0x4249,
  0x4249, 0x424A, 0x4249, 0x4249, 0x4249, 0x4249, 0x424A, 0x4249, 0x4249, 0x4249, 0x4249, 0x4249,
  0x4249, 0x424A, 0x424A, 0x4249, 0x4249, 0x424A, 0x4249, 0x4249, 0x4249, 0x424A, 0x4249, 0x4249,
  0x4249, 0x4249, 0x424A, 0x4249, 0x4249, 0x424A, 0x4249, 0x4249, 0x4249, 0x424A, 0x4249, 0x4249,
  0x4249, 0x424A, 0x4249, 0x424A, 0x4249, 0x4249, 0x4249, 0x4249, 0x4249, 0x424A, 0x4249, 0x4249,
  0x4249, 0x4249, 0x4249, 0x4249, 0x4249, 0x424A, 0x4249, 0x4249, 0x424A, 0x4249, 0x4249, 0x4249,
  0x4249, 0x4249, 0x4249, 0x424A, 0x424A, 0x4249, 0x4249, 0x424A, 0x4249, 0x4249, 0x4249, 0x4249,
  0x4249, 0x4249, 0x4249, 0x4249, 0x4249, 0x424A, 0x4249, 0x4249, 0x424A, 0x4249, 0x4249, 0x424A,
  0x4249, 0x4249, 0x4249, 0x424A, 0x4249, 0x4249, 0x4249, 0x4249, 0x4249, 0x4249, 0x4249, 0x4249,
  0x4249, 0x424A, 0x4249, 0x4249, 0x4249, 0x4249, 0x4249, 0x4249, 0x424A, 0x424A, 0x4249, 0x4249,
  0x4249, 0x4249, 0x4249, 0x424A, 0x4249, 0x424A, 0x4249, 0x4249, 0x4249, 0x4249, 0x4249, 0x424A,
  0x4249, 0x4249, 0x424A, 0x4249, 0x424A, 0x4249, 0x4249, 0x4249, 0x4249, 0x4249, 0x4249, 0x4249,
  0x4249, 0x4249, 0x4249, 0x424A, 0x424A, 0x4249, 0x4249, 0x4249, 0x4249, 0x4249, 0x4249, 0x4249,
  0x4249, 0x424A, 0x4249, 0x4249, 0x4249, 0x4249, 0x4249, 0x4249, 0x4249, 0x4249, 0x4249, 0x424A,
  0x4249, 0x4249, 0x4249, 0x4249, 0x4249, 0x424A, 0x424A, 0x4249, 0x4249, 0x424A, 0x4249, 0x4249,
  0x4249, 0x4249, 0x4249, 0x424A, 0x4249, 0x424A, 0x4249, 0x4249, 0x4249, 0x424A, 0x4249, 0x424A,
  0x4249, 0x4249, 0x424A, 0x4249, 0x4249, 0x4249, 0x424A, 0x4249, 0x4249, 0x424A, 0x4249, 0x4249,
  0x4249, 0x4249, 0x4249, 0x4249, 0x424A, 0x4249, 0x4249, 0x4249, 0x4249, 0x4249, 0x4249, 0x4249,
  0x4249, 0x4249, 0x4249, 0x424A, 0x4249, 0x4249, 0x424A, 0x4249, 0x4249, 0x424A, 0x4249, 0x4249,
  0x4249, 0x4249, 0x424A, 0x424A, 0x4249, 0x4249, 0x4249, 0x4249, 0x4249, 0x4249, 0x4249, 0x4249,
  0x424A, 0x4249, 0x4249, 0x4249, 0x4249, 0x31A7, 0x1903, 0x18C3, 0x18C3, 0x10A2, 0x10C3, 0x18A2,
  0x10A2, 0x10C2, 0x1082, 0x1082, 0x10A3, 0x18A2, 0x10A2, 0x10A3, 0x18A3, 0x18C2, 0x18A3, 0x18E3,
  0x10C3, 0x18C3, 0x18E3, 0x1903, 0x2104, 0x2124, 0x2924, 0x2944, 0x2965, 0x3186, 0x31A6, 0x39E6,
  0x41E7, 0x4207, 0x4227, 0x4A28, 0x4228, 0x4228, 0x4227, 0x41E7, 0x39E6, 0x39A6, 0x31A5, 0x2965,
  0x2945, 0x2944, 0x2144, 0x2104, 0x2104, 0x2103, 0x18E3, 0x18E3, 0x18C3, 0x18C3, 0x10E3, 0x10A3,
  0x18A3, 0x18A2, 0x1083, 0x10C2, 0x10A3, 0x10C2, 0x1082, 0x1082, 0x1082, 0x08A3, 0x1082, 0x10A2,
  0x10A2, 0x10A2, 0x10C2, 0x18C2, 0x1903, 0x39C7, 0x4249, 0x4249, 0x424A, 0x4249, 0x4249, 0x424A,
  0x424A, 0x4249, 0x4249, 0x424A, 0x4249, 0x424A, 0x4249, 0x4249, 0x4249, 0x4249, 0x4249, 0x4249,
  0x4249, 0x4249, 0x4249, 0x424A, 0x424A, 0x4249, 0x4249, 0x4249, 0x424A, 0x4249, 0x4249, 0x424A,
  0x4249, 0x424A, 0x4249, 0x4249, 0x4249, 0x424A, 0x424A, 0x4249, 0x424A, 0x4249, 0x4249, 0x4249,
  0x4249, 0x4249, 0x4249, 0x4249, 0x4249, 0x4249, 0x4249, 0x4249, 0x4249, 0x4249, 0x4249, 0x4249,
  0x424A, 0x4249, 0x424A, 0x4249, 0x4249, 0x424A, 0x4249, 0x4249, 0x4249, 0x4249, 0x4249, 0x424A,
  0x4249, 0x4249, 0x4249, 0x424A, 0x4249, 0x4249, 0x424A, 0x4249, 0x424A, 0x4249, 0x4249, 0x4249,
  0x4249, 0x4249, 0x4249, 0x4249, 0x4249, 0x4249, 0x4249, 0x424A, 0x424A, 0x4249, 0x4249, 0x4249,
  0x4249, 0x4249, 0x4249, 0x4249, 0x4249, 0x424A, 0x4249, 0x4249, 0x4249, 0x4249, 0x4249, 0x4249,
  0x4249, 0x4249, 0x4249, 0x424A, 0x4249, 0x4249, 0x4249, 0x4249, 0x4249, 0x424A, 0x424A, 0x4249,
  0x4249, 0x424A, 0x4249, 0x4249, 0x4249, 0x4249, 0x4249, 0x424A, 0x4249, 0x424A, 0x4249, 0x4249,
  0x4249, 0x424A, 0x4249, 0x424A, 0x4249, 0x424A, 0x4249, 0x4249, 0x4249, 0x424A, 0x4249, 0x4249,
  0x4249, 0x4249, 0x424A, 0x4249, 0x4249, 0x4249, 0x424A, 0x4249, 0x4249, 0x424A, 0x4249, 0x4249,
  0x4249, 0x4249, 0x424A, 0x4249, 0x424A, 0x4249, 0x4249, 0x424A, 0x4249, 0x4249, 0x4249, 0x4249,
  0x424A, 0x424A, 0x4249, 0x4249, 0x4249, 0x4249, 0x424A, 0x4249, 0x4249, 0x424A, 0x4249, 0x4249,
  0x4249, 0x4249, 0x4249, 0x4249, 0x4249, 0x4249, 0x4249, 0x4249, 0x4249, 0x4249, 0x4249, 0x424A,
  0x4249, 0x4249, 0x4249, 0x4249, 0x424A, 0x4249, 0x4249, 0x424A, 0x4249, 0x4249, 0x4249, 0x424A,
  0x4249, 0x4249, 0x4249, 0x4249, 0x4249, 0x424A, 0x4249, 0x4249, 0x4249, 0x4249, 0x424A, 0x4249,
  0x4249, 0x4249, 0x424A, 0x4249, 0x4249, 0x424A, 0x4249, 0x4249, 0x424A, 0x4249, 0x4249, 0x424A,
  0x4249, 0x4249, 0x424A, 0x4249, 0x424A, 0x4249, 0x4249, 0x4249, 0x424A, 0x4249, 0x4249, 0x4249,
  0x4249, 0x424A, 0x4249, 0x4249, 0x4249, 0x424A, 0x4249, 0x4249, 0x4249, 0x424A, 0x424A, 0x4249,
  0x4249, 0x31A7, 0x1904, 0x18C3, 0x18C3, 0x10A3, 0x10A2, 0x10C3, 0x1082, 0x10A2, 0x10A2, 0x10A3,
  0x10A2, 0x10C3, 0x18C2, 0x10C3, 0x10A3, 0x18C3, 0x10C3, 0x18C3, 0x18C3, 0x18E3, 0x18E3, 0x18E3,
  0x2104, 0x2104, 0x2124, 0x2945, 0x2965, 0x3185, 0x31A6, 0x39C6, 0x3A07, 0x4207, 0x4228, 0x4A48,
  0x4A28, 0x4227, 0x4227, 0x4207, 0x39E7, 0x39C6, 0x31A5, 0x2965, 0x2965, 0x2944, 0x2124, 0x2104,
  0x2123, 0x20E3, 0x18E3, 0x18E3, 0x18E3, 0x18A3, 0x18C3, 0x18C2, 0x10C3, 0x10A2, 0x10C2, 0x10A3,
  0x10A2, 0x1082, 0x10A2, 0x10A2, 0x1082, 0x1082, 0x10A2, 0x1082, 0x1082, 0x1082, 0x10A3, 0x18C3,
  0x18E3, 0x39C7, 0x4249, 0x4249, 0x4249, 0x4249, 0x4249, 0x4249, 0x4249, 0x4249, 0x4249, 0x4249,
  0x4249, 0x4249, 0x424A, 0x424A, 0x4249, 0x4249, 0x4249, 0x424A, 0x4249, 0x4249, 0x424A, 0x4249,
  0x4249, 0x4249, 0x424A, 0x4249, 0x424A, 0x4249, 0x4249, 0x4249, 0x4249, 0x4249, 0x4249, 0x4249,
  0x424A, 0x4249, 0x4249, 0x4249, 0x424A, 0x4249, 0x4249, 0x4249, 0x4249, 0x4249, 0x4249, 0x424A,
  0x424A, 0x4249, 0x4249, 0x424A, 0x4249, 0x4249, 0x4249, 0x4249, 0x4249, 0x4249, 0x424A, 0x4249,
  0x4249, 0x4249, 0x4249, 0x424A, 0x4249, 0x424A, 0x4249, 0x4249, 0x4249, 0x424A, 0x4249, 0x4249,
  0x4249, 0x424A, 0x4249, 0x4249, 0x4249, 0x4249, 0x424A, 0x4249, 0x4249, 0x4249, 0x424A, 0x4249,
  0x4249, 0x424A, 0x4249, 0x4249, 0x4249, 0x4249, 0x424A, 0x4249, 0x424A, 0x4249, 0x4249, 0x424A,
  0x4249, 0x4249, 0x4249, 0x4249, 0x424A, 0x424A, 0x4249, 0x4249, 0x4249, 0x4249, 0x424A, 0x4249,
  0x4249, 0x424A, 0x4249, 0x4249, 0x4249, 0x4249, 0x4249, 0x4249, 0x4249, 0x4249, 0x4249, 0x4249,
  0x4249, 0x4249, 0x4249, 0x424A, 0x4249, 0x4249, 0x4249, 0x4249, 0x424A, 0x4249, 0x4249, 0x424A,
  0x4249, 0x4249, 0x424A, 0x4249, 0x4249, 0x4249, 0x4249, 0x4249, 0x4249, 0x4249, 0x4249, 0x424A,
  0x4249, 0x4249, 0x4249, 0x4249, 0x4249, 0x4249, 0x4249, 0x4249, 0x4249, 0x4249, 0x4249, 0x4249,
  0x424A, 0x4249, 0x4249, 0x4249, 0x4249, 0x4249, 0x4249, 0x4249, 0x4249, 0x4249, 0x4249, 0x424A,
  0x424A, 0x4249, 0x424A, 0x4249, 0x4249, 0x4249, 0x424A, 0x4249, 0x424A, 0x4249, 0x4249, 0x4249,
  0x424A, 0x4249, 0x424A, 0x4249, 0x4249, 0x424A, 0x4249, 0x4249, 0x4249, 0x4249, 0x4249, 0x4249,
  0x4249, 0x4249, 0x4249, 0x4249, 0x424A, 0x4249, 0x4249, 0x4249, 0x424A, 0x4249, 0x4249, 0x4249,
  0x4249, 0x424A, 0x4249, 0x4249, 0x4249, 0x4249, 0x424A, 0x4249, 0x4249, 0x4249, 0x4249, 0x4249,
  0x424A, 0x4249, 0x4249, 0x4249, 0x4249, 0x4249, 0x424A, 0x4249, 0x4249, 0x4249, 0x4249, 0x4249,
  0x4249, 0x4249, 0x4249, 0x4249, 0x4249, 0x4249, 0x4249, 0x424A, 0x4249, 0x424A, 0x4249, 0x4249,
  0x424A, 0x4249, 0x424A, 0x4249, 0x4249, 0x4249, 0x4249, 0x4249, 0x4249, 0x31A7, 0x18E4, 0x18E3,
  0x10A2, 0x10C3, 0x1082, 0x10A2, 0x10A3, 0x10A2, 0x10C3, 0x1082, 0x10C3, 0x10A3, 0x10A2, 0x10A3,
  0x18C2, 0x18A3, 0x10C3, 0x10C3, 0x10C3, 0x18E3, 0x20E3, 0x2103, 0x1904, 0x2124, 0x2144, 0x2945,
  0x2965, 0x3185, 0x31A6, 0x39C6, 0x3A07, 0x4227, 0x4227, 0x4A28, 0x4A28, 0x4228, 0x4227, 0x4207,
  0x39C6, 0x39A6, 0x31A6, 0x3185, 0x2965, 0x2925, 0x2924, 0x2104, 0x2104, 0x2103, 0x1903, 0x18E3,
  0x18C3, 0x18C3, 0x10A3, 0x10A2, 0x18A3, 0x10C2, 0x10A2, 0x1082, 0x18C2, 0x10A3, 0x10A2, 0x10A2,
  0x1062, 0x08A2, 0x10A2, 0x1082, 0x1082, 0x10A2, 0x18C3, 0x10A3, 0x18E3, 0x39C7, 0x4249, 0x424A,
  0x4249, 0x4249, 0x424A, 0x4249, 0x4249, 0x4249, 0x424A, 0x4249, 0x4249, 0x4249, 0x4249, 0x4249,
  0x4249, 0x424A, 0x4249, 0x4249, 0x4249, 0x4249, 0x4249, 0x4249, 0x4249, 0x4249, 0x4249, 0x4249,
  0x4249, 0x4249, 0x4249, 0x4249, 0x4249, 0x424A, 0x4249, 0x4249, 0x4249, 0x4249, 0x4249, 0x4249,
  0x4249, 0x4249, 0x4249, 0x424A, 0x4249, 0x4249, 0x424A, 0x4249, 0x4249, 0x4249, 0x4249, 0x4249,
  0x424A, 0x424A, 0x4249, 0x4249, 0x4249, 0x4249, 0x4249, 0x4249, 0x4249, 0x4249, 0x4249, 0x4249,
  0x4249, 0x424A, 0x4249, 0x4249, 0x4249, 0x4249, 0x424A, 0x4249, 0x4249, 0x4249, 0x4249, 0x4249,
  0x4249, 0x4249, 0x4249, 0x424A, 0x4249, 0x4249, 0x4249, 0x4249, 0x4249, 0x4249, 0x4249, 0x4249,
  0x4249, 0x4249, 0x4249, 0x4249, 0x424A, 0x4249, 0x4249, 0x4249, 0x4249, 0x4249, 0x4249, 0x4249,
  0x4249, 0x4249, 0x4249, 0x424A, 0x424A, 0x4249, 0x424A, 0x4249, 0x4249, 0x4249, 0x424A, 0x4249,
  0x424A, 0x4249, 0x4249, 0x4249, 0x424A, 0x4249, 0x424A, 0x4249, 0x4249, 0x424A, 0x4249, 0x4249,
  0x4249, 0x4249, 0x4249, 0x4249, 0x4249, 0x4249, 0x4249, 0x4249, 0x4249, 0x4249, 0x424A, 0x4249,
  0x4249, 0x4249, 0x424A, 0x4249, 0x4249, 0x424A, 0x4249, 0x4249, 0x424A, 0x4249, 0x4249, 0x424A,
  0x4249, 0x4249, 0x424A, 0x4249, 0x4249, 0x4249, 0x424A, 0x4249, 0x4249, 0x4249, 0x4249, 0x424A,
  0x4249, 0x4249, 0x424A, 0x4249, 0x424A, 0x4249, 0x424A, 0x4249, 0x4249, 0x4249, 0x4249, 0x4249,
  0x4249, 0x4249, 0x4249, 0x4249, 0x4249, 0x4249, 0x4249, 0x4249, 0x424A, 0x4249, 0x4249, 0x4249,
  0x424A, 0x4249, 0x4249, 0x4249, 0x4249, 0x424A, 0x4249, 0x424A, 0x4249, 0x4249, 0x4249, 0x4249,
  0x4249, 0x4249, 0x424A, 0x4249, 0x4249, 0x4249, 0x424A, 0x4249, 0x424A, 0x4249, 0x4249, 0x424A,
  0x4249, 0x4249, 0x424A, 0x4249, 0x4249, 0x4249, 0x424A, 0x4249, 0x4249, 0x4249, 0x4249, 0x424A,
  0x4249, 0x4249, 0x4249, 0x4249, 0x424A, 0x4249, 0x4249, 0x424A, 0x4249, 0x4249, 0x4249, 0x424A,
  0x424A, 0x4249, 0x4249, 0x4249, 0x4249, 0x424A, 0x4249, 0x4249, 0x4249, 0x4249, 0x424A, 0x4249,
  0x4249, 0x4249, 0x424A, 0x4249, 0x4249, 0x31A7, 0x2104, 0x18C3, 0x18A3, 0x10A2, 0x10A2, 0x0882,
  0x1082, 0x10C2, 0x1082, 0x08A2, 0x10A2, 0x1082, 0x10A2, 0x10C3, 0x10A2, 0x10A3, 0x18A2, 0x18A2,
  0x18C3, 0x18C3, 0x18C3, 0x18C3, 0x18E3, 0x1904, 0x2124, 0x2924, 0x2944, 0x2965, 0x3185, 0x31A6,
  0x39C6, 0x39E6, 0x41E7, 0x4207, 0x4207, 0x4207, 0x39E7, 0x39C6, 0x39A6, 0x31A6, 0x2985, 0x2945,
  0x2944, 0x2144, 0x2104, 0x2104, 0x2103, 0x18E3, 0x18C3, 0x18C3, 0x18C2, 0x10C3, 0x10A2, 0x18A3,
  0x18C2, 0x10C2, 0x10A2, 0x1882, 0x1082, 0x1082, 0x10A2, 0x0882, 0x1081, 0x10A2, 0x10A2, 0x10A2,
  0x10A2, 0x10A2, 0x18A2, 0x18C3, 0x18E3, 0x39E7, 0x4249, 0x4249, 0x4249, 0x4249, 0x4249, 0x4249,
  0x4249, 0x424A, 0x4249, 0x4249, 0x424A, 0x424A, 0x4249, 0x4249, 0x4249, 0x4249, 0x4249, 0x424A,
  0x4249, 0x4249, 0x424A, 0x4249, 0x4249, 0x424A, 0x4249, 0x4249, 0x4249, 0x4249, 0x424A, 0x4249,
  0x424A, 0x4249, 0x4249, 0x424A, 0x4249, 0x4249, 0x4249, 0x424A, 0x4249, 0x424A, 0x4249, 0x4249,
  0x424A, 0x4249, 0x4249, 0x4249, 0x424A, 0x4249, 0x4249, 0x4249, 0x4249, 0x424A, 0x4249, 0x424A,
  0x4249, 0x424A, 0x4249, 0x4249, 0x424A, 0x4249, 0x424A, 0x4249, 0x4249, 0x4249, 0x424A, 0x4249,
  0x4249, 0x4249, 0x424A, 0x4249, 0x4249, 0x4249, 0x424A, 0x4249, 0x4249, 0x424A, 0x4249, 0x4249,
  0x424A, 0x4249, 0x4249, 0x424A, 0x4249, 0x4249, 0x424A, 0x4249, 0x4249, 0x4249, 0x424A, 0x4249,
  0x4249, 0x4249, 0x4249, 0x424A, 0x4249, 0x4249, 0x424A, 0x4249, 0x424A, 0x4249, 0x424A, 0x4249,
  0x4249, 0x4249, 0x4249, 0x4249, 0x4249, 0x4249, 0x4249, 0x4249, 0x4249, 0x4249, 0x4249, 0x4249,
  0x424A, 0x4249, 0x4249, 0x4249, 0x424A, 0x4249, 0x4249, 0x4249, 0x4249, 0x424A, 0x4249, 0x424A,
  0x4249, 0x4249, 0x4249, 0x4249, 0x4249, 0x424A, 0x4249, 0x4249, 0x424A, 0x4249, 0x4249, 0x424A,
  0x4249, 0x4249, 0x4249, 0x4249, 0x4249, 0x4249, 0x4249, 0x4249, 0x4249, 0x424A, 0x4249, 0x4249,
  0x424A, 0x4249, 0x4249, 0x424A, 0x4249, 0x424A, 0x4249, 0x424A, 0x4249, 0x4249, 0x424A, 0x4249,
  0x4249, 0x4249, 0x4249, 0x4249, 0x4249, 0x4249, 0x4249, 0x4249, 0x424A, 0x424A, 0x4249, 0x4249,
  0x4249, 0x424A, 0x4249, 0x424A, 0x4249, 0x4249, 0x4249, 0x4249, 0x424A, 0x4249, 0x4249, 0x4249,
  0x4249, 0x424A, 0x4249, 0x4249, 0x4249, 0x4249, 0x424A, 0x4249, 0x424A, 0x4249, 0x4249, 0x4249,
  0x4249, 0x4249, 0x424A, 0x4249, 0x4249, 0x4249, 0x4249, 0x4249, 0x424A, 0x4249, 0x4249, 0x4249,
  0x4249, 0x424A, 0x424A, 0x4249, 0x4249, 0x4249, 0x424A, 0x4249, 0x4249, 0x424A, 0x4249, 0x4249,
  0x424A, 0x4249, 0x4249, 0x4249, 0x4249, 0x424A, 0x4249, 0x4249, 0x4249, 0x4249, 0x424A, 0x4249,
  0x4249, 0x4249, 0x424A, 0x4249, 0x4249, 0x4249, 0x4249, 0x424A, 0x4249, 0x4249, 0x424A, 0x4249,
  0x4249, 0x4229, 0x39E8, 0x31A7, 0x2104, 0x18C3, 0x10E3, 0x10C3, 0x10C2, 0x10A2, 0x10A3, 0x10A2,
  0x10C3, 0x1082, 0x1083, 0x1082, 0x10C2, 0x10A3, 0x10A3, 0x10A3, 0x1082, 0x10A3, 0x10A3, 0x18C2,
  0x1082, 0x10C3, 0x18C2, 0x10A3, 0x18C3, 0x18C3, 0x18E3, 0x1904, 0x2103, 0x2104, 0x2104, 0x2124,
  0x2104, 0x2104, 0x2104, 0x2124, 0x2104, 0x1904, 0x18E3, 0x18E3, 0x18A3, 0x18C3, 0x18C3, 0x10A3,
  0x10C3, 0x10A3, 0x10C3, 0x10A2, 0x1083, 0x10A3, 0x10A3, 0x0883, 0x10A2, 0x1083, 0x10A2, 0x10A3,
  0x1083, 0x10A3, 0x10A3, 0x10A3, 0x10A3, 0x10C3, 0x18C4, 0x18C3, 0x10C4, 0x18C4, 0x18E4, 0x2965,
  0x39E8, 0x4229, 0x4249, 0x4249, 0x4249, 0x424A, 0x4249, 0x424A, 0x4249, 0x4249, 0x4249, 0x4249,
  0x4249, 0x4249, 0x424A, 0x4249, 0x4249, 0x4249, 0x4249, 0x424A, 0x4249, 0x424A, 0x4249, 0x4249,
  0x4249, 0x424A, 0x4249, 0x424A, 0x4249, 0x4249, 0x424A, 0x4249, 0x4249, 0x4249, 0x4249, 0x4249,
  0x4249, 0x424A, 0x4249, 0x424A, 0x4249, 0x4249, 0x4249, 0x424A, 0x4249, 0x4249, 0x4249, 0x4249,
  0x4249, 0x4249, 0x4249, 0x424A, 0x4249, 0x4249, 0x4249, 0x4249, 0x4249, 0x4249, 0x4249, 0x4249,
  0x424A, 0x4249, 0x4249, 0x4249, 0x4249, 0x4249, 0x4249, 0x424A, 0x4249, 0x424A, 0x4249, 0x4249,
  0x424A, 0x4249, 0x4249, 0x424A, 0x4249, 0x4249, 0x4249, 0x4249, 0x4249, 0x4249, 0x4249, 0x4249,
  0x4249, 0x424A, 0x4249, 0x4249, 0x424A, 0x4249, 0x4249, 0x424A, 0x4249, 0x424A, 0x4249, 0x424A,
  0x4249, 0x4249, 0x424A, 0x4249, 0x4249, 0x4249, 0x4249, 0x4249, 0x4249, 0x4249, 0x4249, 0x4249,
  0x424A, 0x424A, 0x4249, 0x4249, 0x4249, 0x424A, 0x4249, 0x424A, 0x4249, 0x4249, 0x4249, 0x4249,
  0x424A, 0x4249, 0x4249, 0x4249, 0x4249, 0x424A, 0x4249, 0x4249, 0x4249, 0x4249, 0x424A, 0x4249,
  0x4249, 0x4249, 0x4249, 0x4249, 0x4249, 0x4249, 0x4249, 0x424A, 0x4249, 0x4249, 0x4249, 0x4249,
  0x424A, 0x4249, 0x424A, 0x4249, 0x4249, 0x4249, 0x4249, 0x4249, 0x424A, 0x4249, 0x4249, 0x4249,
  0x4249, 0x4249, 0x4249, 0x4249, 0x4249, 0x424A, 0x4249, 0x4249, 0x4249, 0x4249, 0x424A, 0x4249,
  0x4249, 0x424A, 0x424A, 0x4249, 0x4249, 0x4249, 0x424A, 0x4249, 0x4249, 0x4249, 0x4249, 0x4249,
  0x4249, 0x4249, 0x4249, 0x4249, 0x4249, 0x4249, 0x424A, 0x4249, 0x4249, 0x4249, 0x424A, 0x4249,
  0x4249, 0x424A, 0x4249, 0x4249, 0x4249, 0x424A, 0x4249, 0x4249, 0x424A, 0x4249, 0x4249, 0x4249,
  0x4249, 0x4249, 0x424A, 0x4249, 0x4249, 0x424A, 0x4249, 0x424A, 0x4249, 0x4249, 0x4249, 0x4249,
  0x424A, 0x4249, 0x424A, 0x4249, 0x4249, 0x4249, 0x4249, 0x4249, 0x4249, 0x4249, 0x424A, 0x4249,
  0x4249, 0x4249, 0x4249, 0x4249, 0x4249, 0x424A, 0x4249, 0x4249, 0x4249, 0x4249, 0x4249, 0x4249,
  0x4249, 0x4249, 0x4249, 0x4249, 0x4249, 0x4249, 0x424A, 0x4249, 0x4249, 0x424A, 0x4229, 0x2986,
  0x2104, 0x18C3, 0x18C3, 0x10C3, 0x10C3, 0x18A3, 0x10A3, 0x10A3, 0x10C3, 0x10C2, 0x18C3, 0x10C2,
  0x10A2, 0x10A3, 0x18C3, 0x10C3, 0x18A3, 0x18E3, 0x18C3, 0x18E3, 0x18E3, 0x2104, 0x2104, 0x2124,
  0x2944, 0x2945, 0x3185, 0x31A6, 0x39C6, 0x39E7, 0x4207, 0x4207, 0x4207, 0x4207, 0x41E7, 0x39E7,
  0x39A6, 0x3186, 0x2965, 0x2965, 0x2945, 0x2924, 0x2104, 0x2104, 0x20E3, 0x20E3, 0x18C3, 0x18E3,
  0x18A2, 0x18C3, 0x10C2, 0x18A2, 0x10A3, 0x10A2, 0x1083, 0x10A2, 0x10A2, 0x10A3, 0x10A2, 0x08A2,
  0x10A2, 0x10A2, 0x0882, 0x10A2, 0x18C2, 0x10C2, 0x18C3, 0x2965, 0x4229, 0x424A, 0x4249, 0x4249,
  0x424A, 0x4249, 0x4249, 0x424A, 0x4249, 0x4249, 0x424A, 0x4249, 0x4249, 0x424A, 0x4249, 0x4249,
  0x4249, 0x424A, 0x4249, 0x4249, 0x4249, 0x4249, 0x4249, 0x424A, 0x4249, 0x4249, 0x4249, 0x4249,
  0x4249, 0x4249, 0x4249, 0x4249, 0x4249, 0x4249, 0x424A, 0x4249, 0x4249, 0x4249, 0x4249, 0x4249,
  0x4249, 0x4249, 0x4249, 0x4249, 0x4249, 0x424A, 0x4249, 0x4249, 0x4249, 0x4249, 0x4249, 0x4249,
  0x4249, 0x4249, 0x4249, 0x4249, 0x424A, 0x4249, 0x4249, 0x424A, 0x4249, 0x4249, 0x4249, 0x4249,
  0x4249, 0x424A, 0x4249, 0x4249, 0x4249, 0x4249, 0x4249, 0x4249, 0x4249, 0x4249, 0x4249, 0x424A,
  0x4249, 0x4249, 0x4249, 0x4249, 0x424A, 0x4249, 0x424A, 0x4249, 0x4249, 0x4249, 0x4249, 0x4249,
  0x424A, 0x4249, 0x4249, 0x4249, 0x4249, 0x4249, 0x4249, 0x4249, 0x4249, 0x424A, 0x4249, 0x4249,
  0x4249, 0x4249, 0x424A, 0x4249, 0x4249, 0x424A, 0x424A, 0x4249, 0x4249, 0x4249, 0x424A, 0x4249,
  0x4249, 0x4249, 0x4249, 0x4249, 0x4249, 0x4249, 0x4249, 0x4249, 0x4249, 0x4249, 0x424A, 0x4249,
  0x4249, 0x4249, 0x424A, 0x4249, 0x4249, 0x424A, 0x4249, 0x4249, 0x4249, 0x4249, 0x4249, 0x4249,
  0x424A, 0x4249, 0x4249, 0x4249, 0x4249, 0x4249, 0x424A, 0x4249, 0x4249, 0x4249, 0x4249, 0x4249,
  0x4249, 0x424A, 0x4249, 0x4249, 0x4249, 0x4249, 0x424A, 0x4249, 0x4249, 0x4249, 0x4249, 0x4249,
  0x4249, 0x4249, 0x4249, 0x4249, 0x4249, 0x4249, 0x424A, 0x4249, 0x4249, 0x4249, 0x4249, 0x4249,
  0x4249, 0x4249, 0x4249, 0x424A, 0x424A, 0x4249, 0x424A, 0x4249, 0x424A, 0x4249, 0x424A, 0x4249,
  0x4249, 0x4249, 0x4249, 0x424A, 0x4249, 0x4249, 0x4249, 0x4249, 0x424A, 0x4249, 0x4249, 0x4249,
  0x424A, 0x4249, 0x4249, 0x4249, 0x4249, 0x4249, 0x4249, 0x4249, 0x4249, 0x4249, 0x4249, 0x4249,
  0x4249, 0x4249, 0x4249, 0x4249, 0x4249, 0x4249, 0x4249, 0x4249, 0x4249, 0x4249, 0x4249, 0x4249,
  0x4249, 0x4249, 0x4249, 0x424A, 0x4249, 0x4249, 0x4249, 0x4249, 0x424A, 0x4249, 0x4249, 0x4249,
  0x4249, 0x4249, 0x4249, 0x4249, 0x424A, 0x4249, 0x4249, 0x4249, 0x424A, 0x4249, 0x4249, 0x4249,
  0x424A, 0x4249, 0x4249, 0x4249, 0x4249, 0x4249, 0x4229, 0x2125, 0x18E3, 0x10E2, 0x10A2, 0x10A3,
  0x10C2, 0x1083, 0x10C2, 0x10A2, 0x10A3, 0x1082, 0x10A3, 0x18A2, 0x10C3, 0x10A3, 0x10A2, 0x18C3,
  0x18C3, 0x18C3, 0x18C3, 0x18E3, 0x1904, 0x2104, 0x2124, 0x2924, 0x2945, 0x2985, 0x31A6, 0x39C6,
  0x39E7, 0x4207, 0x4228, 0x4A48, 0x4A28, 0x4228, 0x4227, 0x4207, 0x39C6, 0x31C6, 0x3185, 0x3185,
  0x2945, 0x2124, 0x2124, 0x2124, 0x1904, 0x1903, 0x18E3, 0x18E3, 0x18C3, 0x18C3, 0x18C3, 0x10C3,
  0x10C3, 0x1882, 0x10C2, 0x1082, 0x1082, 0x1082, 0x1082, 0x1082, 0x1082, 0x10A2, 0x10A2, 0x10A3,
  0x18A3, 0x10A2, 0x18E3, 0x2965, 0x4249, 0x4249, 0x4249, 0x424A, 0x4249, 0x4249, 0x4249, 0x4249,
  0x424A, 0x4249, 0x4249, 0x4249, 0x4249, 0x4249, 0x4249, 0x4249, 0x424A, 0x4249, 0x4249, 0x4249,
  0x4249, 0x4249, 0x4249, 0x424A, 0x4249, 0x4249, 0x4249, 0x4249, 0x4249, 0x424A, 0x4249, 0x4249,
  0x4249, 0x4249, 0x424A, 0x4249, 0x4249, 0x4249, 0x4249, 0x424A, 0x4249, 0x4249, 0x4249, 0x424A,
  0x4249, 0x4249, 0x424A, 0x4249, 0x424A, 0x424A, 0x4249, 0x424A, 0x4249, 0x4249, 0x4249, 0x4249,
  0x424A, 0x4249, 0x4249, 0x4249, 0x4249, 0x4249, 0x4249, 0x4249, 0x424A, 0x4249, 0x4249, 0x4249,
  0x4249, 0x4249, 0x4249, 0x4249, 0x424A, 0x4249, 0x4249, 0x4249, 0x4249, 0x4249, 0x424A, 0x4249,
  0x4249, 0x4249, 0x4249, 0x4249, 0x4249, 0x424A, 0x4249, 0x4249, 0x4249, 0x4249, 0x424A, 0x4249,
  0x4249, 0x4249, 0x4249, 0x4249, 0x4249, 0x4249, 0x4249, 0x4249, 0x4249, 0x4249, 0x424A, 0x4249,
  0x4249, 0x4249, 0x4249, 0x4249, 0x4249, 0x4249, 0x4249, 0x424A, 0x424A, 0x4249, 0x424A, 0x4249,
  0x424A, 0x4249, 0x424A, 0x4249, 0x4249, 0x4249, 0x4249, 0x424A, 0x4249, 0x4249, 0x4249, 0x4249,
  0x424A, 0x4249, 0x4249, 0x4249, 0x4249, 0x424A, 0x4249, 0x4249, 0x424A, 0x4249, 0x4249, 0x4249,
  0x4249, 0x4249, 0x424A, 0x4249, 0x4249, 0x4249, 0x4249, 0x424A, 0x4249, 0x424A, 0x4249, 0x4249,
  0x4249, 0x424A, 0x4249, 0x4249, 0x4249, 0x424A, 0x424A, 0x4249, 0x4249, 0x424A, 0x4249, 0x4249,
  0x424A, 0x4249, 0x4249, 0x4249, 0x4249, 0x4249, 0x4249, 0x4249, 0x424A, 0x4249, 0x4249, 0x4249,
  0x4249, 0x4249, 0x4249, 0x4249, 0x4249, 0x4249, 0x4249, 0x424A, 0x4249, 0x4249, 0x4249, 0x424A,
  0x4249, 0x4249, 0x4249, 0x4249, 0x4249, 0x4249, 0x4249, 0x4249, 0x4249, 0x4249, 0x4249, 0x424A,
  0x4249, 0x424A, 0x4249, 0x424A, 0x424A, 0x4249, 0x424A, 0x4249, 0x424A, 0x4249, 0x4249, 0x4249,
  0x424A, 0x4249, 0x424A, 0x4249, 0x4249, 0x424A, 0x4249, 0x4249, 0x424A, 0x424A, 0x4249, 0x4249,
  0x424A, 0x4249, 0x4249, 0x424A, 0x4249, 0x4249, 0x424A, 0x4249, 0x424A, 0x4249, 0x424A, 0x4249,
  0x4249, 0x4249, 0x424A, 0x424A, 0x4249, 0x424A, 0x424A, 0x4249, 0x4249, 0x4249, 0x4249, 0x4249,
  0x4249, 0x424A, 0x4229, 0x2144, 0x18E3, 0x18C3, 0x10C3, 0x1082, 0x10A3, 0x10A2, 0x10A2, 0x1882,
  0x1083, 0x10A2, 0x10A3, 0x10A2, 0x18C3, 0x18C3, 0x18A3, 0x18C3, 0x18E3, 0x18C3, 0x18E3, 0x18E3,
  0x1903, 0x2104, 0x2124, 0x2125, 0x2965, 0x2985, 0x31A6, 0x39C6, 0x39E7, 0x4207, 0x4227, 0x4228,
  0x4A48, 0x4228, 0x4207, 0x41E7, 0x39E6, 0x39A6, 0x3186, 0x3165, 0x2944, 0x2945, 0x2124, 0x2124,
  0x20E3, 0x20E4, 0x1903, 0x18C3, 0x18C3, 0x18E3, 0x18A3, 0x10A3, 0x18C2, 0x10A3, 0x10C2, 0x10A2,
  0x1082, 0x10A2, 0x10A2, 0x10A2, 0x1082, 0x1082, 0x1082, 0x1082, 0x10A2, 0x18A3, 0x18C2, 0x2945,
  0x4229, 0x4249, 0x4249, 0x4249, 0x4249, 0x424A, 0x4249, 0x4249, 0x4249, 0x4249, 0x4249, 0x424A,
  0x4249, 0x4249, 0x424A, 0x4249, 0x4249, 0x4249, 0x4249, 0x424A, 0x4249, 0x424A, 0x4249, 0x4249,
  0x4249, 0x4249, 0x424A, 0x4249, 0x4249, 0x424A, 0x4249, 0x424A, 0x4249, 0x4249, 0x4249, 0x4249,
  0x4249, 0x4249, 0x424A, 0x424A, 0x4249, 0x4249, 0x4249, 0x4249, 0x4249, 0x4249, 0x4249, 0x4249,
  0x4249, 0x4249, 0x424A, 0x4249, 0x4249, 0x424A, 0x424A, 0x4249, 0x4249, 0x4249, 0x4249, 0x4249,
  0x4249, 0x424A, 0x4249, 0x4249, 0x424A, 0x4249, 0x4249, 0x424A, 0x4249, 0x424A, 0x4249, 0x4249,
  0x424A, 0x4249, 0x4249, 0x4249, 0x4249, 0x4249, 0x424A, 0x4249, 0x4249, 0x4249, 0x4249, 0x424A,
  0x4249, 0x424A, 0x4249, 0x4249, 0x4249, 0x424A, 0x4249, 0x4249, 0x4249, 0x424A, 0x424A, 0x4249,
  0x4249, 0x424A, 0x4249, 0x4249, 0x424A, 0x4249, 0x4249, 0x4249, 0x4249, 0x4249, 0x4249, 0x4249,
  0x424A, 0x4249, 0x4249, 0x4249, 0x4249, 0x4249, 0x4249, 0x4249, 0x4249, 0x4249, 0x4249, 0x424A,
  0x4249, 0x4249, 0x4249, 0x424A, 0x4249, 0x4249, 0x4249, 0x4249, 0x4249, 0x4249, 0x4249, 0x4249,
  0x4249, 0x424A, 0x4249, 0x4249, 0x4249, 0x4249, 0x424A, 0x4249, 0x4249, 0x4249, 0x4249, 0x424A,
  0x4249, 0x4249, 0x4249, 0x424A, 0x4249, 0x4249, 0x4249, 0x4249, 0x4249, 0x424A, 0x4249, 0x4249,
  0x4249, 0x4249, 0x4249, 0x4249, 0x4249, 0x4249, 0x4249, 0x424A, 0x4249, 0x424A, 0x4249, 0x4249,
  0x424A, 0x4249, 0x424A, 0x4249, 0x4249, 0x424A, 0x4249, 0x4249, 0x4249, 0x4249, 0x4249, 0x424A,
  0x4249, 0x424A, 0x4249, 0x4249, 0x424A, 0x4249, 0x424A, 0x4249, 0x4249, 0x424A, 0x4249, 0x4249,
  0x4249, 0x4249, 0x424A, 0x4249, 0x4249, 0x424A, 0x424A, 0x4249, 0x4249, 0x4249, 0x424A, 0x4249,
  0x4249, 0x4249, 0x4249, 0x4249, 0x4249, 0x4249, 0x4249, 0x424A, 0x4249, 0x4249, 0x4249, 0x4249,
  0x4249, 0x4249, 0x4249, 0x4249, 0x4249, 0x4249, 0x4249, 0x4249, 0x424A, 0x4249, 0x4249, 0x4249,
  0x4249, 0x4249, 0x4249, 0x4249, 0x424A, 0x4249, 0x4249, 0x4249, 0x4249, 0x4249, 0x4249, 0x4249,
  0x4249, 0x4249, 0x4249, 0x424A, 0x4249, 0x424A, 0x424A, 0x4249, 0x4249, 0x4249, 0x4229, 0x2125,
  0x18C3, 0x10C3, 0x18C3, 0x10A2, 0x10A3, 0x1083, 0x10A2, 0x10A2, 0x10A2, 0x10C2, 0x10A3, 0x10C2,
  0x10C3, 0x10A2, 0x10C3, 0x18A3, 0x18C3, 0x18C3, 0x18E3, 0x18E3, 0x2103, 0x2104, 0x2124, 0x2945,
  0x2965, 0x3165, 0x31A6, 0x39C6, 0x41E7, 0x4207, 0x4228, 0x4A28, 0x4A28, 0x4228, 0x4227, 0x4207,
  0x39E6, 0x31A6, 0x31A5, 0x2985, 0x2945, 0x2924, 0x2124, 0x2124, 0x2104, 0x2104, 0x18E3, 0x18E3,
  0x18C3, 0x18C2, 0x18C2, 0x10A3, 0x18A2, 0x18A2, 0x10A2, 0x10A3, 0x10A2, 0x10A2, 0x10A2, 0x1082,
  0x08A2, 0x08A2, 0x10A2, 0x1082, 0x10C2, 0x18A2, 0x18E3, 0x2145, 0x4249, 0x4249, 0x424A, 0x424A,
  0x4249, 0x4249, 0x4249, 0x4249, 0x4249, 0x424A, 0x4249, 0x4249, 0x424A, 0x4249, 0x424A, 0x4249,
  0x4249, 0x424A, 0x4249, 0x4249, 0x4249, 0x4249, 0x4249, 0x4249, 0x4249, 0x4249, 0x424A, 0x4249,
  0x4249, 0x4249, 0x4249, 0x424A, 0x4249, 0x424A, 0x424A, 0x4249, 0x4249, 0x424A, 0x4249, 0x4249,
  0x4249, 0x424A, 0x424A, 0x424A, 0x4249, 0x4249, 0x4249, 0x424A, 0x4249, 0x4249, 0x4249, 0x4249,
  0x4249, 0x4249, 0x4249, 0x4249, 0x4249, 0x424A, 0x4249, 0x424A, 0x4249, 0x424A, 0x4249, 0x4249,
  0x424A, 0x4249, 0x4249, 0x4249, 0x4249, 0x424A, 0x4249, 0x4249, 0x4249, 0x4249, 0x424A, 0x4249,
  0x4249, 0x4249, 0x4249, 0x424A, 0x4249, 0x4249, 0x4249, 0x424A, 0x4249, 0x4249, 0x4249, 0x4249,
  0x4249, 0x424A, 0x4249, 0x4249, 0x4249, 0x4249, 0x4249, 0x4249, 0x4249, 0x4249, 0x4249, 0x424A,
  0x4249, 0x424A, 0x4249, 0x4249, 0x424A, 0x4249, 0x424A, 0x4249, 0x4249, 0x424A, 0x4249, 0x4249,
  0x4249, 0x4249, 0x4249, 0x424A, 0x4249, 0x424A, 0x4249, 0x4249, 0x424A, 0x4249, 0x424A, 0x4249,
  0x4249, 0x424A, 0x4249, 0x4249, 0x4249, 0x4249, 0x424A, 0x4249, 0x4249, 0x4249, 0x4249, 0x4249,
  0x4249, 0x4249, 0x424A, 0x4249, 0x424A, 0x4249, 0x4249, 0x4249, 0x4249, 0x424A, 0x4249, 0x4249,
  0x4249, 0x4249, 0x424A, 0x4249, 0x4249, 0x4249, 0x4249, 0x4249, 0x424A, 0x4249, 0x424A, 0x4249,
  0x424A, 0x4249, 0x424A, 0x4249, 0x4249, 0x4249, 0x4249, 0x4249, 0x4249, 0x4249, 0x4249, 0x4249,
  0x424A, 0x4249, 0x424A, 0x4249, 0x4249, 0x4249, 0x424A, 0x4249, 0x4249, 0x4249, 0x4249, 0x4249,
  0x4249, 0x4249, 0x4249, 0x4249, 0x4249, 0x4249, 0x4249, 0x424A, 0x4249, 0x4249, 0x424A, 0x4249,
  0x4249, 0x424A, 0x4249, 0x4249, 0x4249, 0x4249, 0x4249, 0x4249, 0x4249, 0x424A, 0x4249, 0x4249,
  0x424A, 0x424A, 0x4249, 0x4249, 0x4249, 0x4249, 0x4249, 0x4249, 0x4249, 0x424A, 0x4249, 0x424A,
  0x4249, 0x4249, 0x4249, 0x4249, 0x4249, 0x424A, 0x4249, 0x424A, 0x4249, 0x4249, 0x4249, 0x4249,
  0x4249, 0x4249, 0x424A, 0x424A, 0x4249, 0x4249, 0x4249, 0x4249, 0x4249, 0x4249, 0x4249, 0x4249,
  0x4249, 0x4249, 0x4249, 0x4249, 0x424A, 0x424A, 0x4229, 0x2145, 0x18E3, 0x18C2, 0x10A2, 0x1883,
  0x10A2, 0x10A2, 0x10C2, 0x10A3, 0x10C3, 0x10A3, 0x18A2, 0x10C2, 0x18A2, 0x10C3, 0x18C3, 0x10C3,
  0x18C2, 0x18C3, 0x18E3, 0x2103, 0x18E4, 0x2104, 0x2124, 0x2944, 0x2945, 0x3185, 0x31A6, 0x39C6,
  0x39E7, 0x4207, 0x4228, 0x4A48, 0x4A28, 0x4228, 0x4207, 0x4207, 0x39C6, 0x39A6, 0x3185, 0x2965,
  0x2945, 0x2944, 0x2124, 0x2104, 0x2104, 0x1903, 0x18E3, 0x18C3, 0x18C3, 0x10A3, 0x18C3, 0x10C3,
  0x18C3, 0x18C2, 0x10A2, 0x10C3, 0x1082, 0x1082, 0x08A2, 0x1083, 0x10A2, 0x1082, 0x1082, 0x10A2,
  0x10A3, 0x10C2, 0x18C3, 0x2945, 0x4249, 0x4249, 0x4249, 0x4249, 0x4249, 0x4249, 0x424A, 0x4249,
  0x424A, 0x4249, 0x4249, 0x4249, 0x4249, 0x4249, 0x4249, 0x4249, 0x4249, 0x424A, 0x4249, 0x424A,
  0x4249, 0x4249, 0x424A, 0x424A, 0x4249, 0x424A, 0x4249, 0x4249, 0x424A, 0x4249, 0x4249, 0x4249,
  0x4249, 0x4249, 0x4249, 0x4249, 0x4249, 0x4249, 0x4249, 0x4249, 0x4249, 0x4249, 0x4249, 0x4249,
  0x4249, 0x4249, 0x4249, 0x4249, 0x4249, 0x4249, 0x4249, 0x4249, 0x4249, 0x424A, 0x4249, 0x4249,
  0x4249, 0x424A, 0x4249, 0x4249, 0x4249, 0x4249, 0x4249, 0x4249, 0x4249, 0x424A, 0x4249, 0x424A,
  0x4249, 0x4249, 0x4249, 0x4249, 0x4249, 0x4249, 0x424A, 0x4249, 0x424A, 0x4249, 0x4249, 0x4249,
  0x4249, 0x424A, 0x4249, 0x4249, 0x4249, 0x4249, 0x424A, 0x4249, 0x4249, 0x4249, 0x4249, 0x4249,
  0x424A, 0x4249, 0x424A, 0x4249, 0x424A, 0x4249, 0x424A, 0x4249, 0x4249, 0x4249, 0x4249, 0x4249,
  0x4249, 0x4249, 0x4249, 0x4249, 0x424A, 0x4249, 0x424A, 0x4249, 0x4249, 0x4249, 0x424A, 0x4249,
  0x4249, 0x4249, 0x4249, 0x4249, 0x4249, 0x4249, 0x4249, 0x4249, 0x4249, 0x4249, 0x4249, 0x424A,
  0x4249, 0x4249, 0x424A, 0x4249, 0x4249, 0x4249, 0x424A, 0x4249, 0x4249, 0x424A, 0x4249, 0x4249,
  0x4249, 0x424A, 0x4249, 0x4249, 0x4249, 0x424A, 0x4249, 0x4249, 0x4249, 0x4249, 0x424A, 0x4249,
  0x424A, 0x4249, 0x4249, 0x424A, 0x4249, 0x424A, 0x4249, 0x4249, 0x4249, 0x4249, 0x4249, 0x4249,
  0x4249, 0x4249, 0x424A, 0x4249, 0x424A, 0x4249, 0x424A, 0x4249, 0x4249, 0x4249, 0x4249, 0x4249,
  0x424A, 0x4249, 0x4249, 0x4249, 0x4249, 0x424A, 0x4249, 0x4249, 0x4249, 0x4249, 0x424A, 0x4249,
  0x424A, 0x4249, 0x424A, 0x4249, 0x4249, 0x4249, 0x4249, 0x4249, 0x4249, 0x4249, 0x4249, 0x4249,
  0x4249, 0x424A, 0x4249, 0x4249, 0x4249, 0x4249, 0x4249, 0x4249, 0x4249, 0x4249, 0x4249, 0x4249,
  0x4249, 0x424A, 0x424A, 0x424A, 0x4249, 0x4249, 0x4249, 0x424A, 0x4249, 0x424A, 0x4249, 0x424A,
  0x4249, 0x4249, 0x4249, 0x4249, 0x424A, 0x4249, 0x4249, 0x4249, 0x424A, 0x4249, 0x4249, 0x424A,
  0x4249, 0x424A, 0x4249, 0x424A, 0x4249, 0x4249, 0x4249, 0x4249, 0x4249, 0x4249, 0x4249, 0x4249,
  0x424A, 0x4249, 0x4229, 0x2125, 0x18C3, 0x10A3, 0x10C3, 0x10C2, 0x10A3, 0x10A2, 0x1082, 0x1083,
  0x10A2, 0x10A2, 0x10C3, 0x10A3, 0x10A3, 0x18A2, 0x18C2, 0x18C3, 0x10C3, 0x18E3, 0x18E3, 0x1904,
  0x20E4, 0x2124, 0x2124, 0x2944, 0x2945, 0x2985, 0x31A6, 0x39C6, 0x39E7, 0x4207, 0x4227, 0x4A28,
  0x4A48, 0x4227, 0x4207, 0x41E7, 0x39E6, 0x39A6, 0x31A5, 0x2965, 0x2965, 0x2924, 0x2124, 0x2104,
  0x20E3, 0x1903, 0x18E3, 0x18C3, 0x18E2, 0x10C3, 0x18A2, 0x18C2, 0x10C2, 0x10C3, 0x1082, 0x18A2,
  0x10A2, 0x10A2, 0x1082, 0x1062, 0x1082, 0x10A2, 0x1082, 0x10C2, 0x10A2, 0x10A2, 0x18E3, 0x2965,
  0x4229, 0x4249, 0x424A, 0x4249, 0x4249, 0x424A, 0x4249, 0x4249, 0x4249, 0x4249, 0x424A, 0x4249,
  0x4249, 0x4249, 0x424A, 0x4249, 0x4249, 0x424A, 0x4249, 0x4249, 0x4249, 0x4249, 0x4249, 0x4249,
  0x4249, 0x4249, 0x4249, 0x4249, 0x4249, 0x4249, 0x424A, 0x4249, 0x4249, 0x4249, 0x4249, 0x4249,
  0x424A, 0x424A, 0x4249, 0x4249, 0x4249, 0x4249, 0x4249, 0x4249, 0x424A, 0x4249, 0x4249, 0x424A,
  0x4249, 0x424A, 0x4249, 0x424A, 0x4249, 0x4249, 0x424A, 0x4249, 0x4249, 0x4249, 0x4249, 0x424A,
  0x4249, 0x4249, 0x4249, 0x4249, 0x4249, 0x4249, 0x4249, 0x4249, 0x4249, 0x4249, 0x424A, 0x4249,
  0x4249, 0x424A, 0x4249, 0x4249, 0x4249, 0x424A, 0x4249, 0x4249, 0x4249, 0x424A, 0x4249, 0x4249,
  0x4249, 0x4249, 0x424A, 0x4249, 0x424A, 0x4249, 0x4249, 0x424A, 0x4249, 0x424A, 0x4249, 0x4249,
  0x4249, 0x4249, 0x4249, 0x4249, 0x4249, 0x4249, 0x424A, 0x4249, 0x424A, 0x4249, 0x424A, 0x4249,
  0x4249, 0x4249, 0x4249, 0x4249, 0x424A, 0x4249, 0x4249, 0x4249, 0x4249, 0x424A, 0x4249, 0x4249,
  0x4249, 0x4249, 0x424A, 0x4249, 0x424A, 0x4249, 0x424A, 0x4249, 0x4249, 0x4249, 0x4249, 0x4249,
  0x424A, 0x4249, 0x4249, 0x4249, 0x424A, 0x4249, 0x4249, 0x4249, 0x4249, 0x4249, 0x4249, 0x4249,
  0x4249, 0x424A, 0x4249, 0x4249, 0x4249, 0x4249, 0x4249, 0x4249, 0x424A, 0x4249, 0x4249, 0x4249,
  0x4249, 0x4249, 0x4249, 0x4249, 0x4249, 0x4249, 0x4249, 0x4249, 0x424A, 0x4249, 0x4249, 0x424A,
  0x4249, 0x4249, 0x4249, 0x4249, 0x4249, 0x4249, 0x424A, 0x4249, 0x4249, 0x4249, 0x4249, 0x4249,
  0x4249, 0x4249, 0x4249, 0x424A, 0x4249, 0x4249, 0x4249, 0x424A, 0x4249, 0x4249, 0x4249, 0x424A,
  0x4249, 0x424A, 0x424A, 0x4249, 0x4249, 0x424A, 0x4249, 0x4249, 0x4249, 0x424A, 0x4249, 0x4249,
  0x424A, 0x4249, 0x4249, 0x4249, 0x4249, 0x4249, 0x4249, 0x424A, 0x4249, 0x4249, 0x4249, 0x4249,
  0x4249, 0x4249, 0x4249, 0x4249, 0x4249, 0x4249, 0x4249, 0x4249, 0x424A, 0x4249, 0x4249, 0x4249,
  0x4249, 0x424A, 0x4249, 0x4249, 0x4249, 0x4249, 0x4249, 0x4249, 0x4249, 0x4249, 0x4249, 0x4249,
  0x424A, 0x4249, 0x424A, 0x424A, 0x4249, 0x4249, 0x4249, 0x4249, 0x4249, 0x4249, 0x4229, 0x2145,
  0x18E3, 0x10C2, 0x18A3, 0x10A3, 0x10A2, 0x10C2, 0x10A3, 0x10A2, 0x1082, 0x1082, 0x10A3, 0x18C2,
  0x10A3, 0x10C3, 0x18E3, 0x18C3, 0x18C3, 0x18C3, 0x18C3, 0x18E3, 0x2103, 0x2104, 0x2124, 0x2925,
  0x2965, 0x3185, 0x31A6, 0x39C6, 0x39E7, 0x4207, 0x4228, 0x4A28, 0x4A28, 0x4228, 0x4207, 0x41E7,
  0x39E6, 0x39A6, 0x31A6, 0x3165, 0x2945, 0x2924, 0x2124, 0x2124, 0x2104, 0x18E3, 0x18E3, 0x18C3,
  0x18E3, 0x18C3, 0x18A3, 0x10A3, 0x10A2, 0x10C2, 0x10A3, 0x1082, 0x1082, 0x10A2, 0x10A2, 0x1082,
  0x08A2, 0x10A2, 0x1082, 0x1082, 0x18A2, 0x10A3, 0x18C3, 0x2965, 0x4249, 0x4249, 0x4249, 0x4249,
  0x4249, 0x424A, 0x4249, 0x4249, 0x4249, 0x4249, 0x4249, 0x4249, 0x4249, 0x4249, 0x424A, 0x4249,
  0x4249, 0x4249, 0x4249, 0x424A, 0x4249, 0x424A, 0x4249, 0x4249, 0x4249, 0x424A, 0x4249, 0x4249,
  0x4249, 0x424A, 0x4249, 0x4249, 0x424A, 0x424A, 0x4249, 0x4249, 0x4249, 0x4249, 0x4249, 0x424A,
  0x424A, 0x424A, 0x4249, 0x4249, 0x4249, 0x424A, 0x4249, 0x4249, 0x4249, 0x4249, 0x424A, 0x4249,
  0x4249, 0x4249, 0x424A, 0x4249, 0x4249, 0x4249, 0x424A, 0x4249, 0x424A, 0x4249, 0x424A, 0x424A,
  0x4249, 0x4249, 0x424A, 0x4249, 0x424A, 0x4249, 0x4249, 0x4249, 0x424A, 0x4249, 0x4249, 0x4249,
  0x4249, 0x4249, 0x4249, 0x4249, 0x4249, 0x424A, 0x4249, 0x4249, 0x4249, 0x4249, 0x4249, 0x4249,
  0x424A, 0x4249, 0x4249, 0x4249, 0x4249, 0x4249, 0x4249, 0x4249, 0x4249, 0x4249, 0x4249, 0x4249,
  0x424A, 0x4249, 0x4249, 0x424A, 0x4249, 0x4249, 0x4249, 0x4249, 0x4249, 0x4249, 0x424A, 0x4249,
  0x4249, 0x4249, 0x4249, 0x4249, 0x4249, 0x4249, 0x4249, 0x424A, 0x4249, 0x4249, 0x4249, 0x424A,
  0x4249, 0x4249, 0x4249, 0x424A, 0x4249, 0x424A, 0x424A, 0x4249, 0x4249, 0x4249, 0x424A, 0x4249,
  0x4249, 0x4249, 0x4249, 0x4249, 0x424A, 0x424A, 0x4249, 0x424A, 0x4249, 0x4249, 0x4249, 0x4249,
  0x424A, 0x4249, 0x4249, 0x4249, 0x4249, 0x4249, 0x4249, 0x424A, 0x4249, 0x4249, 0x4249, 0x424A,
  0x4249, 0x424A, 0x4249, 0x4249, 0x4249, 0x4249, 0x4249, 0x4249, 0x4249, 0x4249, 0x4249, 0x424A,
  0x4249, 0x4249, 0x4249, 0x4249, 0x424A, 0x424A, 0x424A, 0x4249, 0x4249, 0x4249, 0x4249, 0x424A,
  0x4249, 0x4249, 0x4249, 0x4249, 0x424A, 0x4249, 0x4249, 0x4249, 0x4249, 0x4249, 0x4249, 0x4249,
  0x4249, 0x4249, 0x4249, 0x4249, 0x424A, 0x4249, 0x4249, 0x4249, 0x4249, 0x424A, 0x4249, 0x4249,
  0x424A, 0x424A, 0x4249, 0x4249, 0x4249, 0x4249, 0x4249, 0x4249, 0x424A, 0x4249, 0x4249, 0x4249,
  0x4249, 0x424A, 0x4249, 0x4249, 0x4249, 0x4249, 0x424A, 0x4249, 0x4249, 0x4249, 0x4249, 0x424A,
  0x4249, 0x424A, 0x4249, 0x4249, 0x4249, 0x4249, 0x4249, 0x424A, 0x4249, 0x4249, 0x4249, 0x4249,
  0x4249, 0x424A, 0x4249, 0x424A, 0x4249, 0x4249, 0x4229, 0x2125, 0x18E3, 0x18C3, 0x10C2, 0x1083,
  0x10A2, 0x1082, 0x10C2, 0x10A2, 0x18C2, 0x18A3, 0x10A2, 0x10A3, 0x10C3, 0x18A3, 0x18A2, 0x10C3,
  0x18C3, 0x18C3, 0x18E3, 0x20E3, 0x2104, 0x2104, 0x2124, 0x2944, 0x2964, 0x2965, 0x31A6, 0x39C6,
  0x39E7, 0x4207, 0x4227, 0x4248, 0x4A28, 0x4227, 0x4227, 0x4207, 0x39C6, 0x31C6, 0x3185, 0x2985,
  0x2965, 0x2944, 0x2124, 0x2104, 0x20E4, 0x18E4, 0x18E3, 0x18C3, 0x18E3, 0x18C3, 0x18C2, 0x18C3,
  0x10A2, 0x18A2, 0x10A3, 0x10A2, 0x10A2, 0x1082, 0x10A2, 0x10A2, 0x1082, 0x10A2, 0x10A2, 0x1082,
  0x10C3, 0x10C2, 0x18C3, 0x2945, 0x4249, 0x4249, 0x4249, 0x4249, 0x4249, 0x4249, 0x4249, 0x424A,
  0x4249, 0x424A, 0x4249, 0x424A, 0x4249, 0x4249, 0x4249, 0x4249, 0x424A, 0x4249, 0x4249, 0x4249,
  0x4249, 0x4249, 0x424A, 0x4249, 0x4249, 0x4249, 0x424A, 0x424A, 0x4249, 0x4249, 0x4249, 0x4249,
  0x4249, 0x4249, 0x4249, 0x4249, 0x424A, 0x4249, 0x4249, 0x4249, 0x4249, 0x4249, 0x4249, 0x4249,
  0x4249, 0x4249, 0x4249, 0x424A, 0x4249, 0x4249, 0x4249, 0x4249, 0x4249, 0x4249, 0x4249, 0x4249,
  0x424A, 0x4249, 0x4249, 0x4249, 0x4249, 0x4249, 0x4249, 0x4249, 0x4249, 0x4249, 0x4249, 0x4249,
  0x4249, 0x4249, 0x424A, 0x4249, 0x4249, 0x4249, 0x4249, 0x4249, 0x424A, 0x424A, 0x4249, 0x424A,
  0x4249, 0x4249, 0x4249, 0x4249, 0x424A, 0x4249, 0x4249, 0x4249, 0x4249, 0x4249, 0x4249, 0x424A,
  0x4249, 0x4249, 0x4249, 0x424A, 0x4249, 0x424A, 0x4249, 0x4249, 0x4249, 0x4249, 0x4249, 0x4249,
  0x4249, 0x4249, 0x4249, 0x424A, 0x4249, 0x4249, 0x4249, 0x4249, 0x424A, 0x424A, 0x424A, 0x4249,
  0x4249, 0x4249, 0x4249, 0x424A, 0x4249, 0x4249, 0x4249, 0x4249, 0x424A, 0x4249, 0x4249, 0x4249,
  0x4249, 0x4249, 0x4249, 0x4249, 0x4249, 0x4249, 0x4249, 0x424A, 0x4249, 0x424A, 0x4249, 0x4249,
  0x4249, 0x4249, 0x4249, 0x4249, 0x4249, 0x4249, 0x4249, 0x424A, 0x4249, 0x4249, 0x424A, 0x4249,
  0x424A, 0x4249, 0x4249, 0x4249, 0x424A, 0x4249, 0x4249, 0x4249, 0x4249, 0x424A, 0x4249, 0x4249,
  0x424A, 0x4249, 0x4249, 0x4249, 0x4249, 0x424A, 0x4249, 0x4249, 0x4249, 0x424A, 0x4249, 0x4249,
  0x4249, 0x4249, 0x4249, 0x4249, 0x424A, 0x4249, 0x4249, 0x4249, 0x4249, 0x424A, 0x4249, 0x4249,
  0x4249, 0x4249, 0x4249, 0x4249, 0x4249, 0x424A, 0x4249, 0x4249, 0x424A, 0x424A, 0x4249, 0x424A,
  0x4249, 0x4249, 0x4249, 0x4249, 0x4249, 0x424A, 0x4249, 0x4249, 0x4249, 0x4249, 0x4249, 0x4249,
  0x424A, 0x4249, 0x4249, 0x4249, 0x424A, 0x4249, 0x4249, 0x4249, 0x424A, 0x4249, 0x4249, 0x424A,
  0x4249, 0x4249, 0x4249, 0x4249, 0x4249, 0x424A, 0x4249, 0x4249, 0x4249, 0x424A, 0x4249, 0x4249,
  0x424A, 0x424A, 0x4249, 0x4249, 0x4249, 0x4249, 0x424A, 0x4249, 0x4249, 0x4249, 0x424A, 0x4249,
  0x4249, 0x424A, 0x4229, 0x2144, 0x18E3, 0x10A3, 0x10A2, 0x10C3, 0x1883, 0x10A2, 0x10A3, 0x10A3,
  0x10A3, 0x1082, 0x10C2, 0x18A2, 0x10C3, 0x18A3, 0x10A3, 0x18C3, 0x18E3, 0x18E3, 0x18E3, 0x18E4,
  0x18E4, 0x2104, 0x2124, 0x2944, 0x2945, 0x3185, 0x31A6, 0x39C6, 0x39E7, 0x4207, 0x4227, 0x4228,
  0x4A28, 0x4A28, 0x4227, 0x41E7, 0x39C7, 0x39C6, 0x3185, 0x3165, 0x2965, 0x2944, 0x2124, 0x2104,
  0x2104, 0x1903, 0x18E3, 0x18C3, 0x18C3, 0x18C2, 0x18A3, 0x10C2, 0x18A3, 0x10C2, 0x1082, 0x18A2,
  0x1082, 0x0882, 0x10A2, 0x1082, 0x0882, 0x1062, 0x10A2, 0x1082, 0x10A2, 0x10C2, 0x18C3, 0x2965,
  0x4249, 0x4249, 0x424A, 0x424A, 0x4249, 0x4249, 0x4249, 0x4249, 0x424A, 0x4249, 0x4249, 0x4249,
  0x424A, 0x4249, 0x4249, 0x4249, 0x4249, 0x4249, 0x424A, 0x4249, 0x4249, 0x4249, 0x424A, 0x4249,
  0x4249, 0x4249, 0x4249, 0x4249, 0x4249, 0x4249, 0x4249, 0x424A, 0x4249, 0x4249, 0x4249, 0x4249,
  0x4249, 0x4249, 0x4249, 0x4249, 0x424A, 0x4249, 0x424A, 0x4249, 0x4249, 0x424A, 0x4249, 0x4249,
  0x4249, 0x424A, 0x4249, 0x4249, 0x4249, 0x424A, 0x4249, 0x4249, 0x4249, 0x4249, 0x4249, 0x424A,
  0x4249, 0x4249, 0x4249, 0x424A, 0x4249, 0x4249, 0x424A, 0x4249, 0x4249, 0x4249, 0x4249, 0x424A,
  0x4249, 0x424A, 0x4249, 0x4249, 0x4249, 0x4249, 0x4249, 0x4249, 0x4249, 0x4249, 0x4249, 0x424A,
  0x4249, 0x4249, 0x424A, 0x4249, 0x424A, 0x4249, 0x4249, 0x4249, 0x424A, 0x4249, 0x4249, 0x4249,
  0x4249, 0x424A, 0x4249, 0x4249, 0x424A, 0x4249, 0x4249, 0x4249, 0x4249, 0x424A, 0x4249, 0x4249,
  0x4249, 0x424A, 0x4249, 0x4249, 0x4249, 0x4249, 0x4249, 0x4249, 0x424A, 0x4249, 0x4249, 0x4249,
  0x4249, 0x424A, 0x4249, 0x4249, 0x4249, 0x4249, 0x4249, 0x4249, 0x4249, 0x424A, 0x4249, 0x4249,
  0x4249, 0x4249, 0x4249, 0x4249, 0x4249, 0x4249, 0x4249, 0x4249, 0x424A, 0x4249, 0x4249, 0x4249,
  0x424A, 0x4249, 0x4249, 0x424A, 0x4249, 0x4249, 0x424A, 0x4249, 0x4249, 0x4249, 0x4249, 0x4249,
  0x4249, 0x424A, 0x4249, 0x4249, 0x424A, 0x4249, 0x4249, 0x4249, 0x4249, 0x4249, 0x424A, 0x4249,
  0x4249, 0x4249, 0x424A, 0x4249, 0x4249, 0x4249, 0x4249, 0x4249, 0x4249, 0x4249, 0x4249, 0x4249,
  0x4249, 0x4249, 0x424A, 0x4249, 0x4249, 0x4249, 0x4249, 0x424A, 0x4249, 0x4249, 0x424A, 0x4249,
  0x4249, 0x4249, 0x4249, 0x4249, 0x4249, 0x4249, 0x4249, 0x4249, 0x4249, 0x4249, 0x424A, 0x4249,
  0x4249, 0x424A, 0x4249, 0x424A, 0x4249, 0x4249, 0x424A, 0x4249, 0x4249, 0x4249, 0x4249, 0x4249,
  0x4249, 0x4249, 0x424A, 0x424A, 0x4249, 0x4249, 0x4249, 0x4249, 0x424A, 0x4249, 0x4249, 0x4249,
  0x424A, 0x4249, 0x4249, 0x424A, 0x4249, 0x4249, 0x4249, 0x4249, 0x4249, 0x4249, 0x4249, 0x4249,
  0x4249, 0x4249, 0x4249, 0x4249, 0x4249, 0x4249, 0x4249, 0x4249, 0x4249, 0x4249, 0x4229, 0x2944,
  0x18C3, 0x18C3, 0x10A3, 0x10C2, 0x10A2, 0x10C2, 0x10A2, 0x1082, 0x10A3, 0x10A2, 0x10A2, 0x10A2,
  0x18C2, 0x10C2, 0x18C2, 0x18C3, 0x10C3, 0x18C3, 0x18E3, 0x18E3, 0x1903, 0x2124, 0x2124, 0x2144,
  0x2944, 0x2965, 0x31A6, 0x39C6, 0x39E7, 0x4207, 0x4227, 0x4A48, 0x4A28, 0x4228, 0x4227, 0x41E7,
  0x39C6, 0x31C6, 0x3186, 0x2965, 0x2944, 0x2124, 0x2124, 0x2123, 0x20E4, 0x1903, 0x18E3, 0x18C3,
  0x18C3, 0x18E3, 0x18C2, 0x10C2, 0x10A3, 0x18A2, 0x1082, 0x10A2, 0x10C2, 0x10A2, 0x10A2, 0x1082,
  0x10A2, 0x10A2, 0x1082, 0x1082, 0x1083, 0x18A2, 0x10C3, 0x2965, 0x4249, 0x4249, 0x4249, 0x4249,
  0x4249, 0x4249, 0x4249, 0x4249, 0x4249, 0x4249, 0x4249, 0x4249, 0x4249, 0x424A, 0x4249, 0x424A,
  0x4249, 0x4249, 0x4249, 0x4249, 0x424A, 0x4249, 0x4249, 0x4249, 0x4249, 0x4249, 0x4249, 0x424A,
  0x4249, 0x4249, 0x4249, 0x4249, 0x4249, 0x4249, 0x424A, 0x424A, 0x4249, 0x424A, 0x4249, 0x4249,
  0x4249, 0x4249, 0x4249, 0x424A, 0x4249, 0x4249, 0x4249, 0x4249, 0x424A, 0x4249, 0x4249, 0x424A,
  0x4249, 0x4249, 0x4249, 0x424A, 0x4249, 0x424A, 0x4249, 0x424A, 0x4249, 0x4249, 0x4249, 0x424A,
  0x4249, 0x4249, 0x4249, 0x424A, 0x4249, 0x4249, 0x4249, 0x4249, 0x4249, 0x4249, 0x4249, 0x4249,
  0x424A, 0x4249, 0x4249, 0x4249, 0x424A, 0x4249, 0x4249, 0x424A, 0x4249, 0x4249, 0x424A, 0x4249,
  0x4249, 0x4249, 0x4249, 0x4249, 0x4249, 0x424A, 0x4249, 0x4249, 0x424A, 0x4249, 0x4249, 0x4249,
  0x4249, 0x4249, 0x424A, 0x4249, 0x4249, 0x4249, 0x424A, 0x4249, 0x4249, 0x4249, 0x4249, 0x4249,
  0x4249, 0x4249, 0x4249, 0x4249, 0x4249, 0x4249, 0x424A, 0x4249, 0x4249, 0x4249, 0x4249, 0x424A,
  0x4249, 0x4249, 0x424A, 0x4249, 0x4249, 0x4249, 0x4249, 0x4249, 0x424A, 0x4249, 0x4249, 0x424A,
  0x4249, 0x4249, 0x4249, 0x4249, 0x424A, 0x4249, 0x4249, 0x4249, 0x424A, 0x4249, 0x4249, 0x4249,
  0x4249, 0x4249, 0x4249, 0x4249, 0x4249, 0x4249, 0x4249, 0x424A, 0x4249, 0x4249, 0x4249, 0x4249,
  0x4249, 0x4249, 0x4249, 0x4249, 0x4249, 0x4249, 0x424A, 0x4249, 0x4249, 0x4249, 0x4249, 0x4249,
  0x4249, 0x4249, 0x424A, 0x4249, 0x424A, 0x424A, 0x4249, 0x4249, 0x4249, 0x424A, 0x4249, 0x424A,
  0x4249, 0x424A, 0x4249, 0x4249, 0x4249, 0x424A, 0x4249, 0x4249, 0x424A, 0x4249, 0x424A, 0x4249,
  0x4249, 0x4249, 0x4249, 0x4249, 0x424A, 0x4249, 0x4249, 0x424A, 0x4249, 0x4249, 0x4249, 0x4249,
  0x4249, 0x4249, 0x4249, 0x424A, 0x4249, 0x4249, 0x424A, 0x4249, 0x424A, 0x4249, 0x4249, 0x4249,
  0x4249, 0x4249, 0x4249, 0x4249, 0x4249, 0x4249, 0x4249, 0x4249, 0x4249, 0x4249, 0x4249, 0x4249,
  0x4249, 0x4249, 0x424A, 0x4249, 0x4249, 0x4249, 0x4249, 0x424A, 0x4249, 0x4249, 0x424A, 0x4249,
  0x424A, 0x4249, 0x4249, 0x4249, 0x424A, 0x4249, 0x4229, 0x2125, 0x18E3, 0x18E2, 0x10A3, 0x10A2,
  0x10A3, 0x10A3, 0x1082, 0x10C2, 0x10A2, 0x10C3, 0x18C3, 0x10A3, 0x10C2, 0x18A3, 0x18E3, 0x10C3,
  0x18C3, 0x18C3, 0x18C3, 0x1903, 0x2104, 0x2104, 0x2124, 0x2944, 0x2965, 0x3165, 0x31A6, 0x39C6,
  0x39E7, 0x4207, 0x4228, 0x4A28, 0x4A28, 0x4227, 0x4227, 0x4207, 0x39E6, 0x39A6, 0x3186, 0x2965,
  0x2944, 0x2924, 0x2124, 0x2104, 0x1903, 0x20E3, 0x18E3, 0x18E3, 0x18C3, 0x18E3, 0x10A2, 0x10A3,
  0x18C2, 0x18C2, 0x10A2, 0x10A2, 0x1083, 0x1082, 0x10A2, 0x1083, 0x10A2, 0x10A2, 0x1082, 0x10A2,
  0x1882, 0x10C3, 0x10C2, 0x2965, 0x4229, 0x4249, 0x4249, 0x4249, 0x424A, 0x4249, 0x424A, 0x424A,
  0x4249, 0x4249, 0x424A, 0x4249, 0x4249, 0x424A, 0x4249, 0x4249, 0x4249, 0x4249, 0x424A, 0x4249,
  0x4249, 0x424A, 0x4249, 0x4249, 0x4249, 0x424A, 0x4249, 0x4249, 0x424A, 0x424A, 0x4249, 0x4249,
  0x424A, 0x424A, 0x4249, 0x4249, 0x4249, 0x4249, 0x4249, 0x4249, 0x4249, 0x424A, 0x4249, 0x4249,
  0x4249, 0x424A, 0x4249, 0x4249, 0x4249, 0x4249, 0x4249, 0x4249, 0x424A, 0x4249, 0x4249, 0x424A,
  0x4249, 0x4249, 0x4249, 0x4249, 0x4249, 0x4249, 0x424A, 0x4249, 0x4249, 0x4249, 0x4249, 0x4249,
  0x424A, 0x4249, 0x4249, 0x424A, 0x4249, 0x4249, 0x4249, 0x4249, 0x424A, 0x4249, 0x4249, 0x4249,
  0x424A, 0x4249, 0x4249, 0x4249, 0x4249, 0x4249, 0x4249, 0x4249, 0x4249, 0x4249, 0x4249, 0x424A,
  0x4249, 0x4249, 0x4249, 0x4249, 0x4249, 0x4249, 0x4249, 0x4249, 0x4249, 0x4249, 0x424A, 0x4249,
  0x4249, 0x4249, 0x4249, 0x4249, 0x4249, 0x4249, 0x424A, 0x4249, 0x424A, 0x424A, 0x4249, 0x4249,
  0x4249, 0x424A, 0x4249, 0x424A, 0x4249, 0x424A, 0x4249, 0x4249, 0x4249, 0x424A, 0x4249, 0x4249,
  0x424A, 0x4249, 0x424A, 0x4249, 0x4249, 0x4249, 0x4249, 0x424A, 0x4249, 0x424A, 0x4249, 0x4249,
  0x4249, 0x424A, 0x4249, 0x4249, 0x424A, 0x4249, 0x4249, 0x424A, 0x4249, 0x4249, 0x4249, 0x424A,
  0x424A, 0x4249, 0x424A, 0x4249, 0x4249, 0x4249, 0x424A, 0x4249, 0x424A, 0x4249, 0x424A, 0x4249,
  0x424A, 0x4249, 0x4249, 0x424A, 0x4249, 0x424A, 0x4249, 0x424A, 0x4249, 0x4249, 0x424A, 0x4249,
  0x4249, 0x4249, 0x4249, 0x4249, 0x4249, 0x424A, 0x4249, 0x4249, 0x4249, 0x4249, 0x4249, 0x4249,
  0x424A, 0x4249, 0x4249, 0x4249, 0x4249, 0x4249, 0x424A, 0x4249, 0x424A, 0x4249, 0x4249, 0x424A,
  0x4249, 0x4249, 0x4249, 0x4249, 0x4249, 0x424A, 0x4249, 0x4249, 0x424A, 0x4249, 0x424A, 0x4249,
  0x424A, 0x4249, 0x4249, 0x4249, 0x4249, 0x4249, 0x4249, 0x424A, 0x424A, 0x4249, 0x424A, 0x424A,
  0x4249, 0x4249, 0x424A, 0x424A, 0x4249, 0x4249, 0x4249, 0x4249, 0x4249, 0x424A, 0x4249, 0x4249,
  0x424A, 0x424A, 0x4249, 0x4249, 0x424A, 0x4249, 0x4249, 0x4249, 0x4249, 0x424A, 0x4249, 0x4249,
  0x4249, 0x424A, 0x4229, 0x2125, 0x18C3, 0x10C3, 0x18A3, 0x1882, 0x10C2, 0x1882, 0x10A3, 0x10A2,
  0x18C2, 0x10A3, 0x10A2, 0x10C3, 0x18A3, 0x10C3, 0x10C3, 0x10C3, 0x18A3, 0x18E3, 0x18E3, 0x18E4,
  0x20E3, 0x2104, 0x2124, 0x2924, 0x2965, 0x2985, 0x31A6, 0x39C6, 0x39E7, 0x4207, 0x4227, 0x4248,
  0x4A28, 0x4228, 0x4227, 0x41E7, 0x39E7, 0x39A6, 0x31A5, 0x3165, 0x2965, 0x2924, 0x2104, 0x2124,
  0x2104, 0x18E4, 0x20C3, 0x18E3, 0x18E3, 0x18C3, 0x10A3, 0x18C3, 0x10C3, 0x10C2, 0x1083, 0x10A2,
  0x10A2, 0x1082, 0x1082, 0x10A2, 0x1082, 0x0882, 0x08A2, 0x10A2, 0x10A3, 0x18C2, 0x18C3, 0x2945,
  0x4249, 0x424A, 0x4249, 0x424A, 0x4249, 0x4249, 0x4249, 0x4249, 0x4249, 0x4249, 0x4249, 0x4249,
  0x4249, 0x4249, 0x4249, 0x4249, 0x4249, 0x4249, 0x424A, 0x4249, 0x4249, 0x4249, 0x424A, 0x4249,
  0x4249, 0x4249, 0x4249, 0x4249, 0x4249, 0x4249, 0x4249, 0x4249, 0x4249, 0x4249, 0x4249, 0x4249,
  0x4249, 0x4249, 0x424A, 0x4249, 0x424A, 0x4249, 0x4249, 0x424A, 0x4249, 0x4249, 0x4249, 0x424A,
  0x4249, 0x4249, 0x4249, 0x4249, 0x4249, 0x4249, 0x424A, 0x4249, 0x4249, 0x4249, 0x4249, 0x4249,
  0x424A, 0x4249, 0x4249, 0x4249, 0x424A, 0x4249, 0x424A, 0x4249, 0x4249, 0x4249, 0x4249, 0x424A,
  0x4249, 0x424A, 0x4249, 0x4249, 0x4249, 0x424A, 0x4249, 0x4249, 0x424A, 0x4249, 0x4249, 0x424A,
  0x4249, 0x4249, 0x4249, 0x424A, 0x424A, 0x4249, 0x424A, 0x4249, 0x4249, 0x4249, 0x424A, 0x4249,
  0x424A, 0x4249, 0x424A, 0x4249, 0x424A, 0x4249, 0x4249, 0x424A, 0x4249, 0x424A, 0x4249, 0x424A,
  0x4249, 0x4249, 0x424A, 0x4249, 0x4249, 0x4249, 0x4249, 0x4249, 0x4249, 0x424A, 0x4249, 0x4249,
  0x4249, 0x4249, 0x4249, 0x4249, 0x424A, 0x4249, 0x4249, 0x4249, 0x4249, 0x4249, 0x424A, 0x4249,
  0x4249, 0x424A, 0x4249, 0x4249, 0x4249, 0x4249, 0x4249, 0x4249, 0x4249, 0x4249, 0x4249, 0x4249,
  0x4249, 0x424A, 0x4249, 0x4249, 0x424A, 0x4249, 0x4249, 0x4249, 0x4249, 0x4249, 0x4249, 0x4249,
  0x4249, 0x4249, 0x4249, 0x424A, 0x4249, 0x4249, 0x4249, 0x424A, 0x4249, 0x4249, 0x4249, 0x4249,
  0x4249, 0x4249, 0x4249, 0x4249, 0x424A, 0x4249, 0x4249, 0x4249, 0x4249, 0x424A, 0x4249, 0x4249,
  0x4249, 0x4249, 0x4249, 0x4249, 0x4249, 0x424A, 0x4249, 0x424A, 0x4249, 0x4249, 0x4249, 0x4249,
  0x4249, 0x4249, 0x4249, 0x4249, 0x4249, 0x4249, 0x424A, 0x4249, 0x424A, 0x4249, 0x4249, 0x424A,
  0x4249, 0x4249, 0x4249, 0x4249, 0x4249, 0x4249, 0x4249, 0x4249, 0x4249, 0x4249, 0x4249, 0x424A,
  0x4249, 0x424A, 0x4249, 0x4249, 0x4249, 0x4249, 0x4249, 0x4249, 0x4249, 0x4249, 0x4249, 0x4249,
  0x4249, 0x4249, 0x424A, 0x4249, 0x4249, 0x4249, 0x4249, 0x4249, 0x4249, 0x4249, 0x4249, 0x4249,
  0x4249, 0x424A, 0x4249, 0x4249, 0x4249, 0x424A, 0x4249, 0x4249, 0x4249, 0x424A, 0x4229, 0x2125,
  0x18E3, 0x18C3, 0x10C2, 0x10C2, 0x10A3, 0x1082, 0x10A2, 0x10A2, 0x18A3, 0x1082, 0x10A2, 0x1883,
  0x10A3, 0x10C2, 0x18A3, 0x18A2, 0x18C3, 0x18C3, 0x18C3, 0x18E3, 0x2103, 0x2124, 0x2104, 0x2944,
  0x2945, 0x3165, 0x31A6, 0x39C6, 0x39E7, 0x4207, 0x4228, 0x4A28, 0x4A48, 0x4228, 0x4207, 0x4207,
  0x39E6, 0x39A6, 0x3186, 0x2985, 0x2965, 0x2144, 0x2124, 0x2104, 0x2104, 0x20E3, 0x18E3, 0x18E3,
  0x10C3, 0x18A3, 0x18C2, 0x10C2, 0x18A2, 0x18A3, 0x1882, 0x10A2, 0x10A2, 0x10A2, 0x1082, 0x1082,
  0x10A2, 0x1082, 0x10A2, 0x1083, 0x10A2, 0x10A2, 0x18E3, 0x2965, 0x4249, 0x4249, 0x4249, 0x4249,
  0x4249, 0x4249, 0x4249, 0x4249, 0x424A, 0x424A, 0x4249, 0x424A, 0x4249, 0x4249, 0x424A, 0x4249,
  0x4249, 0x4249, 0x4249, 0x4249, 0x4249, 0x4249, 0x424A, 0x4249, 0x4249, 0x424A, 0x4249, 0x424A,
  0x4249, 0x4249, 0x4249, 0x424A, 0x4249, 0x4249, 0x4249, 0x424A, 0x4249, 0x424A, 0x4249, 0x4249,
  0x4249, 0x4249, 0x424A, 0x4249, 0x4249, 0x4249, 0x4249, 0x424A, 0x4249, 0x4249, 0x424A, 0x424A,
  0x4249, 0x4249, 0x4249, 0x4249, 0x4249, 0x4249, 0x424A, 0x4249, 0x4249, 0x4249, 0x4249, 0x4249,
  0x424A, 0x4249, 0x4249, 0x4249, 0x4249, 0x424A, 0x4249, 0x4249, 0x4249, 0x4249, 0x4249, 0x4249,
  0x4249, 0x4249, 0x4249, 0x4249, 0x4249, 0x424A, 0x4249, 0x4249, 0x424A, 0x4249, 0x4249, 0x4249,
  0x4249, 0x4249, 0x4249, 0x4249, 0x4249, 0x4249, 0x4249, 0x424A, 0x4249, 0x4249, 0x4249, 0x424A,
  0x4249, 0x4249, 0x4249, 0x4249, 0x4249, 0x4249, 0x4249, 0x4249, 0x424A, 0x4249, 0x4249, 0x4249,
  0x4249, 0x424A, 0x4249, 0x4249, 0x4249, 0x4249, 0x4249, 0x4249, 0x4249, 0x424A, 0x4249, 0x424A,
  0x4249, 0x4249, 0x4249, 0x4249, 0x4249, 0x4249, 0x4249, 0x4249, 0x4249, 0x4249, 0x4249, 0x4249,
  0x424A, 0x4249, 0x424A, 0x4249, 0x4249, 0x4249, 0x4249, 0x424A, 0x4249, 0x4249, 0x4249, 0x4249,
  0x424A, 0x4249, 0x424A, 0x4249, 0x4249, 0x424A, 0x4249, 0x424A, 0x424A, 0x4249, 0x4249, 0x4249,
  0x4249, 0x4249, 0x4249, 0x4249, 0x4249, 0x4249, 0x424A, 0x4249, 0x4249, 0x4249, 0x424A, 0x4249,
  0x4249, 0x4249, 0x4249, 0x4249, 0x4249, 0x4249, 0x4249, 0x4249, 0x424A, 0x424A, 0x4249, 0x4249,
  0x4249, 0x424A, 0x4249, 0x4249, 0x4249, 0x4249, 0x424A, 0x424A, 0x4249, 0x4249, 0x4249, 0x424A,
  0x4249, 0x4249, 0x4249, 0x4249, 0x4249, 0x424A, 0x4249, 0x4249, 0x4249, 0x4249, 0x4249, 0x424A,
  0x4249, 0x4249, 0x4249, 0x4249, 0x4249, 0x4249, 0x4249, 0x4249, 0x424A, 0x4249, 0x4249, 0x4249,
  0x4249, 0x4249, 0x4249, 0x4249, 0x424A, 0x4249, 0x4249, 0x424A, 0x4249, 0x4249, 0x424A, 0x4249,
  0x424A, 0x424A, 0x4249, 0x4249, 0x4249, 0x424A, 0x4249, 0x4249, 0x4249, 0x4249, 0x424A, 0x4249,
  0x4249, 0x424A, 0x4249, 0x4249, 0x4249, 0x4249, 0x4229, 0x2144, 0x18E3, 0x10C3, 0x18C3, 0x10A3,
  0x10A3, 0x10C2, 0x10A2, 0x1083, 0x10A3, 0x10C2, 0x18A2, 0x10A2, 0x10C2, 0x10C2, 0x18A3, 0x18E3,
  0x18C3, 0x18E3, 0x18E3, 0x2103, 0x20E4, 0x2104, 0x2124, 0x2125, 0x2945, 0x3185, 0x3186, 0x39C6,
  0x39E7, 0x4207, 0x4207, 0x4227, 0x4228, 0x4227, 0x4207, 0x39E7, 0x39C6, 0x31A6, 0x3186, 0x2965,
  0x2945, 0x2925, 0x2124, 0x2123, 0x1903, 0x1903, 0x18C3, 0x18C3, 0x18C2, 0x18E3, 0x10A3, 0x18C3,
  0x10C3, 0x10A2, 0x10C2, 0x18C2, 0x1083, 0x10A2, 0x1082, 0x10A2, 0x1082, 0x1082, 0x10A2, 0x10C3,
  0x10A3, 0x10A3, 0x18C3, 0x2965, 0x4229, 0x4249, 0x4249, 0x4249, 0x4249, 0x424A, 0x424A, 0x4249,
  0x4249, 0x4249, 0x4249, 0x4249, 0x4249, 0x4249, 0x4249, 0x424A, 0x4249, 0x424A, 0x4249, 0x424A,
  0x4249, 0x4249, 0x4249, 0x4249, 0x4249, 0x4249, 0x4249, 0x4249, 0x424A, 0x4249, 0x4249, 0x4249,
  0x4249, 0x424A, 0x4249, 0x4249, 0x4249, 0x4249, 0x4249, 0x4249, 0x4249, 0x4249, 0x424A, 0x4249,
  0x4249, 0x4249, 0x4249, 0x4249, 0x424A, 0x4249, 0x4249, 0x4249, 0x4249, 0x4249, 0x424A, 0x4249,
  0x424A, 0x4249, 0x4249, 0x424A, 0x4249, 0x4249, 0x424A, 0x4249, 0x4249, 0x4249, 0x4249, 0x4249,
  0x4249, 0x4249, 0x4249, 0x4249, 0x424A, 0x4249, 0x424A, 0x4249, 0x4249, 0x4249, 0x4249, 0x424A,
  0x4249, 0x4249, 0x4249, 0x4249, 0x424A, 0x4249, 0x424A, 0x4249, 0x4249, 0x424A, 0x4249, 0x424A,
  0x424A, 0x4249, 0x4249, 0x4249, 0x4249, 0x4249, 0x4249, 0x4249, 0x4249, 0x4249, 0x424A, 0x4249,
  0x4249, 0x4249, 0x424A, 0x4249, 0x4249, 0x4249, 0x4249, 0x4249, 0x4249, 0x4249, 0x4249, 0x4249,
  0x424A, 0x424A, 0x4249, 0x4249, 0x4249, 0x424A, 0x4249, 0x4249, 0x4249, 0x4249, 0x424A, 0x424A,
  0x4249, 0x4249, 0x4249, 0x424A, 0x4249, 0x424A, 0x4249, 0x4249, 0x4249, 0x4249, 0x4249, 0x4249,
  0x424A, 0x4249, 0x4249, 0x4249, 0x424A, 0x4249, 0x4249, 0x4249, 0x4249, 0x4249, 0x4249, 0x424A,
  0x4249, 0x4249, 0x4249, 0x4249, 0x4249, 0x4249, 0x4249, 0x4249, 0x424A, 0x4249, 0x424A, 0x424A,
  0x4249, 0x4249, 0x4249, 0x4249, 0x424A, 0x4249, 0x4249, 0x4249, 0x4249, 0x4249, 0x424A, 0x4249,
  0x424A, 0x4249, 0x4249, 0x4249, 0x4249, 0x4249, 0x4249, 0x4249, 0x424A, 0x4249, 0x4249, 0x4249,
  0x424A, 0x4249, 0x4249, 0x4249, 0x4249, 0x4249, 0x4249, 0x424A, 0x4249, 0x424A, 0x4249, 0x4249,
  0x4249, 0x4249, 0x4249, 0x424A, 0x424A, 0x4249, 0x4249, 0x424A, 0x4249, 0x4249, 0x4249, 0x424A,
  0x424A, 0x4249, 0x424A, 0x4249, 0x4249, 0x4249, 0x4249, 0x4249, 0x424A, 0x4249, 0x424A, 0x4249,
  0x4249, 0x4249, 0x4249, 0x424A, 0x4249, 0x4249, 0x4249, 0x4249, 0x4249, 0x4249, 0x4249, 0x424A,
  0x4249, 0x4249, 0x4249, 0x424A, 0x4249, 0x4249, 0x4249, 0x4249, 0x4249, 0x4249, 0x3A29, 0x3A08,
  0x31C7, 0x2987, 0x2946, 0x18C4, 0x18C4, 0x10E3, 0x18C3, 0x10A3, 0x10A3, 0x10C3, 0x0882, 0x10A2,
  0x1082, 0x10C3, 0x10A3, 0x10C3, 0x10A3, 0x10A3, 0x10C3, 0x10C3, 0x10C3, 0x18C3, 0x18C3, 0x18E3,
  0x1904, 0x2124, 0x2124, 0x2945, 0x2965, 0x3185, 0x3187, 0x31A8, 0x31A8, 0x31C8, 0x31C8, 0x31C8,
  0x31C8, 0x31C8, 0x31C8, 0x31C8, 0x31A8, 0x31A8, 0x31A8, 0x2987, 0x2945, 0x2144, 0x2124, 0x2124,
  0x1904, 0x20E3, 0x18E3, 0x18E3, 0x18C3, 0x18C3, 0x18A3, 0x10C2, 0x10A2, 0x10A3, 0x10C2, 0x10A3,
  0x10A2, 0x10A2, 0x10A2, 0x1083, 0x10A3, 0x10C3, 0x10A3, 0x10C3, 0x10C4, 0x10C4, 0x18E3, 0x18E4,
  0x2986, 0x31C7, 0x3A08, 0x3A29, 0x4249, 0x4249, 0x4249, 0x4249, 0x4249, 0x4249, 0x4249, 0x424A,
  0x424A, 0x4249, 0x4249, 0x4249, 0x4249, 0x4249, 0x4249, 0x4249, 0x4249, 0x424A, 0x4249, 0x4249,
  0x424A, 0x4249, 0x424A, 0x4249, 0x4249, 0x4249, 0x424A, 0x424A, 0x4249, 0x4249, 0x4249, 0x424A,
  0x4249, 0x4249, 0x4249, 0x4249, 0x4249, 0x4249, 0x4249, 0x4249, 0x4249, 0x424A, 0x4249, 0x4249,
  0x4249, 0x4249, 0x424A, 0x4249, 0x4249, 0x4249, 0x4249, 0x4249, 0x4249, 0x424A, 0x4249, 0x4249,
  0x4249, 0x4249, 0x4249, 0x4249, 0x4249, 0x4249, 0x424A, 0x4249, 0x4249, 0x424A, 0x4249, 0x4249,
  0x4249, 0x4249, 0x4249, 0x4249, 0x424A, 0x4249, 0x4249, 0x4249, 0x424A, 0x4249, 0x4249, 0x4249,
  0x4249, 0x4249, 0x4249, 0x424A, 0x4249, 0x4249, 0x4249, 0x4249, 0x4249, 0x4249, 0x4249, 0x4249,
  0x424A, 0x4249, 0x424A, 0x424A, 0x4249, 0x4249, 0x4249, 0x4249, 0x424A, 0x4249, 0x4249, 0x4249,
  0x4249, 0x4249, 0x424A, 0x4249, 0x424A, 0x4249, 0x4249, 0x4249, 0x4249, 0x4249, 0x4249, 0x4249,
  0x424A, 0x4249, 0x4249, 0x4249, 0x424A, 0x4249, 0x4249, 0x4249, 0x4249, 0x4249, 0x4249, 0x424A,
  0x4249, 0x424A, 0x4249, 0x4249, 0x424A, 0x4249, 0x4249, 0x424A, 0x4249, 0x4249, 0x424A, 0x4249,
  0x4249, 0x4249, 0x424A, 0x424A, 0x4249, 0x4249, 0x4249, 0x4249, 0x4249, 0x424A, 0x4249, 0x4249,
  0x424A, 0x4249, 0x424A, 0x4249, 0x4249, 0x4249, 0x4249, 0x4249, 0x4249, 0x424A, 0x424A, 0x4249,
  0x4249, 0x4249, 0x424A, 0x424A, 0x4249, 0x4249, 0x4249, 0x4249, 0x4249, 0x4249, 0x424A, 0x424A,
  0x4249, 0x4249, 0x4249, 0x424A, 0x4249, 0x4249, 0x4249, 0x4249, 0x4249, 0x4249, 0x4249, 0x4249,
  0x4249, 0x424A, 0x4249, 0x4249, 0x4249, 0x4249, 0x4249, 0x4249, 0x424A, 0x4249, 0x4249, 0x4249,
  0x4249, 0x4249, 0x4249, 0x4249, 0x4249, 0x4249, 0x4249, 0x4249, 0x424A, 0x4249, 0x4249, 0x4249,
  0x4249, 0x424A, 0x4249, 0x424A, 0x4249, 0x4249, 0x4249, 0x424A, 0x4249, 0x4249, 0x4249, 0x4249,
  0x424A, 0x4249, 0x4249, 0x4249, 0x4249, 0x4249, 0x4249, 0x4249, 0x4249, 0x424A, 0x4249, 0x4249,
  0x4229, 0x3A09, 0x39E8, 0x31A7, 0x2966, 0x2125, 0x18E4, 0x18C4, 0x10A4, 0x1083, 0x10C3, 0x1083,
  0x10A3, 0x0882, 0x1082, 0x10A2, 0x10A2, 0x10A3, 0x1082, 0x1082, 0x10A3, 0x10A3, 0x10A2, 0x10C3,
  0x18C2, 0x18A2, 0x18C2, 0x18C3, 0x18E3, 0x18E3, 0x18C3, 0x18E3, 0x1903, 0x2104, 0x2104, 0x2124,
  0x2945, 0x2966, 0x31A7, 0x31C8, 0x31C9, 0x31C9, 0x31C8, 0x31C9, 0x31C9, 0x31C9, 0x31C9, 0x31C9,
  0x31C9, 0x31C9, 0x31C9, 0x2987, 0x2125, 0x2144, 0x2124, 0x2104, 0x2103, 0x1903, 0x18E3, 0x18C3,
  0x18C3, 0x10C2, 0x18C3, 0x18C3, 0x10A2, 0x18A2, 0x10A3, 0x1082, 0x10A2, 0x10A2, 0x18A3, 0x10C3,
  0x10A3, 0x10C3, 0x18C3, 0x10A3, 0x1083, 0x10A3, 0x1083, 0x10A3, 0x0883, 0x10C4, 0x18E4, 0x18E4,
  0x2125, 0x2966, 0x31A7, 0x39E8, 0x3A09, 0x4229, 0x4249, 0x4249, 0x424A, 0x4249, 0x4249, 0x424A,
  0x4249, 0x4249, 0x424A, 0x4249, 0x4249, 0x424A, 0x4249, 0x4249, 0x4249, 0x4249, 0x4249, 0x4249,
  0x4249, 0x4249, 0x4249, 0x4249, 0x4249, 0x4249, 0x4249, 0x4249, 0x424A, 0x424A, 0x4249, 0x424A,
  0x4249, 0x424A, 0x4249, 0x424A, 0x4249, 0x424A, 0x4249, 0x4249, 0x4249, 0x4249, 0x4249, 0x424A,
  0x4249, 0x424A, 0x424A, 0x4249, 0x4249, 0x4249, 0x4249, 0x4249, 0x424A, 0x424A, 0x4249, 0x424A,
  0x4249, 0x424A, 0x4249, 0x4249, 0x4249, 0x424A, 0x4249, 0x4249, 0x424A, 0x4249, 0x4249, 0x424A,
  0x4249, 0x4249, 0x424A, 0x4249, 0x4249, 0x4249, 0x424A, 0x424A, 0x4249, 0x4249, 0x4249, 0x4249,
  0x4249, 0x424A, 0x4249, 0x4249, 0x424A, 0x4249, 0x424A, 0x4249, 0x4249, 0x4249, 0x4249, 0x4249,
  0x4249, 0x424A, 0x424A, 0x4249, 0x4249, 0x4249, 0x424A, 0x424A, 0x4249, 0x4249, 0x4249, 0x4249,
  0x4249, 0x4249, 0x424A, 0x424A, 0x4249, 0x4249, 0x4249, 0x424A, 0x4249, 0x4249, 0x4249, 0x4249,
  0x4249, 0x4249, 0x4249, 0x4249, 0x4249, 0x424A, 0x4249, 0x4249, 0x4249, 0x424A, 0x4249, 0x4249,
  0x4249, 0x4249, 0x424A, 0x4249, 0x4249, 0x4249, 0x4249, 0x4249, 0x4249, 0x4249, 0x4249, 0x4249,
  0x4249, 0x4249, 0x424A, 0x4249, 0x4249, 0x4249, 0x4249, 0x424A, 0x4249, 0x4249, 0x4249, 0x424A,
  0x424A, 0x4249, 0x4249, 0x4249, 0x4249, 0x4249, 0x4249, 0x4249, 0x4249, 0x4249, 0x4249, 0x4249,
  0x4249, 0x4249, 0x424A, 0x4249, 0x4249, 0x424A, 0x4249, 0x4249, 0x4249, 0x4249, 0x4249, 0x4249,
  0x4249, 0x424A, 0x4249, 0x4249, 0x424A, 0x424A, 0x4249, 0x4249, 0x4249, 0x424A, 0x4249, 0x4249,
  0x4249, 0x4249, 0x4249, 0x4249, 0x424A, 0x4249, 0x4249, 0x424A, 0x4249, 0x4249, 0x4249, 0x424A,
  0x4249, 0x424A, 0x4249, 0x4249, 0x4249, 0x4249, 0x4249, 0x4249, 0x4249, 0x4249, 0x4249, 0x424A,
  0x4249, 0x4249, 0x4249, 0x4249, 0x4249, 0x424A, 0x4249, 0x4249, 0x4249, 0x4249, 0x4249, 0x424A,
  0x4249, 0x4249, 0x4229, 0x4229, 0x3A08, 0x31C7, 0x29A7, 0x2965, 0x1925, 0x18E4, 0x10C4, 0x10A3,
  0x08A3, 0x10C3, 0x1083, 0x08A3, 0x10A3, 0x0882, 0x10A3, 0x10A2, 0x10A2, 0x10A3, 0x10C2, 0x10A2,
  0x1082, 0x10A2, 0x10A2, 0x10A2, 0x10C2, 0x10C2, 0x10A2, 0x18A3, 0x10A3, 0x10C3, 0x18C3, 0x18C3,
  0x18C3, 0x18C3, 0x18E3, 0x18E4, 0x20E4, 0x2103, 0x2124, 0x2944, 0x2945, 0x2985, 0x3187, 0x31C8,
  0x31C9, 0x31C9, 0x31C8, 0x31C8, 0x31C9, 0x31C9, 0x31C8, 0x31C8, 0x31C8, 0x31C9, 0x31C9, 0x2987,
  0x2125, 0x2924, 0x2124, 0x2104, 0x2104, 0x18E3, 0x20C3, 0x18E3, 0x18E3, 0x18C3, 0x10C2, 0x18C2,
  0x10A2, 0x10C2, 0x18A2, 0x1082, 0x1082, 0x1083, 0x10C2, 0x10C3, 0x18E3, 0x18C3, 0x18E3, 0x10A3,
  0x10E3, 0x18A3, 0x18A3, 0x10C3, 0x18C3, 0x10C3, 0x1083, 0x1083, 0x10A3, 0x1083, 0x10C3, 0x10A3,
  0x18E4, 0x1925, 0x2945, 0x2987, 0x31C7, 0x3A08, 0x4229, 0x4249, 0x4249, 0x4249, 0x424A, 0x4249,
  0x4249, 0x4249, 0x4249, 0x424A, 0x4249, 0x4249, 0x4249, 0x4249, 0x4249, 0x424A, 0x4249, 0x4249,
  0x424A, 0x4249, 0x424A, 0x4249, 0x4249, 0x4249, 0x4249, 0x4249, 0x4249, 0x4249, 0x4249, 0x4249,
  0x4249, 0x4249, 0x4249, 0x424A, 0x424A, 0x4249, 0x4249, 0x4249, 0x4249, 0x4249, 0x4249, 0x4249,
  0x424A, 0x4249, 0x4249, 0x4249, 0x4249, 0x4249, 0x4249, 0x4249, 0x4249, 0x4249, 0x4249, 0x424A,
  0x4249, 0x424A, 0x4249, 0x4249, 0x4249, 0x4249, 0x424A, 0x4249, 0x4249, 0x4249, 0x4249, 0x4249,
  0x4249, 0x4249, 0x4249, 0x4249, 0x4249, 0x4249, 0x424A, 0x4249, 0x4249, 0x4249, 0x4249, 0x424A,
  0x4249, 0x4249, 0x4249, 0x424A, 0x424A, 0x4249, 0x4249, 0x4249, 0x4249, 0x4249, 0x4249, 0x4249,
  0x4249, 0x4249, 0x4249, 0x4249, 0x4249, 0x4249, 0x424A, 0x4249, 0x4249, 0x424A, 0x4249, 0x4249,
  0x4249, 0x4249, 0x4249, 0x4249, 0x4249, 0x424A, 0x4249, 0x4249, 0x424A, 0x424A, 0x4249, 0x4249,
  0x4249, 0x424A, 0x4249, 0x4249, 0x4249, 0x4249, 0x4249, 0x424A, 0x424A, 0x4249, 0x4249, 0x4249,
  0x4249, 0x424A, 0x4249, 0x4249, 0x4249, 0x4249, 0x424A, 0x4249, 0x424A, 0x4249, 0x4249, 0x424A,
  0x4249, 0x4249, 0x4249, 0x4249, 0x4249, 0x4249, 0x4249, 0x4249, 0x4249, 0x4249, 0x4249, 0x424A,
  0x4249, 0x4249, 0x4249, 0x4249, 0x4249, 0x4249, 0x4249, 0x4249, 0x424A, 0x4249, 0x4249, 0x424A,
  0x4249, 0x4249, 0x4249, 0x4249, 0x424A, 0x4249, 0x424A, 0x4249, 0x4249, 0x424A, 0x4249, 0x4249,
  0x4249, 0x4249, 0x4249, 0x4249, 0x4249, 0x4249, 0x4249, 0x424A, 0x4249, 0x424A, 0x424A, 0x4249,
  0x4249, 0x4249, 0x4249, 0x4249, 0x424A, 0x4249, 0x4249, 0x4249, 0x4249, 0x4249, 0x4249, 0x4249,
  0x4249, 0x4249, 0x424A, 0x424A, 0x4249, 0x4249, 0x4249, 0x4249, 0x4249, 0x4249, 0x424A, 0x424A,
  0x4249, 0x4249, 0x424A, 0x4249, 0x4229, 0x4229, 0x3A09, 0x39E8, 0x31A7, 0x2966, 0x2125, 0x1904,
  0x18C3, 0x10A3, 0x10A3, 0x1083, 0x1082, 0x10A3, 0x10C3, 0x1082, 0x10A2, 0x1082, 0x10A2, 0x1082,
  0x10A2, 0x10A2, 0x1082, 0x1082, 0x1082, 0x1882, 0x1082, 0x1082, 0x10A2, 0x1082, 0x10C2, 0x1082,
  0x10A2, 0x1083, 0x10A2, 0x10A3, 0x10C2, 0x10C3, 0x10A3, 0x10A3, 0x10C3, 0x18E3, 0x18E3, 0x18E4,
  0x2103, 0x2124, 0x2104, 0x2144, 0x2965, 0x2965, 0x29A7, 0x31C8, 0x31C8, 0x31C8, 0x31C9, 0x31C9,
  0x31C8, 0x31C9, 0x31C8, 0x31C9, 0x31C8, 0x31C9, 0x31C9, 0x2987, 0x2125, 0x2124, 0x2104, 0x2104,
  0x1903, 0x20E3, 0x18E3, 0x18E3, 0x18C3, 0x18C3, 0x18A2, 0x10A3, 0x10C3, 0x18A3, 0x10A3, 0x1082,
  0x10A2, 0x10A2, 0x10C3, 0x18C3, 0x10C3, 0x18E3, 0x10C3, 0x18C3, 0x10C4, 0x18E3, 0x18E3, 0x10C3,
  0x18C3, 0x18A3, 0x18C3, 0x10C3, 0x18C3, 0x10A3, 0x10C3, 0x1083, 0x08A3, 0x10C3, 0x10A3, 0x10A3,
  0x18C3, 0x10C4, 0x18E4, 0x2125, 0x2986, 0x31A7, 0x39E8, 0x3A09, 0x4229, 0x4249, 0x4249, 0x4249,
  0x4249, 0x424A, 0x4249, 0x424A, 0x424A, 0x4249, 0x4249, 0x4249, 0x4249, 0x4249, 0x424A, 0x4249,
  0x4249, 0x4249, 0x424A, 0x424A, 0x4249, 0x4249, 0x4249, 0x4249, 0x424A, 0x4249, 0x4249, 0x4249,
  0x4249, 0x424A, 0x4249, 0x4249, 0x4249, 0x4249, 0x4249, 0x424A, 0x4249, 0x4249, 0x4249, 0x424A,
  0x424A, 0x4249, 0x4249, 0x4249, 0x424A, 0x4249, 0x4249, 0x4249, 0x4249, 0x4249, 0x4249, 0x424A,
  0x424A, 0x4249, 0x4249, 0x4249, 0x4249, 0x424A, 0x4249, 0x4249, 0x4249, 0x4249, 0x424A, 0x4249,
  0x424A, 0x4249, 0x4249, 0x424A, 0x4249, 0x4249, 0x4249, 0x4249, 0x4249, 0x4249, 0x4249, 0x4249,
  0x4249, 0x4249, 0x4249, 0x424A, 0x4249, 0x4249, 0x4249, 0x4249, 0x4249, 0x4249, 0x4249, 0x4249,
  0x424A, 0x4249, 0x4249, 0x424A, 0x4249, 0x4249, 0x4249, 0x4249, 0x424A, 0x4249, 0x424A, 0x4249,
  0x4249, 0x424A, 0x4249, 0x4249, 0x4249, 0x4249, 0x4249, 0x4249, 0x4249, 0x4249, 0x4249, 0x424A,
  0x424A, 0x4249, 0x4249, 0x4249, 0x4249, 0x4249, 0x4249, 0x4249, 0x424A, 0x4249, 0x424A, 0x4249,
  0x4249, 0x424A, 0x4249, 0x4249, 0x4249, 0x4249, 0x4249, 0x4249, 0x4249, 0x4249, 0x424A, 0x4249,
  0x424A, 0x4249, 0x4249, 0x4249, 0x424A, 0x4249, 0x4249, 0x424A, 0x4249, 0x4249, 0x4249, 0x424A,
  0x424A, 0x4249, 0x4249, 0x4249, 0x424A, 0x4249, 0x4249, 0x4249, 0x424A, 0x4249, 0x4249, 0x4249,
  0x4249, 0x4249, 0x4249, 0x4249, 0x424A, 0x4249, 0x4249, 0x4249, 0x4249, 0x424A, 0x424A, 0x4249,
  0x424A, 0x4249, 0x4249, 0x4249, 0x4249, 0x4249, 0x4249, 0x4249, 0x4249, 0x4249, 0x424A, 0x4249,
  0x4249, 0x4249, 0x4249, 0x424A, 0x424A, 0x4249, 0x424A, 0x4249, 0x4249, 0x424A, 0x4249, 0x4249,
  0x4249, 0x4249, 0x4249, 0x424A, 0x424A, 0x4249, 0x4249, 0x4229, 0x4229, 0x3A08, 0x39E8, 0x2987,
  0x2966, 0x2105, 0x18C4, 0x18C4, 0x10C3, 0x1083, 0x10A3, 0x10A3, 0x10C3, 0x10A2, 0x1083, 0x10A2,
  0x10A2, 0x1082, 0x18A2, 0x10A2, 0x1082, 0x10A2, 0x1082, 0x10A2, 0x10C2, 0x1082, 0x10A2, 0x10A2,
  0x10A2, 0x10A2, 0x10A2, 0x10A2, 0x1082, 0x10A2, 0x10A2, 0x1082, 0x10A2, 0x10C3, 0x10A3, 0x10C2,
  0x18A3, 0x10C2, 0x18C3, 0x18C3, 0x18E3, 0x18E3, 0x18C3, 0x1903, 0x18E3, 0x2104, 0x2124, 0x2925,
  0x2965, 0x2966, 0x2987, 0x31C9, 0x31C8, 0x31C9, 0x31C9, 0x31C9, 0x31C8, 0x31C8, 0x31C8, 0x31C9,
  0x31C9, 0x31C8, 0x31C8, 0x2987, 0x2105, 0x2124, 0x2124, 0x2124, 0x2104, 0x2103, 0x18C3, 0x18C3,
  0x10C3, 0x18E3, 0x18A3, 0x18C3, 0x10A3, 0x18C2, 0x10C2, 0x10A2, 0x10A2, 0x1082, 0x10A3, 0x18E4,
  0x10C3, 0x10C4, 0x18C3, 0x18C3, 0x18C3, 0x10C3, 0x10C3, 0x10C3, 0x18A4, 0x18C3, 0x10C3, 0x10C4,
  0x18A3, 0x10C3, 0x10C3, 0x10C3, 0x10C3, 0x18C3, 0x10C3, 0x10A3, 0x1083, 0x10A3, 0x08A3, 0x0883,
  0x1083, 0x10C3, 0x10A3, 0x18E4, 0x1905, 0x2965, 0x3187, 0x39E8, 0x3A08, 0x4229, 0x4229, 0x4249,
  0x4249, 0x4249, 0x4249, 0x4249, 0x4249, 0x4249, 0x4249, 0x4249, 0x4249, 0x4249, 0x4249, 0x4249,
  0x4249, 0x4249, 0x424A, 0x4249, 0x4249, 0x4249, 0x4249, 0x4249, 0x4249, 0x4249, 0x4249, 0x424A,
  0x4249, 0x4249, 0x424A, 0x4249, 0x4249, 0x4249, 0x4249, 0x4249, 0x4249, 0x4249, 0x424A, 0x4249,
  0x4249, 0x4249, 0x4249, 0x4249, 0x424A, 0x4249, 0x4249, 0x4249, 0x4249, 0x4249, 0x4249, 0x4249,
  0x424A, 0x4249, 0x424A, 0x4249, 0x4249, 0x424A, 0x4249, 0x4249, 0x4249, 0x4249, 0x4249, 0x4249,
  0x4249, 0x4249, 0x424A, 0x4249, 0x424A, 0x4249, 0x4249, 0x4249, 0x424A, 0x4249, 0x4249, 0x424A,
  0x4249, 0x4249, 0x4249, 0x424A, 0x424A, 0x4249, 0x4249, 0x4249, 0x424A, 0x4249, 0x4249, 0x4249,
  0x424A, 0x4249, 0x4249, 0x4249, 0x4249, 0x4249, 0x4249, 0x4249, 0x424A, 0x4249, 0x4249, 0x4249,
  0x4249, 0x424A, 0x424A, 0x4249, 0x424A, 0x4249, 0x4249, 0x4249, 0x4249, 0x4249, 0x4249, 0x4249,
  0x4249, 0x4249, 0x4249, 0x4249, 0x4249, 0x4249, 0x4249, 0x4249, 0x4249, 0x4249, 0x4249, 0x4249,
  0x424A, 0x4249, 0x4249, 0x424A, 0x4249, 0x4249, 0x4249, 0x4249, 0x4249, 0x4249, 0x424A, 0x4249,
  0x4249, 0x4249, 0x424A, 0x4249, 0x424A, 0x4249, 0x4249, 0x4249, 0x424A, 0x4249, 0x4249, 0x4249,
  0x4249, 0x4249, 0x4249, 0x4249, 0x4249, 0x4249, 0x4249, 0x4249, 0x424A, 0x4249, 0x4249, 0x4249,
  0x4249, 0x4249, 0x424A, 0x4249, 0x4249, 0x4249, 0x4249, 0x4249, 0x4249, 0x424A, 0x4249, 0x4249,
  0x424A, 0x4249, 0x4249, 0x4249, 0x4249, 0x4249, 0x424A, 0x4249, 0x4249, 0x424A, 0x4249, 0x4249,
  0x4249, 0x4249, 0x4249, 0x4249, 0x424A, 0x4249, 0x4249, 0x4249, 0x4249, 0x4249, 0x4249, 0x3A09,
  0x39E8, 0x31C7, 0x2966, 0x2145, 0x20E5, 0x10C4, 0x10C3, 0x08C3, 0x1083, 0x10A3, 0x10A3, 0x10A3,
  0x1083, 0x10A3, 0x10A2, 0x0883, 0x1082, 0x1082, 0x10A2, 0x10A2, 0x1082, 0x1082, 0x10A2, 0x1082,
  0x10A2, 0x10A2, 0x10A2, 0x1082, 0x1082, 0x10A2, 0x18A2, 0x10A2, 0x1082, 0x10A1, 0x10A2, 0x10A2,
  0x1082, 0x18A2, 0x1082, 0x10A3, 0x10A2, 0x18A2, 0x10A3, 0x10C2, 0x18A2, 0x10A3, 0x18C2, 0x18C3,
  0x10A3, 0x18C3, 0x18E3, 0x1904, 0x1904, 0x2104, 0x2124, 0x2144, 0x2965, 0x2965, 0x29A7, 0x31C9,
  0x31C9, 0x31C8, 0x31C8, 0x31C8, 0x31C9, 0x31C9, 0x31C8, 0x31C8, 0x31C8, 0x31C8, 0x31C9, 0x2988,
  0x2105, 0x2123, 0x2124, 0x2104, 0x20E3, 0x1904, 0x18C3, 0x18E3, 0x18C3, 0x18C2, 0x10C3, 0x18A2,
  0x10A2, 0x18A2, 0x1083, 0x10A2, 0x10A3, 0x10A2, 0x10A3, 0x10E3, 0x18C3, 0x18E3, 0x10A3, 0x10E3,
  0x18E3, 0x18C4, 0x18E3, 0x10E3, 0x10C3, 0x18E3, 0x18E4, 0x18E3, 0x18C3, 0x10C3, 0x18C3, 0x10E3,
  0x18C3, 0x10A3, 0x10C4, 0x10E3, 0x18C3, 0x10C3, 0x18C3, 0x10A3, 0x18A3, 0x10A3, 0x10A3, 0x10C3,
  0x1083, 0x10A3, 0x10A3, 0x10C3, 0x18E4, 0x18E4, 0x2145, 0x2986, 0x31C7, 0x39E8, 0x3A29, 0x4229,
  0x4249, 0x4249, 0x424A, 0x424A, 0x424A, 0x4249, 0x424A, 0x4249, 0x4249, 0x424A, 0x4249, 0x4249,
  0x4249, 0x424A, 0x4249, 0x424A, 0x424A, 0x4249, 0x4249, 0x424A, 0x4249, 0x4249, 0x4249, 0x4249,
  0x4249, 0x4249, 0x424A, 0x4249, 0x4249, 0x4249, 0x424A, 0x4249, 0x4249, 0x424A, 0x4249, 0x424A,
  0x4249, 0x4249, 0x4249, 0x4249, 0x4249, 0x4249, 0x4249, 0x4249, 0x4249, 0x4249, 0x4249, 0x4249,
  0x4249, 0x4249, 0x4249, 0x4249, 0x424A, 0x4249, 0x4249, 0x424A, 0x4249, 0x4249, 0x4249, 0x4249,
  0x4249, 0x4249, 0x424A, 0x4249, 0x4249, 0x4249, 0x424A, 0x4249, 0x424A, 0x4249, 0x4249, 0x4249,
  0x424A, 0x4249, 0x4249, 0x4249, 0x4249, 0x4249, 0x4249, 0x4249, 0x4249, 0x4249, 0x4249, 0x4249,
  0x424A, 0x4249, 0x4249, 0x4249, 0x4249, 0x4249, 0x424A, 0x4249, 0x4249, 0x4249, 0x4249, 0x4249,
  0x4249, 0x424A, 0x4249, 0x4249, 0x4249, 0x4249, 0x424A, 0x424A, 0x4249, 0x424A, 0x4249, 0x4249,
  0x4249, 0x4249, 0x424A, 0x4249, 0x4249, 0x4249, 0x4249, 0x424A, 0x4249, 0x4249, 0x4249, 0x424A,
  0x4249, 0x424A, 0x4249, 0x4249, 0x4249, 0x424A, 0x4249, 0x4249, 0x4249, 0x4249, 0x4249, 0x4249,
  0x4249, 0x424A, 0x4249, 0x4249, 0x4249, 0x4249, 0x4249, 0x424A, 0x424A, 0x4249, 0x4249, 0x4249,
  0x424A, 0x4249, 0x4249, 0x424A, 0x4249, 0x4249, 0x4249, 0x424A, 0x4249, 0x4249, 0x4249, 0x424A,
  0x424A, 0x4249, 0x4249, 0x4249, 0x424A, 0x4249, 0x4249, 0x4249, 0x4249, 0x4249, 0x4249, 0x424A,
  0x4249, 0x4249, 0x4249, 0x4249, 0x4249, 0x4249, 0x4249, 0x424A, 0x4249, 0x4249, 0x4249, 0x4249,
  0x4249, 0x4249, 0x4249, 0x4249, 0x39C8, 0x2966, 0x2125, 0x18E4, 0x10E4, 0x18C4, 0x10A4, 0x0883,
  0x10A2, 0x0883, 0x10A3, 0x10A2, 0x1083, 0x10A3, 0x10A2, 0x1082, 0x10A2, 0x10A2, 0x1082, 0x1082,
  0x10A2, 0x10A2, 0x10A2, 0x1082, 0x10C2, 0x10A2, 0x1082, 0x10A2, 0x1082, 0x1082, 0x10A2, 0x10A2,
  0x10A2, 0x10A2, 0x1082, 0x1082, 0x1082, 0x10A2, 0x1082, 0x1082, 0x10A2, 0x10A2, 0x10A2, 0x1082,
  0x1082, 0x1082, 0x18C3, 0x2124, 0x2104, 0x2125, 0x2125, 0x2125, 0x2125, 0x2145, 0x2145, 0x2145,
  0x2945, 0x2965, 0x2965, 0x2986, 0x3186, 0x2986, 0x2146, 0x2166, 0x2146, 0x2146, 0x2146, 0x2166,
  0x2146, 0x2146, 0x2946, 0x2146, 0x2166, 0x2146, 0x2146, 0x2126, 0x2145, 0x2145, 0x2965, 0x2965,
  0x2945, 0x2945, 0x2145, 0x2125, 0x2125, 0x2125, 0x2124, 0x2125, 0x2124, 0x2104, 0x2124, 0x10E3,
  0x1082, 0x10A2, 0x18A2, 0x18C3, 0x18E3, 0x10C3, 0x18C3, 0x18C3, 0x10A3, 0x10C3, 0x18C3, 0x18C3,
  0x18C3, 0x18C3, 0x10C3, 0x10C3, 0x18E3, 0x18A3, 0x18C4, 0x10E4, 0x18E3, 0x18C3, 0x10C4, 0x10C3,
  0x10C3, 0x18C3, 0x18C3, 0x10C3, 0x10C3, 0x18E3, 0x10A3, 0x10C3, 0x10A3, 0x10C3, 0x10A3, 0x1083,
  0x08A3, 0x10A3, 0x10A3, 0x10A3, 0x10A3, 0x10A4, 0x18E4, 0x1904, 0x2146, 0x31C7, 0x4249, 0x4249,
  0x4249, 0x4249, 0x4249, 0x4249, 0x4249, 0x4249, 0x4249, 0x4249, 0x424A, 0x4249, 0x4249, 0x4249,
  0x4249, 0x4249, 0x4249, 0x424A, 0x4249, 0x4249, 0x424A, 0x4249, 0x4249, 0x4249, 0x424A, 0x4249,
  0x4249, 0x424A, 0x4249, 0x4249, 0x4249, 0x4249, 0x4249, 0x424A, 0x4249, 0x4249, 0x424A, 0x424A,
  0x4249, 0x424A, 0x4249, 0x4249, 0x4249, 0x4249, 0x424A, 0x4249, 0x4249, 0x4249, 0x4249, 0x424A,
  0x4249, 0x4249, 0x4249, 0x424A, 0x4249, 0x424A, 0x4249, 0x4249, 0x4249, 0x424A, 0x4249, 0x4249,
  0x4249, 0x4249, 0x4249, 0x4249, 0x4249, 0x424A, 0x4249, 0x4249, 0x4249, 0x4249, 0x4249, 0x424A,
  0x424A, 0x4249, 0x4249, 0x4249, 0x424A, 0x4249, 0x4249, 0x424A, 0x4249, 0x4249, 0x4249, 0x424A,
  0x4249, 0x4249, 0x4249, 0x424A, 0x424A, 0x4249, 0x4249, 0x4249, 0x424A, 0x4249, 0x4249, 0x4249,
  0x4249, 0x4249, 0x4249, 0x4249, 0x4249, 0x4249, 0x424A, 0x424A, 0x4249, 0x4249, 0x4249, 0x424A,
  0x4249, 0x4249, 0x424A, 0x4249, 0x4249, 0x4249, 0x4249, 0x4249, 0x4249, 0x424A, 0x4249, 0x4249,
  0x424A, 0x4249, 0x4249, 0x4249, 0x424A, 0x4249, 0x4249, 0x4249, 0x424A, 0x4249, 0x4249, 0x4249,
  0x4249, 0x424A, 0x424A, 0x4249, 0x4249, 0x4249, 0x4249, 0x4249, 0x4249, 0x424A, 0x4249, 0x4249,
  0x4249, 0x4249, 0x424A, 0x4249, 0x424A, 0x4249, 0x4249, 0x4249, 0x4249, 0x4249, 0x4249, 0x4249,
  0x4249, 0x4249, 0x424A, 0x4249, 0x424A, 0x4249, 0x4249, 0x424A, 0x4249, 0x4249, 0x4249, 0x424A,
  0x4249, 0x4249, 0x4249, 0x4249, 0x424A, 0x4249, 0x424A, 0x4249, 0x4249, 0x4249, 0x424A, 0x3A08,
  0x18E3, 0x1063, 0x10A2, 0x0883, 0x0882, 0x10A2, 0x18E3, 0x18C3, 0x10A2, 0x10C2, 0x1082, 0x1082,
  0x1082, 0x10A2, 0x10A2, 0x10C2, 0x1082, 0x10A2, 0x10A2, 0x10C2, 0x10A2, 0x1082, 0x10A2, 0x10A2,
  0x10A2, 0x10A2, 0x1082, 0x10A2, 0x18A2, 0x10A2, 0x1082, 0x1882, 0x1082, 0x10A2, 0x10C2, 0x1082,
  0x10A2, 0x10A2, 0x1082, 0x10A2, 0x1082, 0x10C2, 0x10A2, 0x1082, 0x10A2, 0x10A2, 0x2945, 0x4229,
  0x4249, 0x4229, 0x4249, 0x4229, 0x4229, 0x4229, 0x4229, 0x4229, 0x4249, 0x4229, 0x4229, 0x4229,
  0x4249, 0x31C7, 0x2965, 0x39C7, 0x39C7, 0x39C6, 0x39C7, 0x39C7, 0x39E6, 0x39C6, 0x39E6, 0x39C6,
  0x39E7, 0x39C6, 0x39C7, 0x2965, 0x31C7, 0x4229, 0x4229, 0x4229, 0x4249, 0x4229, 0x4229, 0x4249,
  0x4229, 0x4249, 0x4229, 0x4249, 0x4229, 0x4229, 0x4229, 0x2946, 0x18C3, 0x10C3, 0x18A3, 0x10E4,
  0x10C3, 0x18C3, 0x10C3, 0x18C4, 0x18E3, 0x18E3, 0x10C3, 0x10E3, 0x18A4, 0x10C3, 0x18A3, 0x18C3,
  0x10E3, 0x18C3, 0x18C3, 0x10C3, 0x18C3, 0x18E3, 0x18E3, 0x10E3, 0x18A3, 0x18E3, 0x10C3, 0x10E3,
  0x18E3, 0x10C3, 0x18C3, 0x10C3, 0x18E3, 0x18C3, 0x10E3, 0x10C3, 0x18A3, 0x18A3, 0x10C3, 0x10A3,
  0x1083, 0x08A3, 0x10A3, 0x1083, 0x1083, 0x18E4, 0x3A09, 0x4249, 0x4249, 0x4249, 0x4249, 0x424A,
  0x4249, 0x4249, 0x4249, 0x424A, 0x4249, 0x4249, 0x4249, 0x4249, 0x4249, 0x4249, 0x4249, 0x4249,
  0x424A, 0x4249, 0x4249, 0x4249, 0x424A, 0x4249, 0x4249, 0x4249, 0x4249, 0x4249, 0x4249, 0x4249,
  0x424A, 0x4249, 0x4249, 0x4249, 0x4249, 0x4249, 0x4249, 0x4249, 0x4249, 0x4249, 0x424A, 0x424A,
  0x4249, 0x4249, 0x4249, 0x424A, 0x4249, 0x4249, 0x424A, 0x4249, 0x4249, 0x4249, 0x4249, 0x4249,
  0x4249, 0x424A, 0x4249, 0x4249, 0x424A, 0x4249, 0x4249, 0x4249, 0x424A, 0x4249, 0x4249, 0x4249,
  0x424A, 0x4249, 0x4249, 0x4249, 0x4249, 0x424A, 0x424A, 0x4249, 0x4249, 0x4249, 0x4249, 0x4249,
  0x4249, 0x424A, 0x4249, 0x4249, 0x4249, 0x4249, 0x424A, 0x4249, 0x424A, 0x4249, 0x4249, 0x4249,
  0x4249, 0x4249, 0x4249, 0x4249, 0x4249, 0x4249, 0x424A, 0x4249, 0x4249, 0x4249, 0x4249, 0x424A,
  0x4249, 0x4249, 0x4249, 0x4249, 0x4249, 0x4249, 0x4249, 0x4249, 0x424A, 0x4249, 0x4249, 0x4249,
  0x424A, 0x4249, 0x4249, 0x4249, 0x4249, 0x4249, 0x424A, 0x4249, 0x4249, 0x424A, 0x4249, 0x4249,
  0x4249, 0x424A, 0x4249, 0x4249, 0x4249, 0x4249, 0x4249, 0x424A, 0x4249, 0x4249, 0x4249, 0x4249,
  0x4249, 0x4249, 0x424A, 0x4249, 0x424A, 0x4249, 0x4249, 0x424A, 0x4249, 0x4249, 0x4249, 0x4249,
  0x4249, 0x4249, 0x4249, 0x4249, 0x424A, 0x4249, 0x424A, 0x4249, 0x4249, 0x4249, 0x4249, 0x4249,
  0x4249, 0x424A, 0x4249, 0x4249, 0x4249, 0x424A, 0x4249, 0x4249, 0x4249, 0x424A, 0x4249, 0x4249,
  0x4249, 0x4249, 0x4249, 0x4249, 0x424A, 0x4249, 0x424A, 0x39E8, 0x1082, 0x08A2, 0x1081, 0x1082,
  0x1082, 0x1081, 0x18C3, 0x18C3, 0x10A3, 0x18A2, 0x10C3, 0x10C2, 0x18A2, 0x10A2, 0x18A2, 0x10C3,
  0x18A2, 0x10C3, 0x1883, 0x10A3, 0x18A3, 0x10C2, 0x18A2, 0x1882, 0x1082, 0x10A3, 0x18A2, 0x10C2,
  0x10A2, 0x1883, 0x10C2, 0x10A2, 0x10A3, 0x10A2, 0x10A2, 0x10C2, 0x10C2, 0x10C2, 0x10A2, 0x18C3,
  0x10A2, 0x18A2, 0x1082, 0x10A2, 0x10A2, 0x10C2, 0x2966, 0x4249, 0x4249, 0x4249, 0x4249, 0x4249,
  0x424A, 0x424A, 0x4249, 0x4249, 0x424A, 0x4249, 0x4249, 0x4249, 0x4249, 0x39C8, 0x39C6, 0x5289,
  0x5289, 0x5269, 0x5289, 0x5289, 0x5289, 0x5289, 0x5289, 0x5289, 0x5289, 0x5269, 0x5289, 0x39C7,
  0x31C7, 0x4249, 0x4249, 0x4249, 0x4249, 0x4249, 0x424A, 0x4249, 0x4249, 0x4249, 0x4249, 0x4249,
  0x4249, 0x4249, 0x4249, 0x2986, 0x18C4, 0x18E4, 0x18C4, 0x10C3, 0x18E3, 0x18C4, 0x18E3, 0x18E3,
  0x18E3, 0x18C3, 0x18E3, 0x18C4, 0x18E4, 0x18E3, 0x18E3, 0x18E4, 0x18C4, 0x18E3, 0x10E4, 0x18E4,
  0x10C3, 0x18E3, 0x18C3, 0x18C3, 0x18C4, 0x18E3, 0x18E4, 0x10C4, 0x18C4, 0x18C3, 0x18E3, 0x18C4,
  0x18E4, 0x18C3, 0x18E4, 0x18E3, 0x10E3, 0x18C3, 0x18E3, 0x18E3, 0x10A3, 0x10C3, 0x10C3, 0x18A3,
  0x10C3, 0x10C4, 0x3A08, 0x4249, 0x424A, 0x4249, 0x4249, 0x424A, 0x4249, 0x4249, 0x424A, 0x4249,
  0x4249, 0x4249, 0x424A, 0x4249, 0x424A, 0x4249, 0x4249, 0x4249, 0x4249, 0x4249, 0x4249, 0x424A,
  0x4249, 0x4249, 0x424A, 0x424A, 0x4249, 0x4249, 0x4249, 0x4249, 0x4249, 0x4249, 0x4249, 0x4249,
  0x4249, 0x4249, 0x4249, 0x424A, 0x4249, 0x4249, 0x4249, 0x4249, 0x4249, 0x4249, 0x4249, 0x4249,
  0x424A, 0x4249, 0x4249, 0x4249, 0x424A, 0x4249, 0x4249, 0x4249, 0x4249, 0x4249, 0x424A, 0x4249,
  0x4249, 0x424A, 0x4249, 0x4249, 0x4249, 0x424A, 0x4249, 0x4249, 0x4249, 0x4249, 0x4249, 0x424A,
  0x4249, 0x4249, 0x4249, 0x4249, 0x4249, 0x4249, 0x424A, 0x4249, 0x424A, 0x4249, 0x4249, 0x424A,
  0x4249, 0x4249, 0x4249, 0x4249, 0x4249, 0x4249, 0x4249, 0x4249, 0x424A, 0x4249, 0x424A, 0x4249,
  0x4249, 0x4249, 0x4249, 0x4249, 0x4249, 0x424A, 0x4249, 0x4249, 0x4249, 0x4249, 0x4249, 0x424A,
  0x4249, 0x4249, 0x424A, 0x4249, 0x4249, 0x4249, 0x424A, 0x4249, 0x4249, 0x4249, 0x4249, 0x424A,
  0x4249, 0x4249, 0x4249, 0x4249, 0x4249, 0x4249, 0x4249, 0x424A, 0x4249, 0x4249, 0x4249, 0x4249,
  0x424A, 0x4249, 0x4249, 0x424A, 0x4249, 0x4249, 0x4249, 0x4249, 0x424A, 0x4249, 0x4249, 0x424A,
  0x4249, 0x4249, 0x4249, 0x4249, 0x4249, 0x424A, 0x4249, 0x4249, 0x4249, 0x424A, 0x4249, 0x4249,
  0x4249, 0x424A, 0x4249, 0x4249, 0x424A, 0x4249, 0x424A, 0x4249, 0x4249, 0x4249, 0x4249, 0x4249,
  0x4249, 0x424A, 0x4249, 0x4249, 0x424A, 0x4249, 0x4249, 0x4249, 0x424A, 0x4249, 0x424A, 0x4249,
  0x424A, 0x4249, 0x4249, 0x4229, 0x39E7, 0x39C7, 0x31C8, 0x31C8, 0x31E7, 0x31C8, 0x39E8, 0x39E8,
  0x39E8, 0x31E7, 0x39C8, 0x31E7, 0x39E8, 0x39E7, 0x39C8, 0x31E8, 0x31C8, 0x39E7, 0x31E8, 0x31E7,
  0x39C8, 0x31E8, 0x39C8, 0x39E8, 0x39E8, 0x39E7, 0x31C8, 0x39E8, 0x31E8, 0x31C8, 0x39E8, 0x39E7,
  0x31C7, 0x39E8, 0x31C8, 0x39E8, 0x39C8, 0x39E8, 0x31E8, 0x39C8, 0x31E8, 0x39E8, 0x31C8, 0x31E8,
  0x39E8, 0x31C8, 0x3A08, 0x4249, 0x424A, 0x4249, 0x4249, 0x4249, 0x4249, 0x4249, 0x4249, 0x4249,
  0x424A, 0x4249, 0x4249, 0x424A, 0x4249, 0x3A29, 0x4228, 0x4A69, 0x4A49, 0x4A69, 0x4A69, 0x4A69,
  0x4A49, 0x4A69, 0x4A69, 0x4A69, 0x4A69, 0x4A49, 0x4A69, 0x4228, 0x3A29, 0x4249, 0x4249, 0x4249,
  0x424A, 0x4249, 0x424A, 0x424A, 0x4249, 0x4249, 0x424A, 0x4249, 0x4249, 0x424A, 0x4249, 0x3A08,
  0x39E8, 0x39E8, 0x39E8, 0x39E8, 0x31E8, 0x39E8, 0x39E8, 0x39E8, 0x31E8, 0x39E8, 0x39E8, 0x39E8,
  0x39E8, 0x39E8, 0x31E8, 0x39E8, 0x39E8, 0x39E8, 0x39E8, 0x39E8, 0x31E8, 0x39E8, 0x39E8, 0x39E8,
  0x31E8, 0x39E8, 0x39E8, 0x39E8, 0x31E8, 0x39E8, 0x39E8, 0x39E8, 0x39E8, 0x31E8, 0x39E8, 0x39E8,
  0x39E8, 0x39E8, 0x39E8, 0x39E8, 0x39C8, 0x39E8, 0x31E8, 0x31C8, 0x31E8, 0x39E8, 0x4229, 0x4249,
  0x424A, 0x4249, 0x4249, 0x4249, 0x4249, 0x4249, 0x4249, 0x4249, 0x424A, 0x4249, 0x4249, 0x4249,
  0x424A, 0x4249, 0x424A, 0x4249, 0x4249, 0x4249, 0x4249, 0x4249, 0x424A, 0x4249, 0x4249, 0x4249,
  0x424A, 0x4249, 0x424A, 0x424A, 0x4249, 0x424A, 0x424A, 0x424A, 0x4249, 0x424A, 0x4249, 0x4249,
  0x4249, 0x4249, 0x4249, 0x424A, 0x4249, 0x4249, 0x424A, 0x4249, 0x4249, 0x4249, 0x424A, 0x4249,
  0x4249, 0x4249, 0x4249, 0x424A, 0x4249, 0x4249, 0x4249, 0x4249, 0x4249, 0x4249, 0x4249, 0x424A,
  0x4249, 0x4249, 0x4249, 0x4249, 0x424A, 0x4249, 0x4249, 0x424A, 0x4249, 0x4249, 0x4249, 0x4249,
  0x424A, 0x4249, 0x4249, 0x424A, 0x4249, 0x4249, 0x4249, 0x4249, 0x4249, 0x424A, 0x4249, 0x4249,
  0x4249, 0x424A, 0x4249, 0x4249, 0x4249, 0x424A, 0x4249, 0x4249, 0x424A, 0x4249, 0x424A, 0x4249,
  0x4249, 0x4249, 0x4249, 0x4249, 0x424A, 0x4249, 0x4249, 0x4249, 0x424A, 0x4249, 0x4249, 0x424A,
  0x4249, 0x4249, 0x4249, 0x4249, 0x4249, 0x4249, 0x424A, 0x4249, 0x424A, 0x4249, 0x424A, 0x4249,
  0x4249, 0x4249, 0x4249, 0x424A, 0x4249, 0x4249, 0x4249, 0x424A, 0x4249, 0x4249, 0x4249, 0x4249,
  0x4249, 0x424A, 0x424A, 0x4249, 0x4249, 0x4249, 0x4249, 0x4249, 0x424A, 0x4249, 0x4249, 0x4249,
  0x4249, 0x4249, 0x4249, 0x424A, 0x4249, 0x4249, 0x4249, 0x4249, 0x4249, 0x4249, 0x4249, 0x424A,
  0x4249, 0x4249, 0x4249, 0x4249, 0x4249, 0x424A, 0x4249, 0x4249, 0x424A, 0x4249, 0x4249, 0x4249,
  0x4249, 0x4249, 0x424A, 0x4249, 0x4249, 0x4249, 0x4249, 0x4249, 0x4249, 0x4249, 0x4249, 0x4249,
  0x4249, 0x4249, 0x4249, 0x4249, 0x4249, 0x4249, 0x4249, 0x4249, 0x4249, 0x4249, 0x4249, 0x424A,
  0x4249, 0x4249, 0x4249, 0x424A, 0x4249, 0x424A, 0x4249, 0x424A, 0x4249, 0x4249, 0x4249, 0x4249,
  0x4249, 0x4249, 0x4249, 0x4249, 0x4249, 0x4249, 0x424A, 0x4249, 0x4249, 0x4249, 0x4249, 0x4249,
  0x4249, 0x4249, 0x4249, 0x4249, 0x4249, 0x4249, 0x424A, 0x4249, 0x424A, 0x4249, 0x4249, 0x4249,
  0x4249, 0x4249, 0x424A, 0x424A, 0x4249, 0x4249, 0x4249, 0x4249, 0x4249, 0x4249, 0x4249, 0x4249,
  0x4249, 0x4249, 0x4249, 0x4249, 0x4249, 0x424A, 0x4249, 0x4249, 0x4249, 0x424A, 0x4249, 0x4249,
  0x4249, 0x4249, 0x4249, 0x424A, 0x4249, 0x424A, 0x4249, 0x4249, 0x424A, 0x4249, 0x4249, 0x4249,
  0x4249, 0x4249, 0x4249, 0x4249, 0x4249, 0x424A, 0x4249, 0x4249, 0x424A, 0x4249, 0x4249, 0x4249,
  0x4249, 0x424A, 0x4249, 0x4249, 0x4249, 0x424A, 0x4249, 0x4249, 0x4249, 0x4249, 0x4249, 0x4249,
  0x4249, 0x4249, 0x424A, 0x4249, 0x4249, 0x4249, 0x4249, 0x4249, 0x4249, 0x424A, 0x4249, 0x4249,
  0x4249, 0x4249, 0x4249, 0x4249, 0x4249, 0x4249, 0x424A, 0x4249, 0x4249, 0x4249, 0x424A, 0x424A,
  0x4249, 0x4249, 0x4249, 0x4249, 0x4249, 0x424A, 0x4249, 0x4249, 0x4249, 0x4249, 0x4249, 0x4249,
  0x424A, 0x4249, 0x4249, 0x4249, 0x4249, 0x4249, 0x4249, 0x424A, 0x4249, 0x4249, 0x4249, 0x4249,
  0x424A, 0x424A, 0x4249, 0x4249, 0x4249, 0x4249, 0x4249, 0x4249, 0x4249, 0x4249, 0x4249, 0x4249,
  0x4249, 0x4249, 0x424A, 0x4249, 0x4249, 0x4249, 0x4249, 0x4249, 0x424A, 0x4249, 0x4249, 0x4249,
  0x424A, 0x4249, 0x4249, 0x424A, 0x4249, 0x4249, 0x4249, 0x4249, 0x4249, 0x4249, 0x424A, 0x4249,
  0x424A, 0x4249, 0x424A, 0x4249, 0x4249, 0x4249, 0x4249, 0x424A, 0x4249, 0x4249, 0x4249, 0x424A,
  0x4249, 0x4249, 0x4249, 0x4249, 0x4249, 0x424A, 0x424A, 0x4249, 0x4249, 0x4249, 0x4249, 0x4249,
  0x424A, 0x4249, 0x4249, 0x4249, 0x4249, 0x4249, 0x4249, 0x424A, 0x4249, 0x4249, 0x4249, 0x4249,
  0x4249, 0x4249, 0x4249, 0x424A, 0x4249, 0x4249, 0x4249, 0x4249, 0x4249, 0x424A, 0x4249, 0x4249,
  0x4249, 0x4249, 0x424A, 0x4249, 0x4249, 0x4249, 0x4249, 0x4249, 0x4249, 0x4249, 0x424A, 0x4249,
  0x4249, 0x424A, 0x4249, 0x4249, 0x4249, 0x4249, 0x4249, 0x424A, 0x4249, 0x4249, 0x424A, 0x4249,
  0x4249, 0x4249, 0x4249, 0x4249, 0x4249, 0x424A, 0x424A, 0x4249, 0x4249, 0x4249, 0x4249, 0x4249,
  0x424A, 0x4249, 0x4249, 0x4249, 0x4249, 0x4249, 0x4249, 0x424A, 0x424A, 0x4249, 0x4249, 0x4249,
  0x4249, 0x424A, 0x424A, 0x4249, 0x4249, 0x4249, 0x4249, 0x4249, 0x4249, 0x424A, 0x4249, 0x4249,
  0x424A, 0x4249, 0x4249, 0x4249, 0x4249, 0x4249, 0x424A, 0x4249, 0x424A, 0x4249, 0x4249, 0x4249,
  0x4249, 0x4249, 0x424A, 0x4249, 0x424A, 0x4249, 0x424A, 0x424A, 0x4249, 0x424A, 0x4249, 0x4249,
  0x4249, 0x4249, 0x4249, 0x424A, 0x4249, 0x424A, 0x4249, 0x4249, 0x4249, 0x424A, 0x4249, 0x4249,
  0x424A, 0x4249, 0x4249, 0x4249, 0x4249, 0x4249, 0x4249, 0x4249, 0x424A, 0x4249, 0x424A, 0x4249,
  0x4249, 0x4249, 0x4249, 0x424A, 0x4249, 0x4249, 0x424A, 0x4249, 0x424A, 0x4249, 0x4249, 0x4249,
  0x4249, 0x4249, 0x4249, 0x4249, 0x424A, 0x4249, 0x4249, 0x4249, 0x4249, 0x424A, 0x4249, 0x4249,
  0x4249, 0x424A, 0x424A, 0x4249, 0x4249, 0x424A, 0x4249, 0x4249, 0x424A, 0x4249, 0x424A, 0x424A,
  0x424A, 0x4249, 0x4249, 0x4249, 0x4249, 0x4249, 0x424A, 0x4249, 0x4249, 0x424A, 0x4249, 0x4249,
  0x4249, 0x4249, 0x424A, 0x4249, 0x4249, 0x4249, 0x4249, 0x4249, 0x424A, 0x424A, 0x4249, 0x4249,
  0x424A, 0x4249, 0x4249, 0x4249, 0x4249, 0x4249, 0x424A, 0x4249, 0x4249, 0x4249, 0x424A, 0x4249,
  0x4249, 0x4249, 0x4249, 0x4249, 0x424A, 0x424A, 0x4249, 0x4249, 0x4249, 0x4249, 0x4249, 0x4249,
  0x4249, 0x4249, 0x4249, 0x4249, 0x4249, 0x4249, 0x4249, 0x4249, 0x4249, 0x424A, 0x4249, 0x424A,
  0x4249, 0x4249, 0x4249, 0x4249, 0x4249, 0x4249, 0x4249, 0x4249, 0x4249, 0x4249, 0x424A, 0x4249,
  0x4249, 0x4249, 0x4249, 0x4249, 0x4249, 0x4249, 0x424A, 0x4249, 0x4249, 0x4249, 0x424A, 0x4249,
  0x424A, 0x4249, 0x4249, 0x4249, 0x4249, 0x4249, 0x424A, 0x4249, 0x4249, 0x4249, 0x4249, 0x4249,
  0x424A, 0x4249, 0x4249, 0x4249, 0x4249, 0x4249, 0x4249, 0x4249, 0x4249, 0x4249, 0x4249, 0x4249,
  0x4249, 0x424A, 0x4249, 0x4249, 0x4249, 0x4249, 0x424A, 0x4249, 0x4249, 0x4249, 0x4249, 0x4249,
  0x4249, 0x4249, 0x424A, 0x4249, 0x4249, 0x424A, 0x4249, 0x4249, 0x4249, 0x4249, 0x4249, 0x424A,
  0x4249, 0x4249, 0x424A, 0x4249, 0x4249, 0x4249, 0x4249, 0x4249, 0x4249, 0x424A, 0x424A, 0x4249,
  0x4249, 0x4249, 0x4249, 0x4249, 0x424A, 0x4249, 0x4249, 0x4249, 0x4249, 0x4249, 0x4249, 0x424A,
  0x424A, 0x4249, 0x4249, 0x4249, 0x4249, 0x424A, 0x424A, 0x4249, 0x4249, 0x4249, 0x4249, 0x4249,
  0x4249, 0x424A, 0x4249, 0x4249, 0x4249, 0x424A, 0x4249, 0x4249, 0x424A, 0x4249, 0x4249, 0x4249,
  0x4249, 0x424A, 0x4249, 0x4249, 0x424A, 0x4249, 0x424A, 0x424A, 0x4249, 0x4249, 0x4249, 0x4249,
  0x4249, 0x4249, 0x4249, 0x4249, 0x424A, 0x4249, 0x4249, 0x4249, 0x4249, 0x424A, 0x4249, 0x4249,
  0x4249, 0x4249, 0x4249, 0x4249, 0x424A, 0x4249, 0x4249, 0x4249, 0x424A, 0x4249, 0x4249, 0x424A,
  0x424A, 0x4249, 0x424A, 0x4249, 0x4249, 0x4249, 0x424A, 0x4249, 0x4249, 0x4249, 0x424A, 0x4249,
  0x4249, 0x424A, 0x424A, 0x4249, 0x4249, 0x4249, 0x424A, 0x4249, 0x4249, 0x424A, 0x4249, 0x424A,
  0x4249, 0x4249, 0x4249, 0x4249, 0x4249, 0x4249, 0x4249, 0x4249, 0x4249, 0x4249, 0x4249, 0x4249,
  0x4249, 0x4249, 0x4249, 0x4249, 0x4249, 0x4249, 0x4249, 0x424A, 0x424A, 0x4249, 0x4249, 0x424A,
  0x4249, 0x424A, 0x4249, 0x4249, 0x4249, 0x4249, 0x4249, 0x4249, 0x4249, 0x4249, 0x4249, 0x424A,
  0x4249, 0x424A, 0x4249, 0x4249, 0x424A, 0x4249, 0x4249, 0x4249, 0x424A, 0x4249, 0x4249, 0x4249,
  0x424A, 0x4249, 0x4249, 0x4249, 0x4249, 0x4249, 0x424A, 0x4249, 0x424A, 0x4249, 0x4249, 0x4249,
  0x424A, 0x4249, 0x4249, 0x424A, 0x4249, 0x4249, 0x4249, 0x4249, 0x4249, 0x4249, 0x4249, 0x4249,
  0x424A, 0x4249, 0x4249, 0x4249, 0x4249, 0x4249, 0x4249, 0x4249, 0x4249, 0x4249, 0x4249, 0x424A,
  0x4249, 0x4249, 0x424A, 0x4249, 0x4249, 0x4249, 0x4249, 0x4249, 0x4249, 0x4249, 0x4249, 0x4249,
  0x4249, 0x424A, 0x4249, 0x4249, 0x4249, 0x4249, 0x4249, 0x424A, 0x4249, 0x424A, 0x4249, 0x4249,
  0x4249, 0x4249, 0x4249, 0x424A, 0x4249, 0x4249, 0x4249, 0x424A, 0x4249, 0x4249, 0x4249, 0x4249,
  0x4249, 0x4249, 0x4249, 0x424A, 0x4249, 0x4249, 0x424A, 0x4249, 0x4249, 0x424A, 0x424A, 0x4249,
  0x4249, 0x4249, 0x4249, 0x4249, 0x424A, 0x4249, 0x4249, 0x424A, 0x4249, 0x4249, 0x4249, 0x424A,
  0x4249, 0x4249, 0x424A, 0x4249, 0x4249, 0x4249, 0x4249, 0x4249, 0x4249, 0x4249, 0x4249, 0x4249,
  0x424A, 0x4249, 0x424A, 0x4249, 0x4249, 0x4249, 0x424A, 0x4249, 0x4249, 0x4249, 0x424A, 0x4249,
  0x4249, 0x4249, 0x424A, 0x4249, 0x4249, 0x4249, 0x424A, 0x4249, 0x4249, 0x424A, 0x424A, 0x4249,
  0x424A, 0x424A, 0x4249, 0x4249, 0x4249, 0x424A, 0x4249, 0x4249, 0x4249, 0x424A, 0x4249, 0x4249,
  0x424A, 0x4249, 0x4249, 0x4249, 0x4249, 0x424A, 0x4249, 0x4249, 0x424A, 0x4249, 0x424A, 0x424A,
  0x4249, 0x4249, 0x4249, 0x4249, 0x4249, 0x4249, 0x4249, 0x4249, 0x424A, 0x4249, 0x4249, 0x4249,
  0x4249, 0x424A, 0x4249, 0x4249, 0x4249, 0x4249, 0x4249, 0x4249, 0x424A, 0x4249, 0x4249, 0x4249,
  0x424A, 0x4249, 0x4249, 0x424A, 0x424A, 0x4249, 0x424A, 0x4249, 0x4249, 0x4249, 0x424A, 0x4249,
  0x4249, 0x4249, 0x424A, 0x4249, 0x4249, 0x424A, 0x424A, 0x4249, 0x4249, 0x4249, 0x424A, 0x4249,
  0x424A, 0x4249, 0x4249, 0x4249, 0x4249, 0x4249, 0x4249, 0x4249, 0x4249, 0x424A, 0x4249, 0x4249,
  0x4249, 0x4249, 0x4249, 0x4249, 0x4249, 0x4249, 0x424A, 0x4249, 0x4249, 0x4249, 0x4249, 0x424A,
  0x4249, 0x4249, 0x4249, 0x4249, 0x4249, 0x424A, 0x424A, 0x4249, 0x4249, 0x4249, 0x424A, 0x4249,
  0x4249, 0x4249, 0x424A, 0x4249, 0x4249, 0x4249, 0x4249, 0x4249, 0x4249, 0x4249, 0x4249, 0x4249,
  0x4249, 0x4249, 0x4249, 0x4249, 0x4249, 0x4249, 0x4249, 0x4249, 0x4249, 0x4249, 0x4249, 0x4249,
  0x424A, 0x4249, 0x4249, 0x4249, 0x4249, 0x4249, 0x4249, 0x4249, 0x4249, 0x424A, 0x4249, 0x424A,
  0x4249, 0x4249, 0x424A, 0x424A, 0x4249, 0x424A, 0x4249, 0x4249, 0x424A, 0x4249, 0x4249, 0x4249,
  0x424A, 0x4249, 0x4249, 0x4249, 0x424A, 0x4249, 0x4249, 0x4249, 0x4249, 0x4249, 0x4249, 0x4249,
  0x4249, 0x424A, 0x4249, 0x4249, 0x4249, 0x4249, 0x4249, 0x4249, 0x424A, 0x4249, 0x4249, 0x4249,
  0x4249, 0x4249, 0x4249, 0x4249, 0x4249, 0x4249, 0x4249, 0x424A, 0x4249, 0x4249, 0x4249, 0x4249,
  0x424A, 0x4249, 0x4249, 0x4249, 0x424A, 0x4249, 0x4249, 0x4249, 0x4249, 0x4249, 0x424A, 0x4249,
  0x4249, 0x4249, 0x4249, 0x424A, 0x4249, 0x424A, 0x4249, 0x424A, 0x4249, 0x4249, 0x424A, 0x4249,
  0x4249, 0x4249, 0x4249, 0x4249, 0x4249, 0x4249, 0x424A, 0x4249, 0x4249, 0x4249, 0x4249, 0x4249,
  0x424A, 0x4249, 0x424A, 0x4249, 0x4249, 0x4249, 0x4249, 0x424A, 0x4249, 0x4249, 0x424A, 0x4249,
  0x4249, 0x4249, 0x4249, 0x4249, 0x4249, 0x4249, 0x4249, 0x4249, 0x4249, 0x424A, 0x4249, 0x4249,
  0x4249, 0x4249, 0x4249, 0x4249, 0x424A, 0x424A, 0x4249, 0x424A, 0x424A, 0x4249, 0x4249, 0x4249,
  0x4249, 0x424A, 0x4249, 0x4249, 0x4249, 0x4249, 0x4249, 0x4249, 0x424A, 0x424A, 0x424A, 0x4249,
  0x4249, 0x4249, 0x4249, 0x4249, 0x4249, 0x4249, 0x4249, 0x4249, 0x424A, 0x4249, 0x4249, 0x4249,
  0x4249, 0x424A, 0x4249, 0x424A, 0x424A, 0x4249, 0x4249, 0x424A, 0x4249, 0x4249, 0x4249, 0x424A,
  0x4249, 0x4249, 0x4249, 0x4249, 0x4249, 0x4249, 0x4249, 0x424A, 0x424A, 0x4249, 0x4249, 0x4249,
  0x4249, 0x4249, 0x4249, 0x4249, 0x4249, 0x4249, 0x4249, 0x4249, 0x4249, 0x4249, 0x4249, 0x424A,
  0x4249, 0x4249, 0x4249, 0x4249, 0x424A, 0x4249, 0x4249, 0x4249, 0x4249, 0x4249, 0x4249, 0x4249,
  0x4249, 0x424A, 0x4249, 0x4249, 0x4249, 0x4249, 0x4249, 0x4249, 0x4249, 0x4249, 0x424A, 0x4249,
  0x4249, 0x4249, 0x4249, 0x424A, 0x4249, 0x4249, 0x4249, 0x4249, 0x4249, 0x424A, 0x424A, 0x4249,
  0x4249, 0x4249, 0x424A, 0x4249, 0x4249, 0x4249, 0x424A, 0x4249, 0x4249, 0x4249, 0x4249, 0x4249,
  0x4249, 0x4249, 0x4249, 0x4249, 0x4249, 0x4249, 0x4249, 0x4249, 0x4249, 0x4249, 0x4249, 0x4249,
  0x4249, 0x4249, 0x4249, 0x4249, 0x424A, 0x4249, 0x4249, 0x4249, 0x4249, 0x4249, 0x4249, 0x424A,
  0x4249, 0x424A, 0x4249, 0x4249, 0x4249, 0x424A, 0x4249, 0x4249, 0x4249, 0x4249, 0x4249, 0x4249,
  0x4249, 0x424A, 0x4249, 0x424A, 0x4249, 0x4249, 0x424A, 0x4249, 0x4249, 0x4249, 0x424A, 0x4249,
  0x4249, 0x4249, 0x4249, 0x4249, 0x4249, 0x4249, 0x424A, 0x4249, 0x4249, 0x4249, 0x424A, 0x4249,
  0x4249, 0x424A, 0x4249, 0x4249, 0x4249, 0x4249, 0x4249, 0x424A, 0x4249, 0x4249, 0x424A, 0x4249,
  0x4249, 0x424A, 0x4249, 0x424A, 0x4249, 0x424A, 0x4249, 0x4249, 0x4249, 0x4249, 0x4249, 0x4249,
  0x4249, 0x4249, 0x4249, 0x4249, 0x4249, 0x424A, 0x4249, 0x4249, 0x424A, 0x4249, 0x4249, 0x4249,
  0x4249, 0x4249, 0x4249, 0x4249, 0x424A, 0x4249, 0x424A, 0x4249, 0x424A, 0x4249, 0x4249, 0x4249,
  0x4249, 0x4249, 0x4249, 0x424A, 0x4249, 0x4249, 0x4249, 0x424A, 0x4249, 0x4249, 0x4249, 0x4249,
  0x424A, 0x424A, 0x4249, 0x4249, 0x4249, 0x4249, 0x4249, 0x424A, 0x4249, 0x424A, 0x4249, 0x4249,
  0x424A, 0x4249, 0x4249, 0x4249, 0x4249, 0x4249, 0x4249, 0x4249, 0x424A, 0x4249, 0x4249, 0x4249,
  0x4249, 0x4249, 0x4249, 0x424A, 0x4249, 0x4249, 0x424A, 0x4249, 0x4249, 0x424A, 0x4249, 0x4249,
  0x4249, 0x4249, 0x4249, 0x4249, 0x4249, 0x4249, 0x4249, 0x424A, 0x424A, 0x4249, 0x4249, 0x424A,
  0x4249, 0x4249, 0x4249, 0x4249, 0x4249, 0x4249, 0x424A, 0x424A, 0x4249, 0x4249, 0x4249, 0x424A,
  0x4249, 0x4249, 0x424A, 0x4249, 0x4249, 0x4249, 0x424A, 0x4249, 0x4249, 0x4249, 0x424A, 0x4249,
  0x4249, 0x424A, 0x424A, 0x424A, 0x4249, 0x4249, 0x4249, 0x4249, 0x424A, 0x424A, 0x4249, 0x4249,
  0x4249, 0x4249, 0x4249, 0x4249, 0x4249, 0x4249, 0x4249, 0x424A, 0x4249, 0x4249, 0x424A, 0x4249,
  0x4249, 0x424A, 0x4249, 0x4249, 0x4249, 0x4249, 0x4249, 0x4249, 0x424A, 0x4249, 0x4249, 0x4249,
  0x424A, 0x424A, 0x4249, 0x4249, 0x4249, 0x4249, 0x4249, 0x424A, 0x424A, 0x4249, 0x4249, 0x424A,
  0x4249, 0x4249, 0x4249, 0x4249, 0x424A, 0x4249, 0x4249, 0x4249, 0x424A, 0x4249, 0x4249, 0x424A,
  0x4249, 0x4249, 0x4249, 0x4249, 0x4249, 0x4249, 0x4249, 0x4249, 0x424A, 0x4249, 0x424A, 0x4249,
  0x4249, 0x4249, 0x4249, 0x4249, 0x4249, 0x4249, 0x424A, 0x4249, 0x4249, 0x4249, 0x424A, 0x4249,
  0x4249, 0x4249, 0x4249, 0x424A, 0x4249, 0x424A, 0x4249, 0x4249, 0x4249, 0x424A, 0x4249, 0x4249,
  0x4249, 0x4249, 0x4249, 0x4249, 0x4249, 0x424A, 0x4249, 0x424A, 0x4249, 0x4249, 0x424A, 0x4249,
  0x4249, 0x4249, 0x424A, 0x4249, 0x4249, 0x4249, 0x4249, 0x4249, 0x4249, 0x4249, 0x424A, 0x4249,
  0x4249, 0x4249, 0x424A, 0x4249, 0x4249, 0x424A, 0x4249, 0x4249, 0x4249, 0x4249, 0x4249, 0x424A,
  0x4249, 0x4249, 0x424A, 0x4249, 0x4249, 0x424A, 0x4249, 0x424A, 0x4249, 0x424A, 0x4249, 0x4249,
  0x4249, 0x4249, 0x4249, 0x4249, 0x4249, 0x424A, 0x4249, 0x4249, 0x4249, 0x4249, 0x4249, 0x424A,
  0x4249, 0x4249, 0x4249, 0x4249, 0x424A, 0x4249, 0x424A, 0x4249, 0x424A, 0x4249, 0x4249, 0x4249,
  0x4249, 0x424A, 0x4249, 0x4249, 0x4249, 0x424A, 0x4249, 0x424A, 0x4249, 0x4249, 0x424A, 0x4249,
  0x4249, 0x424A, 0x4249, 0x4249, 0x4249, 0x4249, 0x4249, 0x4249, 0x424A, 0x4249, 0x4249, 0x424A,
  0x4249, 0x424A, 0x4249, 0x4249, 0x4249, 0x4249, 0x424A, 0x4249, 0x4249, 0x4249, 0x4249, 0x4249,
  0x4249, 0x4249, 0x4249, 0x4249, 0x424A, 0x4249, 0x4249, 0x424A, 0x424A, 0x4249, 0x424A, 0x4249,
  0x4249, 0x4249, 0x4249, 0x4249, 0x4249, 0x4249, 0x4249, 0x4249, 0x424A, 0x4249, 0x4249, 0x4249,
  0x4249, 0x4249, 0x4249, 0x4249, 0x4249, 0x424A, 0x424A, 0x4249, 0x424A, 0x4249, 0x4249, 0x4249,
  0x4249, 0x4249, 0x4249, 0x4249, 0x424A, 0x4249, 0x4249, 0x424A, 0x4249, 0x4249, 0x424A, 0x4249,
  0x424A, 0x4249, 0x4249, 0x4249, 0x424A, 0x4249, 0x4249, 0x4249, 0x4249, 0x4249, 0x4249, 0x4249,
  0x4249, 0x424A, 0x424A, 0x4249, 0x4249, 0x4249, 0x4249, 0x4249, 0x424A, 0x4249, 0x4249, 0x4249,
  0x4249, 0x4249, 0x4249, 0x4249, 0x4249, 0x4249, 0x424A, 0x4249, 0x4249, 0x4249, 0x424A, 0x424A,
  0x4249, 0x4249, 0x4249, 0x4249, 0x4249, 0x4249, 0x4249, 0x4249, 0x4249, 0x424A, 0x4249, 0x424A,
  0x4249, 0x4249, 0x4249, 0x4249, 0x4249, 0x4249, 0x4249, 0x4249, 0x424A, 0x4249, 0x424A, 0x4249,
  0x4249, 0x4249, 0x424A, 0x4249, 0x4249, 0x4249, 0x424A, 0x4249, 0x4249, 0x4249, 0x4249, 0x4249,
  0x4249, 0x4249, 0x424A, 0x4249, 0x4249, 0x4249, 0x4249, 0x4249, 0x4249, 0x4249, 0x4249, 0x4249,
  0x4249, 0x4249, 0x4249, 0x4249, 0x4249, 0x4249, 0x4249, 0x424A, 0x4249, 0x4249, 0x4249, 0x4249,
  0x4249, 0x4249, 0x4249, 0x4249, 0x424A, 0x4249, 0x4249, 0x4249, 0x424A, 0x4249, 0x4249, 0x4249,
  0x424A, 0x424A, 0x4249, 0x4249, 0x4249, 0x4249, 0x4249, 0x4249, 0x4249, 0x4249, 0x424A, 0x4249,
  0x4249, 0x4249, 0x4249, 0x4249, 0x4249, 0x4249, 0x4249, 0x4249, 0x4249, 0x424A, 0x4249, 0x4249,
  0x424A, 0x4249, 0x424A, 0x4249, 0x4249, 0x4249, 0x4249, 0x4249, 0x4249, 0x424A, 0x4249, 0x424A,
  0x4249, 0x4249, 0x4249, 0x4249, 0x4249, 0x424A, 0x4249, 0x4249, 0x4249, 0x424A, 0x4249, 0x4249,
  0x4249, 0x4249, 0x4249, 0x424A, 0x4249, 0x4249, 0x4249, 0x4249, 0x424A, 0x4249, 0x424A, 0x4249,
  0x424A, 0x4249, 0x4249, 0x4249, 0x4249, 0x424A, 0x4249, 0x4249, 0x4249, 0x424A, 0x4249, 0x424A,
  0x4249, 0x4249, 0x424A, 0x4249, 0x4249, 0x424A, 0x4249, 0x4249, 0x4249, 0x4249, 0x4249, 0x4249,
  0x424A, 0x4249, 0x4249, 0x424A, 0x4249, 0x424A, 0x4249, 0x4249, 0x4249, 0x4249, 0x424A, 0x4249,
  0x4249, 0x4249, 0x4249, 0x4249, 0x4249, 0x4249, 0x4249, 0x4249, 0x424A, 0x4249, 0x4249, 0x424A,
  0x4249, 0x4249, 0x4249, 0x4249, 0x4249, 0x424A, 0x4249, 0x4249, 0x4249, 0x4249, 0x4249, 0x424A,
  0x4249, 0x4249, 0x4249, 0x424A, 0x4249, 0x4249, 0x4249, 0x424A, 0x4249, 0x4249, 0x4249, 0x4249,
  0x424A, 0x4249, 0x4249, 0x4249, 0x4249, 0x4249, 0x4249, 0x4249, 0x4249, 0x4249, 0x4249, 0x4249,
  0x424A, 0x4249, 0x424A, 0x4249, 0x4249, 0x4249, 0x4249, 0x4249, 0x4249, 0x4249, 0x4249, 0x424A,
  0x4249, 0x4249, 0x4249, 0x4249, 0x4249, 0x424A, 0x4249, 0x4249, 0x424A, 0x4249, 0x4249, 0x4249,
  0x4249, 0x4249, 0x424A, 0x4249, 0x4249, 0x4249, 0x4249, 0x4249, 0x4249, 0x4249, 0x424A, 0x4249,
  0x4249, 0x4249, 0x4249, 0x424A, 0x4249, 0x4249, 0x4249, 0x4249, 0x4249, 0x4249, 0x424A, 0x4249,
  0x4249, 0x4249, 0x4249, 0x4249, 0x4249, 0x4249, 0x4249, 0x424A, 0x4249, 0x4249, 0x424A, 0x4249,
  0x424A, 0x4249, 0x4249, 0x4249, 0x4249, 0x4249, 0x4249, 0x4249, 0x4249, 0x4249, 0x4249, 0x4249,
  0x4249, 0x424A, 0x4249, 0x424A, 0x4249, 0x424A, 0x424A, 0x424A, 0x4249, 0x4249, 0x4249, 0x424A,
  0x4249, 0x4249, 0x424A, 0x424A, 0x4249, 0x4249, 0x4249, 0x424A, 0x4249, 0x4249, 0x4249, 0x424A,
  0x4249, 0x4249, 0x4249, 0x424A, 0x4249, 0x4249, 0x4249, 0x4249, 0x424A, 0x4249, 0x4249, 0x424A,
  0x4249, 0x424A, 0x424A, 0x4249, 0x424A, 0x4249, 0x4249, 0x4249, 0x424A, 0x4249, 0x4249, 0x4249,
  0x4249, 0x424A, 0x4249, 0x4249, 0x4249, 0x4249, 0x4249, 0x4249, 0x4249, 0x4249, 0x4249, 0x4249,
  0x424A, 0x4249, 0x4249, 0x4249, 0x4249, 0x4249, 0x4249, 0x4249, 0x4249, 0x4249, 0x4249, 0x4249,
  0x4249, 0x424A, 0x4249, 0x424A, 0x424A, 0x4249, 0x4249, 0x424A, 0x424A, 0x424A, 0x4249, 0x424A,
  0x4249, 0x4249, 0x4249, 0x4249, 0x4249, 0x424A, 0x4249, 0x4249, 0x424A, 0x4249, 0x424A, 0x424A,
  0x4249, 0x4249, 0x424A, 0x4249, 0x4249, 0x4249, 0x4249, 0x4249, 0x4249, 0x424A, 0x4249, 0x4249,
  0x4249, 0x4249, 0x4249, 0x424A, 0x4249, 0x4249, 0x4249, 0x4249, 0x4249, 0x4249, 0x424A, 0x4249,
  0x4249, 0x424A, 0x4249, 0x424A, 0x424A, 0x4249, 0x4249, 0x4249, 0x4249, 0x4249, 0x4249, 0x4249,
  0x424A, 0x4249, 0x4249, 0x424A, 0x4249, 0x4249, 0x4249, 0x4249, 0x4249, 0x424A, 0x4249, 0x4249,
  0x4249, 0x424A, 0x4249, 0x4249, 0x4249, 0x4249, 0x4249, 0x4249, 0x4249, 0x424A, 0x4249, 0x4249,
  0x4249, 0x4249, 0x4249, 0x424A, 0x4249, 0x4249, 0x4249, 0x424A, 0x4249, 0x4249, 0x4249, 0x424A,
  0x4249, 0x4249, 0x4249, 0x4249, 0x424A, 0x4249, 0x4249, 0x4249, 0x4249, 0x4249, 0x4249, 0x4249,
  0x4249, 0x4249, 0x4249, 0x4249, 0x424A, 0x4249, 0x424A, 0x4249, 0x4249, 0x4249, 0x4249, 0x4249,
  0x4249, 0x4249, 0x4249, 0x424A, 0x4249, 0x4249, 0x4249, 0x4249, 0x4249, 0x424A, 0x4249, 0x4249,
  0x424A, 0x4249, 0x4249, 0x4249, 0x4249, 0x4249, 0x424A, 0x4249, 0x4249, 0x424A, 0x4249, 0x424A,
  0x4249, 0x4249, 0x4249, 0x424A, 0x4249, 0x424A, 0x4249, 0x4249, 0x4249, 0x4249, 0x4249, 0x4249,
  0x4249, 0x4249, 0x424A, 0x4249, 0x4249, 0x424A, 0x4249, 0x4249, 0x4249, 0x4249, 0x4249, 0x4249,
  0x424A, 0x4249, 0x424A, 0x424A, 0x424A, 0x4249, 0x4249, 0x424A, 0x4249, 0x4249, 0x4249, 0x4249,
  0x4249, 0x4249, 0x424A, 0x4249, 0x4249, 0x424A, 0x4249, 0x4249, 0x4249, 0x4249, 0x424A, 0x4249,
  0x424A, 0x4249, 0x4249, 0x4249, 0x424A, 0x4249, 0x4249, 0x424A, 0x4249, 0x4249, 0x4249, 0x4249,
  0x424A, 0x4249, 0x424A, 0x4249, 0x4249, 0x4249, 0x4249, 0x4249, 0x424A, 0x424A, 0x4249, 0x4249,
  0x4249, 0x4249, 0x424A, 0x424A, 0x4249, 0x4249, 0x424A, 0x4249, 0x4249, 0x4249, 0x4249, 0x4249,
  0x424A, 0x4249, 0x4249, 0x424A, 0x4249, 0x4249, 0x4249, 0x4249, 0x4249, 0x4249, 0x424A, 0x424A,
  0x4249, 0x4249, 0x424A, 0x4249, 0x4249, 0x4249, 0x424A, 0x4249, 0x4249, 0x4249, 0x4249, 0x4249,
  0x4249, 0x4249, 0x4249, 0x4249, 0x4249, 0x4249, 0x4249, 0x4249, 0x4249, 0x4249, 0x4249, 0x4249,
  0x4249, 0x424A, 0x4249, 0x424A, 0x4249, 0x4249, 0x4249, 0x424A, 0x4249, 0x4249, 0x4249, 0x4249,
  0x424A, 0x4249, 0x4249, 0x4249, 0x4249, 0x4249, 0x4249, 0x4249, 0x4249, 0x4249, 0x4249, 0x4249,
  0x4249, 0x4249, 0x4249, 0x4249, 0x4249, 0x4249, 0x424A, 0x4249, 0x4249, 0x4249, 0x4249, 0x424A,
  0x4249, 0x4249, 0x4249, 0x424A, 0x424A, 0x4249, 0x4249, 0x4249, 0x424A, 0x4249, 0x4249, 0x4249,
  0x424A, 0x4249, 0x4249, 0x424A, 0x4249, 0x4249, 0x4249, 0x424A, 0x424A, 0x4249, 0x4249, 0x4249,
  0x4249, 0x4249, 0x424A, 0x4249, 0x4249, 0x4249, 0x4249, 0x4249, 0x4249, 0x4249, 0x4249, 0x424A,
  0x4249, 0x4249, 0x4249, 0x424A, 0x4249, 0x4249, 0x4249, 0x4249, 0x4249, 0x4249, 0x4249, 0x4249,
  0x4249, 0x4249, 0x424A, 0x4249, 0x4249, 0x4249, 0x4249, 0x4249, 0x424A, 0x4249, 0x424A, 0x4249,
  0x4249, 0x4249, 0x424A, 0x424A, 0x4249, 0x424A, 0x424A, 0x4249, 0x4249, 0x4249, 0x4249, 0x4249,
  0x4249, 0x4249, 0x424A, 0x4249, 0x4249, 0x424A, 0x4249, 0x4249, 0x4249, 0x4249, 0x424A, 0x4249,
  0x4249, 0x4249, 0x424A, 0x4249, 0x4249, 0x424A, 0x4249, 0x4249, 0x424A, 0x4249, 0x4249, 0x4249,
  0x4249, 0x424A, 0x4249, 0x424A, 0x4249, 0x4249, 0x4249, 0x424A, 0x4249, 0x424A, 0x4249, 0x4249,
  0x4249, 0x4249, 0x4249, 0x4249, 0x4249, 0x4249, 0x424A, 0x4249, 0x4249, 0x424A, 0x4249, 0x4249,
  0x4249, 0x4249, 0x4249, 0x4249, 0x424A, 0x4249, 0x424A, 0x424A, 0x424A, 0x4249, 0x4249, 0x424A,
  0x4249, 0x4249, 0x4249, 0x4249, 0x4249, 0x4249, 0x424A, 0x4249, 0x4249, 0x424A, 0x4249, 0x4249,
  0x4249, 0x4249, 0x424A, 0x4249, 0x424A, 0x4249, 0x4249, 0x4249, 0x424A, 0x4249, 0x4249, 0x424A,
  0x4249, 0x4249, 0x4249, 0x4249, 0x4249, 0x424A, 0x4249, 0x4249, 0x424A, 0x4249, 0x4249, 0x4249,
  0x4249, 0x4249, 0x4249, 0x424A, 0x4249, 0x424A, 0x4249, 0x424A, 0x4249, 0x4249, 0x4249, 0x4249,
  0x4249, 0x4249, 0x424A, 0x4249, 0x4249, 0x4249, 0x424A, 0x424A, 0x4249, 0x4249, 0x4249, 0x4249,
  0x4249, 0x4249, 0x4249, 0x4249, 0x4249, 0x4249, 0x424A, 0x424A, 0x4249, 0x4249, 0x4249, 0x4249,
  0x424A, 0x4249, 0x4249, 0x4249, 0x4249, 0x424A, 0x4249, 0x4249, 0x4249, 0x4249, 0x424A, 0x4249,
  0x4249, 0x424A, 0x4249, 0x4249, 0x4249, 0x4249, 0x4249, 0x4249, 0x424A, 0x4249, 0x4249, 0x4249,
  0x424A, 0x424A, 0x4249, 0x4249, 0x4249, 0x4249, 0x424A, 0x424A, 0x4249, 0x4249, 0x424A, 0x4249,
  0x4249, 0x4249, 0x424A, 0x4249, 0x4249, 0x4249, 0x4249, 0x4249, 0x4249, 0x424A, 0x4249, 0x4249,
  0x424A, 0x4249, 0x424A, 0x4249, 0x4249, 0x4249, 0x4249, 0x4249, 0x4249, 0x4249, 0x4249, 0x424A,
  0x4249, 0x4249, 0x424A, 0x4249, 0x4249, 0x4249, 0x4249, 0x4249, 0x424A, 0x4249, 0x4249, 0x4249,
  0x424A, 0x4249, 0x4249, 0x4249, 0x424A, 0x424A, 0x4249, 0x4249, 0x4249, 0x4249, 0x4249, 0x4249,
  0x4249, 0x424A, 0x4249, 0x4249, 0x4249, 0x4249, 0x4249, 0x4249, 0x424A, 0x4249, 0x424A, 0x4249,
  0x4249, 0x4249, 0x4249, 0x424A, 0x4249, 0x4249, 0x4249, 0x4249, 0x4249, 0x4249, 0x424A, 0x4249,
  0x4249, 0x4249, 0x424A, 0x4249, 0x4249, 0x424A, 0x4249, 0x4249, 0x424A, 0x4249, 0x4249, 0x4249,
  0x4249, 0x4249, 0x4249, 0x4249, 0x4249, 0x4249, 0x4249, 0x4249, 0x4249, 0x4249, 0x424A, 0x4249,
  0x424A, 0x424A, 0x4249, 0x4249, 0x4249, 0x4249, 0x4249, 0x4249, 0x424A, 0x4249, 0x4249, 0x4249,
  0x4249, 0x4249, 0x4249, 0x4249, 0x4249, 0x4249, 0x424A, 0x424A, 0x4249, 0x424A, 0x4249, 0x4249,
  0x4249, 0x4249, 0x4249, 0x4249, 0x4249, 0x4249, 0x424A, 0x4249, 0x4249, 0x424A, 0x4249, 0x4249,
  0x4249, 0x4249, 0x424A, 0x4249, 0x4249, 0x4249, 0x4249, 0x424A, 0x4249, 0x4249, 0x4249, 0x4249,
  0x4249, 0x4249, 0x4249, 0x4249, 0x4249, 0x424A, 0x4249, 0x4249, 0x4249, 0x4249, 0x4249, 0x4249,
  0x4249, 0x4249, 0x4249, 0x424A, 0x4249, 0x424A, 0x4249, 0x4249, 0x4249, 0x424A, 0x4249, 0x4249,
  0x4249, 0x4249, 0x4249, 0x4249, 0x4249, 0x4249, 0x4249, 0x4249, 0x4249, 0x424A, 0x4249, 0x4249,
  0x424A, 0x4249, 0x4249, 0x4249, 0x4249, 0x4249, 0x4249, 0x424A, 0x4249, 0x424A, 0x4249, 0x424A,
  0x4249, 0x4249, 0x4249, 0x4249, 0x4249, 0x4249, 0x424A, 0x4249, 0x4249, 0x4249, 0x424A, 0x424A,
  0x4249, 0x4249, 0x4249, 0x4249, 0x4249, 0x4249, 0x4249, 0x4249, 0x4249, 0x4249, 0x424A, 0x424A,
  0x4249, 0x4249, 0x4249, 0x4249, 0x424A, 0x4249, 0x4249, 0x4249, 0x4249, 0x424A, 0x4249, 0x4249,
  0x4249, 0x4249, 0x424A, 0x4249, 0x4249, 0x424A, 0x4249, 0x4249, 0x4249, 0x4249, 0x4249, 0x4249,
  0x4249, 0x4249, 0x4249, 0x4249, 0x4249, 0x4249, 0x4249, 0x4249, 0x424A, 0x424A, 0x4249, 0x4249,
  0x4249, 0x4249, 0x4249, 0x4249, 0x424A, 0x4249, 0x4249, 0x424A, 0x4249, 0x4249, 0x4249, 0x4249,
  0x4249, 0x4249, 0x4249, 0x4249, 0x4249, 0x4249, 0x4249, 0x4249, 0x4249, 0x4249, 0x424A, 0x4249,
  0x424A, 0x4249, 0x4249, 0x4249, 0x4249, 0x4249, 0x4249, 0x4249, 0x4249, 0x4249, 0x4249, 0x4249,
  0x424A, 0x4249, 0x4249, 0x4249, 0x4249, 0x424A, 0x4249, 0x4249, 0x4249, 0x424A, 0x4249, 0x424A,
  0x4249, 0x4249, 0x4249, 0x424A, 0x4249, 0x4249, 0x4249, 0x4249, 0x4249, 0x4249, 0x4249, 0x4249,
  0x4249, 0x4249, 0x4249, 0x4249, 0x4249, 0x4249, 0x4249, 0x4249, 0x4249, 0x4249, 0x4249, 0x424A,
  0x4249, 0x424A, 0x424A, 0x424A, 0x4249, 0x4249, 0x424A, 0x4249, 0x4249, 0x4249, 0x4249, 0x424A,
  0x424A, 0x4249, 0x4249, 0x4249, 0x424A, 0x4249, 0x4249, 0x4249, 0x4249, 0x4249, 0x4249, 0x4249,
  0x4249, 0x4249, 0x424A, 0x4249, 0x4249, 0x4249, 0x424A, 0x4249, 0x4249, 0x4249, 0x424A, 0x4249,
  0x4249, 0x4249, 0x4249, 0x4249, 0x424A, 0x4249, 0x424A, 0x4249, 0x4249, 0x4249, 0x4249, 0x4249,
  0x424A, 0x424A, 0x4249, 0x4249, 0x4249, 0x4249, 0x4249, 0x4249, 0x424A, 0x4249, 0x424A, 0x4249,
  0x4249, 0x4249, 0x424A, 0x4249, 0x4249, 0x4249, 0x4249, 0x4249, 0x4249, 0x4249, 0x4249, 0x424A,
  0x4249, 0x4249, 0x4249, 0x4249, 0x424A, 0x4249, 0x4249, 0x4249, 0x4249, 0x4249, 0x424A, 0x4249,
  0x4249, 0x4249, 0x4249, 0x4249, 0x424A, 0x4249, 0x4249, 0x4249, 0x4249, 0x4249, 0x4249, 0x4249,
  0x4249, 0x4249, 0x4249, 0x4249, 0x424A, 0x4249, 0x4249, 0x4249, 0x424A, 0x4249, 0x424A, 0x424A,
  0x424A, 0x4249, 0x4249, 0x4249, 0x4249, 0x4249, 0x4249, 0x4249, 0x4249, 0x424A, 0x424A, 0x4249,
  0x424A, 0x424A, 0x4249, 0x4249, 0x4249, 0x424A, 0x4249, 0x4249, 0x424A, 0x4249, 0x4249, 0x4249,
  0x424A, 0x4249, 0x4249, 0x4249, 0x4249, 0x4249, 0x4249, 0x4249, 0x4249, 0x4249, 0x424A, 0x4249,
  0x4249, 0x424A, 0x4249, 0x424A, 0x4249, 0x424A, 0x4249, 0x4249, 0x424A, 0x4249, 0x4249, 0x4249,
  0x4249, 0x4249, 0x424A, 0x4249, 0x424A, 0x4249, 0x4249, 0x4249, 0x4249, 0x424A, 0x4249, 0x4249,
  0x4249, 0x424A, 0x4249, 0x424A, 0x4249, 0x4249, 0x4249, 0x4249, 0x4249, 0x4249, 0x4249, 0x4249,
  0x424A, 0x424A, 0x4249, 0x4249, 0x4249, 0x4249, 0x4249, 0x4249, 0x424A, 0x4249, 0x4249, 0x424A,
  0x4249, 0x4249, 0x4249, 0x4249, 0x4249, 0x4249, 0x4249, 0x4249, 0x4249, 0x4249, 0x4249, 0x4249,
  0x4249, 0x4249, 0x424A, 0x4249, 0x424A, 0x4249, 0x4249, 0x4249, 0x4249, 0x4249, 0x4249, 0x4249,
  0x4249, 0x4249, 0x4249, 0x4249, 0x424A, 0x4249, 0x4249, 0x4249, 0x4249, 0x424A, 0x4249, 0x4249,
  0x4249, 0x424A, 0x4249, 0x424A, 0x4249, 0x4249, 0x4249, 0x424A, 0x4249, 0x4249, 0x4249, 0x4249,
  0x424A, 0x4249, 0x424A, 0x4249, 0x4249, 0x4249, 0x4249, 0x424A, 0x4249, 0x4249, 0x4249, 0x4249,
  0x4249, 0x4249, 0x424A, 0x4249, 0x4249, 0x424A, 0x424A, 0x4249, 0x4249, 0x4249, 0x424A, 0x4249,
  0x4249, 0x424A, 0x4249, 0x424A, 0x4249, 0x4249, 0x4249, 0x4249, 0x4249, 0x4249, 0x424A, 0x4249,
  0x4249, 0x424A, 0x4249, 0x4249, 0x4249, 0x424A, 0x4249, 0x4249, 0x424A, 0x4249, 0x4249, 0x4249,
  0x4249, 0x4249, 0x4249, 0x4249, 0x4249, 0x4249, 0x4249, 0x4249, 0x424A, 0x4249, 0x424A, 0x4249,
  0x4249, 0x4249, 0x424A, 0x4249, 0x4249, 0x424A, 0x4249, 0x4249, 0x424A, 0x4249, 0x4249, 0x4249,
  0x424A, 0x4249, 0x424A, 0x4249, 0x424A, 0x4249, 0x4249, 0x4249, 0x4249, 0x4249, 0x4249, 0x4249,
  0x4249, 0x4249, 0x4249, 0x4249, 0x4249, 0x4249, 0x4249, 0x4249, 0x4249, 0x4249, 0x4249, 0x424A,
  0x4249, 0x4249, 0x424A, 0x4249, 0x4249, 0x424A, 0x4249, 0x424A, 0x4249, 0x4249, 0x4249, 0x4249,
  0x4249, 0x4249, 0x4249, 0x424A, 0x4249, 0x4249, 0x4249, 0x4249, 0x4249, 0x4249, 0x424A, 0x4249,
  0x424A, 0x4249, 0x4249, 0x4249, 0x4249, 0x4249, 0x4249, 0x4249, 0x424A, 0x4249, 0x4249, 0x4249,
  0x4249, 0x4249, 0x424A, 0x4249, 0x4249, 0x424A, 0x4249, 0x4249, 0x4249, 0x4249, 0x424A, 0x4249,
  0x424A, 0x4249, 0x424A, 0x424A, 0x4249, 0x4249, 0x424A, 0x4249, 0x4249, 0x4249, 0x4249, 0x4249,
  0x4249, 0x424A, 0x424A, 0x424A, 0x4249, 0x4249, 0x424A, 0x4249, 0x4249, 0x424A, 0x424A, 0x4249,
  0x4249, 0x424A, 0x4249, 0x4249, 0x4249, 0x4249, 0x4249, 0x424A, 0x424A, 0x4249, 0x424A, 0x4249,
  0x4249, 0x4249, 0x424A, 0x424A, 0x4249, 0x4249, 0x4249, 0x4249, 0x4249, 0x4249, 0x4249, 0x4249,
  0x4249, 0x4249, 0x424A, 0x4249, 0x4249, 0x4249, 0x4249, 0x4249, 0x4249, 0x4249, 0x4249, 0x4249,
  0x4249, 0x4249, 0x4249, 0x4249, 0x4249, 0x4249, 0x424A, 0x4249, 0x4249, 0x4249, 0x4249, 0x4249,
  0x424A, 0x4249, 0x4249, 0x424A, 0x4249, 0x424A, 0x4249, 0x4249, 0x4249, 0x4249, 0x4249, 0x4249,
  0x4249, 0x4249, 0x4249, 0x4249, 0x4249, 0x424A, 0x4249, 0x4249, 0x4249, 0x4249, 0x4249, 0x4249,
  0x4249, 0x4249, 0x4249, 0x4249, 0x424A, 0x4249, 0x424A, 0x4249, 0x424A, 0x4249, 0x424A, 0x4249,
  0x4249, 0x4249, 0x4249, 0x4249, 0x424A, 0x4249, 0x424A, 0x4249, 0x4249, 0x4249, 0x4249, 0x424A,
  0x4249, 0x4249, 0x4249, 0x4249, 0x4249, 0x4249, 0x424A, 0x4249, 0x4249, 0x424A, 0x424A, 0x4249,
  0x4249, 0x4249, 0x424A, 0x4249, 0x4249, 0x424A, 0x4249, 0x424A, 0x4249, 0x4249, 0x4249, 0x4249,
  0x4249, 0x4249, 0x424A, 0x4249, 0x4249, 0x424A, 0x4249, 0x4249, 0x4249, 0x424A, 0x4249, 0x4249,
  0x424A, 0x4249, 0x4249, 0x4249, 0x4249, 0x4249, 0x4249, 0x4249, 0x4249, 0x4249, 0x4249, 0x4249,
  0x424A, 0x4249, 0x424A, 0x4249, 0x4249, 0x4249, 0x424A, 0x424A, 0x4249, 0x4249, 0x4249, 0x4249,
  0x4249, 0x4249, 0x4249, 0x4249, 0x4249, 0x424A, 0x4249, 0x424A, 0x4249, 0x4249, 0x424A, 0x4249,
  0x4249, 0x4249, 0x4249, 0x4249, 0x4249, 0x4249, 0x4249, 0x4249, 0x424A, 0x4249, 0x4249, 0x4249,
  0x424A, 0x4249, 0x4249, 0x4249, 0x4249, 0x4249, 0x4249, 0x4249, 0x4249, 0x4249, 0x424A, 0x4249,
  0x4249, 0x4249, 0x4249, 0x4249, 0x4249, 0x424A, 0x4249, 0x4249, 0x424A, 0x4249, 0x424A, 0x4249,
  0x4249, 0x4249, 0x4249, 0x4249, 0x4249, 0x4249, 0x4249, 0x4249, 0x4249, 0x424A, 0x4249, 0x4249,
  0x4249, 0x424A, 0x4249, 0x4249, 0x424A, 0x4249, 0x4249, 0x424A, 0x4249, 0x4249, 0x4249, 0x4249,
  0x4249, 0x4249, 0x4249, 0x4249, 0x4249, 0x4249, 0x4249, 0x4249, 0x4249, 0x4249, 0x424A, 0x424A,
  0x4249, 0x4249, 0x424A, 0x4249, 0x4249, 0x4249, 0x4249, 0x4249, 0x4249, 0x4249, 0x424A, 0x4249,
  0x424A, 0x4249, 0x4249, 0x4249, 0x4249, 0x424A, 0x4249, 0x424A, 0x424A, 0x4249, 0x4249, 0x4249,
  0x4249, 0x424A, 0x424A, 0x4249, 0x4249, 0x4249, 0x4249, 0x4249, 0x4249, 0x4249, 0x4249, 0x424A,
  0x424A, 0x4249, 0x4249, 0x4249, 0x4249, 0x4249, 0x4249, 0x4249, 0x424A, 0x4249, 0x4249, 0x4249,
  0x4249, 0x4249, 0x4249, 0x4249, 0x424A, 0x4249, 0x4249, 0x4249, 0x4249, 0x4249, 0x4249, 0x4249,
  0x4249, 0x424A, 0x4249, 0x4249, 0x4249, 0x424A, 0x424A, 0x4249, 0x4249, 0x4249, 0x4249, 0x4249,
  0x424A, 0x4249, 0x4249, 0x4249, 0x424A, 0x4249, 0x4249, 0x4249, 0x424A, 0x4249, 0x4249, 0x4249,
  0x424A, 0x4249, 0x424A, 0x4249, 0x4249, 0x4249, 0x4249, 0x4249, 0x4249, 0x4249, 0x4249, 0x4249,
  0x4249, 0x4249, 0x4249, 0x4249, 0x4249, 0x424A, 0x4249, 0x4249, 0x424A, 0x4249, 0x4249, 0x424A,
  0x4249, 0x4249, 0x4249, 0x4249, 0x4249, 0x4249, 0x4249, 0x424A, 0x424A, 0x424A, 0x4249, 0x424A,
  0x4249, 0x4249, 0x4249, 0x4249, 0x424A, 0x4249, 0x4249, 0x4249, 0x424A, 0x4249, 0x4249, 0x4249,
  0x4249, 0x4249, 0x4249, 0x4249, 0x4249, 0x424A, 0x4249, 0x4249, 0x4249, 0x424A, 0x424A, 0x4249,
  0x4249, 0x4249, 0x4249, 0x424A, 0x424A, 0x424A, 0x4249, 0x4249, 0x4249, 0x4249, 0x424A, 0x4249,
  0x4249, 0x4249, 0x4249, 0x4249, 0x4249, 0x4249, 0x4249, 0x4249, 0x4249, 0x4249, 0x424A, 0x424A,
  0x4249, 0x4249, 0x4249, 0x4249, 0x4249, 0x4249, 0x4249, 0x4249, 0x4249, 0x424A, 0x4249, 0x424A,
  0x4249, 0x4249, 0x424A, 0x4249, 0x4249, 0x4249, 0x4249, 0x4249, 0x4249, 0x4249, 0x4249, 0x4249,
  0x424A, 0x4249, 0x4249, 0x4249, 0x424A, 0x4249, 0x4249, 0x4249, 0x4249, 0x4249, 0x4249, 0x4249,
  0x4249, 0x4249, 0x424A, 0x4249, 0x4249, 0x4249, 0x4249, 0x4249, 0x4249, 0x424A, 0x4249, 0x4249,
  0x424A, 0x4249, 0x424A, 0x4249, 0x4249, 0x4249, 0x4249, 0x4249, 0x4249, 0x4249, 0x4249, 0x4249
};
