#pragma once
#include <Arduino.h>

#define ARM3_WIDTH 320
#define ARM3_HEIGHT 240

const uint16_t Arm3[76800] PROGMEM = {
  0x4249, 0x424A, 0x4249, 0x4249, 0x4249, 0x4249, 0x4249, 0x424A, 0x424A, 0x4249, 0x4249, 0x424A,
  0x4249, 0x4249, 0x424A, 0x4249, 0x4249, 0x424A, 0x4249, 0x4249, 0x4249, 0x424A, 0x4249, 0x4249,
  0x424A, 0x424A, 0x4249, 0x4249, 0x424A, 0x4249, 0x4249, 0x4249, 0x4249, 0x4249, 0x4249, 0x424A,
  0x4249, 0x4249, 0x4249, 0x424A, 0x4249, 0x4249, 0x4249, 0x424A, 0x4249, 0x4249, 0x4249, 0x424A,
  0x4249, 0x4249, 0x4249, 0x4249, 0x4249, 0x4249, 0x4249, 0x4249, 0x4249, 0x424A, 0x424A, 0x4249,
  0x424A, 0x4249, 0x4249, 0x4249, 0x4249, 0x4249, 0x4249, 0x4249, 0x4249, 0x4249, 0x4249, 0x4249,
  0x4249, 0x424A, 0x4249, 0x4249, 0x4249, 0x424A, 0x4249, 0x4249, 0x4249, 0x424A, 0x4249, 0x424A,
  0x4249, 0x424A, 0x424A, 0x4249, 0x4249, 0x424A, 0x4249, 0x4249, 0x424A, 0x424A, 0x4249, 0x4249,
  0x4249, 0x424A, 0x4249, 0x4249, 0x4249, 0x4249, 0x424A, 0x4249, 0x424A, 0x4249, 0x4249, 0x4249,
  0x4249, 0x424A, 0x4249, 0x4249, 0x4249, 0x4249, 0x4249, 0x4249, 0x4249, 0x4249, 0x4249, 0x4249,
  0x4249, 0x4249, 0x4249, 0x4249, 0x4249, 0x4249, 0x4249, 0x4249, 0x4249, 0x4249, 0x4249, 0x424A,
  0x424A, 0x4249, 0x424A, 0x4249, 0x4249, 0x4249, 0x4249, 0x4249, 0x4249, 0x424A, 0x4249, 0x4249,
  0x4249, 0x4249, 0x424A, 0x4249, 0x4249, 0x4249, 0x4249, 0x4249, 0x4249, 0x4249, 0x424A, 0x4249,
  0x4249, 0x4249, 0x4249, 0x4249, 0x4249, 0x424A, 0x4249, 0x4249, 0x4249, 0x4249, 0x4249, 0x4249,
  0x4249, 0x4249, 0x424A, 0x424A, 0x4249, 0x4249, 0x4249, 0x424A, 0x4249, 0x4249, 0x4249, 0x424A,
  0x4249, 0x4249, 0x4249, 0x4249, 0x4249, 0x424A, 0x4249, 0x4249, 0x4249, 0x4249, 0x4249, 0x4249,
  0x4249, 0x4249, 0x4249, 0x424A, 0x4249, 0x424A, 0x4249, 0x4249, 0x424A, 0x4249, 0x4249, 0x4249,
  0x4249, 0x4249, 0x4249, 0x4249, 0x4249, 0x4249, 0x424A, 0x4249, 0x4249, 0x4249, 0x424A, 0x424A,
  0x4249, 0x4249, 0x4249, 0x4249, 0x4249, 0x4249, 0x4249, 0x424A, 0x4249, 0x4249, 0x4249, 0x4249,
  0x4249, 0x424A, 0x4249, 0x424A, 0x4249, 0x4249, 0x4249, 0x4249, 0x424A, 0x4249, 0x4249, 0x424A,
  0x4249, 0x424A, 0x4249, 0x4249, 0x4249, 0x4249, 0x4249, 0x4249, 0x4249, 0x4249, 0x4249, 0x424A,
  0x4249, 0x4249, 0x424A, 0x4249, 0x4249, 0x424A, 0x4249, 0x4249, 0x4249, 0x4249, 0x4249, 0x424A,
  0x424A, 0x4249, 0x4249, 0x424A, 0x4249, 0x4249, 0x424A, 0x4249, 0x4249, 0x424A, 0x4249, 0x4249,
  0x4249, 0x424A, 0x4249, 0x4249, 0x424A, 0x424A, 0x4249, 0x4249, 0x424A, 0x4249, 0x4249, 0x4249,
  0x4249, 0x4249, 0x4249, 0x424A, 0x4249, 0x4249, 0x4249, 0x424A, 0x4249, 0x4249, 0x4249, 0x424A,
  0x4249, 0x4249, 0x4249, 0x424A, 0x4249, 0x4249, 0x4249, 0x4249, 0x4249, 0x4249, 0x4249, 0x4249,
  0x4249, 0x424A, 0x424A, 0x4249, 0x424A, 0x4249, 0x4249, 0x4249, 0x4249, 0x424A, 0x4249, 0x4249,
  0x4249, 0x4249, 0x424A, 0x4249, 0x4249, 0x4249, 0x4249, 0x4249, 0x4249, 0x4249, 0x4249, 0x4249,
  0x4249, 0x4249, 0x4249, 0x4249, 0x424A, 0x4249, 0x4249, 0x4249, 0x424A, 0x4249, 0x4249, 0x4249,
  0x424A, 0x4249, 0x4249, 0x4249, 0x4249, 0x424A, 0x4249, 0x4249, 0x4249, 0x4249, 0x4249, 0x4249,
  0x4249, 0x4249, 0x4249, 0x4249, 0x4249, 0x424A, 0x4249, 0x4249, 0x4249, 0x4249, 0x4249, 0x424A,
  0x4249, 0x4249, 0x4249, 0x4249, 0x4249, 0x4249, 0x4249, 0x4249, 0x4249, 0x4249, 0x424A, 0x4249,
  0x4249, 0x424A, 0x4249, 0x4249, 0x4249, 0x424A, 0x424A, 0x4249, 0x4249, 0x4249, 0x424A, 0x4249,
  0x4249, 0x424A, 0x4249, 0x4249, 0x424A, 0x4249, 0x4249, 0x4249, 0x424A, 0x4249, 0x4249, 0x4249,
  0x424A, 0x4249, 0x4249, 0x4249, 0x4249, 0x4249, 0x4249, 0x4249, 0x4249, 0x4249, 0x4249, 0x424A,
  0x4249, 0x424A, 0x4249, 0x4249, 0x4249, 0x4249, 0x424A, 0x4249, 0x4249, 0x4249, 0x4249, 0x4249,
  0x424A, 0x424A, 0x4249, 0x4249, 0x424A, 0x4249, 0x4249, 0x4249, 0x424A, 0x4249, 0x424A, 0x4249,
  0x4249, 0x4249, 0x4249, 0x4249, 0x424A, 0x4249, 0x4249, 0x4249, 0x4249, 0x4249, 0x4249, 0x424A,
  0x4249, 0x4249, 0x4249, 0x4249, 0x424A, 0x4249, 0x424A, 0x4249, 0x4249, 0x4249, 0x4249, 0x4249,
  0x4249, 0x4249, 0x424A, 0x424A, 0x4249, 0x4249, 0x424A, 0x4249, 0x4249, 0x4249, 0x4249, 0x4249,
  0x4249, 0x424A, 0x4249, 0x4249, 0x424A, 0x4249, 0x424A, 0x4249, 0x424A, 0x4249, 0x4249, 0x4249,
  0x4249, 0x4249, 0x4249, 0x4249, 0x4249, 0x424A, 0x4249, 0x4249, 0x4249, 0x4249, 0x4249, 0x4249,
  0x4249, 0x4249, 0x4249, 0x4249, 0x4249, 0x424A, 0x4249, 0x4249, 0x4249, 0x424A, 0x424A, 0x4249,
  0x4249, 0x4249, 0x4249, 0x4249, 0x4249, 0x4249, 0x424A, 0x4249, 0x4249, 0x424A, 0x4249, 0x4249,
  0x4249, 0x4249, 0x424A, 0x4249, 0x4249, 0x424A, 0x4249, 0x4249, 0x4249, 0x4249, 0x424A, 0x4249,
  0x4249, 0x424A, 0x4249, 0x424A, 0x4249, 0x4249, 0x424A, 0x4249, 0x4249, 0x4249, 0x4249, 0x4249,
  0x424A, 0x4249, 0x424A, 0x4249, 0x424A, 0x4249, 0x4249, 0x4249, 0x4249, 0x4249, 0x4249, 0x4249,
  0x424A, 0x4249, 0x4249, 0x4249, 0x424A, 0x4249, 0x4249, 0x4249, 0x4249, 0x424A, 0x4249, 0x4249,
  0x4249, 0x424A, 0x4249, 0x4249, 0x4249, 0x4249, 0x424A, 0x4249, 0x4249, 0x4249, 0x4249, 0x4249,
  0x4249, 0x4249, 0x4249, 0x4249, 0x4249, 0x4249, 0x4249, 0x4249, 0x424A, 0x4249, 0x4249, 0x4249,
  0x424A, 0x4249, 0x4249, 0x4249, 0x424A, 0x4249, 0x4249, 0x4249, 0x4249, 0x424A, 0x4249, 0x4249,
  0x4249, 0x4249, 0x4249, 0x4249, 0x4249, 0x4249, 0x4249, 0x4249, 0x4249, 0x424A, 0x4249, 0x4249,
  0x4249, 0x4249, 0x4249, 0x424A, 0x4249, 0x4249, 0x4249, 0x4249, 0x4249, 0x4249, 0x4249, 0x4249,
  0x4249, 0x4249, 0x424A, 0x4249, 0x4249, 0x4249, 0x424A, 0x4249, 0x424A, 0x4249, 0x4249, 0x4249,
  0x424A, 0x4249, 0x4249, 0x424A, 0x4249, 0x4249, 0x4249, 0x424A, 0x4249, 0x4249, 0x424A, 0x4249,
  0x4249, 0x4249, 0x424A, 0x4249, 0x4249, 0x4249, 0x424A, 0x4249, 0x4249, 0x424A, 0x4249, 0x4249,
  0x4249, 0x424A, 0x4249, 0x424A, 0x4249, 0x4249, 0x424A, 0x4249, 0x4249, 0x424A, 0x4249, 0x4249,
  0x4249, 0x4249, 0x4249, 0x424A, 0x4249, 0x4249, 0x4249, 0x4249, 0x4249, 0x4249, 0x4249, 0x424A,
  0x424A, 0x4249, 0x4249, 0x4249, 0x4249, 0x4249, 0x4249, 0x4249, 0x4249, 0x4249, 0x424A, 0x4249,
  0x4249, 0x4249, 0x4249, 0x424A, 0x4249, 0x4249, 0x4249, 0x4249, 0x4249, 0x4249, 0x4249, 0x4249,
  0x4249, 0x4249, 0x4249, 0x4249, 0x4249, 0x4249, 0x4249, 0x4249, 0x4249, 0x4249, 0x4249, 0x424A,
  0x4249, 0x4249, 0x4249, 0x424A, 0x4249, 0x424A, 0x4249, 0x4249, 0x4249, 0x4249, 0x4249, 0x4249,
  0x4249, 0x4249, 0x4249, 0x424A, 0x4249, 0x4249, 0x4249, 0x4249, 0x4249, 0x424A, 0x4249, 0x4249,
  0x4249, 0x424A, 0x4249, 0x424A, 0x4249, 0x4249, 0x4249, 0x424A, 0x4249, 0x424A, 0x4249, 0x4249,
  0x4249, 0x4249, 0x424A, 0x4249, 0x4249, 0x424A, 0x4249, 0x424A, 0x4249, 0x4249, 0x424A, 0x4249,
  0x4249, 0x424A, 0x4249, 0x4249, 0x424A, 0x4249, 0x424A, 0x4249, 0x4249, 0x4249, 0x4249, 0x4249,
  0x424A, 0x4249, 0x4249, 0x4249, 0x4249, 0x4249, 0x424A, 0x424A, 0x4249, 0x4249, 0x424A, 0x4249,
  0x4249, 0x4249, 0x424A, 0x4249, 0x4249, 0x4249, 0x4249, 0x4249, 0x424A, 0x4249, 0x424A, 0x4249,
  0x4249, 0x4249, 0x4249, 0x4249, 0x4249, 0x4249, 0x424A, 0x4249, 0x424A, 0x424A, 0x4249, 0x4249,
  0x4249, 0x424A, 0x4249, 0x4249, 0x424A, 0x4249, 0x4249, 0x4249, 0x4249, 0x4249, 0x424A, 0x4249,
  0x4249, 0x424A, 0x4249, 0x4249, 0x4249, 0x424A, 0x4249, 0x424A, 0x4249, 0x4249, 0x424A, 0x4249,
  0x4249, 0x4249, 0x4249, 0x424A, 0x4249, 0x4249, 0x424A, 0x4249, 0x4249, 0x4249, 0x4249, 0x4249,
  0x4249, 0x4249, 0x424A, 0x4249, 0x4249, 0x424A, 0x4249, 0x4249, 0x4249, 0x4249, 0x4249, 0x4249,
  0x424A, 0x4249, 0x4249, 0x4249, 0x4249, 0x4249, 0x424A, 0x4249, 0x4249, 0x4249, 0x4249, 0x424A,
  0x4249, 0x424A, 0x4249, 0x4249, 0x4249, 0x4249, 0x4249, 0x424A, 0x4249, 0x4249, 0x424A, 0x4249,
  0x424A, 0x4249, 0x4249, 0x4249, 0x424A, 0x4249, 0x4249, 0x424A, 0x4249, 0x4249, 0x4249, 0x424A,
  0x4249, 0x4249, 0x424A, 0x4249, 0x4249, 0x4249, 0x424A, 0x4249, 0x4249, 0x4249, 0x424A, 0x4249,
  0x4249, 0x424A, 0x4249, 0x4249, 0x4249, 0x424A, 0x4249, 0x424A, 0x4249, 0x4249, 0x424A, 0x4249,
  0x4249, 0x424A, 0x4249, 0x4249, 0x4249, 0x4249, 0x4249, 0x424A, 0x4249, 0x4249, 0x4249, 0x4249,
  0x4249, 0x4249, 0x4249, 0x424A, 0x424A, 0x4249, 0x4249, 0x4249, 0x4249, 0x4249, 0x4249, 0x4249,
  0x4249, 0x4249, 0x4249, 0x4249, 0x424A, 0x4249, 0x4249, 0x4249, 0x424A, 0x4249, 0x4249, 0x4249,
  0x4249, 0x424A, 0x4249, 0x4249, 0x4249, 0x4249, 0x4249, 0x4249, 0x4249, 0x4249, 0x4249, 0x4249,
  0x4249, 0x4249, 0x4249, 0x4249, 0x4249, 0x4249, 0x4249, 0x4249, 0x424A, 0x4249, 0x4249, 0x4249,
  0x4249, 0x4249, 0x4249, 0x4249, 0x424A, 0x4249, 0x424A, 0x4249, 0x4249, 0x4249, 0x4249, 0x4249,
  0x4249, 0x424A, 0x424A, 0x4249, 0x424A, 0x424A, 0x4249, 0x4249, 0x4249, 0x4249, 0x424A, 0x424A,
  0x4249, 0x424A, 0x4249, 0x4249, 0x4249, 0x4249, 0x4249, 0x4249, 0x4249, 0x4249, 0x4249, 0x424A,
  0x424A, 0x4249, 0x4249, 0x424A, 0x4249, 0x4249, 0x4249, 0x4249, 0x424A, 0x4249, 0x4249, 0x424A,
  0x4249, 0x4249, 0x4249, 0x424A, 0x424A, 0x4249, 0x4249, 0x4249, 0x4249, 0x4249, 0x4249, 0x4249,
  0x4249, 0x4249, 0x4249, 0x4249, 0x4249, 0x424A, 0x4249, 0x424A, 0x4249, 0x4249, 0x424A, 0x4249,
  0x4249, 0x4249, 0x424A, 0x4249, 0x4249, 0x4249, 0x4249, 0x424A, 0x4249, 0x4249, 0x4249, 0x4249,
  0x4249, 0x4249, 0x4249, 0x4249, 0x4249, 0x4249, 0x424A, 0x4249, 0x4249, 0x424A, 0x4249, 0x4249,
  0x4249, 0x4249, 0x4249, 0x4249, 0x4249, 0x4249, 0x424A, 0x4249, 0x4249, 0x4249, 0x4249, 0x4249,
  0x4249, 0x4249, 0x424A, 0x4249, 0x424A, 0x4249, 0x4249, 0x4249, 0x4249, 0x4249, 0x4249, 0x4249,
  0x424A, 0x4249, 0x4249, 0x4249, 0x4249, 0x4249, 0x4249, 0x4249, 0x424A, 0x4249, 0x4249, 0x4249,
  0x4249, 0x424A, 0x4249, 0x4249, 0x424A, 0x4249, 0x4249, 0x4249, 0x4249, 0x4249, 0x424A, 0x424A,
  0x4249, 0x424A, 0x4249, 0x4249, 0x4249, 0x4249, 0x424A, 0x424A, 0x4249, 0x4249, 0x424A, 0x4249,
  0x4249, 0x4249, 0x4249, 0x4249, 0x4249, 0x424A, 0x4249, 0x4249, 0x4249, 0x4249, 0x4249, 0x4249,
  0x4249, 0x4249, 0x4249, 0x424A, 0x4249, 0x4249, 0x4249, 0x4249, 0x4249, 0x4249, 0x4249, 0x4249,
  0x4249, 0x4249, 0x4249, 0x4249, 0x4249, 0x424A, 0x4249, 0x4249, 0x4249, 0x4249, 0x4249, 0x4249,
  0x4249, 0x4249, 0x4249, 0x4249, 0x4249, 0x4249, 0x4249, 0x4249, 0x4249, 0x4249, 0x4249, 0x424A,
  0x424A, 0x4249, 0x4249, 0x424A, 0x4249, 0x424A, 0x4249, 0x4249, 0x4249, 0x4249, 0x424A, 0x4249,
  0x424A, 0x4249, 0x4249, 0x4249, 0x4249, 0x4249, 0x4249, 0x4249, 0x424A, 0x4249, 0x4249, 0x4249,
  0x424A, 0x4249, 0x4249, 0x4249, 0x4249, 0x424A, 0x4249, 0x4249, 0x4249, 0x4249, 0x4249, 0x4249,
  0x4249, 0x4249, 0x4249, 0x4249, 0x4249, 0x4249, 0x4249, 0x4249, 0x4249, 0x4249, 0x4249, 0x4249,
  0x424A, 0x4249, 0x4249, 0x4249, 0x4249, 0x4249, 0x4249, 0x4249, 0x424A, 0x4249, 0x424A, 0x4249,
  0x4249, 0x4249, 0x4249, 0x4249, 0x4249, 0x424A, 0x424A, 0x4249, 0x424A, 0x424A, 0x4249, 0x4249,
  0x4249, 0x4249, 0x424A, 0x424A, 0x4249, 0x424A, 0x4249, 0x4249, 0x4249, 0x4249, 0x4249, 0x4249,
  0x4249, 0x424A, 0x4249, 0x4249, 0x4249, 0x4249, 0x4249, 0x424A, 0x4249, 0x4249, 0x424A, 0x4249,
  0x4249, 0x4249, 0x424A, 0x4249, 0x4249, 0x4249, 0x424A, 0x424A, 0x4249, 0x4249, 0x424A, 0x4249,
  0x4249, 0x4249, 0x424A, 0x4249, 0x4249, 0x4249, 0x4249, 0x424A, 0x4249, 0x424A, 0x4249, 0x4249,
  0x4249, 0x4249, 0x4249, 0x424A, 0x4249, 0x424A, 0x4249, 0x4249, 0x4249, 0x4249, 0x4249, 0x4249,
  0x4249, 0x4249, 0x4249, 0x424A, 0x4249, 0x4249, 0x4249, 0x4249, 0x4249, 0x4249, 0x4249, 0x424A,
  0x424A, 0x4249, 0x424A, 0x4249, 0x424A, 0x4249, 0x4249, 0x4249, 0x4249, 0x4249, 0x4249, 0x4249,
  0x4249, 0x4249, 0x424A, 0x4249, 0x424A, 0x4249, 0x4249, 0x424A, 0x4249, 0x4249, 0x424A, 0x4249,
  0x4249, 0x4249, 0x424A, 0x424A, 0x4249, 0x424A, 0x4249, 0x4249, 0x4249, 0x424A, 0x424A, 0x4249,
  0x424A, 0x4249, 0x4249, 0x4249, 0x4249, 0x4249, 0x4249, 0x4249, 0x4249, 0x424A, 0x4249, 0x4249,
  0x4249, 0x4249, 0x424A, 0x4249, 0x4249, 0x4249, 0x424A, 0x4249, 0x4249, 0x4249, 0x424A, 0x4249,
  0x4249, 0x4249, 0x4249, 0x4249, 0x4249, 0x4249, 0x4249, 0x4249, 0x424A, 0x4249, 0x424A, 0x4249,
  0x4249, 0x4249, 0x4249, 0x4249, 0x4249, 0x4249, 0x424A, 0x4249, 0x4249, 0x4249, 0x4249, 0x424A,
  0x4249, 0x424A, 0x4249, 0x4249, 0x424A, 0x4249, 0x4249, 0x4249, 0x424A, 0x4249, 0x424A, 0x4249,
  0x424A, 0x4249, 0x4249, 0x4249, 0x4249, 0x4249, 0x4249, 0x4249, 0x4249, 0x4249, 0x4249, 0x424A,
  0x4249, 0x4249, 0x4249, 0x424A, 0x424A, 0x4249, 0x4249, 0x4249, 0x4249, 0x4249, 0x4249, 0x4249,
  0x4249, 0x4249, 0x4249, 0x4249, 0x4249, 0x4249, 0x4249, 0x4249, 0x424A, 0x4249, 0x424A, 0x4249,
  0x424A, 0x4249, 0x4249, 0x4249, 0x4249, 0x4249, 0x4249, 0x424A, 0x4249, 0x4249, 0x4249, 0x4249,
  0x4249, 0x4249, 0x424A, 0x4249, 0x424A, 0x4249, 0x4249, 0x4249, 0x4249, 0x424A, 0x4249, 0x424A,
  0x4249, 0x4249, 0x4249, 0x424A, 0x4249, 0x424A, 0x4249, 0x424A, 0x4249, 0x4249, 0x424A, 0x424A,
  0x4249, 0x424A, 0x4249, 0x424A, 0x4249, 0x4249, 0x4249, 0x4249, 0x4249, 0x4249, 0x4249, 0x4249,
  0x4249, 0x4249, 0x424A, 0x4249, 0x4249, 0x4249, 0x4249, 0x4249, 0x4249, 0x4249, 0x4249, 0x424A,
  0x4249, 0x4249, 0x4249, 0x4249, 0x4249, 0x424A, 0x4249, 0x4249, 0x4249, 0x4249, 0x4249, 0x424A,
  0x4249, 0x4249, 0x424A, 0x4249, 0x4249, 0x4249, 0x424A, 0x4249, 0x4249, 0x4249, 0x424A, 0x424A,
  0x4249, 0x4249, 0x424A, 0x4249, 0x4249, 0x4249, 0x424A, 0x4249, 0x4249, 0x4249, 0x4249, 0x424A,
  0x4249, 0x424A, 0x4249, 0x4249, 0x4249, 0x4249, 0x4249, 0x424A, 0x4249, 0x424A, 0x4249, 0x4249,
  0x4249, 0x4249, 0x4249, 0x4249, 0x4249, 0x4249, 0x4249, 0x424A, 0x4249, 0x4249, 0x4249, 0x4249,
  0x4249, 0x4249, 0x4249, 0x424A, 0x4249, 0x424A, 0x4249, 0x424A, 0x4249, 0x4249, 0x4249, 0x4249,
  0x4249, 0x424A, 0x424A, 0x4249, 0x4249, 0x4249, 0x4249, 0x4249, 0x4249, 0x424A, 0x4249, 0x424A,
  0x4249, 0x4249, 0x4249, 0x4249, 0x424A, 0x4249, 0x4249, 0x4249, 0x424A, 0x4249, 0x4249, 0x424A,
  0x4249, 0x4249, 0x424A, 0x4249, 0x4249, 0x4249, 0x4249, 0x424A, 0x4249, 0x4249, 0x4249, 0x4249,
  0x4249, 0x4249, 0x424A, 0x4249, 0x4249, 0x4249, 0x4249, 0x4249, 0x424A, 0x4249, 0x4249, 0x4249,
  0x424A, 0x4249, 0x4249, 0x424A, 0x4249, 0x4249, 0x4249, 0x424A, 0x4249, 0x4249, 0x4249, 0x4249,
  0x424A, 0x4249, 0x4249, 0x4249, 0x4249, 0x424A, 0x4249, 0x424A, 0x424A, 0x4249, 0x4249, 0x4249,
  0x4249, 0x4249, 0x4249, 0x4249, 0x4249, 0x4249, 0x4249, 0x4249, 0x4249, 0x4249, 0x4249, 0x4249,
  0x4249, 0x4249, 0x424A, 0x4249, 0x4249, 0x4249, 0x4249, 0x4249, 0x4249, 0x4249, 0x424A, 0x4249,
  0x424A, 0x424A, 0x4249, 0x4249, 0x4249, 0x4249, 0x4249, 0x424A, 0x4249, 0x4249, 0x4249, 0x4249,
  0x4249, 0x4249, 0x4249, 0x4249, 0x424A, 0x4249, 0x4249, 0x424A, 0x4249, 0x4249, 0x4249, 0x424A,
  0x4249, 0x4249, 0x424A, 0x4249, 0x4249, 0x4249, 0x4249, 0x4249, 0x4249, 0x4249, 0x4249, 0x4249,
  0x424A, 0x4249, 0x424A, 0x4249, 0x4249, 0x4249, 0x4249, 0x4249, 0x4249, 0x4249, 0x4249, 0x4249,
  0x4249, 0x4249, 0x4249, 0x4249, 0x4249, 0x4249, 0x4249, 0x4249, 0x4249, 0x4249, 0x424A, 0x424A,
  0x4249, 0x424A, 0x424A, 0x424A, 0x4249, 0x424A, 0x4249, 0x4249, 0x4249, 0x4249, 0x4249, 0x4249,
  0x424A, 0x4249, 0x4249, 0x4249, 0x4249, 0x4249, 0x4249, 0x424A, 0x4249, 0x4249, 0x4249, 0x4249,
  0x4249, 0x424A, 0x4249, 0x4249, 0x4249, 0x4249, 0x4249, 0x4249, 0x4249, 0x4249, 0x4249, 0x424A,
  0x424A, 0x4249, 0x4249, 0x424A, 0x424A, 0x4249, 0x4249, 0x424A, 0x4249, 0x424A, 0x4249, 0x4249,
  0x424A, 0x4249, 0x424A, 0x4249, 0x4249, 0x4249, 0x4249, 0x4249, 0x424A, 0x4249, 0x424A, 0x4249,
  0x4249, 0x424A, 0x4249, 0x4249, 0x4249, 0x4249, 0x4249, 0x424A, 0x4249, 0x4249, 0x4249, 0x4249,
  0x424A, 0x4249, 0x4249, 0x4249, 0x424A, 0x4249, 0x4249, 0x4249, 0x4249, 0x4249, 0x4249, 0x4249,
  0x424A, 0x4249, 0x4249, 0x424A, 0x4249, 0x4249, 0x424A, 0x4249, 0x4249, 0x424A, 0x4249, 0x424A,
  0x4249, 0x4249, 0x4249, 0x4249, 0x4249, 0x424A, 0x424A, 0x4249, 0x4249, 0x4249, 0x4249, 0x4249,
  0x4249, 0x424A, 0x4249, 0x424A, 0x4249, 0x4249, 0x4249, 0x4249, 0x424A, 0x4249, 0x4249, 0x4249,
  0x424A, 0x4249, 0x4249, 0x424A, 0x4249, 0x4249, 0x424A, 0x4249, 0x4249, 0x4249, 0x4249, 0x424A,
  0x4249, 0x4249, 0x4249, 0x4249, 0x4249, 0x4249, 0x424A, 0x4249, 0x4249, 0x4249, 0x4249, 0x4249,
  0x424A, 0x4249, 0x4249, 0x4249, 0x424A, 0x4249, 0x4249, 0x424A, 0x4249, 0x4249, 0x4249, 0x424A,
  0x4249, 0x424A, 0x4249, 0x4249, 0x4249, 0x4249, 0x424A, 0x424A, 0x4249, 0x4249, 0x4249, 0x4249,
  0x4249, 0x4249, 0x424A, 0x424A, 0x4249, 0x4249, 0x4249, 0x4249, 0x4249, 0x4249, 0x4249, 0x4249,
  0x4249, 0x4249, 0x4249, 0x4249, 0x424A, 0x424A, 0x4249, 0x4249, 0x4249, 0x4249, 0x4249, 0x4249,
  0x4249, 0x4249, 0x424A, 0x4249, 0x4249, 0x4249, 0x424A, 0x4249, 0x4249, 0x4249, 0x424A, 0x4249,
  0x4249, 0x424A, 0x424A, 0x4249, 0x4249, 0x4249, 0x4249, 0x4249, 0x4249, 0x4249, 0x4249, 0x424A,
  0x4249, 0x4249, 0x4249, 0x4249, 0x4249, 0x4249, 0x4249, 0x4249, 0x4249, 0x4249, 0x424A, 0x4249,
  0x4249, 0x4249, 0x4249, 0x4249, 0x4249, 0x4249, 0x4249, 0x424A, 0x4249, 0x4249, 0x424A, 0x4249,
  0x4249, 0x424A, 0x424A, 0x4249, 0x424A, 0x4249, 0x4249, 0x4249, 0x4249, 0x4249, 0x4249, 0x4249,
  0x424A, 0x4249, 0x4249, 0x424A, 0x4249, 0x4249, 0x4249, 0x4249, 0x4249, 0x4249, 0x4249, 0x424A,
  0x4249, 0x4249, 0x4249, 0x424A, 0x424A, 0x4249, 0x4249, 0x4249, 0x424A, 0x424A, 0x4249, 0x4249,
  0x424A, 0x4249, 0x4249, 0x4249, 0x424A, 0x424A, 0x4249, 0x4249, 0x424A, 0x4249, 0x4249, 0x424A,
  0x4249, 0x4249, 0x424A, 0x4249, 0x4249, 0x424A, 0x424A, 0x4249, 0x4249, 0x4249, 0x4249, 0x4249,
  0x424A, 0x4249, 0x424A, 0x4249, 0x424A, 0x424A, 0x4249, 0x424A, 0x4249, 0x424A, 0x424A, 0x4249,
  0x4249, 0x4249, 0x4249, 0x4249, 0x424A, 0x4249, 0x4249, 0x4249, 0x4249, 0x4249, 0x4249, 0x4249,
  0x4249, 0x4249, 0x4249, 0x4249, 0x4249, 0x4249, 0x424A, 0x4249, 0x4249, 0x4249, 0x4249, 0x424A,
  0x4249, 0x4249, 0x4249, 0x424A, 0x4249, 0x4249, 0x424A, 0x4249, 0x4249, 0x4249, 0x4249, 0x424A,
  0x4249, 0x4249, 0x4249, 0x424A, 0x4249, 0x4249, 0x424A, 0x4249, 0x4249, 0x4249, 0x4249, 0x4249,
  0x424A, 0x4249, 0x4249, 0x424A, 0x4249, 0x4249, 0x424A, 0x4249, 0x4249, 0x4249, 0x4249, 0x424A,
  0x424A, 0x4249, 0x4249, 0x4249, 0x4249, 0x4249, 0x4249, 0x4249, 0x4249, 0x4249, 0x4249, 0x4249,
  0x424A, 0x4249, 0x4249, 0x4249, 0x4249, 0x4249, 0x4249, 0x4249, 0x4249, 0x4249, 0x424A, 0x4249,
  0x4249, 0x424A, 0x4249, 0x424A, 0x424A, 0x424A, 0x4249, 0x4249, 0x4249, 0x4249, 0x424A, 0x4249,
  0x424A, 0x4249, 0x4249, 0x4249, 0x4249, 0x424A, 0x4249, 0x4249, 0x4249, 0x4249, 0x424A, 0x424A,
  0x4249, 0x4249, 0x4249, 0x4249, 0x4249, 0x4249, 0x424A, 0x424A, 0x4249, 0x4249, 0x4249, 0x4249,
  0x4249, 0x4249, 0x4249, 0x4249, 0x4249, 0x4249, 0x4249, 0x4249, 0x424A, 0x424A, 0x4249, 0x4249,
  0x4249, 0x4249, 0x4249, 0x4249, 0x4249, 0x4249, 0x424A, 0x4249, 0x4249, 0x4249, 0x424A, 0x4249,
  0x4249, 0x4249, 0x424A, 0x4249, 0x4249, 0x424A, 0x424A, 0x4249, 0x4249, 0x4249, 0x4249, 0x4249,
  0x4249, 0x4249, 0x4249, 0x424A, 0x4249, 0x4249, 0x4249, 0x4249, 0x4249, 0x4249, 0x4249, 0x4249,
  0x4249, 0x424A, 0x4249, 0x4249, 0x4249, 0x4249, 0x4249, 0x424A, 0x4249, 0x4249, 0x4249, 0x4249,
  0x4249, 0x4249, 0x4249, 0x424A, 0x424A, 0x4249, 0x4249, 0x424A, 0x4249, 0x4249, 0x424A, 0x4249,
  0x4249, 0x4249, 0x4249, 0x4249, 0x4249, 0x424A, 0x4249, 0x424A, 0x4249, 0x4249, 0x4249, 0x4249,
  0x4249, 0x4249, 0x424A, 0x424A, 0x4249, 0x4249, 0x4249, 0x4249, 0x4249, 0x4249, 0x4249, 0x4249,
  0x4249, 0x4249, 0x424A, 0x4249, 0x424A, 0x4249, 0x4249, 0x4249, 0x4249, 0x424A, 0x4249, 0x4249,
  0x424A, 0x4249, 0x4249, 0x4249, 0x4249, 0x4249, 0x4249, 0x424A, 0x424A, 0x4249, 0x424A, 0x4249,
  0x4249, 0x4249, 0x4249, 0x424A, 0x4249, 0x4249, 0x4249, 0x424A, 0x4249, 0x4249, 0x4249, 0x4249,
  0x4249, 0x4249, 0x4249, 0x424A, 0x4249, 0x4249, 0x424A, 0x4249, 0x4249, 0x424A, 0x4249, 0x4249,
  0x4249, 0x424A, 0x4249, 0x424A, 0x4249, 0x4249, 0x424A, 0x4249, 0x4249, 0x4249, 0x4249, 0x4249,
  0x4249, 0x4249, 0x4249, 0x4249, 0x4249, 0x4249, 0x4249, 0x4249, 0x4249, 0x4249, 0x4249, 0x4249,
  0x4249, 0x4249, 0x4249, 0x4249, 0x4249, 0x424A, 0x4249, 0x4249, 0x424A, 0x4249, 0x4249, 0x4249,
  0x424A, 0x4249, 0x4249, 0x4249, 0x4249, 0x4249, 0x4249, 0x424A, 0x4249, 0x4249, 0x4249, 0x4249,
  0x4249, 0x4249, 0x4249, 0x4249, 0x4249, 0x4249, 0x4249, 0x4249, 0x424A, 0x4249, 0x424A, 0x4249,
  0x4249, 0x4249, 0x4249, 0x424A, 0x4249, 0x4249, 0x4249, 0x4249, 0x4249, 0x4249, 0x4249, 0x424A,
  0x4249, 0x424A, 0x4249, 0x424A, 0x4249, 0x4249, 0x424A, 0x4249, 0x424A, 0x424A, 0x4249, 0x4249,
  0x4249, 0x4249, 0x424A, 0x4249, 0x4249, 0x424A, 0x4249, 0x4249, 0x4249, 0x424A, 0x4249, 0x424A,
  0x4249, 0x4249, 0x4249, 0x4249, 0x4249, 0x424A, 0x4249, 0x4249, 0x4249, 0x4249, 0x4249, 0x4249,
  0x4249, 0x4249, 0x4249, 0x4249, 0x4249, 0x4249, 0x4249, 0x4249, 0x4249, 0x4249, 0x4249, 0x4249,
  0x4249, 0x4249, 0x4249, 0x4249, 0x424A, 0x4249, 0x4249, 0x4249, 0x424A, 0x4249, 0x4249, 0x4249,
  0x4249, 0x424A, 0x4249, 0x4249, 0x424A, 0x4249, 0x4249, 0x424A, 0x4249, 0x4249, 0x4249, 0x4249,
  0x4249, 0x4249, 0x4249, 0x4249, 0x4249, 0x424A, 0x4249, 0x4249, 0x4249, 0x4249, 0x4249, 0x424A,
  0x4249, 0x4249, 0x4249, 0x4249, 0x4249, 0x424A, 0x4249, 0x4249, 0x4249, 0x4249, 0x4249, 0x424A,
  0x4249, 0x4249, 0x4249, 0x4249, 0x4249, 0x4249, 0x4249, 0x424A, 0x424A, 0x4249, 0x4249, 0x424A,
  0x4249, 0x4249, 0x424A, 0x4249, 0x4249, 0x4249, 0x4249, 0x4249, 0x4249, 0x424A, 0x4249, 0x424A,
  0x4249, 0x4249, 0x4249, 0x4249, 0x4249, 0x4249, 0x424A, 0x424A, 0x4249, 0x4249, 0x4249, 0x4249,
  0x4249, 0x4249, 0x4249, 0x4249, 0x4249, 0x4249, 0x424A, 0x4249, 0x424A, 0x4249, 0x4249, 0x4249,
  0x4249, 0x424A, 0x4249, 0x4249, 0x4249, 0x424A, 0x4249, 0x4249, 0x4249, 0x4249, 0x4249, 0x4249,
  0x4249, 0x424A, 0x4249, 0x4249, 0x4249, 0x4249, 0x4249, 0x424A, 0x4249, 0x4249, 0x4249, 0x4249,
  0x4249, 0x4249, 0x4249, 0x4249, 0x4249, 0x4249, 0x424A, 0x4249, 0x4249, 0x4249, 0x4249, 0x424A,
  0x4249, 0x4249, 0x4249, 0x424A, 0x4249, 0x4249, 0x424A, 0x4249, 0x4249, 0x4249, 0x4249, 0x4249,
  0x4249, 0x4249, 0x424A, 0x424A, 0x4249, 0x4249, 0x424A, 0x4249, 0x4249, 0x4249, 0x424A, 0x4249,
  0x4249, 0x4249, 0x424A, 0x4249, 0x4249, 0x424A, 0x4249, 0x4249, 0x4249, 0x424A, 0x4249, 0x424A,
  0x424A, 0x4249, 0x4249, 0x4249, 0x4249, 0x4249, 0x424A, 0x4249, 0x4249, 0x4249, 0x4249, 0x4249,
  0x424A, 0x4249, 0x4249, 0x4249, 0x4249, 0x4249, 0x4249, 0x4249, 0x424A, 0x424A, 0x4249, 0x4249,
  0x424A, 0x4249, 0x4249, 0x4249, 0x4249, 0x4249, 0x4249, 0x4249, 0x4249, 0x4249, 0x4249, 0x4249,
  0x4249, 0x4249, 0x4249, 0x4249, 0x424A, 0x4249, 0x4249, 0x4249, 0x4249, 0x424A, 0x4249, 0x424A,
  0x4249, 0x4249, 0x4249, 0x4249, 0x4249, 0x424A, 0x4249, 0x424A, 0x424A, 0x4249, 0x4249, 0x4249,
  0x4249, 0x4249, 0x4249, 0x4249, 0x4249, 0x4249, 0x4249, 0x4249, 0x4249, 0x4249, 0x424A, 0x4249,
  0x4249, 0x424A, 0x4249, 0x4249, 0x4249, 0x4249, 0x4249, 0x424A, 0x4249, 0x4249, 0x4249, 0x4249,
  0x4249, 0x424A, 0x4249, 0x4249, 0x4249, 0x4249, 0x4249, 0x424A, 0x4249, 0x4249, 0x4249, 0x4249,
  0x4249, 0x4249, 0x4249, 0x424A, 0x4249, 0x4249, 0x4249, 0x424A, 0x4249, 0x4249, 0x4249, 0x4249,
  0x4249, 0x4249, 0x4249, 0x4249, 0x4249, 0x4249, 0x424A, 0x4249, 0x4249, 0x424A, 0x4249, 0x4249,
  0x4249, 0x4249, 0x424A, 0x4249, 0x4249, 0x4249, 0x4249, 0x4249, 0x4249, 0x4249, 0x4249, 0x424A,
  0x4249, 0x4249, 0x4249, 0x4249, 0x4249, 0x4249, 0x424A, 0x4249, 0x4249, 0x4249, 0x424A, 0x4249,
  0x424A, 0x4249, 0x424A, 0x4249, 0x4249, 0x4249, 0x424A, 0x424A, 0x4249, 0x424A, 0x4249, 0x4249,
  0x424A, 0x4249, 0x424A, 0x4249, 0x4249, 0x4249, 0x4249, 0x4249, 0x424A, 0x4249, 0x4249, 0x4249,
  0x4249, 0x424A, 0x4249, 0x4249, 0x4249, 0x424A, 0x4249, 0x4249, 0x4249, 0x4249, 0x4249, 0x424A,
  0x4249, 0x4249, 0x4249, 0x4249, 0x424A, 0x424A, 0x4249, 0x4249, 0x4249, 0x424A, 0x4249, 0x4249,
  0x4249, 0x4249, 0x4249, 0x4249, 0x4249, 0x424A, 0x4249, 0x4249, 0x4249, 0x4249, 0x4249, 0x424A,
  0x4249, 0x4249, 0x4249, 0x4249, 0x4249, 0x4249, 0x4249, 0x4249, 0x4249, 0x4249, 0x424A, 0x4249,
  0x4249, 0x4249, 0x4249, 0x424A, 0x4249, 0x4249, 0x4249, 0x424A, 0x4249, 0x4249, 0x424A, 0x4249,
  0x4249, 0x4249, 0x4249, 0x4249, 0x4249, 0x4249, 0x424A, 0x424A, 0x4249, 0x4249, 0x424A, 0x4249,
  0x4249, 0x4249, 0x424A, 0x4249, 0x4249, 0x4249, 0x424A, 0x4249, 0x4249, 0x424A, 0x4249, 0x4249,
  0x4249, 0x4249, 0x4249, 0x424A, 0x424A, 0x424A, 0x4249, 0x424A, 0x4249, 0x4249, 0x4249, 0x4249,
  0x4249, 0x424A, 0x4249, 0x4249, 0x4249, 0x424A, 0x4249, 0x4249, 0x4249, 0x4249, 0x424A, 0x4249,
  0x424A, 0x4249, 0x4249, 0x424A, 0x4249, 0x4249, 0x4249, 0x424A, 0x4249, 0x4249, 0x4249, 0x4249,
  0x4249, 0x4249, 0x4249, 0x4249, 0x424A, 0x4249, 0x4249, 0x4249, 0x4249, 0x4249, 0x4249, 0x4249,
  0x4249, 0x4249, 0x4249, 0x424A, 0x4249, 0x4249, 0x4249, 0x4249, 0x4249, 0x424A, 0x4249, 0x4249,
  0x4249, 0x4249, 0x424A, 0x4249, 0x4249, 0x4249, 0x4249, 0x4249, 0x4249, 0x424A, 0x4249, 0x4249,
  0x4249, 0x4249, 0x4249, 0x4249, 0x424A, 0x424A, 0x4249, 0x4249, 0x424A, 0x4249, 0x4249, 0x4249,
  0x424A, 0x4249, 0x4249, 0x4249, 0x4249, 0x4249, 0x4249, 0x4249, 0x4249, 0x424A, 0x4249, 0x4249,
  0x424A, 0x424A, 0x4249, 0x424A, 0x4249, 0x4249, 0x4249, 0x4249, 0x4249, 0x4249, 0x4249, 0x4249,
  0x4249, 0x424A, 0x4249, 0x424A, 0x4249, 0x4249, 0x4249, 0x4249, 0x424A, 0x4249, 0x424A, 0x4249,
  0x424A, 0x4249, 0x4249, 0x4249, 0x4249, 0x4249, 0x4249, 0x424A, 0x424A, 0x4249, 0x4249, 0x4249,
  0x4249, 0x4249, 0x424A, 0x4249, 0x4249, 0x4249, 0x4249, 0x424A, 0x4249, 0x4249, 0x4249, 0x4249,
  0x424A, 0x4249, 0x4249, 0x4249, 0x4249, 0x424A, 0x4249, 0x4249, 0x424A, 0x4249, 0x4249, 0x424A,
  0x4249, 0x424A, 0x4249, 0x4249, 0x4249, 0x424A, 0x4249, 0x4249, 0x4249, 0x424A, 0x4249, 0x4249,
  0x424A, 0x424A, 0x4249, 0x4249, 0x424A, 0x4249, 0x4249, 0x4249, 0x424A, 0x4249, 0x4249, 0x4249,
  0x4249, 0x4249, 0x4249, 0x4249, 0x4249, 0x4249, 0x4249, 0x424A, 0x4249, 0x4249, 0x4249, 0x4249,
  0x424A, 0x4249, 0x4249, 0x4249, 0x424A, 0x4249, 0x4249, 0x4249, 0x4249, 0x424A, 0x4249, 0x424A,
  0x4249, 0x424A, 0x4249, 0x4249, 0x4249, 0x424A, 0x4249, 0x4249, 0x4249, 0x424A, 0x4249, 0x4249,
  0x424A, 0x4249, 0x4249, 0x4249, 0x4249, 0x4249, 0x4249, 0x424A, 0x4249, 0x4249, 0x4249, 0x4249,
  0x4249, 0x424A, 0x4249, 0x4249, 0x4249, 0x4249, 0x4249, 0x424A, 0x4249, 0x4249, 0x4249, 0x4249,
  0x4249, 0x4249, 0x4249, 0x4249, 0x424A, 0x4249, 0x4249, 0x424A, 0x4249, 0x4249, 0x4249, 0x4249,
  0x4249, 0x4249, 0x4249, 0x4249, 0x4249, 0x4249, 0x4249, 0x424A, 0x424A, 0x424A, 0x4249, 0x424A,
  0x4249, 0x4249, 0x4249, 0x4249, 0x4249, 0x424A, 0x4249, 0x4249, 0x4249, 0x424A, 0x4249, 0x4249,
  0x4249, 0x4249, 0x424A, 0x4249, 0x424A, 0x4249, 0x4249, 0x424A, 0x4249, 0x4249, 0x4249, 0x424A,
  0x4249, 0x4249, 0x4249, 0x4249, 0x4249, 0x4249, 0x4249, 0x4249, 0x424A, 0x4249, 0x4249, 0x4249,
  0x4249, 0x4249, 0x4249, 0x4249, 0x4249, 0x4249, 0x4249, 0x424A, 0x4249, 0x4249, 0x4249, 0x4249,
  0x4249, 0x424A, 0x4249, 0x4249, 0x4249, 0x4249, 0x424A, 0x4249, 0x424A, 0x4249, 0x4249, 0x4249,
  0x4249, 0x4249, 0x4249, 0x4249, 0x4249, 0x4249, 0x424A, 0x424A, 0x4249, 0x424A, 0x4249, 0x4249,
  0x4249, 0x424A, 0x424A, 0x4249, 0x4249, 0x4249, 0x4249, 0x424A, 0x4249, 0x4249, 0x4249, 0x4249,
  0x4249, 0x424A, 0x4249, 0x4249, 0x424A, 0x4249, 0x4249, 0x424A, 0x424A, 0x4249, 0x4249, 0x424A,
  0x424A, 0x4249, 0x4249, 0x424A, 0x4249, 0x424A, 0x4249, 0x424A, 0x4249, 0x4249, 0x424A, 0x4249,
  0x4249, 0x4249, 0x4249, 0x4249, 0x4249, 0x4249, 0x4249, 0x4249, 0x4249, 0x4249, 0x4249, 0x4249,
  0x424A, 0x4249, 0x424A, 0x4249, 0x4249, 0x4249, 0x4249, 0x424A, 0x4249, 0x4249, 0x4249, 0x4249,
  0x4249, 0x4249, 0x4249, 0x4249, 0x4249, 0x4249, 0x4249, 0x424A, 0x4249, 0x4249, 0x4249, 0x424A,
  0x424A, 0x4249, 0x4249, 0x4249, 0x424A, 0x4249, 0x4249, 0x4249, 0x4249, 0x4249, 0x4249, 0x424A,
  0x4249, 0x4249, 0x424A, 0x424A, 0x424A, 0x424A, 0x4249, 0x4249, 0x424A, 0x4249, 0x424A, 0x4249,
  0x4249, 0x4249, 0x4249, 0x4249, 0x4249, 0x4249, 0x4249, 0x4249, 0x4249, 0x4249, 0x4249, 0x4249,
  0x4249, 0x424A, 0x4249, 0x424A, 0x4249, 0x4249, 0x4249, 0x424A, 0x4249, 0x4249, 0x4249, 0x4249,
  0x424A, 0x4249, 0x4249, 0x4249, 0x4249, 0x4249, 0x4249, 0x4249, 0x424A, 0x4249, 0x424A, 0x4249,
  0x4249, 0x4249, 0x424A, 0x424A, 0x4249, 0x4249, 0x4249, 0x4249, 0x4249, 0x4249, 0x424A, 0x4249,
  0x4249, 0x4249, 0x4249, 0x424A, 0x4249, 0x4249, 0x4249, 0x4249, 0x4249, 0x4249, 0x4249, 0x4249,
  0x4249, 0x4249, 0x424A, 0x4249, 0x424A, 0x4249, 0x4249, 0x424A, 0x4249, 0x4249, 0x4249, 0x4249,
  0x424A, 0x4249, 0x4249, 0x4249, 0x4249, 0x4249, 0x424A, 0x4249, 0x4249, 0x4249, 0x4249, 0x424A,
  0x4249, 0x4249, 0x4249, 0x4249, 0x424A, 0x4249, 0x4249, 0x4249, 0x4249, 0x4249, 0x424A, 0x4249,
  0x4249, 0x4249, 0x4249, 0x4249, 0x4249, 0x4249, 0x4249, 0x4249, 0x4249, 0x4249, 0x424A, 0x4249,
  0x4249, 0x424A, 0x4249, 0x4249, 0x4249, 0x4249, 0x4249, 0x4249, 0x4249, 0x4249, 0x424A, 0x4249,
  0x424A, 0x4249, 0x424A, 0x4249, 0x4249, 0x4249, 0x424A, 0x4249, 0x4249, 0x4249, 0x424A, 0x4249,
  0x4249, 0x4249, 0x4249, 0x424A, 0x4249, 0x4249, 0x4249, 0x4249, 0x4249, 0x4249, 0x424A, 0x4249,
  0x424A, 0x4249, 0x4249, 0x4249, 0x4249, 0x4249, 0x4249, 0x4249, 0x4249, 0x4249, 0x424A, 0x424A,
  0x4249, 0x424A, 0x4249, 0x4249, 0x4249, 0x424A, 0x424A, 0x4249, 0x4249, 0x4249, 0x4249, 0x424A,
  0x4249, 0x4249, 0x4249, 0x4249, 0x4249, 0x424A, 0x4249, 0x4249, 0x424A, 0x4249, 0x4249, 0x424A,
  0x424A, 0x4249, 0x4249, 0x424A, 0x424A, 0x4249, 0x4249, 0x424A, 0x4249, 0x424A, 0x4249, 0x424A,
  0x4249, 0x4249, 0x424A, 0x4249, 0x4249, 0x4249, 0x4249, 0x4249, 0x4249, 0x4249, 0x4249, 0x4249,
  0x4249, 0x4249, 0x4249, 0x4249, 0x4249, 0x4249, 0x424A, 0x4249, 0x4249, 0x424A, 0x4249, 0x424A,
  0x4249, 0x4249, 0x424A, 0x4249, 0x4249, 0x4249, 0x4249, 0x4249, 0x4249, 0x4249, 0x4249, 0x4249,
  0x4249, 0x424A, 0x4249, 0x4249, 0x4249, 0x424A, 0x4249, 0x4249, 0x424A, 0x4249, 0x4249, 0x4249,
  0x424A, 0x4249, 0x4249, 0x4249, 0x4249, 0x4249, 0x4249, 0x4249, 0x4249, 0x4249, 0x4249, 0x4249,
  0x4249, 0x4249, 0x4249, 0x4249, 0x4249, 0x4249, 0x4249, 0x4249, 0x4249, 0x424A, 0x4249, 0x424A,
  0x4249, 0x424A, 0x4249, 0x4249, 0x424A, 0x4249, 0x4249, 0x4249, 0x4249, 0x4249, 0x424A, 0x4249,
  0x4249, 0x4249, 0x424A, 0x4249, 0x4249, 0x4249, 0x424A, 0x4249, 0x424A, 0x4249, 0x4249, 0x4249,
  0x424A, 0x4249, 0x4249, 0x4249, 0x4249, 0x4249, 0x4249, 0x4249, 0x4249, 0x4249, 0x4249, 0x4249,
  0x4249, 0x4249, 0x4249, 0x4249, 0x4249, 0x4249, 0x4249, 0x4249, 0x4249, 0x4249, 0x4249, 0x4249,
  0x4249, 0x4249, 0x4249, 0x4249, 0x4249, 0x4249, 0x4249, 0x4249, 0x4249, 0x4249, 0x424A, 0x4249,
  0x4249, 0x4249, 0x424A, 0x4249, 0x4249, 0x4249, 0x4249, 0x4249, 0x424A, 0x4249, 0x4249, 0x4249,
  0x4249, 0x4249, 0x424A, 0x424A, 0x4249, 0x424A, 0x4249, 0x4249, 0x424A, 0x4249, 0x4249, 0x424A,
  0x4249, 0x424A, 0x4249, 0x4249, 0x424A, 0x4249, 0x4249, 0x4249, 0x424A, 0x4249, 0x4249, 0x4249,
  0x4249, 0x4249, 0x424A, 0x4249, 0x4249, 0x424A, 0x4249, 0x4249, 0x424A, 0x4249, 0x4249, 0x4249,
  0x424A, 0x424A, 0x4249, 0x4249, 0x4249, 0x4249, 0x4249, 0x424A, 0x4249, 0x4249, 0x4249, 0x4249,
  0x4249, 0x4249, 0x4249, 0x424A, 0x4249, 0x424A, 0x424A, 0x4249, 0x4249, 0x424A, 0x4249, 0x424A,
  0x4249, 0x4249, 0x4249, 0x4249, 0x4249, 0x424A, 0x4249, 0x4249, 0x4249, 0x424A, 0x4249, 0x4249,
  0x4249, 0x4249, 0x4249, 0x4249, 0x424A, 0x4249, 0x4249, 0x4249, 0x424A, 0x4249, 0x424A, 0x4249,
  0x4249, 0x4249, 0x424A, 0x4249, 0x4249, 0x4249, 0x4249, 0x4249, 0x4249, 0x4249, 0x4249, 0x4249,
  0x4249, 0x424A, 0x4249, 0x424A, 0x4249, 0x4249, 0x4249, 0x4249, 0x4249, 0x4249, 0x4249, 0x4249,
  0x4249, 0x4249, 0x4249, 0x424A, 0x424A, 0x4249, 0x4249, 0x4249, 0x4249, 0x424A, 0x4249, 0x4249,
  0x4249, 0x4249, 0x424A, 0x424A, 0x4249, 0x424A, 0x4249, 0x4249, 0x4249, 0x4249, 0x424A, 0x4249,
  0x4249, 0x424A, 0x4249, 0x424A, 0x4249, 0x4249, 0x424A, 0x4249, 0x4249, 0x4249, 0x4249, 0x4249,
  0x4249, 0x4249, 0x4249, 0x4249, 0x4249, 0x424A, 0x4249, 0x4249, 0x4249, 0x424A, 0x4249, 0x4249,
  0x424A, 0x4249, 0x4249, 0x4249, 0x424A, 0x4249, 0x4249, 0x4249, 0x4249, 0x4249, 0x4249, 0x4249,
  0x4249, 0x4249, 0x4249, 0x4249, 0x4249, 0x4249, 0x4249, 0x4249, 0x4249, 0x4249, 0x4249, 0x4249,
  0x4249, 0x424A, 0x4249, 0x424A, 0x4249, 0x424A, 0x4249, 0x4249, 0x424A, 0x4249, 0x4249, 0x4249,
  0x4249, 0x4249, 0x424A, 0x4249, 0x4249, 0x4249, 0x4249, 0x4249, 0x4249, 0x4249, 0x4249, 0x4249,
  0x4249, 0x4249, 0x424A, 0x424A, 0x4249, 0x4249, 0x4249, 0x4249, 0x424A, 0x4249, 0x4249, 0x4249,
  0x4249, 0x4249, 0x4249, 0x424A, 0x4249, 0x4249, 0x4249, 0x4249, 0x4249, 0x4249, 0x424A, 0x4249,
  0x4249, 0x4249, 0x4249, 0x424A, 0x4249, 0x4249, 0x4249, 0x4249, 0x424A, 0x4249, 0x4249, 0x4249,
  0x4249, 0x4249, 0x4249, 0x424A, 0x4249, 0x4249, 0x4249, 0x4249, 0x4249, 0x424A, 0x4249, 0x4249,
  0x4249, 0x424A, 0x424A, 0x4249, 0x4249, 0x4249, 0x4249, 0x4249, 0x424A, 0x4249, 0x4249, 0x4249,
  0x424A, 0x4249, 0x4249, 0x4249, 0x424A, 0x4249, 0x4249, 0x424A, 0x424A, 0x4249, 0x424A, 0x424A,
  0x4249, 0x4249, 0x4249, 0x4249, 0x424A, 0x4249, 0x4249, 0x424A, 0x4249, 0x4249, 0x424A, 0x4249,
  0x4249, 0x424A, 0x424A, 0x4249, 0x4249, 0x424A, 0x4249, 0x4249, 0x4249, 0x4249, 0x424A, 0x4249,
  0x4249, 0x4249, 0x4249, 0x424A, 0x4249, 0x424A, 0x4249, 0x424A, 0x4249, 0x4249, 0x424A, 0x4249,
  0x424A, 0x4249, 0x424A, 0x4249, 0x424A, 0x4249, 0x4249, 0x4249, 0x4249, 0x4249, 0x4249, 0x4249,
  0x4249, 0x4249, 0x4249, 0x4249, 0x4249, 0x4249, 0x4249, 0x424A, 0x4249, 0x424A, 0x4249, 0x4249,
  0x4249, 0x4249, 0x4249, 0x4249, 0x4249, 0x4249, 0x4249, 0x4249, 0x4249, 0x4249, 0x4249, 0x4249,
  0x4249, 0x4249, 0x4249, 0x4249, 0x424A, 0x4249, 0x4249, 0x4249, 0x4249, 0x4249, 0x424A, 0x4249,
  0x424A, 0x424A, 0x4249, 0x4249, 0x4249, 0x4249, 0x424A, 0x4249, 0x424A, 0x4249, 0x4249, 0x4249,
  0x4249, 0x4249, 0x4249, 0x4249, 0x4249, 0x4249, 0x4249, 0x4249, 0x4249, 0x424A, 0x4249, 0x4249,
  0x4249, 0x4249, 0x424A, 0x4249, 0x4249, 0x4249, 0x4249, 0x424A, 0x4249, 0x424A, 0x4249, 0x4249,
  0x4249, 0x4249, 0x4249, 0x4249, 0x4249, 0x4249, 0x4249, 0x4249, 0x4249, 0x4249, 0x4249, 0x4249,
  0x424A, 0x4249, 0x4249, 0x424A, 0x4249, 0x424A, 0x4249, 0x424A, 0x4249, 0x4249, 0x424A, 0x4249,
  0x424A, 0x4249, 0x424A, 0x424A, 0x4249, 0x4249, 0x4249, 0x424A, 0x424A, 0x4249, 0x4249, 0x4249,
  0x4249, 0x4249, 0x4249, 0x4249, 0x4249, 0x4249, 0x424A, 0x4249, 0x4249, 0x4249, 0x4249, 0x4249,
  0x4249, 0x4249, 0x4249, 0x424A, 0x4249, 0x4249, 0x424A, 0x4249, 0x4249, 0x4249, 0x4249, 0x4249,
  0x4249, 0x4249, 0x4249, 0x4249, 0x4249, 0x4249, 0x424A, 0x424A, 0x4249, 0x4249, 0x4249, 0x4249,
  0x424A, 0x4249, 0x4249, 0x4249, 0x4249, 0x4249, 0x4249, 0x424A, 0x4249, 0x4249, 0x4249, 0x4249,
  0x4249, 0x4249, 0x424A, 0x4249, 0x4249, 0x4249, 0x4249, 0x424A, 0x4249, 0x4249, 0x4249, 0x4249,
  0x424A, 0x4249, 0x4249, 0x4249, 0x4249, 0x4249, 0x4249, 0x424A, 0x4249, 0x4249, 0x4249, 0x4249,
  0x4249, 0x424A, 0x4249, 0x4249, 0x4249, 0x424A, 0x424A, 0x4249, 0x4249, 0x424A, 0x4249, 0x4249,
  0x4249, 0x4249, 0x4249, 0x424A, 0x4249, 0x4249, 0x4249, 0x4249, 0x424A, 0x4249, 0x4249, 0x4249,
  0x4249, 0x4249, 0x424A, 0x424A, 0x4249, 0x424A, 0x4249, 0x4249, 0x424A, 0x4249, 0x4249, 0x4249,
  0x4249, 0x4249, 0x424A, 0x424A, 0x4249, 0x4249, 0x4249, 0x4249, 0x424A, 0x4249, 0x4249, 0x4249,
  0x4249, 0x424A, 0x4249, 0x424A, 0x4249, 0x4249, 0x4249, 0x424A, 0x424A, 0x424A, 0x4249, 0x424A,
  0x4249, 0x4249, 0x4249, 0x4249, 0x4249, 0x4249, 0x4249, 0x4249, 0x4249, 0x4249, 0x4249, 0x4249,
  0x424A, 0x424A, 0x4249, 0x4249, 0x424A, 0x4249, 0x4249, 0x4249, 0x4249, 0x424A, 0x4249, 0x4249,
  0x424A, 0x4249, 0x4249, 0x4249, 0x4249, 0x4249, 0x4249, 0x4249, 0x4249, 0x424A, 0x424A, 0x4249,
  0x424A, 0x4249, 0x424A, 0x4249, 0x4249, 0x4249, 0x4249, 0x424A, 0x4249, 0x4249, 0x4249, 0x424A,
  0x4249, 0x4249, 0x4249, 0x4249, 0x4249, 0x4249, 0x424A, 0x4249, 0x4249, 0x424A, 0x4249, 0x4249,
  0x4249, 0x4249, 0x4249, 0x4249, 0x4249, 0x4249, 0x4249, 0x4249, 0x4249, 0x4249, 0x4249, 0x4249,
  0x4249, 0x4249, 0x4249, 0x4249, 0x424A, 0x4249, 0x4249, 0x4249, 0x4249, 0x4249, 0x424A, 0x4249,
  0x4249, 0x424A, 0x4249, 0x4249, 0x4249, 0x4249, 0x4249, 0x4249, 0x4249, 0x4249, 0x424A, 0x4249,
  0x4249, 0x424A, 0x4249, 0x4249, 0x4249, 0x424A, 0x4249, 0x424A, 0x424A, 0x4249, 0x424A, 0x4249,
  0x4249, 0x4249, 0x424A, 0x4249, 0x4249, 0x4249, 0x4249, 0x4249, 0x4249, 0x4249, 0x4249, 0x4249,
  0x4249, 0x4249, 0x4249, 0x4249, 0x4249, 0x4249, 0x4249, 0x4249, 0x424A, 0x4249, 0x4249, 0x4249,
  0x424A, 0x4249, 0x4249, 0x424A, 0x4249, 0x4249, 0x4249, 0x424A, 0x4249, 0x424A, 0x4249, 0x4249,
  0x4249, 0x4249, 0x424A, 0x424A, 0x4249, 0x4249, 0x4249, 0x4249, 0x4249, 0x4249, 0x424A, 0x424A,
  0x4249, 0x4249, 0x424A, 0x4249, 0x4249, 0x424A, 0x4249, 0x424A, 0x4249, 0x4249, 0x4249, 0x4249,
  0x4249, 0x4249, 0x4249, 0x4249, 0x424A, 0x4249, 0x4249, 0x4249, 0x4249, 0x4249, 0x4249, 0x4249,
  0x4249, 0x4249, 0x4249, 0x4249, 0x4249, 0x4249, 0x424A, 0x4249, 0x4249, 0x4249, 0x4249, 0x424A,
  0x4249, 0x4249, 0x4249, 0x4249, 0x424A, 0x4249, 0x424A, 0x4249, 0x4249, 0x4249, 0x4249, 0x4249,
  0x4249, 0x424A, 0x4249, 0x4249, 0x4249, 0x4249, 0x4249, 0x424A, 0x4249, 0x4249, 0x4249, 0x4249,
  0x424A, 0x4249, 0x4249, 0x4249, 0x4249, 0x4249, 0x424A, 0x424A, 0x4249, 0x424A, 0x4249, 0x4249,
  0x424A, 0x4249, 0x4249, 0x4249, 0x4249, 0x4249, 0x424A, 0x424A, 0x4249, 0x4249, 0x4249, 0x4249,
  0x424A, 0x4249, 0x4249, 0x4249, 0x4249, 0x424A, 0x4249, 0x424A, 0x4249, 0x4249, 0x4249, 0x424A,
  0x424A, 0x424A, 0x4249, 0x424A, 0x4249, 0x4249, 0x4249, 0x4249, 0x4249, 0x4249, 0x4249, 0x4249,
  0x4249, 0x4249, 0x4249, 0x4249, 0x4249, 0x4249, 0x4249, 0x4249, 0x424A, 0x4249, 0x4249, 0x4249,
  0x4249, 0x424A, 0x4249, 0x4249, 0x424A, 0x4249, 0x4249, 0x4249, 0x424A, 0x4249, 0x4249, 0x4249,
  0x4249, 0x4249, 0x4249, 0x4249, 0x4249, 0x4249, 0x424A, 0x4249, 0x4249, 0x4249, 0x4249, 0x4249,
  0x4249, 0x4249, 0x424A, 0x4249, 0x4249, 0x424A, 0x424A, 0x4249, 0x424A, 0x4249, 0x4249, 0x4249,
  0x424A, 0x4249, 0x4249, 0x4249, 0x4249, 0x4249, 0x4249, 0x4249, 0x424A, 0x4249, 0x424A, 0x424A,
  0x4249, 0x424A, 0x4249, 0x4249, 0x424A, 0x424A, 0x4249, 0x4249, 0x4249, 0x4249, 0x4249, 0x4249,
  0x4249, 0x4249, 0x424A, 0x4249, 0x4249, 0x4249, 0x4249, 0x4249, 0x4249, 0x4249, 0x4249, 0x4249,
  0x4249, 0x4249, 0x424A, 0x4249, 0x4249, 0x4249, 0x4249, 0x4249, 0x4249, 0x4249, 0x4249, 0x4249,
  0x4249, 0x424A, 0x4249, 0x4249, 0x4249, 0x4249, 0x4249, 0x4249, 0x4249, 0x4249, 0x424A, 0x424A,
  0x4249, 0x4249, 0x4249, 0x4249, 0x4249, 0x4249, 0x4249, 0x4249, 0x424A, 0x4249, 0x424A, 0x4249,
  0x4249, 0x424A, 0x4249, 0x424A, 0x4249, 0x4249, 0x4249, 0x4249, 0x4249, 0x424A, 0x424A, 0x4249,
  0x4249, 0x424A, 0x424A, 0x4249, 0x4249, 0x424A, 0x4249, 0x4249, 0x4249, 0x4249, 0x424A, 0x4249,
  0x4249, 0x4249, 0x424A, 0x4249, 0x424A, 0x424A, 0x4249, 0x4249, 0x4249, 0x424A, 0x424A, 0x4249,
  0x4249, 0x424A, 0x4249, 0x4249, 0x4249, 0x4249, 0x424A, 0x4249, 0x4249, 0x4249, 0x424A, 0x4249,
  0x424A, 0x4249, 0x424A, 0x4249, 0x4249, 0x4249, 0x4249, 0x424A, 0x424A, 0x4249, 0x424A, 0x4249,
  0x4249, 0x4249, 0x424A, 0x424A, 0x4249, 0x4249, 0x424A, 0x4249, 0x4249, 0x4249, 0x4249, 0x4249,
  0x424A, 0x4249, 0x4249, 0x4249, 0x4249, 0x4249, 0x4249, 0x424A, 0x4249, 0x4249, 0x4249, 0x4249,
  0x4249, 0x4249, 0x4249, 0x424A, 0x424A, 0x4249, 0x4249, 0x4249, 0x4249, 0x4249, 0x4249, 0x4249,
  0x4249, 0x4249, 0x424A, 0x4249, 0x4249, 0x4249, 0x4249, 0x4249, 0x4249, 0x4249, 0x424A, 0x4249,
  0x4249, 0x4249, 0x4249, 0x4249, 0x4249, 0x4249, 0x4249, 0x4249, 0x4249, 0x424A, 0x4249, 0x424A,
  0x4249, 0x4249, 0x4249, 0x4249, 0x424A, 0x4249, 0x4249, 0x424A, 0x4249, 0x424A, 0x4249, 0x4249,
  0x4249, 0x4249, 0x4249, 0x4249, 0x4249, 0x424A, 0x4249, 0x4249, 0x4249, 0x4249, 0x4249, 0x4249,
  0x424A, 0x4249, 0x4249, 0x4249, 0x4249, 0x424A, 0x4249, 0x4249, 0x424A, 0x4249, 0x4249, 0x4249,
  0x424A, 0x4249, 0x4249, 0x4249, 0x4249, 0x4249, 0x4249, 0x4249, 0x4249, 0x4249, 0x424A, 0x4249,
  0x4249, 0x4249, 0x4249, 0x4249, 0x4249, 0x4249, 0x424A, 0x4249, 0x4249, 0x424A, 0x424A, 0x4249,
  0x424A, 0x4249, 0x4249, 0x4249, 0x424A, 0x4249, 0x4249, 0x4249, 0x4249, 0x4249, 0x4249, 0x4249,
  0x424A, 0x4249, 0x424A, 0x424A, 0x4249, 0x424A, 0x4249, 0x4249, 0x424A, 0x424A, 0x4249, 0x4249,
  0x4249, 0x424A, 0x4249, 0x424A, 0x4249, 0x424A, 0x424A, 0x4249, 0x4249, 0x4249, 0x4249, 0x4249,
  0x4249, 0x4249, 0x4249, 0x4249, 0x4249, 0x4249, 0x4249, 0x4249, 0x4249, 0x424A, 0x4249, 0x4249,
  0x4249, 0x4249, 0x4249, 0x424A, 0x4249, 0x424A, 0x4249, 0x4249, 0x4249, 0x424A, 0x4249, 0x4249,
  0x4249, 0x4249, 0x4249, 0x4249, 0x4249, 0x4249, 0x4249, 0x4249, 0x424A, 0x4249, 0x4249, 0x4249,
  0x4249, 0x4249, 0x4249, 0x4249, 0x4249, 0x4249, 0x4249, 0x4249, 0x4249, 0x4249, 0x424A, 0x4249,
  0x4249, 0x4249, 0x4249, 0x4249, 0x424A, 0x4249, 0x4249, 0x4249, 0x424A, 0x4249, 0x4249, 0x4249,
  0x424A, 0x4249, 0x4249, 0x4249, 0x4249, 0x4249, 0x424A, 0x424A, 0x4249, 0x4249, 0x4249, 0x4249,
  0x4249, 0x4249, 0x4249, 0x4249, 0x4249, 0x4249, 0x424A, 0x4249, 0x4249, 0x4249, 0x4249, 0x4249,
  0x4249, 0x4249, 0x424A, 0x4249, 0x4249, 0x4249, 0x4249, 0x4249, 0x4249, 0x4249, 0x4249, 0x424A,
  0x4249, 0x4249, 0x4249, 0x424A, 0x4249, 0x4249, 0x4249, 0x4249, 0x4249, 0x4249, 0x4249, 0x4249,
  0x424A, 0x4249, 0x424A, 0x4249, 0x4249, 0x4249, 0x4249, 0x424A, 0x4249, 0x4249, 0x4249, 0x424A,
  0x4249, 0x424A, 0x4249, 0x4249, 0x4249, 0x424A, 0x4249, 0x4249, 0x424A, 0x4249, 0x4249, 0x4249,
  0x4249, 0x4249, 0x4249, 0x424A, 0x4249, 0x4249, 0x4249, 0x4249, 0x424A, 0x4249, 0x4249, 0x4249,
  0x4249, 0x4249, 0x4249, 0x4249, 0x4249, 0x424A, 0x4249, 0x4249, 0x4249, 0x4249, 0x4249, 0x4249,
  0x424A, 0x4249, 0x4249, 0x4249, 0x4249, 0x4249, 0x4249, 0x4249, 0x424A, 0x4249, 0x4249, 0x4249,
  0x4249, 0x4249, 0x4249, 0x4249, 0x4249, 0x4249, 0x4249, 0x424A, 0x4249, 0x4249, 0x424A, 0x4249,
  0x424A, 0x4249, 0x4249, 0x4249, 0x4249, 0x424A, 0x4249, 0x4249, 0x4249, 0x4249, 0x424A, 0x4249,
  0x4249, 0x4249, 0x424A, 0x4249, 0x4249, 0x4249, 0x424A, 0x424A, 0x4249, 0x4249, 0x4249, 0x4249,
  0x4249, 0x424A, 0x4249, 0x424A, 0x4249, 0x4249, 0x4249, 0x4249, 0x4249, 0x4249, 0x4249, 0x424A,
  0x424A, 0x4249, 0x424A, 0x4249, 0x4249, 0x424A, 0x4249, 0x4249, 0x4249, 0x4249, 0x424A, 0x4249,
  0x4249, 0x424A, 0x4249, 0x4249, 0x4249, 0x4249, 0x4249, 0x4249, 0x424A, 0x4249, 0x4249, 0x424A,
  0x4249, 0x4249, 0x424A, 0x4249, 0x4249, 0x424A, 0x4249, 0x424A, 0x4249, 0x424A, 0x424A, 0x4249,
  0x4249, 0x4249, 0x4249, 0x4249, 0x4249, 0x4249, 0x4249, 0x4249, 0x4249, 0x4249, 0x4249, 0x4249,
  0x4249, 0x424A, 0x4249, 0x4249, 0x4249, 0x4249, 0x4249, 0x424A, 0x4249, 0x424A, 0x4249, 0x4249,
  0x4249, 0x424A, 0x4249, 0x4249, 0x4249, 0x4249, 0x4249, 0x4249, 0x4249, 0x4249, 0x4249, 0x4249,
  0x424A, 0x4249, 0x4249, 0x4249, 0x4249, 0x4249, 0x4249, 0x4249, 0x4249, 0x4249, 0x4249, 0x4249,
  0x4249, 0x4249, 0x424A, 0x4249, 0x4249, 0x4249, 0x4249, 0x4249, 0x424A, 0x4249, 0x4249, 0x4249,
  0x4249, 0x4249, 0x4249, 0x4249, 0x4249, 0x424A, 0x4249, 0x4249, 0x424A, 0x424A, 0x4249, 0x4249,
  0x424A, 0x424A, 0x4249, 0x4249, 0x4249, 0x4249, 0x424A, 0x424A, 0x424A, 0x4249, 0x4249, 0x4249,
  0x424A, 0x4249, 0x4249, 0x424A, 0x424A, 0x4249, 0x4249, 0x4249, 0x4249, 0x4249, 0x424A, 0x4249,
  0x4249, 0x4249, 0x424A, 0x4249, 0x4249, 0x4249, 0x424A, 0x4249, 0x4249, 0x424A, 0x4249, 0x4249,
  0x424A, 0x4249, 0x4249, 0x4249, 0x4249, 0x4249, 0x4249, 0x424A, 0x4249, 0x4249, 0x4249, 0x424A,
  0x4249, 0x4249, 0x424A, 0x4249, 0x424A, 0x4249, 0x4249, 0x424A, 0x4249, 0x4249, 0x4249, 0x424A,
  0x4249, 0x4249, 0x4249, 0x4249, 0x4249, 0x4249, 0x424A, 0x4249, 0x4249, 0x424A, 0x424A, 0x4249,
  0x4249, 0x424A, 0x4249, 0x4249, 0x4249, 0x4249, 0x424A, 0x4249, 0x424A, 0x4249, 0x4249, 0x4249,
  0x424A, 0x4249, 0x4249, 0x424A, 0x4249, 0x424A, 0x4249, 0x4249, 0x4249, 0x424A, 0x4249, 0x4249,
  0x4249, 0x4249, 0x4249, 0x4249, 0x424A, 0x4249, 0x4249, 0x4249, 0x4249, 0x4249, 0x4249, 0x4249,
  0x4249, 0x4249, 0x4249, 0x4249, 0x4249, 0x4249, 0x4249, 0x4249, 0x4249, 0x4249, 0x4249, 0x424A,
  0x4249, 0x4249, 0x4249, 0x4249, 0x4249, 0x424A, 0x4249, 0x424A, 0x424A, 0x4249, 0x4249, 0x4249,
  0x4249, 0x4249, 0x4249, 0x4249, 0x4249, 0x4249, 0x4249, 0x424A, 0x4249, 0x4249, 0x424A, 0x4249,
  0x4249, 0x4249, 0x4249, 0x4249, 0x4249, 0x4249, 0x4249, 0x4249, 0x424A, 0x4249, 0x4249, 0x424A,
  0x4249, 0x4249, 0x4249, 0x4249, 0x4249, 0x4249, 0x4249, 0x4249, 0x424A, 0x4249, 0x4249, 0x424A,
  0x4249, 0x424A, 0x4249, 0x4249, 0x4249, 0x4249, 0x4249, 0x4249, 0x4249, 0x4249, 0x424A, 0x4249,
  0x4249, 0x4249, 0x4249, 0x424A, 0x4249, 0x4249, 0x4249, 0x4249, 0x4249, 0x4249, 0x424A, 0x4249,
  0x424A, 0x4249, 0x4249, 0x4249, 0x4249, 0x424A, 0x4249, 0x4249, 0x4249, 0x424A, 0x424A, 0x4249,
  0x4249, 0x4249, 0x424A, 0x4249, 0x424A, 0x4249, 0x4249, 0x4249, 0x424A, 0x4249, 0x4249, 0x4249,
  0x4249, 0x424A, 0x4249, 0x4249, 0x4249, 0x424A, 0x4249, 0x424A, 0x4249, 0x4249, 0x4249, 0x424A,
  0x4249, 0x4249, 0x4249, 0x424A, 0x4249, 0x424A, 0x4249, 0x4249, 0x4249, 0x4249, 0x4249, 0x4249,
  0x424A, 0x4249, 0x4249, 0x4249, 0x4249, 0x4249, 0x4249, 0x4249, 0x4249, 0x424A, 0x4249, 0x4249,
  0x424A, 0x424A, 0x4249, 0x4249, 0x424A, 0x424A, 0x4249, 0x4249, 0x4249, 0x4249, 0x424A, 0x424A,
  0x424A, 0x4249, 0x4249, 0x4249, 0x424A, 0x4249, 0x4249, 0x424A, 0x424A, 0x4249, 0x4249, 0x4249,
  0x4249, 0x4249, 0x424A, 0x4249, 0x4249, 0x4249, 0x424A, 0x4249, 0x4249, 0x4249, 0x424A, 0x4249,
  0x4249, 0x424A, 0x4249, 0x4249, 0x424A, 0x4249, 0x4249, 0x4249, 0x4249, 0x4249, 0x4249, 0x424A,
  0x4249, 0x4249, 0x4249, 0x424A, 0x4249, 0x4249, 0x424A, 0x4249, 0x4249, 0x4249, 0x4249, 0x4249,
  0x4249, 0x424A, 0x4249, 0x4249, 0x424A, 0x4249, 0x4249, 0x4249, 0x4249, 0x424A, 0x4249, 0x4249,
  0x424A, 0x4249, 0x4249, 0x4249, 0x4249, 0x4249, 0x424A, 0x4249, 0x4249, 0x4249, 0x4249, 0x4249,
  0x4249, 0x4249, 0x4249, 0x424A, 0x4249, 0x4249, 0x4249, 0x424A, 0x4249, 0x4249, 0x424A, 0x4249,
  0x4249, 0x424A, 0x4249, 0x4249, 0x4249, 0x424A, 0x4249, 0x4249, 0x4249, 0x4249, 0x4249, 0x424A,
  0x4249, 0x4249, 0x4249, 0x4249, 0x4249, 0x424A, 0x4249, 0x4249, 0x4249, 0x4249, 0x4249, 0x4249,
  0x4249, 0x4249, 0x4249, 0x4249, 0x4249, 0x424A, 0x4249, 0x424A, 0x4249, 0x4249, 0x4249, 0x424A,
  0x4249, 0x424A, 0x4249, 0x4249, 0x4249, 0x424A, 0x4249, 0x4249, 0x4249, 0x4249, 0x424A, 0x4249,
  0x424A, 0x4249, 0x4249, 0x4249, 0x4249, 0x424A, 0x4249, 0x4249, 0x424A, 0x4249, 0x4249, 0x4249,
  0x4249, 0x4249, 0x4249, 0x4249, 0x4249, 0x424A, 0x4249, 0x4249, 0x4249, 0x424A, 0x4249, 0x4249,
  0x424A, 0x4249, 0x424A, 0x4249, 0x4249, 0x424A, 0x4249, 0x4249, 0x424A, 0x4249, 0x424A, 0x4249,
  0x4249, 0x424A, 0x4249, 0x4249, 0x4249, 0x4249, 0x424A, 0x4249, 0x4249, 0x4249, 0x4249, 0x4249,
  0x4249, 0x4249, 0x4249, 0x4249, 0x4249, 0x4249, 0x4249, 0x424A, 0x4249, 0x4249, 0x4249, 0x4249,
  0x4249, 0x4249, 0x424A, 0x4249, 0x4249, 0x4249, 0x4249, 0x4249, 0x4249, 0x4249, 0x424A, 0x4249,
  0x424A, 0x424A, 0x4249, 0x4249, 0x4249, 0x424A, 0x4249, 0x4249, 0x424A, 0x4249, 0x424A, 0x4249,
  0x424A, 0x4249, 0x4249, 0x4249, 0x424A, 0x4249, 0x4249, 0x4249, 0x4249, 0x4249, 0x424A, 0x4249,
  0x4249, 0x4249, 0x424A, 0x4249, 0x4249, 0x4249, 0x424A, 0x4249, 0x4249, 0x4249, 0x424A, 0x4249,
  0x424A, 0x4249, 0x4249, 0x424A, 0x4249, 0x4249, 0x4249, 0x4249, 0x4249, 0x424A, 0x4249, 0x4249,
  0x4249, 0x424A, 0x4249, 0x4249, 0x4249, 0x4249, 0x4249, 0x4249, 0x4249, 0x4249, 0x4249, 0x4249,
  0x4249, 0x424A, 0x4249, 0x4249, 0x4249, 0x4249, 0x4249, 0x424A, 0x4249, 0x4249, 0x4249, 0x4249,
  0x4249, 0x4249, 0x4249, 0x4249, 0x4249, 0x4249, 0x4249, 0x4249, 0x4249, 0x4249, 0x4249, 0x4249,
  0x4249, 0x4249, 0x4249, 0x4249, 0x424A, 0x4249, 0x424A, 0x4249, 0x4249, 0x4249, 0x424A, 0x4249,
  0x4249, 0x4249, 0x4249, 0x4249, 0x4249, 0x424A, 0x4249, 0x4249, 0x424A, 0x4249, 0x4249, 0x4249,
  0x4249, 0x424A, 0x4249, 0x4249, 0x424A, 0x4249, 0x4249, 0x4249, 0x4249, 0x4249, 0x424A, 0x4249,
  0x4249, 0x4249, 0x4249, 0x4249, 0x4249, 0x4249, 0x4249, 0x424A, 0x4249, 0x4249, 0x4249, 0x424A,
  0x4249, 0x4249, 0x424A, 0x4249, 0x4249, 0x424A, 0x4249, 0x4249, 0x4249, 0x424A, 0x4249, 0x4249,
  0x4249, 0x4249, 0x4249, 0x424A, 0x4249, 0x4249, 0x4249, 0x4249, 0x4249, 0x424A, 0x4249, 0x4249,
  0x4249, 0x4249, 0x4249, 0x4249, 0x4249, 0x424A, 0x4249, 0x4249, 0x4249, 0x4249, 0x4249, 0x4249,
  0x4249, 0x4249, 0x4249, 0x4249, 0x4249, 0x4249, 0x4249, 0x4249, 0x4249, 0x4249, 0x4249, 0x4249,
  0x4249, 0x4249, 0x4249, 0x4249, 0x4249, 0x4249, 0x4249, 0x4249, 0x4249, 0x4249, 0x424A, 0x4249,
  0x424A, 0x4249, 0x4249, 0x4249, 0x4249, 0x424A, 0x4249, 0x4249, 0x4249, 0x424A, 0x4249, 0x4249,
  0x4249, 0x4249, 0x4249, 0x4249, 0x424A, 0x4249, 0x4249, 0x424A, 0x4249, 0x424A, 0x4249, 0x4249,
  0x424A, 0x4249, 0x4249, 0x424A, 0x4249, 0x424A, 0x4249, 0x4249, 0x4249, 0x424A, 0x4249, 0x4249,
  0x424A, 0x4249, 0x4249, 0x4249, 0x4249, 0x424A, 0x4249, 0x4249, 0x4249, 0x4249, 0x4249, 0x4249,
  0x4249, 0x4249, 0x4249, 0x4249, 0x424A, 0x4249, 0x4249, 0x4249, 0x4249, 0x424A, 0x4249, 0x4249,
  0x4249, 0x4249, 0x4249, 0x4249, 0x4249, 0x4249, 0x4249, 0x424A, 0x4249, 0x4249, 0x424A, 0x4249,
  0x4249, 0x4249, 0x4249, 0x424A, 0x4249, 0x4249, 0x4249, 0x4249, 0x4249, 0x4249, 0x4249, 0x4249,
  0x424A, 0x4249, 0x4249, 0x4249, 0x4249, 0x4249, 0x424A, 0x4249, 0x4249, 0x4249, 0x4249, 0x424A,
  0x4249, 0x4249, 0x4249, 0x4249, 0x4249, 0x4249, 0x424A, 0x4249, 0x4249, 0x424A, 0x424A, 0x4249,
  0x4249, 0x4249, 0x4249, 0x424A, 0x424A, 0x4249, 0x424A, 0x4249, 0x424A, 0x4249, 0x4249, 0x4249,
  0x4249, 0x4249, 0x424A, 0x4249, 0x424A, 0x424A, 0x4249, 0x4249, 0x4249, 0x4249, 0x4249, 0x424A,
  0x4249, 0x4249, 0x4249, 0x4249, 0x4249, 0x4249, 0x4249, 0x4249, 0x4249, 0x4249, 0x424A, 0x4249,
  0x4249, 0x4249, 0x4249, 0x4249, 0x424A, 0x4249, 0x4249, 0x4249, 0x424A, 0x4249, 0x4249, 0x4249,
  0x4249, 0x424A, 0x4249, 0x4249, 0x4249, 0x4249, 0x4249, 0x4249, 0x4249, 0x424A, 0x4249, 0x4249,
  0x4249, 0x4249, 0x4249, 0x4249, 0x4249, 0x4249, 0x4249, 0x4249, 0x4249, 0x4249, 0x4249, 0x4249,
  0x424A, 0x4249, 0x4249, 0x4249, 0x4249, 0x424A, 0x4249, 0x4249, 0x4249, 0x424A, 0x4249, 0x4249,
  0x4249, 0x4249, 0x424A, 0x4249, 0x4249, 0x4249, 0x4249, 0x424A, 0x4249, 0x4249, 0x4249, 0x424A,
  0x4249, 0x4249, 0x4249, 0x424A, 0x424A, 0x4249, 0x424A, 0x4249, 0x4249, 0x424A, 0x4249, 0x4249,
  0x424A, 0x4249, 0x4249, 0x4249, 0x4249, 0x4249, 0x4249, 0x4249, 0x4249, 0x424A, 0x4249, 0x4249,
  0x4249, 0x4249, 0x4249, 0x4249, 0x4249, 0x4249, 0x4249, 0x4249, 0x4249, 0x4249, 0x4249, 0x4249,
  0x4249, 0x4249, 0x4249, 0x4249, 0x4249, 0x4249, 0x4249, 0x4249, 0x4249, 0x4249, 0x4249, 0x4249,
  0x4249, 0x4249, 0x424A, 0x4249, 0x424A, 0x4249, 0x4249, 0x4249, 0x4249, 0x424A, 0x4249, 0x4249,
  0x4249, 0x424A, 0x4249, 0x4249, 0x4249, 0x4249, 0x4249, 0x4249, 0x424A, 0x4249, 0x4249, 0x424A,
  0x4249, 0x424A, 0x4249, 0x4249, 0x424A, 0x4249, 0x4249, 0x424A, 0x4249, 0x4249, 0x424A, 0x4249,
  0x4249, 0x4249, 0x424A, 0x424A, 0x424A, 0x4249, 0x4249, 0x4249, 0x4249, 0x4249, 0x424A, 0x4249,
  0x424A, 0x4249, 0x4249, 0x424A, 0x424A, 0x424A, 0x4249, 0x4249, 0x424A, 0x4249, 0x424A, 0x4249,
  0x424A, 0x424A, 0x4249, 0x424A, 0x4249, 0x4249, 0x4249, 0x4249, 0x4249, 0x4249, 0x424A, 0x4249,
  0x4249, 0x4249, 0x4249, 0x4249, 0x4249, 0x4249, 0x424A, 0x4249, 0x4249, 0x424A, 0x4249, 0x4249,
  0x4249, 0x424A, 0x4249, 0x4249, 0x4249, 0x4249, 0x4249, 0x424A, 0x4249, 0x4249, 0x4249, 0x4249,
  0x4249, 0x4249, 0x4249, 0x424A, 0x4249, 0x4249, 0x4249, 0x4249, 0x4249, 0x4249, 0x4249, 0x424A,
  0x4249, 0x4249, 0x424A, 0x4249, 0x4249, 0x4249, 0x424A, 0x4249, 0x4249, 0x4249, 0x424A, 0x4249,
  0x4249, 0x4249, 0x4249, 0x4249, 0x4249, 0x424A, 0x4249, 0x4249, 0x424A, 0x4249, 0x424A, 0x4249,
  0x424A, 0x4249, 0x4249, 0x4249, 0x4249, 0x4249, 0x424A, 0x4249, 0x4249, 0x4249, 0x4249, 0x424A,
  0x4249, 0x4249, 0x4249, 0x424A, 0x4249, 0x4249, 0x4249, 0x4249, 0x4249, 0x424A, 0x4249, 0x424A,
  0x4249, 0x4249, 0x4249, 0x4249, 0x4249, 0x424A, 0x424A, 0x4249, 0x424A, 0x4249, 0x4249, 0x4249,
  0x424A, 0x4249, 0x424A, 0x4249, 0x4249, 0x4249, 0x4249, 0x4249, 0x424A, 0x424A, 0x4249, 0x4249,
  0x4249, 0x4249, 0x4249, 0x4249, 0x4249, 0x424A, 0x4249, 0x4249, 0x424A, 0x4249, 0x4249, 0x4249,
  0x4249, 0x4249, 0x4249, 0x4249, 0x424A, 0x4249, 0x4249, 0x4249, 0x4249, 0x4249, 0x424A, 0x4249,
  0x424A, 0x4249, 0x424A, 0x4249, 0x4249, 0x424A, 0x4249, 0x4249, 0x4249, 0x4249, 0x424A, 0x4249,
  0x4249, 0x4249, 0x4249, 0x4249, 0x424A, 0x4249, 0x4249, 0x4249, 0x4249, 0x4249, 0x424A, 0x4249,
  0x424A, 0x4249, 0x4249, 0x424A, 0x4249, 0x4249, 0x4249, 0x424A, 0x424A, 0x4249, 0x424A, 0x4249,
  0x4249, 0x424A, 0x4249, 0x4249, 0x4249, 0x424A, 0x424A, 0x4249, 0x4249, 0x4249, 0x4249, 0x4249,
  0x424A, 0x4249, 0x424A, 0x4249, 0x4249, 0x4249, 0x424A, 0x4249, 0x4249, 0x424A, 0x4249, 0x4249,
  0x4249, 0x4249, 0x424A, 0x4249, 0x424A, 0x4249, 0x4249, 0x4249, 0x424A, 0x4249, 0x4249, 0x4249,
  0x4249, 0x4249, 0x4249, 0x4249, 0x4249, 0x4249, 0x4249, 0x424A, 0x4249, 0x4249, 0x4249, 0x424A,
  0x4249, 0x4249, 0x424A, 0x4249, 0x4249, 0x4249, 0x424A, 0x424A, 0x424A, 0x4249, 0x4249, 0x4249,
  0x4249, 0x4249, 0x424A, 0x4249, 0x424A, 0x4249, 0x4249, 0x424A, 0x424A, 0x424A, 0x4249, 0x4249,
  0x424A, 0x4249, 0x424A, 0x4249, 0x424A, 0x424A, 0x4249, 0x424A, 0x4249, 0x4249, 0x4249, 0x4249,
  0x4249, 0x4249, 0x424A, 0x4249, 0x4249, 0x4249, 0x4249, 0x4249, 0x4249, 0x4249, 0x424A, 0x4249,
  0x4249, 0x424A, 0x4249, 0x4249, 0x4249, 0x424A, 0x4249, 0x4249, 0x4249, 0x4249, 0x4249, 0x424A,
  0x4249, 0x4249, 0x4249, 0x4249, 0x4249, 0x424A, 0x4249, 0x4249, 0x4249, 0x4249, 0x4249, 0x4249,
  0x4249, 0x4249, 0x4249, 0x4249, 0x424A, 0x424A, 0x4249, 0x4249, 0x4249, 0x4249, 0x424A, 0x4249,
  0x4249, 0x4249, 0x4249, 0x424A, 0x424A, 0x4249, 0x4249, 0x4249, 0x4249, 0x4249, 0x4249, 0x424A,
  0x424A, 0x4249, 0x4249, 0x4249, 0x424A, 0x4249, 0x4249, 0x4249, 0x4249, 0x424A, 0x4249, 0x4249,
  0x424A, 0x4249, 0x4249, 0x4249, 0x4249, 0x4249, 0x424A, 0x4249, 0x4249, 0x424A, 0x4249, 0x4249,
  0x4249, 0x424A, 0x4249, 0x4249, 0x4249, 0x4249, 0x424A, 0x4249, 0x4249, 0x4249, 0x4249, 0x4249,
  0x4249, 0x424A, 0x4249, 0x4249, 0x424A, 0x4249, 0x4249, 0x424A, 0x4249, 0x4249, 0x4249, 0x4249,
  0x4249, 0x4249, 0x424A, 0x4249, 0x4249, 0x424A, 0x4249, 0x4249, 0x4249, 0x4249, 0x424A, 0x4249,
  0x4249, 0x4249, 0x4249, 0x424A, 0x4249, 0x4249, 0x424A, 0x4249, 0x4249, 0x424A, 0x4249, 0x4249,
  0x424A, 0x4249, 0x4249, 0x4249, 0x424A, 0x4249, 0x4249, 0x4249, 0x4249, 0x424A, 0x4249, 0x424A,
  0x4249, 0x4249, 0x424A, 0x4249, 0x4249, 0x4249, 0x4249, 0x4249, 0x4249, 0x4249, 0x4249, 0x424A,
  0x4249, 0x4249, 0x4249, 0x4249, 0x4249, 0x4249, 0x424A, 0x4249, 0x4249, 0x4249, 0x4249, 0x4249,
  0x424A, 0x4249, 0x424A, 0x4249, 0x4249, 0x4249, 0x424A, 0x4249, 0x4249, 0x4249, 0x4249, 0x4249,
  0x4249, 0x424A, 0x4249, 0x424A, 0x4249, 0x4249, 0x424A, 0x4249, 0x4249, 0x4249, 0x4249, 0x4249,
  0x4249, 0x4249, 0x4249, 0x424A, 0x4249, 0x4249, 0x4249, 0x4249, 0x4249, 0x4249, 0x4249, 0x4249,
  0x424A, 0x4249, 0x4249, 0x4249, 0x4249, 0x424A, 0x4249, 0x4249, 0x4249, 0x4249, 0x424A, 0x4249,
  0x4249, 0x424A, 0x424A, 0x4249, 0x4249, 0x4249, 0x4249, 0x4249, 0x4249, 0x4249, 0x424A, 0x4249,
  0x4249, 0x4249, 0x4249, 0x4249, 0x4249, 0x4249, 0x424A, 0x4249, 0x4249, 0x4249, 0x424A, 0x4249,
  0x4249, 0x4249, 0x4249, 0x4249, 0x4249, 0x4249, 0x424A, 0x4249, 0x4249, 0x424A, 0x4249, 0x4249,
  0x424A, 0x4249, 0x4249, 0x424A, 0x4249, 0x4249, 0x4249, 0x4249, 0x4249, 0x424A, 0x4249, 0x4249,
  0x4249, 0x4249, 0x424A, 0x4249, 0x4249, 0x4249, 0x424A, 0x4249, 0x4249, 0x4249, 0x424A, 0x424A,
  0x4249, 0x4249, 0x4249, 0x4249, 0x4249, 0x4249, 0x4249, 0x4249, 0x4249, 0x424A, 0x4249, 0x4249,
  0x4249, 0x4249, 0x4249, 0x4249, 0x4249, 0x4249, 0x4249, 0x4249, 0x424A, 0x424A, 0x4249, 0x4249,
  0x4249, 0x4249, 0x424A, 0x4249, 0x4249, 0x4249, 0x4249, 0x424A, 0x424A, 0x4249, 0x4249, 0x4249,
  0x4249, 0x4249, 0x4249, 0x424A, 0x424A, 0x4249, 0x4249, 0x4249, 0x424A, 0x4249, 0x4249, 0x4249,
  0x4249, 0x424A, 0x4249, 0x4249, 0x424A, 0x4249, 0x4249, 0x4249, 0x4249, 0x4249, 0x424A, 0x4249,
  0x4249, 0x424A, 0x4249, 0x4249, 0x4249, 0x424A, 0x4249, 0x4249, 0x4249, 0x4249, 0x424A, 0x4249,
  0x424A, 0x4249, 0x4249, 0x424A, 0x4249, 0x4249, 0x424A, 0x4249, 0x4249, 0x4249, 0x424A, 0x4249,
  0x4249, 0x4249, 0x4249, 0x4249, 0x424A, 0x4249, 0x4249, 0x4249, 0x4249, 0x4249, 0x4249, 0x4249,
  0x4249, 0x4249, 0x4249, 0x4249, 0x4249, 0x4249, 0x4249, 0x4249, 0x4249, 0x4249, 0x424A, 0x4249,
  0x4249, 0x4249, 0x4249, 0x424A, 0x4249, 0x4249, 0x4249, 0x4249, 0x4249, 0x4249, 0x4249, 0x4249,
  0x4249, 0x4249, 0x424A, 0x4249, 0x4249, 0x4249, 0x4249, 0x424A, 0x4249, 0x4249, 0x4249, 0x4249,
  0x424A, 0x4249, 0x4249, 0x4249, 0x424A, 0x4249, 0x424A, 0x4249, 0x424A, 0x4249, 0x4249, 0x4249,
  0x424A, 0x4249, 0x4249, 0x4249, 0x424A, 0x4249, 0x4249, 0x424A, 0x4249, 0x4249, 0x4249, 0x4249,
  0x4249, 0x4249, 0x4249, 0x4249, 0x424A, 0x4249, 0x4249, 0x424A, 0x4249, 0x4249, 0x4249, 0x4249,
  0x4249, 0x4249, 0x4249, 0x4249, 0x4249, 0x4249, 0x4249, 0x4249, 0x4249, 0x4249, 0x4249, 0x4249,
  0x424A, 0x4249, 0x4249, 0x424A, 0x4249, 0x4249, 0x4249, 0x424A, 0x4249, 0x4249, 0x424A, 0x4249,
  0x4249, 0x4249, 0x4249, 0x4249, 0x424A, 0x4249, 0x4249, 0x4249, 0x4249, 0x4249, 0x4249, 0x424A,
  0x4249, 0x4249, 0x4249, 0x4249, 0x4249, 0x424A, 0x4249, 0x4249, 0x4249, 0x4249, 0x4249, 0x4249,
  0x4249, 0x4249, 0x4249, 0x4249, 0x424A, 0x4249, 0x424A, 0x424A, 0x4249, 0x4249, 0x4249, 0x4249,
  0x4249, 0x424A, 0x4249, 0x4249, 0x424A, 0x4249, 0x424A, 0x424A, 0x4249, 0x4249, 0x4249, 0x424A,
  0x4249, 0x4249, 0x424A, 0x424A, 0x4249, 0x4249, 0x424A, 0x4249, 0x4249, 0x4249, 0x4249, 0x424A,
  0x4249, 0x4249, 0x424A, 0x4249, 0x424A, 0x4249, 0x4249, 0x4249, 0x4249, 0x4249, 0x4249, 0x4249,
  0x4249, 0x424A, 0x4249, 0x4249, 0x424A, 0x4249, 0x4249, 0x4249, 0x4249, 0x424A, 0x4249, 0x4249,
  0x4249, 0x4249, 0x4249, 0x4249, 0x4249, 0x4249, 0x4249, 0x424A, 0x4249, 0x4249, 0x4249, 0x424A,
  0x4249, 0x4249, 0x424A, 0x4249, 0x4249, 0x4249, 0x4249, 0x4249, 0x4249, 0x4249, 0x4249, 0x4249,
  0x4249, 0x4249, 0x424A, 0x4249, 0x424A, 0x4249, 0x4249, 0x4249, 0x4249, 0x4249, 0x4249, 0x4249,
  0x424A, 0x4249, 0x4249, 0x4249, 0x4249, 0x4249, 0x4249, 0x4249, 0x424A, 0x4249, 0x4249, 0x4249,
  0x4249, 0x424A, 0x4249, 0x4249, 0x424A, 0x4249, 0x4249, 0x424A, 0x4249, 0x4249, 0x424A, 0x4249,
  0x4249, 0x4249, 0x424A, 0x4249, 0x4249, 0x4249, 0x4249, 0x4249, 0x424A, 0x4249, 0x4249, 0x4249,
  0x4249, 0x4249, 0x4249, 0x4249, 0x4249, 0x4249, 0x4249, 0x4249, 0x4249, 0x4249, 0x4249, 0x4249,
  0x4249, 0x4249, 0x424A, 0x4249, 0x4249, 0x4249, 0x4249, 0x424A, 0x4249, 0x4249, 0x4249, 0x4249,
  0x4249, 0x4249, 0x4249, 0x4249, 0x4249, 0x4249, 0x424A, 0x4249, 0x4249, 0x4249, 0x4249, 0x424A,
  0x4249, 0x4249, 0x4249, 0x4249, 0x424A, 0x4249, 0x4249, 0x4249, 0x4249, 0x4249, 0x4249, 0x4249,
  0x4249, 0x424A, 0x4249, 0x4249, 0x4249, 0x424A, 0x4249, 0x4249, 0x4249, 0x424A, 0x4249, 0x4249,
  0x4249, 0x4249, 0x4249, 0x4249, 0x4249, 0x424A, 0x4249, 0x4249, 0x4249, 0x4249, 0x4249, 0x424A,
  0x4249, 0x424A, 0x4249, 0x4249, 0x4249, 0x424A, 0x4249, 0x4249, 0x424A, 0x4249, 0x4249, 0x4249,
  0x424A, 0x4249, 0x424A, 0x4249, 0x4249, 0x4249, 0x424A, 0x424A, 0x4249, 0x4249, 0x4249, 0x4249,
  0x4249, 0x4249, 0x424A, 0x4249, 0x424A, 0x4249, 0x4249, 0x424A, 0x4249, 0x4249, 0x424A, 0x4249,
  0x4249, 0x4249, 0x4249, 0x4249, 0x424A, 0x4249, 0x4249, 0x4249, 0x4249, 0x4249, 0x4249, 0x4249,
  0x4249, 0x4249, 0x4249, 0x424A, 0x4249, 0x4249, 0x424A, 0x4249, 0x4249, 0x4249, 0x4249, 0x424A,
  0x4249, 0x4249, 0x4249, 0x4249, 0x4249, 0x424A, 0x4249, 0x4249, 0x424A, 0x4249, 0x4249, 0x4249,
  0x4249, 0x424A, 0x4249, 0x424A, 0x4249, 0x4249, 0x424A, 0x4249, 0x4249, 0x4249, 0x4249, 0x4249,
  0x4249, 0x4249, 0x4249, 0x4249, 0x4249, 0x4249, 0x424A, 0x4249, 0x4249, 0x424A, 0x4249, 0x424A,
  0x4249, 0x4249, 0x424A, 0x424A, 0x4249, 0x4249, 0x4249, 0x4249, 0x424A, 0x424A, 0x4249, 0x4249,
  0x4249, 0x424A, 0x4249, 0x4249, 0x424A, 0x4249, 0x424A, 0x4249, 0x4249, 0x4249, 0x4249, 0x4249,
  0x4249, 0x4249, 0x4249, 0x4249, 0x4249, 0x4249, 0x4249, 0x4249, 0x4249, 0x424A, 0x4249, 0x4249,
  0x424A, 0x4249, 0x4249, 0x4249, 0x4249, 0x4249, 0x424A, 0x4249, 0x4249, 0x4249, 0x4249, 0x424A,
  0x4249, 0x4249, 0x4249, 0x424A, 0x4249, 0x4249, 0x424A, 0x4249, 0x4249, 0x4249, 0x4249, 0x4249,
  0x4249, 0x424A, 0x424A, 0x4249, 0x4249, 0x4249, 0x4249, 0x4249, 0x4249, 0x424A, 0x4249, 0x4249,
  0x4249, 0x4249, 0x424A, 0x4249, 0x4249, 0x424A, 0x424A, 0x4249, 0x424A, 0x4249, 0x4249, 0x4249,
  0x4249, 0x4249, 0x4249, 0x4249, 0x4249, 0x4249, 0x424A, 0x4249, 0x4249, 0x4249, 0x4249, 0x4249,
  0x4249, 0x424A, 0x4249, 0x4249, 0x424A, 0x4249, 0x4249, 0x424A, 0x4249, 0x4249, 0x4249, 0x4249,
  0x4249, 0x4249, 0x4249, 0x424A, 0x4249, 0x4249, 0x424A, 0x4249, 0x424A, 0x4249, 0x4249, 0x424A,
  0x4249, 0x424A, 0x4249, 0x4249, 0x4249, 0x4249, 0x424A, 0x424A, 0x4249, 0x424A, 0x4249, 0x4249,
  0x4249, 0x4249, 0x4249, 0x4249, 0x4249, 0x424A, 0x4249, 0x4249, 0x4249, 0x424A, 0x4249, 0x4249,
  0x4249, 0x424A, 0x4249, 0x4249, 0x4249, 0x4249, 0x4249, 0x4249, 0x4249, 0x424A, 0x4249, 0x4249,
  0x4249, 0x4249, 0x4249, 0x424A, 0x4249, 0x424A, 0x4249, 0x4249, 0x4249, 0x424A, 0x4249, 0x4249,
  0x424A, 0x4249, 0x4249, 0x4249, 0x424A, 0x4249, 0x424A, 0x4249, 0x4249, 0x4249, 0x424A, 0x424A,
  0x4249, 0x4249, 0x4249, 0x4249, 0x4249, 0x4249, 0x424A, 0x4249, 0x424A, 0x4249, 0x4249, 0x424A,
  0x4249, 0x4249, 0x424A, 0x4249, 0x4249, 0x424A, 0x4249, 0x424A, 0x4249, 0x424A, 0x4249, 0x4249,
  0x4249, 0x424A, 0x4249, 0x4249, 0x4249, 0x4249, 0x4249, 0x4249, 0x4249, 0x424A, 0x4249, 0x424A,
  0x424A, 0x4249, 0x424A, 0x4249, 0x424A, 0x4249, 0x424A, 0x4249, 0x4249, 0x4249, 0x4249, 0x424A,
  0x4249, 0x424A, 0x4249, 0x4249, 0x4249, 0x4249, 0x4249, 0x4249, 0x4249, 0x4249, 0x424A, 0x4249,
  0x4249, 0x4249, 0x4249, 0x4249, 0x4249, 0x424A, 0x4249, 0x424A, 0x424A, 0x4249, 0x4249, 0x4249,
  0x4249, 0x4249, 0x4249, 0x424A, 0x4249, 0x4249, 0x4249, 0x4249, 0x424A, 0x4249, 0x4249, 0x4249,
  0x4249, 0x4249, 0x4249, 0x424A, 0x4249, 0x424A, 0x4249, 0x424A, 0x4249, 0x4249, 0x424A, 0x4249,
  0x4249, 0x4249, 0x4249, 0x4249, 0x424A, 0x424A, 0x4249, 0x4249, 0x4249, 0x424A, 0x4249, 0x4249,
  0x4249, 0x424A, 0x4249, 0x4249, 0x424A, 0x4249, 0x4249, 0x4249, 0x4249, 0x4249, 0x4249, 0x4249,
  0x4249, 0x4249, 0x4249, 0x424A, 0x4249, 0x424A, 0x4249, 0x424A, 0x4249, 0x4249, 0x424A, 0x4249,
  0x4249, 0x4249, 0x4249, 0x4249, 0x4249, 0x424A, 0x4249, 0x4249, 0x4249, 0x4249, 0x4249, 0x4249,
  0x4249, 0x4249, 0x424A, 0x4249, 0x4249, 0x4249, 0x4249, 0x424A, 0x4249, 0x4249, 0x4249, 0x4249,
  0x4249, 0x4249, 0x4249, 0x424A, 0x4249, 0x424A, 0x4249, 0x424A, 0x424A, 0x4249, 0x4249, 0x4249,
  0x4249, 0x424A, 0x4249, 0x424A, 0x4249, 0x4249, 0x4249, 0x4249, 0x4249, 0x4249, 0x4249, 0x4249,
  0x4249, 0x4249, 0x4249, 0x424A, 0x4249, 0x424A, 0x4249, 0x4249, 0x4249, 0x4249, 0x4249, 0x424A,
  0x4249, 0x4249, 0x4249, 0x4249, 0x424A, 0x4249, 0x4249, 0x4249, 0x4249, 0x4249, 0x4249, 0x4249,
  0x4249, 0x424A, 0x4249, 0x424A, 0x4249, 0x4249, 0x4249, 0x4249, 0x4249, 0x424A, 0x4249, 0x4249,
  0x4249, 0x4249, 0x4249, 0x4249, 0x4249, 0x4249, 0x424A, 0x424A, 0x4249, 0x424A, 0x4249, 0x4249,
  0x424A, 0x4249, 0x4249, 0x4249, 0x424A, 0x4249, 0x4249, 0x4249, 0x424A, 0x4249, 0x4249, 0x424A,
  0x4249, 0x4249, 0x424A, 0x4249, 0x4249, 0x424A, 0x4249, 0x4249, 0x4249, 0x4249, 0x424A, 0x4249,
  0x4249, 0x424A, 0x4249, 0x4249, 0x4249, 0x4249, 0x4249, 0x4249, 0x4249, 0x424A, 0x4249, 0x4249,
  0x4249, 0x4249, 0x4249, 0x4249, 0x4249, 0x4249, 0x424A, 0x4249, 0x4249, 0x424A, 0x4249, 0x424A,
  0x4249, 0x424A, 0x4249, 0x4249, 0x4249, 0x424A, 0x4249, 0x4249, 0x4249, 0x4249, 0x4249, 0x4249,
  0x4249, 0x424A, 0x4249, 0x424A, 0x424A, 0x4249, 0x424A, 0x4249, 0x424A, 0x4249, 0x424A, 0x4249,
  0x4249, 0x4249, 0x4249, 0x424A, 0x4249, 0x424A, 0x4249, 0x4249, 0x4249, 0x4249, 0x4249, 0x4249,
  0x4249, 0x4249, 0x424A, 0x4249, 0x4249, 0x4249, 0x4249, 0x4249, 0x4249, 0x424A, 0x4249, 0x424A,
  0x424A, 0x4249, 0x4249, 0x4249, 0x4249, 0x4249, 0x4249, 0x424A, 0x4249, 0x4249, 0x4249, 0x4249,
  0x4249, 0x4249, 0x4249, 0x4249, 0x4249, 0x4249, 0x4249, 0x4249, 0x424A, 0x4249, 0x4249, 0x424A,
  0x4249, 0x4249, 0x4249, 0x424A, 0x424A, 0x4249, 0x4249, 0x4249, 0x4249, 0x4249, 0x4249, 0x4249,
  0x4249, 0x4249, 0x4249, 0x4249, 0x424A, 0x4249, 0x4249, 0x4249, 0x4249, 0x4249, 0x4249, 0x424A,
  0x4249, 0x424A, 0x424A, 0x4249, 0x4249, 0x4249, 0x4249, 0x4249, 0x424A, 0x424A, 0x4249, 0x4249,
  0x424A, 0x4249, 0x4249, 0x4249, 0x4249, 0x4249, 0x424A, 0x4249, 0x4249, 0x424A, 0x4249, 0x4249,
  0x4249, 0x4249, 0x424A, 0x4249, 0x4249, 0x424A, 0x4249, 0x4249, 0x4249, 0x424A, 0x4249, 0x4249,
  0x4249, 0x424A, 0x4249, 0x4249, 0x4249, 0x4249, 0x424A, 0x4249, 0x4249, 0x424A, 0x424A, 0x4249,
  0x4249, 0x4249, 0x4249, 0x4249, 0x4249, 0x4249, 0x4249, 0x4249, 0x4249, 0x4249, 0x4249, 0x4249,
  0x4249, 0x4249, 0x424A, 0x424A, 0x424A, 0x4249, 0x4249, 0x4249, 0x424A, 0x4249, 0x4249, 0x424A,
  0x4249, 0x4249, 0x4249, 0x4249, 0x4249, 0x4249, 0x4249, 0x424A, 0x4249, 0x4249, 0x4249, 0x4249,
  0x4249, 0x4249, 0x424A, 0x4249, 0x4249, 0x4249, 0x424A, 0x4249, 0x4249, 0x424A, 0x4249, 0x4249,
  0x4249, 0x424A, 0x4249, 0x4249, 0x4249, 0x4249, 0x4249, 0x424A, 0x4249, 0x4249, 0x4249, 0x424A,
  0x4249, 0x4249, 0x4249, 0x4249, 0x4249, 0x4249, 0x4249, 0x424A, 0x4249, 0x4249, 0x4249, 0x4249,
  0x4249, 0x424A, 0x4249, 0x4249, 0x424A, 0x4249, 0x4249, 0x424A, 0x4249, 0x424A, 0x4249, 0x4249,
  0x4249, 0x4249, 0x4249, 0x424A, 0x4249, 0x424A, 0x4249, 0x4249, 0x4249, 0x4249, 0x4249, 0x4249,
  0x4249, 0x4249, 0x424A, 0x424A, 0x4249, 0x4249, 0x4249, 0x424A, 0x4249, 0x4249, 0x4249, 0x4249,
  0x424A, 0x4249, 0x4249, 0x424A, 0x4249, 0x424A, 0x4249, 0x4249, 0x4249, 0x4249, 0x4249, 0x4249,
  0x4249, 0x4249, 0x4249, 0x4249, 0x4249, 0x4249, 0x4249, 0x4249, 0x424A, 0x4249, 0x4249, 0x4249,
  0x4249, 0x4249, 0x4249, 0x424A, 0x4249, 0x4249, 0x4249, 0x4249, 0x4249, 0x4249, 0x4249, 0x4249,
  0x4249, 0x4249, 0x424A, 0x4249, 0x4249, 0x424A, 0x4249, 0x4249, 0x424A, 0x4249, 0x4249, 0x4249,
  0x4249, 0x4249, 0x4249, 0x424A, 0x4249, 0x4249, 0x4249, 0x424A, 0x424A, 0x4249, 0x4249, 0x4249,
  0x4249, 0x4249, 0x424A, 0x4249, 0x4249, 0x4249, 0x4249, 0x4249, 0x4249, 0x4249, 0x4249, 0x4249,
  0x424A, 0x4249, 0x4249, 0x424A, 0x4249, 0x4249, 0x4249, 0x424A, 0x424A, 0x4249, 0x4249, 0x4249,
  0x4249, 0x4249, 0x4249, 0x4249, 0x4249, 0x4249, 0x4249, 0x4249, 0x424A, 0x4249, 0x4249, 0x4249,
  0x4249, 0x4249, 0x4249, 0x424A, 0x4249, 0x424A, 0x424A, 0x4249, 0x4249, 0x4249, 0x4249, 0x4249,
  0x424A, 0x424A, 0x4249, 0x4249, 0x424A, 0x4249, 0x4249, 0x4249, 0x4249, 0x4249, 0x424A, 0x4249,
  0x4249, 0x424A, 0x4249, 0x4249, 0x4249, 0x4249, 0x424A, 0x4249, 0x4249, 0x4249, 0x4249, 0x4249,
  0x424A, 0x4249, 0x4249, 0x4249, 0x4249, 0x4249, 0x4249, 0x4249, 0x424A, 0x4249, 0x424A, 0x4249,
  0x4249, 0x4249, 0x4249, 0x4249, 0x4249, 0x4249, 0x4249, 0x424A, 0x4249, 0x4249, 0x4249, 0x424A,
  0x4249, 0x4249, 0x4249, 0x4249, 0x424A, 0x4249, 0x4249, 0x4249, 0x4249, 0x4249, 0x4249, 0x424A,
  0x424A, 0x4249, 0x4249, 0x4249, 0x4249, 0x4249, 0x4249, 0x4249, 0x4249, 0x424A, 0x4249, 0x4249,
  0x4249, 0x4249, 0x4249, 0x424A, 0x4249, 0x4249, 0x4249, 0x4249, 0x424A, 0x4249, 0x4249, 0x4249,
  0x4249, 0x4249, 0x424A, 0x4249, 0x4249, 0x4249, 0x4249, 0x4249, 0x4249, 0x4249, 0x424A, 0x4249,
  0x4249, 0x4249, 0x4249, 0x4249, 0x4249, 0x4249, 0x4249, 0x4249, 0x4249, 0x4249, 0x4249, 0x4249,
  0x4249, 0x424A, 0x4249, 0x424A, 0x424A, 0x4249, 0x4249, 0x424A, 0x4249, 0x4249, 0x4249, 0x4249,
  0x4249, 0x4249, 0x4249, 0x424A, 0x4249, 0x4249, 0x4249, 0x4249, 0x4249, 0x424A, 0x4249, 0x4249,
  0x424A, 0x4249, 0x424A, 0x4249, 0x4249, 0x424A, 0x424A, 0x4249, 0x4249, 0x4249, 0x4249, 0x4249,
  0x424A, 0x4249, 0x424A, 0x4249, 0x4249, 0x4249, 0x4249, 0x4249, 0x4249, 0x4249, 0x4249, 0x424A,
  0x4249, 0x424A, 0x4249, 0x4249, 0x4249, 0x4249, 0x424A, 0x4249, 0x4249, 0x4249, 0x424A, 0x4249,
  0x4249, 0x4249, 0x4249, 0x424A, 0x4249, 0x4249, 0x4249, 0x424A, 0x4249, 0x4249, 0x4249, 0x4249,
  0x424A, 0x4249, 0x4249, 0x4249, 0x424A, 0x4249, 0x4249, 0x4249, 0x424A, 0x4249, 0x4249, 0x4249,
  0x4249, 0x4249, 0x4249, 0x4249, 0x4249, 0x424A, 0x4249, 0x424A, 0x4249, 0x424A, 0x4249, 0x4249,
  0x424A, 0x4249, 0x4249, 0x4249, 0x4249, 0x4249, 0x424A, 0x4249, 0x4249, 0x4249, 0x4249, 0x424A,
  0x4249, 0x4249, 0x4249, 0x4249, 0x4249, 0x4249, 0x424A, 0x4249, 0x424A, 0x4249, 0x424A, 0x4249,
  0x4249, 0x4249, 0x424A, 0x4249, 0x4249, 0x4249, 0x424A, 0x4249, 0x424A, 0x4249, 0x4249, 0x4249,
  0x424A, 0x4249, 0x4249, 0x4249, 0x4249, 0x424A, 0x4249, 0x4249, 0x4249, 0x424A, 0x4249, 0x4249,
  0x4249, 0x4249, 0x4249, 0x4249, 0x4249, 0x4249, 0x4249, 0x424A, 0x4249, 0x4249, 0x424A, 0x4249,
  0x4249, 0x4249, 0x4249, 0x4249, 0x4249, 0x4249, 0x4249, 0x4249, 0x424A, 0x4249, 0x4249, 0x4249,
  0x4249, 0x4249, 0x4249, 0x4249, 0x424A, 0x4249, 0x4249, 0x4249, 0x4249, 0x4249, 0x4249, 0x4249,
  0x424A, 0x4249, 0x424A, 0x4249, 0x4249, 0x4249, 0x4249, 0x4249, 0x4249, 0x4249, 0x4249, 0x424A,
  0x4249, 0x4249, 0x4249, 0x424A, 0x4249, 0x4249, 0x4249, 0x4249, 0x424A, 0x4249, 0x4249, 0x4249,
  0x4249, 0x4249, 0x4249, 0x424A, 0x424A, 0x4249, 0x4249, 0x4249, 0x4249, 0x4249, 0x4249, 0x4249,
  0x4249, 0x424A, 0x4249, 0x4249, 0x4249, 0x4249, 0x4249, 0x424A, 0x4249, 0x4249, 0x4249, 0x4249,
  0x424A, 0x4249, 0x4249, 0x4249, 0x424A, 0x424A, 0x4249, 0x4249, 0x4249, 0x424A, 0x424A, 0x4249,
  0x424A, 0x4249, 0x4249, 0x4249, 0x4249, 0x4249, 0x4249, 0x4249, 0x4249, 0x424A, 0x4249, 0x4249,
  0x424A, 0x4249, 0x4249, 0x4249, 0x4249, 0x424A, 0x4249, 0x4249, 0x4249, 0x4249, 0x424A, 0x424A,
  0x4249, 0x4249, 0x4249, 0x4249, 0x424A, 0x4249, 0x4249, 0x4249, 0x4249, 0x4249, 0x4249, 0x424A,
  0x4249, 0x4249, 0x424A, 0x4249, 0x424A, 0x4249, 0x4249, 0x424A, 0x4249, 0x4249, 0x424A, 0x4249,
  0x4249, 0x4249, 0x4249, 0x424A, 0x4249, 0x4249, 0x424A, 0x4249, 0x424A, 0x4249, 0x4249, 0x4249,
  0x4249, 0x4249, 0x4249, 0x424A, 0x4249, 0x4249, 0x4249, 0x4249, 0x4249, 0x424A, 0x4249, 0x424A,
  0x4249, 0x4249, 0x424A, 0x4249, 0x4249, 0x424A, 0x424A, 0x424A, 0x4249, 0x4249, 0x4249, 0x4249,
  0x4249, 0x424A, 0x4249, 0x4249, 0x4249, 0x424A, 0x4249, 0x4249, 0x4249, 0x4249, 0x4249, 0x424A,
  0x4249, 0x4249, 0x424A, 0x4249, 0x4249, 0x4249, 0x4249, 0x424A, 0x4249, 0x4249, 0x4249, 0x424A,
  0x4249, 0x4249, 0x4249, 0x4249, 0x4249, 0x4249, 0x424A, 0x4249, 0x4249, 0x4249, 0x4249, 0x4249,
  0x4249, 0x4249, 0x4249, 0x424A, 0x4249, 0x4249, 0x4249, 0x4249, 0x4249, 0x4249, 0x4249, 0x4249,
  0x424A, 0x4249, 0x4249, 0x4249, 0x4249, 0x4249, 0x424A, 0x4249, 0x4249, 0x4249, 0x4249, 0x4249,
  0x4249, 0x4249, 0x4249, 0x4249, 0x4249, 0x4249, 0x4249, 0x4249, 0x424A, 0x4249, 0x4249, 0x4249,
  0x4249, 0x4249, 0x4249, 0x4249, 0x4249, 0x4249, 0x424A, 0x4249, 0x4249, 0x4249, 0x424A, 0x4249,
  0x4249, 0x424A, 0x4249, 0x4249, 0x4249, 0x424A, 0x4249, 0x4249, 0x4249, 0x4249, 0x4249, 0x4249,
  0x4249, 0x4249, 0x4249, 0x4249, 0x4249, 0x424A, 0x4249, 0x4249, 0x4249, 0x4249, 0x424A, 0x4249,
  0x424A, 0x424A, 0x4249, 0x4249, 0x4249, 0x4249, 0x4249, 0x4249, 0x4249, 0x4249, 0x4249, 0x4249,
  0x4249, 0x4249, 0x4249, 0x4249, 0x4249, 0x4249, 0x4249, 0x4249, 0x4249, 0x4249, 0x424A, 0x4249,
  0x424A, 0x4249, 0x4249, 0x4249, 0x424A, 0x4249, 0x4249, 0x424A, 0x4249, 0x4249, 0x424A, 0x424A,
  0x4249, 0x4249, 0x4249, 0x424A, 0x4249, 0x4249, 0x4249, 0x4249, 0x424A, 0x4249, 0x424A, 0x4249,
  0x4249, 0x424A, 0x424A, 0x4249, 0x4249, 0x4249, 0x4249, 0x4249, 0x424A, 0x424A, 0x4249, 0x4249,
  0x4249, 0x424A, 0x424A, 0x4249, 0x424A, 0x4249, 0x4249, 0x4249, 0x4249, 0x4249, 0x4249, 0x4249,
  0x4249, 0x424A, 0x4249, 0x4249, 0x424A, 0x4249, 0x4249, 0x4249, 0x4249, 0x424A, 0x4249, 0x4249,
  0x4249, 0x4249, 0x424A, 0x424A, 0x4249, 0x4249, 0x4249, 0x4249, 0x424A, 0x4249, 0x4249, 0x4249,
  0x4249, 0x4249, 0x4249, 0x424A, 0x4249, 0x4249, 0x424A, 0x4249, 0x424A, 0x4249, 0x4249, 0x424A,
  0x4249, 0x4249, 0x424A, 0x4249, 0x4249, 0x4249, 0x4249, 0x424A, 0x4249, 0x4249, 0x424A, 0x4249,
  0x4249, 0x424A, 0x4249, 0x4249, 0x4249, 0x4249, 0x4249, 0x4249, 0x424A, 0x4249, 0x424A, 0x424A,
  0x4249, 0x4249, 0x4249, 0x4249, 0x4249, 0x4249, 0x4249, 0x4249, 0x424A, 0x4249, 0x4249, 0x4249,
  0x4249, 0x4249, 0x424A, 0x4249, 0x4249, 0x4249, 0x4249, 0x4249, 0x4249, 0x4249, 0x424A, 0x4249,
  0x4249, 0x424A, 0x4249, 0x4249, 0x424A, 0x4249, 0x4249, 0x4249, 0x424A, 0x4249, 0x4249, 0x4249,
  0x4249, 0x4249, 0x4249, 0x4249, 0x4249, 0x4249, 0x4249, 0x424A, 0x4249, 0x424A, 0x4249, 0x4249,
  0x4249, 0x4249, 0x4249, 0x4249, 0x4249, 0x4249, 0x424A, 0x4249, 0x424A, 0x4249, 0x424A, 0x4249,
  0x4249, 0x4249, 0x4249, 0x424A, 0x424A, 0x4249, 0x4249, 0x4249, 0x424A, 0x4249, 0x4249, 0x424A,
  0x4249, 0x4249, 0x4249, 0x4249, 0x4249, 0x4249, 0x4249, 0x4249, 0x4249, 0x4249, 0x4249, 0x4249,
  0x424A, 0x4249, 0x4249, 0x4249, 0x424A, 0x4249, 0x424A, 0x4249, 0x4249, 0x4249, 0x4249, 0x4249,
  0x4249, 0x4249, 0x424A, 0x4249, 0x4249, 0x4249, 0x4249, 0x4249, 0x4249, 0x4249, 0x424A, 0x4249,
  0x4249, 0x424A, 0x424A, 0x4249, 0x4249, 0x4249, 0x424A, 0x424A, 0x4249, 0x424A, 0x4249, 0x4249,
  0x424A, 0x4249, 0x4249, 0x424A, 0x4249, 0x424A, 0x4249, 0x424A, 0x4249, 0x4249, 0x4249, 0x424A,
  0x4249, 0x4249, 0x4249, 0x424A, 0x4249, 0x4249, 0x4249, 0x424A, 0x4249, 0x4249, 0x424A, 0x4249,
  0x424A, 0x4249, 0x4249, 0x4249, 0x424A, 0x4249, 0x424A, 0x4249, 0x4249, 0x4249, 0x424A, 0x4249,
  0x4249, 0x424A, 0x4249, 0x4249, 0x424A, 0x424A, 0x4249, 0x4249, 0x4249, 0x4249, 0x4249, 0x4249,
  0x4249, 0x4249, 0x4249, 0x4249, 0x424A, 0x4249, 0x4249, 0x4249, 0x424A, 0x424A, 0x4249, 0x4249,
  0x424A, 0x4249, 0x4249, 0x4249, 0x4249, 0x4249, 0x4249, 0x4249, 0x4249, 0x4249, 0x4249, 0x4249,
  0x4249, 0x424A, 0x4249, 0x424A, 0x424A, 0x424A, 0x4249, 0x4249, 0x4249, 0x424A, 0x4249, 0x4249,
  0x4249, 0x424A, 0x4249, 0x424A, 0x4249, 0x4249, 0x4249, 0x4249, 0x424A, 0x4249, 0x4249, 0x424A,
  0x4249, 0x4249, 0x4249, 0x4249, 0x4249, 0x424A, 0x4249, 0x4249, 0x4249, 0x424A, 0x4249, 0x4249,
  0x4249, 0x424A, 0x4249, 0x4249, 0x4249, 0x424A, 0x4249, 0x4249, 0x4249, 0x4249, 0x4249, 0x4249,
  0x4249, 0x424A, 0x424A, 0x4249, 0x4249, 0x424A, 0x4249, 0x4249, 0x4249, 0x4249, 0x4249, 0x4249,
  0x424A, 0x4249, 0x424A, 0x424A, 0x4249, 0x4249, 0x4249, 0x4249, 0x4249, 0x4249, 0x4249, 0x4249,
  0x424A, 0x4249, 0x4249, 0x4249, 0x4249, 0x4249, 0x424A, 0x4249, 0x4249, 0x4249, 0x4249, 0x4249,
  0x4249, 0x4249, 0x424A, 0x4249, 0x4249, 0x424A, 0x4249, 0x4249, 0x424A, 0x4249, 0x4249, 0x4249,
  0x424A, 0x4249, 0x4249, 0x4249, 0x4249, 0x4249, 0x4249, 0x4249, 0x4249, 0x4249, 0x4249, 0x424A,
  0x4249, 0x424A, 0x4249, 0x4249, 0x4249, 0x4249, 0x4249, 0x4249, 0x4249, 0x4249, 0x4249, 0x4249,
  0x4249, 0x424A, 0x4249, 0x4249, 0x4249, 0x4249, 0x4249, 0x4249, 0x4249, 0x424A, 0x4249, 0x424A,
  0x4249, 0x4249, 0x4249, 0x4249, 0x4249, 0x424A, 0x4249, 0x424A, 0x4249, 0x4249, 0x4249, 0x4249,
  0x424A, 0x4249, 0x4249, 0x4249, 0x4249, 0x4249, 0x424A, 0x4249, 0x4249, 0x4249, 0x4249, 0x4249,
  0x4249, 0x4249, 0x4249, 0x4249, 0x4249, 0x4249, 0x4249, 0x4249, 0x4249, 0x424A, 0x4249, 0x4249,
  0x424A, 0x4249, 0x4249, 0x4249, 0x4249, 0x4249, 0x4249, 0x4249, 0x424A, 0x4249, 0x424A, 0x4249,
  0x4249, 0x424A, 0x4249, 0x4249, 0x4249, 0x4249, 0x4249, 0x4249, 0x424A, 0x4249, 0x4249, 0x4249,
  0x4249, 0x4249, 0x4249, 0x4249, 0x4249, 0x4249, 0x4249, 0x4249, 0x4249, 0x4249, 0x424A, 0x4249,
  0x4249, 0x424A, 0x4249, 0x4249, 0x424A, 0x4249, 0x424A, 0x4249, 0x4249, 0x424A, 0x4249, 0x424A,
  0x4249, 0x4249, 0x4249, 0x4249, 0x4249, 0x424A, 0x4249, 0x424A, 0x4249, 0x4249, 0x4249, 0x4249,
  0x4249, 0x4249, 0x4249, 0x4249, 0x4249, 0x4249, 0x424A, 0x424A, 0x4249, 0x4249, 0x4249, 0x4249,
  0x424A, 0x4249, 0x4249, 0x4249, 0x4249, 0x4249, 0x4249, 0x4249, 0x424A, 0x4249, 0x4249, 0x424A,
  0x4249, 0x4249, 0x4249, 0x4249, 0x424A, 0x4249, 0x4249, 0x4249, 0x424A, 0x4249, 0x424A, 0x4249,
  0x4249, 0x424A, 0x4249, 0x424A, 0x4249, 0x4249, 0x4249, 0x4249, 0x4249, 0x424A, 0x4249, 0x4249,
  0x4249, 0x4249, 0x4249, 0x424A, 0x4249, 0x4249, 0x4249, 0x4249, 0x4249, 0x4249, 0x4249, 0x4249,
  0x424A, 0x4249, 0x4249, 0x4249, 0x4249, 0x424A, 0x4249, 0x4249, 0x4249, 0x4249, 0x4249, 0x424A,
  0x4249, 0x424A, 0x4249, 0x4249, 0x4249, 0x4249, 0x4249, 0x424A, 0x4249, 0x4249, 0x4249, 0x424A,
  0x424A, 0x4249, 0x424A, 0x4249, 0x4249, 0x4249, 0x4249, 0x424A, 0x4249, 0x4249, 0x4249, 0x4249,
  0x4249, 0x4249, 0x4249, 0x424A, 0x4249, 0x424A, 0x4249, 0x4249, 0x4249, 0x424A, 0x424A, 0x4249,
  0x4249, 0x4249, 0x4249, 0x4249, 0x4249, 0x4249, 0x4249, 0x424A, 0x4249, 0x4249, 0x4249, 0x424A,
  0x4249, 0x4249, 0x4249, 0x4249, 0x4249, 0x4249, 0x4249, 0x4249, 0x424A, 0x4249, 0x424A, 0x4249,
  0x4249, 0x4249, 0x4249, 0x424A, 0x4249, 0x4249, 0x4249, 0x4249, 0x4249, 0x4249, 0x4249, 0x4249,
  0x4249, 0x4249, 0x4249, 0x4249, 0x4249, 0x424A, 0x4249, 0x4249, 0x4249, 0x4249, 0x4249, 0x4249,
  0x4249, 0x424A, 0x4249, 0x424A, 0x4249, 0x4249, 0x4249, 0x4249, 0x4249, 0x424A, 0x4249, 0x424A,
  0x4249, 0x4249, 0x4249, 0x4249, 0x424A, 0x4249, 0x4249, 0x4249, 0x4249, 0x4249, 0x424A, 0x4249,
  0x4249, 0x4249, 0x4249, 0x4249, 0x4249, 0x4249, 0x4249, 0x4249, 0x4249, 0x4249, 0x4249, 0x4249,
  0x4249, 0x424A, 0x4249, 0x4249, 0x424A, 0x4249, 0x4249, 0x4249, 0x4249, 0x4249, 0x4249, 0x4249,
  0x424A, 0x4249, 0x424A, 0x4249, 0x4249, 0x424A, 0x4249, 0x4249, 0x424A, 0x4249, 0x4249, 0x4249,
  0x424A, 0x4249, 0x4249, 0x4249, 0x424A, 0x4249, 0x424A, 0x4249, 0x4249, 0x424A, 0x4249, 0x4249,
  0x4249, 0x4249, 0x4249, 0x424A, 0x4249, 0x4249, 0x4249, 0x4249, 0x4249, 0x4249, 0x424A, 0x4249,
  0x4249, 0x4249, 0x4249, 0x4249, 0x4249, 0x4249, 0x424A, 0x424A, 0x4249, 0x4249, 0x4249, 0x424A,
  0x4249, 0x424A, 0x4249, 0x4249, 0x424A, 0x4249, 0x4249, 0x4249, 0x4249, 0x4249, 0x424A, 0x4249,
  0x4249, 0x424A, 0x4249, 0x424A, 0x4249, 0x4249, 0x424A, 0x4249, 0x4249, 0x4249, 0x424A, 0x4249,
  0x4249, 0x4249, 0x4249, 0x424A, 0x4249, 0x4249, 0x4249, 0x424A, 0x4249, 0x4249, 0x4249, 0x424A,
  0x424A, 0x4249, 0x4249, 0x4249, 0x4249, 0x4249, 0x4249, 0x4249, 0x4249, 0x424A, 0x424A, 0x4249,
  0x4249, 0x4249, 0x4249, 0x4249, 0x4249, 0x4249, 0x4249, 0x4249, 0x4249, 0x4249, 0x424A, 0x4249,
  0x4249, 0x4249, 0x4249, 0x4249, 0x4249, 0x4249, 0x424A, 0x424A, 0x4249, 0x4249, 0x424A, 0x4249,
  0x4249, 0x4249, 0x4249, 0x4249, 0x4249, 0x4249, 0x4249, 0x4249, 0x4249, 0x424A, 0x4249, 0x4249,
  0x4249, 0x424A, 0x4249, 0x4249, 0x4249, 0x4249, 0x4249, 0x4249, 0x4249, 0x4249, 0x4249, 0x4249,
  0x4249, 0x4249, 0x4249, 0x4249, 0x4249, 0x4249, 0x4249, 0x4249, 0x4249, 0x4249, 0x4249, 0x4249,
  0x4249, 0x4249, 0x424A, 0x424A, 0x4249, 0x4249, 0x4249, 0x4249, 0x4249, 0x4249, 0x4249, 0x4249,
  0x424A, 0x4249, 0x424A, 0x424A, 0x4249, 0x4249, 0x4249, 0x4249, 0x4249, 0x4249, 0x4249, 0x4249,
  0x4249, 0x4249, 0x424A, 0x424A, 0x424A, 0x4249, 0x4249, 0x4249, 0x4249, 0x4249, 0x424A, 0x4249,
  0x4249, 0x4249, 0x424A, 0x4249, 0x4249, 0x424A, 0x4249, 0x4249, 0x4249, 0x4249, 0x4249, 0x4249,
  0x424A, 0x4249, 0x4249, 0x424A, 0x4249, 0x4249, 0x4249, 0x4249, 0x4249, 0x424A, 0x4249, 0x4249,
  0x4249, 0x4249, 0x4249, 0x4249, 0x4249, 0x4249, 0x4249, 0x4249, 0x4249, 0x424A, 0x4249, 0x4249,
  0x4249, 0x4249, 0x424A, 0x4249, 0x4249, 0x424A, 0x4249, 0x4249, 0x4249, 0x4249, 0x4249, 0x4249,
  0x424A, 0x4249, 0x4249, 0x4249, 0x4249, 0x4249, 0x4249, 0x4249, 0x4249, 0x424A, 0x4249, 0x4249,
  0x4249, 0x4249, 0x4249, 0x424A, 0x4249, 0x4249, 0x424A, 0x4249, 0x4249, 0x424A, 0x4249, 0x4249,
  0x424A, 0x4249, 0x4249, 0x4249, 0x424A, 0x4249, 0x4249, 0x4249, 0x424A, 0x4249, 0x424A, 0x4249,
  0x4249, 0x424A, 0x4249, 0x4249, 0x4249, 0x4249, 0x4249, 0x424A, 0x4249, 0x4249, 0x4249, 0x4249,
  0x4249, 0x4249, 0x424A, 0x4249, 0x4249, 0x4249, 0x4249, 0x4249, 0x4249, 0x4249, 0x424A, 0x424A,
  0x4249, 0x4249, 0x4249, 0x424A, 0x4249, 0x424A, 0x4249, 0x4249, 0x424A, 0x4249, 0x4249, 0x4249,
  0x4249, 0x4249, 0x424A, 0x4249, 0x4249, 0x424A, 0x4249, 0x424A, 0x4249, 0x4249, 0x424A, 0x4249,
  0x4249, 0x4249, 0x4249, 0x4249, 0x4249, 0x4249, 0x4249, 0x4249, 0x4249, 0x424A, 0x4249, 0x4249,
  0x4249, 0x4249, 0x4249, 0x424A, 0x4249, 0x4249, 0x4249, 0x424A, 0x424A, 0x4249, 0x4249, 0x4249,
  0x424A, 0x4249, 0x424A, 0x4249, 0x424A, 0x4249, 0x4249, 0x424A, 0x4249, 0x4249, 0x424A, 0x4249,
  0x424A, 0x4249, 0x4249, 0x4249, 0x4249, 0x4249, 0x424A, 0x4249, 0x4249, 0x4249, 0x424A, 0x4249,
  0x4249, 0x4249, 0x4249, 0x424A, 0x4249, 0x4249, 0x4249, 0x4249, 0x4249, 0x4249, 0x4249, 0x4249,
  0x4249, 0x4249, 0x4249, 0x4249, 0x4249, 0x4249, 0x4249, 0x4249, 0x424A, 0x4249, 0x4249, 0x4249,
  0x4249, 0x4249, 0x4249, 0x4249, 0x4249, 0x4249, 0x424A, 0x4249, 0x4249, 0x4249, 0x424A, 0x4249,
  0x424A, 0x4249, 0x424A, 0x4249, 0x4249, 0x4249, 0x4249, 0x4249, 0x424A, 0x4249, 0x4249, 0x4249,
  0x424A, 0x424A, 0x4249, 0x4249, 0x4249, 0x424A, 0x4249, 0x4249, 0x4249, 0x424A, 0x4249, 0x4249,
  0x424A, 0x4249, 0x4249, 0x4249, 0x4249, 0x4249, 0x4249, 0x424A, 0x4249, 0x4249, 0x424A, 0x4249,
  0x4249, 0x4249, 0x424A, 0x424A, 0x4249, 0x4249, 0x4249, 0x4249, 0x424A, 0x4249, 0x4249, 0x4249,
  0x4249, 0x4249, 0x424A, 0x4249, 0x4249, 0x424A, 0x4249, 0x4249, 0x424A, 0x4249, 0x424A, 0x424A,
  0x4249, 0x4249, 0x4249, 0x4249, 0x424A, 0x4249, 0x4249, 0x424A, 0x424A, 0x4249, 0x4249, 0x4249,
  0x4249, 0x4249, 0x4249, 0x424A, 0x4249, 0x424A, 0x4249, 0x4249, 0x4249, 0x4249, 0x4249, 0x4249,
  0x4249, 0x424A, 0x424A, 0x4249, 0x4249, 0x424A, 0x4249, 0x424A, 0x4249, 0x4249, 0x4249, 0x4249,
  0x4249, 0x4249, 0x4249, 0x4249, 0x4249, 0x4249, 0x4249, 0x4249, 0x424A, 0x4249, 0x4249, 0x4249,
  0x4249, 0x4249, 0x424A, 0x4249, 0x4249, 0x4249, 0x424A, 0x4249, 0x4249, 0x4249, 0x4249, 0x424A,
  0x4249, 0x4249, 0x424A, 0x4249, 0x4249, 0x4249, 0x4249, 0x4249, 0x4249, 0x424A, 0x4249, 0x424A,
  0x4249, 0x424A, 0x4249, 0x4249, 0x4249, 0x4249, 0x424A, 0x4249, 0x424A, 0x4249, 0x4249, 0x4249,
  0x4249, 0x4249, 0x4249, 0x424A, 0x4249, 0x424A, 0x424A, 0x4249, 0x4249, 0x4249, 0x424A, 0x4249,
  0x424A, 0x4249, 0x4249, 0x4249, 0x424A, 0x4249, 0x4249, 0x4249, 0x424A, 0x4249, 0x4249, 0x424A,
  0x4249, 0x4249, 0x4249, 0x424A, 0x4249, 0x4249, 0x4249, 0x4249, 0x4249, 0x4249, 0x4249, 0x4249,
  0x4249, 0x424A, 0x4249, 0x4249, 0x4249, 0x4249, 0x4249, 0x424A, 0x4249, 0x4249, 0x4249, 0x424A,
  0x424A, 0x4249, 0x4249, 0x4249, 0x424A, 0x4249, 0x424A, 0x4249, 0x424A, 0x4249, 0x4249, 0x424A,
  0x4249, 0x4249, 0x424A, 0x4249, 0x424A, 0x4249, 0x4249, 0x4249, 0x4249, 0x4249, 0x424A, 0x4249,
  0x4249, 0x4249, 0x424A, 0x4249, 0x4249, 0x4249, 0x4249, 0x424A, 0x4249, 0x4249, 0x4249, 0x4249,
  0x4249, 0x4249, 0x4249, 0x4249, 0x4249, 0x4249, 0x4249, 0x4249, 0x4249, 0x424A, 0x4249, 0x4249,
  0x424A, 0x4249, 0x4249, 0x4249, 0x424A, 0x4249, 0x4249, 0x424A, 0x4249, 0x4249, 0x4249, 0x4249,
  0x4249, 0x4249, 0x424A, 0x4249, 0x4249, 0x4249, 0x4249, 0x424A, 0x4249, 0x4249, 0x4249, 0x4249,
  0x4249, 0x424A, 0x4249, 0x424A, 0x4249, 0x4249, 0x4249, 0x4249, 0x4249, 0x4249, 0x4249, 0x4249,
  0x424A, 0x4249, 0x4249, 0x4249, 0x4249, 0x4249, 0x4249, 0x4249, 0x424A, 0x4249, 0x424A, 0x4249,
  0x4249, 0x424A, 0x4249, 0x424A, 0x4249, 0x4249, 0x4249, 0x424A, 0x4249, 0x424A, 0x4249, 0x4249,
  0x4249, 0x424A, 0x4249, 0x4249, 0x4249, 0x4249, 0x424A, 0x4249, 0x424A, 0x4249, 0x424A, 0x4249,
  0x424A, 0x4249, 0x4249, 0x4249, 0x4249, 0x4249, 0x424A, 0x4249, 0x4249, 0x4249, 0x4249, 0x4249,
  0x4249, 0x4249, 0x4249, 0x4249, 0x4249, 0x4249, 0x424A, 0x4249, 0x4249, 0x4249, 0x4249, 0x424A,
  0x4249, 0x4249, 0x4249, 0x424A, 0x4249, 0x424A, 0x424A, 0x4249, 0x4249, 0x4249, 0x424A, 0x4249,
  0x424A, 0x4249, 0x4249, 0x424A, 0x4249, 0x4249, 0x4249, 0x4249, 0x424A, 0x4249, 0x4249, 0x4249,
  0x4249, 0x4249, 0x4249, 0x424A, 0x4249, 0x4249, 0x4249, 0x424A, 0x424A, 0x4249, 0x4249, 0x4249,
  0x4249, 0x4249, 0x4249, 0x4249, 0x4249, 0x424A, 0x4249, 0x4249, 0x4249, 0x424A, 0x4249, 0x4249,
  0x4249, 0x4249, 0x424A, 0x4249, 0x4249, 0x4249, 0x4249, 0x424A, 0x4249, 0x4249, 0x424A, 0x4249,
  0x4249, 0x4249, 0x4249, 0x4249, 0x4249, 0x4249, 0x4249, 0x424A, 0x4249, 0x4249, 0x424A, 0x4249,
  0x4249, 0x4249, 0x4249, 0x424A, 0x4249, 0x4249, 0x4249, 0x4249, 0x4249, 0x424A, 0x424A, 0x4249,
  0x4249, 0x4249, 0x4249, 0x424A, 0x4249, 0x4249, 0x4249, 0x424A, 0x4249, 0x4249, 0x4249, 0x4249,
  0x424A, 0x4249, 0x4249, 0x424A, 0x4249, 0x4249, 0x4249, 0x4249, 0x424A, 0x4249, 0x4249, 0x424A,
  0x4249, 0x4249, 0x424A, 0x424A, 0x4249, 0x4249, 0x4249, 0x4249, 0x4249, 0x4249, 0x424A, 0x4249,
  0x424A, 0x4249, 0x4249, 0x4249, 0x4249, 0x4249, 0x424A, 0x4249, 0x4249, 0x4249, 0x424A, 0x4249,
  0x4249, 0x4249, 0x4249, 0x4249, 0x4249, 0x424A, 0x4249, 0x4249, 0x4249, 0x424A, 0x4249, 0x4249,
  0x4249, 0x4249, 0x4249, 0x4249, 0x4249, 0x424A, 0x4249, 0x4249, 0x424A, 0x4249, 0x4249, 0x4249,
  0x4249, 0x424A, 0x4249, 0x4249, 0x424A, 0x4249, 0x4249, 0x4249, 0x424A, 0x4249, 0x4249, 0x424A,
  0x4249, 0x4249, 0x4249, 0x4249, 0x4249, 0x4249, 0x424A, 0x4249, 0x4249, 0x4249, 0x4249, 0x424A,
  0x4249, 0x4249, 0x4249, 0x4249, 0x4249, 0x424A, 0x4249, 0x424A, 0x4249, 0x4249, 0x4249, 0x4249,
  0x4249, 0x4249, 0x4249, 0x4249, 0x424A, 0x4249, 0x4249, 0x4249, 0x4249, 0x4249, 0x4249, 0x4249,
  0x424A, 0x4249, 0x424A, 0x4249, 0x4249, 0x424A, 0x4249, 0x424A, 0x4249, 0x4249, 0x4249, 0x424A,
  0x4249, 0x424A, 0x4249, 0x4249, 0x4249, 0x4249, 0x4249, 0x424A, 0x4249, 0x4249, 0x424A, 0x4249,
  0x4249, 0x4249, 0x4249, 0x4249, 0x424A, 0x4249, 0x424A, 0x4249, 0x4249, 0x4249, 0x4249, 0x4249,
  0x4249, 0x4249, 0x4249, 0x4249, 0x4249, 0x4249, 0x424A, 0x4249, 0x4249, 0x4249, 0x4249, 0x4249,
  0x4249, 0x424A, 0x4249, 0x4249, 0x424A, 0x4249, 0x4249, 0x4249, 0x424A, 0x4249, 0x4249, 0x424A,
  0x424A, 0x4249, 0x4249, 0x4249, 0x4249, 0x4249, 0x4249, 0x4249, 0x4249, 0x4249, 0x4249, 0x4249,
  0x424A, 0x4249, 0x4249, 0x4249, 0x4249, 0x4249, 0x424A, 0x424A, 0x4249, 0x4249, 0x4249, 0x424A,
  0x4249, 0x4249, 0x4249, 0x4249, 0x4249, 0x4249, 0x4249, 0x4249, 0x424A, 0x4249, 0x424A, 0x4249,
  0x4249, 0x4249, 0x4249, 0x4249, 0x424A, 0x4249, 0x4249, 0x424A, 0x4249, 0x424A, 0x4249, 0x4249,
  0x424A, 0x4249, 0x4249, 0x4249, 0x4249, 0x424A, 0x4249, 0x4249, 0x4249, 0x4249, 0x4249, 0x4249,
  0x4249, 0x4249, 0x4249, 0x4249, 0x424A, 0x4249, 0x4249, 0x4249, 0x4249, 0x4249, 0x4249, 0x4249,
  0x424A, 0x4249, 0x4249, 0x4249, 0x4249, 0x4249, 0x4249, 0x4249, 0x4249, 0x424A, 0x4249, 0x4249,
  0x4249, 0x4249, 0x4249, 0x4249, 0x4249, 0x4249, 0x424A, 0x4249, 0x424A, 0x4249, 0x424A, 0x4249,
  0x4249, 0x4249, 0x4249, 0x4249, 0x4249, 0x4249, 0x4249, 0x424A, 0x4249, 0x4249, 0x4249, 0x4249,
  0x4249, 0x4249, 0x424A, 0x4249, 0x4249, 0x4249, 0x424A, 0x4249, 0x4249, 0x4249, 0x4249, 0x424A,
  0x424A, 0x4249, 0x424A, 0x4249, 0x4249, 0x4249, 0x4249, 0x4249, 0x4249, 0x4249, 0x4249, 0x424A,
  0x4249, 0x4249, 0x424A, 0x424A, 0x4249, 0x4249, 0x4249, 0x424A, 0x4249, 0x4249, 0x424A, 0x4249,
  0x4249, 0x4249, 0x424A, 0x4249, 0x4249, 0x4249, 0x4249, 0x424A, 0x4249, 0x4249, 0x4249, 0x424A,
  0x4249, 0x4249, 0x424A, 0x4249, 0x4249, 0x4249, 0x4249, 0x4249, 0x4249, 0x4249, 0x4249, 0x4249,
  0x4249, 0x424A, 0x4249, 0x4249, 0x4249, 0x4249, 0x4249, 0x4249, 0x4249, 0x4249, 0x4249, 0x4249,
  0x424A, 0x4249, 0x4249, 0x4249, 0x424A, 0x424A, 0x4249, 0x4249, 0x4249, 0x4249, 0x424A, 0x4249,
  0x4249, 0x4249, 0x424A, 0x4249, 0x4249, 0x4249, 0x4249, 0x424A, 0x424A, 0x4249, 0x4249, 0x424A,
  0x4249, 0x4249, 0x4249, 0x4249, 0x4249, 0x424A, 0x4249, 0x4249, 0x4249, 0x4249, 0x4249, 0x424A,
  0x4249, 0x4249, 0x424A, 0x4249, 0x4249, 0x4249, 0x4249, 0x4249, 0x424A, 0x4249, 0x424A, 0x4249,
  0x4249, 0x4249, 0x4249, 0x4249, 0x4249, 0x4249, 0x4249, 0x4249, 0x4249, 0x4249, 0x424A, 0x4249,
  0x4249, 0x4249, 0x4249, 0x4249, 0x4249, 0x424A, 0x4249, 0x4249, 0x424A, 0x4249, 0x4249, 0x4249,
  0x424A, 0x4249, 0x4249, 0x424A, 0x424A, 0x4249, 0x4249, 0x4249, 0x4249, 0x4249, 0x4249, 0x4249,
  0x4249, 0x4249, 0x4249, 0x4249, 0x424A, 0x4249, 0x4249, 0x4249, 0x4249, 0x4249, 0x424A, 0x424A,
  0x424A, 0x4249, 0x4249, 0x4249, 0x4249, 0x424A, 0x4249, 0x4249, 0x4249, 0x4249, 0x4249, 0x4249,
  0x4249, 0x4249, 0x4249, 0x4249, 0x424A, 0x4249, 0x4249, 0x4249, 0x424A, 0x424A, 0x4249, 0x424A,
  0x4249, 0x424A, 0x4249, 0x4249, 0x4249, 0x424A, 0x4249, 0x4249, 0x4249, 0x4249, 0x4249, 0x4249,
  0x424A, 0x4249, 0x4249, 0x424A, 0x4249, 0x4249, 0x4249, 0x4249, 0x4249, 0x4249, 0x4249, 0x4249,
  0x4249, 0x4249, 0x4249, 0x424A, 0x4249, 0x4249, 0x4249, 0x424A, 0x4249, 0x4249, 0x424A, 0x4249,
  0x4249, 0x4249, 0x4249, 0x4249, 0x4249, 0x424A, 0x4249, 0x424A, 0x4249, 0x424A, 0x4249, 0x424A,
  0x4249, 0x4249, 0x424A, 0x4249, 0x4249, 0x4249, 0x4249, 0x4249, 0x424A, 0x424A, 0x4249, 0x4249,
  0x4249, 0x424A, 0x4249, 0x4249, 0x4249, 0x4249, 0x424A, 0x4249, 0x4249, 0x424A, 0x4249, 0x4249,
  0x424A, 0x4249, 0x4249, 0x4249, 0x424A, 0x4249, 0x4249, 0x4249, 0x424A, 0x4249, 0x4249, 0x4249,
  0x4249, 0x4249, 0x4249, 0x4249, 0x4249, 0x424A, 0x4249, 0x4249, 0x4249, 0x424A, 0x424A, 0x4249,
  0x4249, 0x424A, 0x4249, 0x4249, 0x424A, 0x4249, 0x4249, 0x424A, 0x4249, 0x424A, 0x4249, 0x424A,
  0x4249, 0x4249, 0x4249, 0x4249, 0x4249, 0x4249, 0x4249, 0x4249, 0x4249, 0x4249, 0x4249, 0x424A,
  0x424A, 0x4249, 0x424A, 0x4249, 0x424A, 0x4249, 0x4249, 0x4249, 0x4249, 0x4249, 0x4249, 0x4249,
  0x4249, 0x4249, 0x4249, 0x4249, 0x4249, 0x424A, 0x4249, 0x4249, 0x4249, 0x4249, 0x4249, 0x4249,
  0x4249, 0x424A, 0x4249, 0x4249, 0x424A, 0x4249, 0x4249, 0x4249, 0x4249, 0x4249, 0x4249, 0x4249,
  0x4249, 0x4249, 0x4249, 0x4249, 0x4249, 0x424A, 0x4249, 0x4249, 0x4249, 0x424A, 0x4249, 0x4249,
  0x4249, 0x424A, 0x4249, 0x4249, 0x424A, 0x4249, 0x4249, 0x4249, 0x4249, 0x4249, 0x4249, 0x4249,
  0x4249, 0x4249, 0x4249, 0x424A, 0x424A, 0x4249, 0x4249, 0x424A, 0x4249, 0x4249, 0x424A, 0x424A,
  0x424A, 0x4249, 0x4249, 0x424A, 0x4249, 0x4249, 0x424A, 0x4249, 0x4249, 0x4249, 0x4249, 0x4249,
  0x4249, 0x4249, 0x4249, 0x424A, 0x4249, 0x4249, 0x4249, 0x424A, 0x4249, 0x4249, 0x4249, 0x424A,
  0x4249, 0x4249, 0x4249, 0x4249, 0x4249, 0x4249, 0x4249, 0x424A, 0x4249, 0x4249, 0x4249, 0x424A,
  0x4249, 0x424A, 0x4249, 0x4249, 0x424A, 0x4249, 0x4249, 0x4249, 0x4249, 0x424A, 0x4249, 0x4249,
  0x4249, 0x4249, 0x4249, 0x4249, 0x4249, 0x4249, 0x4249, 0x4249, 0x424A, 0x4249, 0x4249, 0x4249,
  0x424A, 0x424A, 0x4249, 0x424A, 0x4249, 0x424A, 0x4249, 0x4249, 0x4249, 0x424A, 0x4249, 0x4249,
  0x4249, 0x4249, 0x4249, 0x4249, 0x424A, 0x4249, 0x4249, 0x424A, 0x4249, 0x4249, 0x4249, 0x4249,
  0x4249, 0x4249, 0x4249, 0x4249, 0x4249, 0x4249, 0x4249, 0x424A, 0x4249, 0x4249, 0x4249, 0x424A,
  0x4249, 0x4249, 0x424A, 0x4249, 0x4249, 0x4249, 0x4249, 0x4249, 0x4249, 0x4249, 0x424A, 0x4249,
  0x4249, 0x4249, 0x4249, 0x424A, 0x4249, 0x424A, 0x424A, 0x4249, 0x4249, 0x424A, 0x4249, 0x424A,
  0x4249, 0x4249, 0x4249, 0x4249, 0x4249, 0x4249, 0x4249, 0x4249, 0x4249, 0x4249, 0x4249, 0x424A,
  0x4249, 0x4249, 0x4249, 0x4249, 0x424A, 0x4249, 0x4249, 0x4249, 0x4249, 0x4249, 0x4249, 0x4249,
  0x4249, 0x4249, 0x4249, 0x424A, 0x4249, 0x424A, 0x4249, 0x4249, 0x424A, 0x424A, 0x4249, 0x4249,
  0x424A, 0x4249, 0x4249, 0x4249, 0x424A, 0x4249, 0x4249, 0x424A, 0x424A, 0x4249, 0x4249, 0x4249,
  0x4249, 0x4249, 0x4249, 0x4249, 0x4249, 0x4249, 0x4249, 0x424A, 0x4249, 0x4249, 0x4249, 0x424A,
  0x4249, 0x4249, 0x4249, 0x4249, 0x4249, 0x4249, 0x4249, 0x4249, 0x4249, 0x424A, 0x4249, 0x4249,
  0x4249, 0x424A, 0x4249, 0x4249, 0x4249, 0x424A, 0x4249, 0x4249, 0x4249, 0x4249, 0x4249, 0x4249,
  0x424A, 0x424A, 0x4249, 0x424A, 0x4249, 0x4249, 0x4249, 0x424A, 0x4249, 0x4249, 0x424A, 0x4249,
  0x424A, 0x4249, 0x4249, 0x4249, 0x4249, 0x4249, 0x4249, 0x4249, 0x4249, 0x4249, 0x424A, 0x4249,
  0x4249, 0x4249, 0x4249, 0x4249, 0x4249, 0x424A, 0x4249, 0x4249, 0x424A, 0x4249, 0x4249, 0x4249,
  0x4249, 0x424A, 0x4249, 0x424A, 0x4249, 0x4249, 0x4249, 0x4249, 0x4249, 0x4249, 0x4249, 0x4249,
  0x4249, 0x4249, 0x4249, 0x424A, 0x4249, 0x424A, 0x4249, 0x424A, 0x4249, 0x424A, 0x4249, 0x4249,
  0x424A, 0x4249, 0x4249, 0x4249, 0x4249, 0x4249, 0x4249, 0x424A, 0x4249, 0x4249, 0x424A, 0x4249,
  0x424A, 0x4249, 0x424A, 0x4249, 0x4249, 0x424A, 0x4249, 0x4249, 0x4249, 0x4249, 0x424A, 0x4249,
  0x4249, 0x424A, 0x4249, 0x4249, 0x4249, 0x4249, 0x4249, 0x39E8, 0x31C8, 0x39E8, 0x4229, 0x4249,
  0x4249, 0x4249, 0x4249, 0x4249, 0x4249, 0x424A, 0x424A, 0x4249, 0x424A, 0x4249, 0x424A, 0x4249,
  0x4249, 0x4249, 0x4249, 0x4249, 0x4249, 0x4249, 0x4249, 0x4249, 0x4249, 0x4249, 0x4249, 0x4249,
  0x4249, 0x4249, 0x4249, 0x424A, 0x4249, 0x4249, 0x4249, 0x424A, 0x4249, 0x4249, 0x4249, 0x424A,
  0x4249, 0x4249, 0x4249, 0x424A, 0x4249, 0x424A, 0x4249, 0x4249, 0x4249, 0x4249, 0x4249, 0x424A,
  0x4249, 0x4249, 0x4249, 0x4249, 0x4249, 0x4249, 0x4249, 0x4249, 0x4249, 0x4249, 0x4249, 0x424A,
  0x4249, 0x4249, 0x424A, 0x4249, 0x4249, 0x4249, 0x4249, 0x424A, 0x4249, 0x424A, 0x424A, 0x4249,
  0x4249, 0x424A, 0x4249, 0x424A, 0x4249, 0x4249, 0x4249, 0x4249, 0x4249, 0x4249, 0x4249, 0x4249,
  0x4249, 0x4249, 0x4249, 0x424A, 0x4249, 0x4249, 0x4249, 0x4249, 0x424A, 0x4249, 0x4249, 0x4249,
  0x4249, 0x4249, 0x4249, 0x4249, 0x4249, 0x4249, 0x4249, 0x424A, 0x4249, 0x424A, 0x4249, 0x4249,
  0x424A, 0x424A, 0x4249, 0x4249, 0x424A, 0x4249, 0x4249, 0x4249, 0x424A, 0x4249, 0x4249, 0x424A,
  0x424A, 0x4249, 0x4249, 0x4249, 0x4249, 0x4249, 0x4249, 0x424A, 0x4249, 0x4249, 0x4249, 0x4249,
  0x4249, 0x4249, 0x424A, 0x4249, 0x4249, 0x4249, 0x4249, 0x4249, 0x4249, 0x4249, 0x4249, 0x424A,
  0x424A, 0x4249, 0x4249, 0x424A, 0x424A, 0x4249, 0x4249, 0x4249, 0x4249, 0x4249, 0x424A, 0x4249,
  0x4249, 0x4249, 0x424A, 0x4249, 0x424A, 0x424A, 0x4249, 0x424A, 0x424A, 0x4249, 0x424A, 0x4249,
  0x4249, 0x4249, 0x4249, 0x424A, 0x4249, 0x4249, 0x4249, 0x4249, 0x424A, 0x4249, 0x4249, 0x424A,
  0x4249, 0x4249, 0x4249, 0x4249, 0x4249, 0x4249, 0x424A, 0x4249, 0x4249, 0x424A, 0x4249, 0x4249,
  0x4249, 0x4249, 0x4249, 0x4249, 0x424A, 0x4249, 0x4249, 0x4249, 0x4249, 0x4249, 0x424A, 0x424A,
  0x4249, 0x424A, 0x4249, 0x424A, 0x4249, 0x4249, 0x4249, 0x424A, 0x4249, 0x4249, 0x4249, 0x4249,
  0x4249, 0x4249, 0x4249, 0x4249, 0x424A, 0x4249, 0x4249, 0x4249, 0x4249, 0x4249, 0x4249, 0x4249,
  0x4249, 0x4249, 0x424A, 0x4249, 0x4249, 0x4249, 0x4249, 0x4249, 0x424A, 0x4249, 0x424A, 0x4249,
  0x424A, 0x4249, 0x4249, 0x4249, 0x424A, 0x4249, 0x4249, 0x4249, 0x4249, 0x424A, 0x4249, 0x4249,
  0x424A, 0x4249, 0x4249, 0x4249, 0x4249, 0x4249, 0x424A, 0x4249, 0x424A, 0x4249, 0x4249, 0x4249,
  0x4249, 0x4249, 0x4249, 0x424A, 0x4249, 0x4249, 0x4249, 0x424A, 0x4249, 0x424A, 0x4249, 0x424A,
  0x4249, 0x4249, 0x4249, 0x4249, 0x4249, 0x4249, 0x4249, 0x4249, 0x424A, 0x4249, 0x4249, 0x424A,
  0x4249, 0x424A, 0x4249, 0x424A, 0x4249, 0x4249, 0x4249, 0x4249, 0x4249, 0x4249, 0x4249, 0x424A,
  0x4249, 0x4249, 0x4249, 0x4249, 0x4249, 0x424A, 0x4249, 0x4249, 0x4249, 0x4249, 0x4249, 0x424A,
  0x424A, 0x4249, 0x3A08, 0x2126, 0x1905, 0x2105, 0x2167, 0x39C8, 0x4229, 0x4249, 0x4249, 0x424A,
  0x4249, 0x4249, 0x4249, 0x4249, 0x4249, 0x4249, 0x4249, 0x4249, 0x4249, 0x4249, 0x4249, 0x4249,
  0x424A, 0x424A, 0x4249, 0x4249, 0x4249, 0x424A, 0x424A, 0x4249, 0x424A, 0x4249, 0x4249, 0x4249,
  0x424A, 0x4249, 0x424A, 0x4249, 0x4249, 0x4249, 0x4249, 0x4249, 0x424A, 0x4249, 0x4249, 0x4249,
  0x4249, 0x4249, 0x4249, 0x4249, 0x424A, 0x4249, 0x424A, 0x4249, 0x4249, 0x424A, 0x4249, 0x424A,
  0x4249, 0x4249, 0x424A, 0x4249, 0x424A, 0x4249, 0x4249, 0x4249, 0x4249, 0x4249, 0x4249, 0x424A,
  0x4249, 0x4249, 0x4249, 0x4249, 0x4249, 0x4249, 0x424A, 0x4249, 0x4249, 0x4249, 0x4249, 0x4249,
  0x4249, 0x4249, 0x4249, 0x424A, 0x424A, 0x4249, 0x4249, 0x424A, 0x424A, 0x4249, 0x4249, 0x4249,
  0x4249, 0x4249, 0x424A, 0x4249, 0x4249, 0x4249, 0x424A, 0x4249, 0x424A, 0x424A, 0x4249, 0x424A,
  0x424A, 0x4249, 0x424A, 0x4249, 0x4249, 0x4249, 0x4249, 0x424A, 0x4249, 0x4249, 0x4249, 0x4249,
  0x424A, 0x4249, 0x4249, 0x424A, 0x4249, 0x4249, 0x4249, 0x4249, 0x4249, 0x4249, 0x424A, 0x4249,
  0x424A, 0x4249, 0x4249, 0x4249, 0x4249, 0x4249, 0x424A, 0x4249, 0x4249, 0x4249, 0x4249, 0x424A,
  0x4249, 0x4249, 0x424A, 0x4249, 0x4249, 0x424A, 0x4249, 0x4249, 0x4249, 0x4249, 0x4249, 0x4249,
  0x4249, 0x4249, 0x4249, 0x424A, 0x4249, 0x4249, 0x4249, 0x4249, 0x424A, 0x4249, 0x4249, 0x4249,
  0x4249, 0x4249, 0x4249, 0x4249, 0x4249, 0x4249, 0x4249, 0x4249, 0x4249, 0x4249, 0x424A, 0x4249,
  0x4249, 0x4249, 0x4249, 0x4249, 0x4249, 0x4249, 0x4249, 0x424A, 0x4249, 0x4249, 0x4249, 0x424A,
  0x4249, 0x4249, 0x4249, 0x4249, 0x4249, 0x4249, 0x4249, 0x424A, 0x424A, 0x4249, 0x4249, 0x424A,
  0x4249, 0x4249, 0x4249, 0x424A, 0x4249, 0x4249, 0x4249, 0x4249, 0x4249, 0x4249, 0x4249, 0x4249,
  0x4249, 0x4249, 0x4249, 0x4249, 0x4249, 0x4249, 0x4249, 0x424A, 0x4249, 0x4249, 0x424A, 0x4249,
  0x4249, 0x4249, 0x424A, 0x4249, 0x4249, 0x4249, 0x4249, 0x4249, 0x424A, 0x4249, 0x4249, 0x4249,
  0x4249, 0x4249, 0x424A, 0x4249, 0x4249, 0x4249, 0x4249, 0x4249, 0x424A, 0x4249, 0x4249, 0x424A,
  0x4249, 0x4249, 0x424A, 0x4249, 0x4249, 0x424A, 0x4249, 0x4249, 0x4249, 0x4249, 0x4249, 0x4249,
  0x4249, 0x4249, 0x4249, 0x424A, 0x4249, 0x4249, 0x4249, 0x424A, 0x424A, 0x4249, 0x424A, 0x4249,
  0x4249, 0x424A, 0x4249, 0x4249, 0x4249, 0x4249, 0x4249, 0x4249, 0x4249, 0x4249, 0x4249, 0x4249,
  0x424A, 0x4249, 0x4249, 0x4249, 0x4249, 0x4249, 0x4249, 0x4249, 0x4249, 0x4249, 0x4249, 0x4249,
  0x4249, 0x4249, 0x4249, 0x424A, 0x4249, 0x4249, 0x4249, 0x4249, 0x4249, 0x4249, 0x424A, 0x424A,
  0x4249, 0x4249, 0x4249, 0x4249, 0x424A, 0x4249, 0x4249, 0x4249, 0x4249, 0x4249, 0x2966, 0x18C4,
  0x10C4, 0x10C4, 0x18E4, 0x1905, 0x2967, 0x31C8, 0x4229, 0x4249, 0x424A, 0x4249, 0x4249, 0x4249,
  0x424A, 0x4249, 0x4249, 0x424A, 0x4249, 0x4249, 0x424A, 0x4249, 0x4249, 0x4249, 0x4249, 0x4249,
  0x4249, 0x4249, 0x4249, 0x4249, 0x4249, 0x4249, 0x424A, 0x4249, 0x4249, 0x4249, 0x4249, 0x4249,
  0x4249, 0x424A, 0x424A, 0x4249, 0x4249, 0x424A, 0x4249, 0x4249, 0x424A, 0x4249, 0x4249, 0x4249,
  0x424A, 0x4249, 0x4249, 0x4249, 0x4249, 0x4249, 0x4249, 0x424A, 0x4249, 0x424A, 0x4249, 0x4249,
  0x4249, 0x4249, 0x4249, 0x4249, 0x424A, 0x4249, 0x4249, 0x4249, 0x4249, 0x4249, 0x424A, 0x4249,
  0x4249, 0x4249, 0x4249, 0x424A, 0x4249, 0x4249, 0x424A, 0x4249, 0x4249, 0x424A, 0x4249, 0x4249,
  0x4249, 0x4249, 0x4249, 0x4249, 0x4249, 0x4249, 0x4249, 0x424A, 0x4249, 0x4249, 0x4249, 0x4249,
  0x424A, 0x4249, 0x4249, 0x4249, 0x4249, 0x4249, 0x4249, 0x4249, 0x4249, 0x4249, 0x4249, 0x4249,
  0x4249, 0x4249, 0x424A, 0x4249, 0x4249, 0x4249, 0x4249, 0x4249, 0x4249, 0x4249, 0x4249, 0x424A,
  0x4249, 0x4249, 0x4249, 0x424A, 0x4249, 0x4249, 0x4249, 0x4249, 0x4249, 0x4249, 0x4249, 0x424A,
  0x4249, 0x4249, 0x4249, 0x424A, 0x4249, 0x4249, 0x4249, 0x4249, 0x4249, 0x424A, 0x4249, 0x4249,
  0x4249, 0x424A, 0x4249, 0x4249, 0x4249, 0x424A, 0x4249, 0x4249, 0x4249, 0x424A, 0x4249, 0x4249,
  0x424A, 0x4249, 0x4249, 0x4249, 0x4249, 0x4249, 0x4249, 0x424A, 0x4249, 0x4249, 0x4249, 0x4249,
  0x4249, 0x4249, 0x4249, 0x424A, 0x4249, 0x4249, 0x4249, 0x4249, 0x4249, 0x4249, 0x424A, 0x4249,
  0x424A, 0x4249, 0x4249, 0x4249, 0x4249, 0x4249, 0x4249, 0x4249, 0x4249, 0x4249, 0x424A, 0x4249,
  0x424A, 0x4249, 0x4249, 0x4249, 0x4249, 0x4249, 0x4249, 0x4249, 0x4249, 0x4249, 0x4249, 0x4249,
  0x4249, 0x424A, 0x4249, 0x4249, 0x4249, 0x4249, 0x4249, 0x424A, 0x4249, 0x424A, 0x4249, 0x4249,
  0x4249, 0x4249, 0x424A, 0x4249, 0x424A, 0x4249, 0x424A, 0x4249, 0x4249, 0x4249, 0x424A, 0x4249,
  0x4249, 0x4249, 0x4249, 0x424A, 0x4249, 0x4249, 0x4249, 0x4249, 0x424A, 0x4249, 0x4249, 0x4249,
  0x424A, 0x4249, 0x4249, 0x4249, 0x4249, 0x424A, 0x4249, 0x4249, 0x4249, 0x4249, 0x4249, 0x4249,
  0x4249, 0x4249, 0x424A, 0x4249, 0x424A, 0x424A, 0x4249, 0x4249, 0x424A, 0x4249, 0x4249, 0x4249,
  0x4249, 0x4249, 0x424A, 0x4249, 0x4249, 0x4249, 0x4249, 0x4249, 0x4249, 0x4249, 0x4249, 0x4249,
  0x4249, 0x4249, 0x4249, 0x424A, 0x4249, 0x4249, 0x424A, 0x4249, 0x4249, 0x4249, 0x4249, 0x424A,
  0x4249, 0x4249, 0x424A, 0x4249, 0x4249, 0x4249, 0x424A, 0x4249, 0x4249, 0x4249, 0x424A, 0x4249,
  0x4249, 0x424A, 0x4249, 0x4249, 0x4249, 0x4249, 0x424A, 0x4249, 0x4249, 0x424A, 0x4249, 0x4249,
  0x4249, 0x424A, 0x4249, 0x4249, 0x4249, 0x3A08, 0x1904, 0x10A3, 0x0883, 0x10A3, 0x10A3, 0x10C4,
  0x18E5, 0x2125, 0x2966, 0x31C8, 0x3A29, 0x4249, 0x4249, 0x4249, 0x4249, 0x424A, 0x4249, 0x4249,
  0x4249, 0x424A, 0x4249, 0x4249, 0x4249, 0x4249, 0x4249, 0x424A, 0x4249, 0x4249, 0x4249, 0x4249,
  0x4249, 0x4249, 0x4249, 0x4249, 0x4249, 0x424A, 0x424A, 0x4249, 0x4249, 0x4249, 0x4249, 0x4249,
  0x4249, 0x4249, 0x4249, 0x424A, 0x4249, 0x4249, 0x4249, 0x424A, 0x4249, 0x4249, 0x4249, 0x4249,
  0x4249, 0x4249, 0x424A, 0x4249, 0x4249, 0x4249, 0x4249, 0x4249, 0x424A, 0x4249, 0x4249, 0x4249,
  0x4249, 0x4249, 0x4249, 0x424A, 0x4249, 0x4249, 0x4249, 0x424A, 0x4249, 0x4249, 0x4249, 0x4249,
  0x4249, 0x424A, 0x4249, 0x4249, 0x4249, 0x424A, 0x4249, 0x4249, 0x4249, 0x424A, 0x4249, 0x4249,
  0x4249, 0x424A, 0x4249, 0x4249, 0x424A, 0x4249, 0x4249, 0x4249, 0x4249, 0x4249, 0x4249, 0x424A,
  0x4249, 0x4249, 0x4249, 0x4249, 0x4249, 0x4249, 0x4249, 0x424A, 0x4249, 0x4249, 0x4249, 0x4249,
  0x4249, 0x4249, 0x424A, 0x4249, 0x424A, 0x4249, 0x4249, 0x4249, 0x4249, 0x4249, 0x4249, 0x4249,
  0x4249, 0x4249, 0x424A, 0x4249, 0x424A, 0x4249, 0x4249, 0x424A, 0x4249, 0x4249, 0x4249, 0x4249,
  0x4249, 0x4249, 0x424A, 0x4249, 0x4249, 0x4249, 0x4249, 0x4249, 0x4249, 0x424A, 0x4249, 0x4249,
  0x4249, 0x4249, 0x424A, 0x4249, 0x4249, 0x4249, 0x4249, 0x424A, 0x4249, 0x4249, 0x4249, 0x424A,
  0x424A, 0x4249, 0x4249, 0x4249, 0x4249, 0x4249, 0x424A, 0x4249, 0x424A, 0x4249, 0x424A, 0x4249,
  0x4249, 0x424A, 0x424A, 0x4249, 0x424A, 0x4249, 0x4249, 0x4249, 0x424A, 0x4249, 0x4249, 0x424A,
  0x4249, 0x424A, 0x4249, 0x424A, 0x4249, 0x424A, 0x4249, 0x4249, 0x4249, 0x424A, 0x4249, 0x4249,
  0x4249, 0x4249, 0x4249, 0x424A, 0x4249, 0x4249, 0x4249, 0x424A, 0x4249, 0x4249, 0x4249, 0x4249,
  0x4249, 0x4249, 0x4249, 0x4249, 0x4249, 0x4249, 0x424A, 0x4249, 0x424A, 0x4249, 0x4249, 0x4249,
  0x4249, 0x4249, 0x4249, 0x4249, 0x4249, 0x4249, 0x4249, 0x4249, 0x4249, 0x424A, 0x4249, 0x424A,
  0x4249, 0x4249, 0x424A, 0x4249, 0x4249, 0x4249, 0x424A, 0x4249, 0x4249, 0x4249, 0x4249, 0x424A,
  0x4249, 0x4249, 0x4249, 0x4249, 0x4249, 0x424A, 0x4249, 0x4249, 0x424A, 0x4249, 0x4249, 0x4249,
  0x4249, 0x4249, 0x424A, 0x4249, 0x4249, 0x4249, 0x4249, 0x424A, 0x4249, 0x4249, 0x4249, 0x4249,
  0x4249, 0x4249, 0x4249, 0x4249, 0x4249, 0x4249, 0x424A, 0x4249, 0x424A, 0x4249, 0x4249, 0x4249,
  0x4249, 0x4249, 0x4249, 0x424A, 0x4249, 0x4249, 0x4249, 0x424A, 0x4249, 0x4249, 0x4249, 0x424A,
  0x4249, 0x4249, 0x4249, 0x424A, 0x4249, 0x424A, 0x4249, 0x4249, 0x4249, 0x4249, 0x4249, 0x4249,
  0x4249, 0x4249, 0x4249, 0x4249, 0x4249, 0x4249, 0x4249, 0x424A, 0x4249, 0x4249, 0x4249, 0x4249,
  0x4229, 0x2986, 0x1083, 0x10A3, 0x10A3, 0x10A3, 0x1083, 0x10A4, 0x10C4, 0x10A4, 0x10C5, 0x1905,
  0x2966, 0x31C8, 0x4229, 0x424A, 0x4249, 0x4249, 0x4249, 0x4249, 0x424A, 0x4249, 0x4249, 0x424A,
  0x4249, 0x4249, 0x4249, 0x424A, 0x4249, 0x4249, 0x424A, 0x4249, 0x424A, 0x4249, 0x4249, 0x424A,
  0x4249, 0x4249, 0x4249, 0x4249, 0x4249, 0x4249, 0x4249, 0x4249, 0x4249, 0x4249, 0x4249, 0x424A,
  0x424A, 0x4249, 0x4249, 0x4249, 0x4249, 0x424A, 0x4249, 0x424A, 0x4249, 0x424A, 0x4249, 0x4249,
  0x4249, 0x4249, 0x424A, 0x4249, 0x4249, 0x4249, 0x4249, 0x424A, 0x424A, 0x4249, 0x4249, 0x424A,
  0x4249, 0x4249, 0x4249, 0x4249, 0x4249, 0x4249, 0x424A, 0x4249, 0x4249, 0x4249, 0x4249, 0x4249,
  0x4249, 0x424A, 0x4249, 0x4249, 0x4249, 0x4249, 0x424A, 0x4249, 0x4249, 0x4249, 0x4249, 0x424A,
  0x4249, 0x4249, 0x4249, 0x424A, 0x424A, 0x4249, 0x4249, 0x4249, 0x4249, 0x4249, 0x424A, 0x4249,
  0x424A, 0x4249, 0x424A, 0x4249, 0x4249, 0x424A, 0x424A, 0x4249, 0x424A, 0x4249, 0x4249, 0x4249,
  0x424A, 0x4249, 0x4249, 0x424A, 0x4249, 0x424A, 0x4249, 0x424A, 0x4249, 0x424A, 0x4249, 0x4249,
  0x4249, 0x4249, 0x4249, 0x4249, 0x4249, 0x424A, 0x4249, 0x424A, 0x4249, 0x4249, 0x4249, 0x424A,
  0x4249, 0x4249, 0x4249, 0x424A, 0x4249, 0x4249, 0x4249, 0x424A, 0x4249, 0x4249, 0x4249, 0x4249,
  0x424A, 0x4249, 0x4249, 0x4249, 0x4249, 0x424A, 0x4249, 0x4249, 0x4249, 0x4249, 0x4249, 0x4249,
  0x424A, 0x4249, 0x4249, 0x4249, 0x4249, 0x4249, 0x4249, 0x4249, 0x4249, 0x4249, 0x4249, 0x4249,
  0x4249, 0x4249, 0x4249, 0x4249, 0x424A, 0x4249, 0x4249, 0x4249, 0x4249, 0x4249, 0x4249, 0x4249,
  0x4249, 0x4249, 0x4249, 0x4249, 0x4249, 0x424A, 0x4249, 0x4249, 0x424A, 0x4249, 0x4249, 0x424A,
  0x424A, 0x4249, 0x4249, 0x4249, 0x4249, 0x4249, 0x4249, 0x424A, 0x424A, 0x4249, 0x424A, 0x4249,
  0x4249, 0x4249, 0x4249, 0x4249, 0x4249, 0x4249, 0x4249, 0x4249, 0x424A, 0x4249, 0x4249, 0x4249,
  0x424A, 0x424A, 0x4249, 0x424A, 0x4249, 0x4249, 0x4249, 0x4249, 0x4249, 0x4249, 0x4249, 0x4249,
  0x424A, 0x4249, 0x4249, 0x4249, 0x4249, 0x4249, 0x424A, 0x4249, 0x4249, 0x4249, 0x424A, 0x4249,
  0x4249, 0x4249, 0x4249, 0x424A, 0x4249, 0x4249, 0x4249, 0x4249, 0x4249, 0x4249, 0x4249, 0x4249,
  0x424A, 0x4249, 0x4249, 0x4249, 0x4249, 0x424A, 0x4249, 0x424A, 0x4249, 0x424A, 0x4249, 0x424A,
  0x4249, 0x4249, 0x4249, 0x424A, 0x4249, 0x4249, 0x424A, 0x4249, 0x4249, 0x424A, 0x4249, 0x4249,
  0x424A, 0x4249, 0x4249, 0x4249, 0x4249, 0x4249, 0x4249, 0x4249, 0x4249, 0x4249, 0x4249, 0x4249,
  0x4249, 0x4249, 0x4249, 0x4249, 0x424A, 0x4249, 0x424A, 0x4249, 0x424A, 0x4249, 0x4249, 0x4249,
  0x424A, 0x4249, 0x4249, 0x4249, 0x4249, 0x4249, 0x424A, 0x4249, 0x3A09, 0x18E4, 0x10A2, 0x10A3,
  0x1083, 0x0883, 0x10C3, 0x10A3, 0x08A3, 0x10A4, 0x10C3, 0x18C4, 0x10E4, 0x2125, 0x2987, 0x4229,
  0x4249, 0x4249, 0x4249, 0x4249, 0x4249, 0x4249, 0x4249, 0x4249, 0x4249, 0x424A, 0x424A, 0x4249,
  0x424A, 0x4249, 0x4249, 0x4249, 0x4249, 0x424A, 0x4249, 0x4249, 0x4249, 0x424A, 0x4249, 0x4249,
  0x4249, 0x424A, 0x424A, 0x4249, 0x424A, 0x4249, 0x4249, 0x4249, 0x4249, 0x4249, 0x4249, 0x424A,
  0x4249, 0x4249, 0x4249, 0x424A, 0x4249, 0x4249, 0x424A, 0x4249, 0x4249, 0x424A, 0x4249, 0x4249,
  0x424A, 0x424A, 0x4249, 0x4249, 0x4249, 0x4249, 0x4249, 0x4249, 0x4249, 0x424A, 0x4249, 0x424A,
  0x4249, 0x4249, 0x4249, 0x424A, 0x4249, 0x4249, 0x4249, 0x424A, 0x4249, 0x4249, 0x4249, 0x424A,
  0x4249, 0x4249, 0x4249, 0x4249, 0x424A, 0x4249, 0x4249, 0x4249, 0x4249, 0x424A, 0x4249, 0x4249,
  0x4249, 0x4249, 0x4249, 0x4249, 0x424A, 0x4249, 0x4249, 0x4249, 0x4249, 0x4249, 0x4249, 0x4249,
  0x4249, 0x4249, 0x4249, 0x4249, 0x4249, 0x4249, 0x4249, 0x4249, 0x424A, 0x4249, 0x4249, 0x4249,
  0x4249, 0x4249, 0x4249, 0x4249, 0x4249, 0x4249, 0x4249, 0x4249, 0x4249, 0x4249, 0x424A, 0x4249,
  0x424A, 0x4249, 0x4249, 0x4249, 0x4249, 0x424A, 0x4249, 0x4249, 0x4249, 0x4249, 0x424A, 0x4249,
  0x4249, 0x424A, 0x4249, 0x4249, 0x4249, 0x424A, 0x4249, 0x424A, 0x4249, 0x4249, 0x4249, 0x4249,
  0x424A, 0x4249, 0x4249, 0x4249, 0x4249, 0x424A, 0x4249, 0x424A, 0x4249, 0x4249, 0x4249, 0x424A,
  0x4249, 0x4249, 0x4249, 0x424A, 0x4249, 0x4249, 0x424A, 0x4249, 0x424A, 0x4249, 0x4249, 0x4249,
  0x4249, 0x4249, 0x4249, 0x424A, 0x4249, 0x4249, 0x424A, 0x4249, 0x4249, 0x4249, 0x424A, 0x4249,
  0x4249, 0x4249, 0x4249, 0x4249, 0x424A, 0x4249, 0x4249, 0x4249, 0x4249, 0x4249, 0x424A, 0x424A,
  0x4249, 0x4249, 0x4249, 0x4249, 0x424A, 0x4249, 0x4249, 0x424A, 0x4249, 0x4249, 0x424A, 0x4249,
  0x4249, 0x424A, 0x4249, 0x4249, 0x424A, 0x4249, 0x4249, 0x4249, 0x4249, 0x4249, 0x4249, 0x4249,
  0x424A, 0x4249, 0x4249, 0x4249, 0x4249, 0x424A, 0x4249, 0x4249, 0x4249, 0x4249, 0x4249, 0x424A,
  0x424A, 0x4249, 0x424A, 0x4249, 0x4249, 0x424A, 0x4249, 0x424A, 0x4249, 0x4249, 0x4249, 0x4249,
  0x4249, 0x424A, 0x4249, 0x4249, 0x4249, 0x4249, 0x4249, 0x4249, 0x4249, 0x424A, 0x424A, 0x4249,
  0x4249, 0x4249, 0x4249, 0x4249, 0x4249, 0x4249, 0x424A, 0x4249, 0x424A, 0x424A, 0x4249, 0x4249,
  0x424A, 0x4249, 0x424A, 0x4249, 0x424A, 0x4249, 0x4249, 0x4249, 0x4249, 0x4249, 0x4249, 0x424A,
  0x4249, 0x4249, 0x424A, 0x4249, 0x4249, 0x424A, 0x4249, 0x424A, 0x4229, 0x424A, 0x4249, 0x4249,
  0x4249, 0x424A, 0x4249, 0x4249, 0x424A, 0x4249, 0x4249, 0x4249, 0x424A, 0x4249, 0x424A, 0x4249,
  0x4249, 0x4249, 0x4249, 0x4249, 0x2986, 0x10C3, 0x1083, 0x10A3, 0x10C3, 0x1083, 0x10A3, 0x10A3,
  0x1082, 0x10A3, 0x10C3, 0x10A4, 0x10A3, 0x10C4, 0x2966, 0x4249, 0x4249, 0x424A, 0x4249, 0x4249,
  0x4249, 0x4249, 0x4249, 0x424A, 0x4249, 0x4249, 0x4249, 0x4249, 0x4249, 0x4249, 0x4249, 0x4249,
  0x4249, 0x4249, 0x4249, 0x4249, 0x4249, 0x4249, 0x4249, 0x4249, 0x424A, 0x4249, 0x4249, 0x4249,
  0x4249, 0x4249, 0x4249, 0x4249, 0x424A, 0x4249, 0x4249, 0x4249, 0x4249, 0x4249, 0x4249, 0x4249,
  0x4249, 0x4249, 0x4249, 0x4249, 0x4249, 0x4249, 0x4249, 0x4249, 0x4249, 0x4249, 0x424A, 0x4249,
  0x4249, 0x4249, 0x424A, 0x4249, 0x424A, 0x4249, 0x4249, 0x4249, 0x4249, 0x424A, 0x4249, 0x4249,
  0x4249, 0x4249, 0x424A, 0x4249, 0x4249, 0x424A, 0x4249, 0x4249, 0x4249, 0x424A, 0x4249, 0x424A,
  0x4249, 0x4249, 0x4249, 0x4249, 0x424A, 0x4249, 0x4249, 0x4249, 0x4249, 0x424A, 0x4249, 0x424A,
  0x4249, 0x4249, 0x4249, 0x424A, 0x4249, 0x4249, 0x4249, 0x424A, 0x4249, 0x4249, 0x424A, 0x4249,
  0x424A, 0x4249, 0x4249, 0x4249, 0x4249, 0x4249, 0x4249, 0x424A, 0x4249, 0x4249, 0x424A, 0x4249,
  0x4249, 0x4249, 0x424A, 0x4249, 0x424A, 0x4249, 0x4249, 0x4249, 0x4249, 0x4249, 0x4249, 0x4249,
  0x424A, 0x4249, 0x4249, 0x4249, 0x4249, 0x424A, 0x4249, 0x4249, 0x4249, 0x424A, 0x4249, 0x4249,
  0x424A, 0x4249, 0x4249, 0x4249, 0x4249, 0x4249, 0x4249, 0x424A, 0x4249, 0x4249, 0x4249, 0x424A,
  0x4249, 0x4249, 0x4249, 0x4249, 0x424A, 0x4249, 0x4249, 0x424A, 0x4249, 0x4249, 0x4249, 0x424A,
  0x4249, 0x4249, 0x4249, 0x4249, 0x4249, 0x424A, 0x4249, 0x4249, 0x424A, 0x4249, 0x4249, 0x4249,
  0x4249, 0x4249, 0x4249, 0x4249, 0x424A, 0x4249, 0x4249, 0x4249, 0x424A, 0x4249, 0x4249, 0x424A,
  0x4249, 0x4249, 0x4249, 0x424A, 0x4249, 0x4249, 0x4249, 0x4249, 0x4249, 0x424A, 0x4249, 0x4249,
  0x4249, 0x4249, 0x4249, 0x4249, 0x4249, 0x4249, 0x4249, 0x4249, 0x4249, 0x424A, 0x4249, 0x4249,
  0x4249, 0x4249, 0x424A, 0x4249, 0x424A, 0x4249, 0x4249, 0x4249, 0x4249, 0x424A, 0x424A, 0x4249,
  0x4249, 0x4249, 0x4249, 0x424A, 0x4249, 0x4249, 0x4249, 0x4249, 0x4249, 0x4249, 0x4249, 0x4249,
  0x4249, 0x4249, 0x4249, 0x424A, 0x4249, 0x4249, 0x424A, 0x4249, 0x4249, 0x4249, 0x4249, 0x424A,
  0x424A, 0x4249, 0x424A, 0x424A, 0x4249, 0x4249, 0x4249, 0x4249, 0x424A, 0x4249, 0x4249, 0x4249,
  0x4249, 0x4249, 0x4249, 0x4249, 0x4249, 0x4249, 0x4249, 0x4249, 0x4249, 0x4249, 0x4249, 0x4249,
  0x4249, 0x424A, 0x4249, 0x4249, 0x4249, 0x424A, 0x4249, 0x4249, 0x4249, 0x4249, 0x424A, 0x4249,
  0x4249, 0x4249, 0x4249, 0x4229, 0x2986, 0x31C8, 0x4229, 0x4249, 0x4249, 0x4249, 0x4249, 0x4249,
  0x4249, 0x424A, 0x4249, 0x4249, 0x4249, 0x4249, 0x4249, 0x4249, 0x424A, 0x4249, 0x4249, 0x3A08,
  0x18E4, 0x10A3, 0x10C3, 0x18A3, 0x10A3, 0x10C3, 0x10C3, 0x10A3, 0x1083, 0x10C3, 0x1083, 0x10A3,
  0x10A3, 0x10E4, 0x31E8, 0x4249, 0x4249, 0x424A, 0x4249, 0x424A, 0x424A, 0x4249, 0x424A, 0x424A,
  0x4249, 0x4249, 0x4249, 0x4249, 0x424A, 0x4249, 0x424A, 0x4249, 0x4249, 0x424A, 0x4249, 0x424A,
  0x4249, 0x424A, 0x4249, 0x424A, 0x4249, 0x4249, 0x4249, 0x4249, 0x424A, 0x424A, 0x4249, 0x4249,
  0x4249, 0x4249, 0x4249, 0x424A, 0x4249, 0x4249, 0x424A, 0x4249, 0x4249, 0x4249, 0x4249, 0x424A,
  0x4249, 0x4249, 0x4249, 0x4249, 0x4249, 0x4249, 0x4249, 0x4249, 0x424A, 0x4249, 0x4249, 0x4249,
  0x4249, 0x4249, 0x4249, 0x4249, 0x424A, 0x4249, 0x4249, 0x4249, 0x4249, 0x424A, 0x4249, 0x4249,
  0x4249, 0x424A, 0x4249, 0x4249, 0x424A, 0x4249, 0x4249, 0x4249, 0x4249, 0x4249, 0x4249, 0x424A,
  0x4249, 0x4249, 0x4249, 0x424A, 0x4249, 0x4249, 0x4249, 0x4249, 0x424A, 0x4249, 0x4249, 0x424A,
  0x4249, 0x4249, 0x4249, 0x424A, 0x4249, 0x4249, 0x4249, 0x4249, 0x4249, 0x424A, 0x4249, 0x4249,
  0x424A, 0x4249, 0x4249, 0x4249, 0x4249, 0x4249, 0x4249, 0x4249, 0x424A, 0x4249, 0x4249, 0x4249,
  0x4249, 0x4249, 0x4249, 0x4249, 0x4249, 0x424A, 0x4249, 0x424A, 0x4249, 0x4249, 0x424A, 0x4249,
  0x424A, 0x4249, 0x4249, 0x4249, 0x4249, 0x4249, 0x4249, 0x4249, 0x4249, 0x4249, 0x4249, 0x424A,
  0x4249, 0x424A, 0x4249, 0x4249, 0x4249, 0x4249, 0x424A, 0x4249, 0x4249, 0x4249, 0x424A, 0x4249,
  0x4249, 0x4249, 0x4249, 0x4249, 0x424A, 0x4249, 0x424A, 0x4249, 0x4249, 0x4249, 0x4249, 0x4249,
  0x4249, 0x4249, 0x4249, 0x424A, 0x4249, 0x4249, 0x4249, 0x4249, 0x424A, 0x424A, 0x4249, 0x4249,
  0x4249, 0x4249, 0x4249, 0x424A, 0x4249, 0x4249, 0x4249, 0x424A, 0x4249, 0x4249, 0x4249, 0x4249,
  0x424A, 0x4249, 0x4249, 0x4249, 0x4249, 0x4249, 0x424A, 0x4249, 0x4249, 0x424A, 0x4249, 0x424A,
  0x4249, 0x4249, 0x424A, 0x4249, 0x4249, 0x4249, 0x4249, 0x424A, 0x4249, 0x4249, 0x4249, 0x4249,
  0x4249, 0x4249, 0x424A, 0x4249, 0x4249, 0x4249, 0x4249, 0x4249, 0x424A, 0x4249, 0x4249, 0x424A,
  0x4249, 0x424A, 0x424A, 0x4249, 0x4249, 0x4249, 0x4249, 0x4249, 0x424A, 0x4249, 0x4249, 0x4249,
  0x4249, 0x4249, 0x4249, 0x4249, 0x424A, 0x4249, 0x4249, 0x424A, 0x4249, 0x4249, 0x4249, 0x4249,
  0x4249, 0x4249, 0x4249, 0x4249, 0x4249, 0x424A, 0x4249, 0x424A, 0x4249, 0x424A, 0x4249, 0x4249,
  0x4249, 0x4249, 0x4249, 0x4249, 0x4249, 0x4249, 0x4249, 0x4249, 0x4249, 0x4249, 0x4249, 0x424A,
  0x4249, 0x4249, 0x4249, 0x4249, 0x424A, 0x4249, 0x424A, 0x4249, 0x4A28, 0x4A48, 0x4249, 0x31C7,
  0x10C3, 0x10C4, 0x2965, 0x39E8, 0x4229, 0x424A, 0x4249, 0x4249, 0x4249, 0x4249, 0x4249, 0x424A,
  0x4249, 0x4249, 0x4249, 0x4249, 0x4249, 0x424A, 0x4249, 0x2986, 0x18C3, 0x18C3, 0x18C3, 0x18C3,
  0x10C3, 0x10A3, 0x18A3, 0x1083, 0x10A3, 0x10A3, 0x08A2, 0x10A3, 0x10C3, 0x2125, 0x4229, 0x424A,
  0x4249, 0x4249, 0x4249, 0x4249, 0x4249, 0x4249, 0x4249, 0x4249, 0x4249, 0x4249, 0x4249, 0x4249,
  0x424A, 0x4249, 0x4249, 0x424A, 0x4249, 0x4249, 0x4249, 0x4249, 0x4249, 0x4249, 0x4249, 0x4249,
  0x4249, 0x4249, 0x4249, 0x4249, 0x4249, 0x4249, 0x4249, 0x424A, 0x424A, 0x4249, 0x4249, 0x424A,
  0x4249, 0x4249, 0x424A, 0x4249, 0x4249, 0x424A, 0x4249, 0x4249, 0x4249, 0x424A, 0x4249, 0x424A,
  0x4249, 0x424A, 0x4249, 0x4249, 0x4249, 0x4249, 0x4249, 0x4249, 0x4249, 0x424A, 0x4249, 0x424A,
  0x4249, 0x4249, 0x424A, 0x4249, 0x424A, 0x4249, 0x4249, 0x4249, 0x4249, 0x4249, 0x4249, 0x4249,
  0x4249, 0x4249, 0x4249, 0x424A, 0x4249, 0x424A, 0x4249, 0x4249, 0x4249, 0x4249, 0x424A, 0x4249,
  0x4249, 0x4249, 0x424A, 0x4249, 0x4249, 0x4249, 0x4249, 0x4249, 0x424A, 0x4249, 0x424A, 0x4249,
  0x4249, 0x4249, 0x4249, 0x4249, 0x4249, 0x4249, 0x4249, 0x424A, 0x4249, 0x4249, 0x4249, 0x4249,
  0x424A, 0x424A, 0x4249, 0x4249, 0x4249, 0x4249, 0x4249, 0x424A, 0x424A, 0x4249, 0x4249, 0x4249,
  0x4249, 0x4249, 0x4249, 0x4249, 0x4249, 0x4249, 0x4249, 0x4249, 0x4249, 0x4249, 0x424A, 0x424A,
  0x424A, 0x4249, 0x4249, 0x4249, 0x424A, 0x4249, 0x4249, 0x4249, 0x4249, 0x4249, 0x4249, 0x4249,
  0x424A, 0x4249, 0x4249, 0x424A, 0x424A, 0x4249, 0x4249, 0x4249, 0x4249, 0x4249, 0x4249, 0x424A,
  0x4249, 0x4249, 0x4249, 0x4249, 0x4249, 0x424A, 0x4249, 0x4249, 0x424A, 0x424A, 0x4249, 0x4249,
  0x4249, 0x424A, 0x424A, 0x4249, 0x4249, 0x4249, 0x4249, 0x4249, 0x4249, 0x4249, 0x4249, 0x4249,
  0x4249, 0x4249, 0x4249, 0x4249, 0x4249, 0x4249, 0x4249, 0x4249, 0x4249, 0x4249, 0x4249, 0x424A,
  0x4249, 0x424A, 0x4249, 0x4249, 0x4249, 0x4249, 0x424A, 0x4249, 0x4249, 0x424A, 0x4249, 0x4249,
  0x424A, 0x4249, 0x4249, 0x4249, 0x4249, 0x4249, 0x424A, 0x4249, 0x4249, 0x424A, 0x4249, 0x4249,
  0x424A, 0x4249, 0x4249, 0x424A, 0x4249, 0x4249, 0x4249, 0x4249, 0x4249, 0x4249, 0x4249, 0x4249,
  0x424A, 0x4249, 0x4249, 0x424A, 0x4249, 0x4249, 0x4249, 0x4249, 0x4249, 0x4249, 0x424A, 0x4249,
  0x4249, 0x4249, 0x4249, 0x4249, 0x4249, 0x4249, 0x4249, 0x4249, 0x424A, 0x4249, 0x4249, 0x4249,
  0x4249, 0x4249, 0x4249, 0x424A, 0x4249, 0x4249, 0x424A, 0x4249, 0x4249, 0x424A, 0x424A, 0x4249,
  0x4249, 0x4249, 0x424A, 0x4249, 0x424A, 0x424A, 0x4249, 0x4249, 0x4249, 0x424A, 0x4249, 0x4249,
  0x4249, 0x4249, 0x4249, 0x4A48, 0x4A27, 0x4A27, 0x4A27, 0x2965, 0x10A3, 0x10A3, 0x2104, 0x2944,
  0x2986, 0x39E8, 0x4229, 0x424A, 0x4249, 0x4249, 0x424A, 0x4249, 0x4249, 0x4249, 0x424A, 0x424A,
  0x4249, 0x4249, 0x3A09, 0x2104, 0x18C3, 0x18C3, 0x18C3, 0x18A3, 0x10E3, 0x10A3, 0x18A3, 0x10A3,
  0x10C3, 0x10C3, 0x10A3, 0x10A3, 0x18A3, 0x31C7, 0x4249, 0x4249, 0x4249, 0x4249, 0x4249, 0x4249,
  0x424A, 0x4249, 0x4249, 0x4249, 0x424A, 0x4249, 0x424A, 0x4249, 0x4249, 0x4249, 0x4249, 0x4249,
  0x4249, 0x4249, 0x4249, 0x424A, 0x4249, 0x4249, 0x4249, 0x4249, 0x4249, 0x424A, 0x4249, 0x4249,
  0x424A, 0x4249, 0x4249, 0x4249, 0x424A, 0x4249, 0x4249, 0x4249, 0x4249, 0x4249, 0x4249, 0x4249,
  0x4249, 0x4249, 0x4249, 0x4249, 0x4249, 0x424A, 0x4249, 0x4249, 0x4249, 0x424A, 0x4249, 0x4249,
  0x424A, 0x4249, 0x4249, 0x4249, 0x4249, 0x4249, 0x4249, 0x4249, 0x4249, 0x4249, 0x4249, 0x4249,
  0x4249, 0x4249, 0x424A, 0x424A, 0x424A, 0x4249, 0x4249, 0x4249, 0x424A, 0x4249, 0x4249, 0x4249,
  0x4249, 0x4249, 0x4249, 0x4249, 0x424A, 0x4249, 0x4249, 0x424A, 0x424A, 0x4249, 0x4249, 0x4249,
  0x4249, 0x4249, 0x4249, 0x424A, 0x4249, 0x4249, 0x4249, 0x4249, 0x4249, 0x424A, 0x4249, 0x4249,
  0x424A, 0x424A, 0x4249, 0x4249, 0x4249, 0x424A, 0x424A, 0x4249, 0x4249, 0x4249, 0x4249, 0x4249,
  0x4249, 0x4249, 0x4249, 0x4249, 0x4249, 0x4249, 0x4249, 0x424A, 0x424A, 0x4249, 0x424A, 0x4249,
  0x424A, 0x4249, 0x4249, 0x424A, 0x4249, 0x4249, 0x4249, 0x4249, 0x4249, 0x4249, 0x424A, 0x4249,
  0x4249, 0x4249, 0x424A, 0x4249, 0x4249, 0x424A, 0x4249, 0x424A, 0x4249, 0x4249, 0x4249, 0x4249,
  0x4249, 0x4249, 0x4249, 0x4249, 0x424A, 0x4249, 0x4249, 0x4249, 0x4249, 0x4249, 0x424A, 0x4249,
  0x4249, 0x424A, 0x424A, 0x4249, 0x4249, 0x4249, 0x4249, 0x4249, 0x4249, 0x4249, 0x4249, 0x4249,
  0x4249, 0x4249, 0x424A, 0x4249, 0x424A, 0x424A, 0x4249, 0x424A, 0x4249, 0x4249, 0x4249, 0x424A,
  0x4249, 0x4249, 0x424A, 0x424A, 0x4249, 0x4249, 0x4249, 0x4249, 0x4249, 0x424A, 0x4249, 0x4249,
  0x4249, 0x4249, 0x4249, 0x4249, 0x424A, 0x4249, 0x4249, 0x4249, 0x4249, 0x4249, 0x424A, 0x4249,
  0x4249, 0x424A, 0x4249, 0x4249, 0x4249, 0x4249, 0x4249, 0x4249, 0x4249, 0x4249, 0x4249, 0x4249,
  0x4249, 0x4249, 0x4249, 0x424A, 0x4249, 0x4249, 0x4249, 0x4249, 0x4249, 0x4249, 0x4249, 0x4249,
  0x4249, 0x424A, 0x4249, 0x4249, 0x424A, 0x4249, 0x4249, 0x4249, 0x424A, 0x4249, 0x4249, 0x424A,
  0x424A, 0x4249, 0x4249, 0x424A, 0x4249, 0x4249, 0x4249, 0x4249, 0x424A, 0x4249, 0x4249, 0x4249,
  0x424A, 0x4249, 0x4249, 0x4249, 0x4249, 0x4249, 0x4249, 0x424A, 0x4249, 0x424A, 0x4249, 0x4249,
  0x4249, 0x4249, 0x4249, 0x4249, 0x4249, 0x4249, 0x424A, 0x4249, 0x4249, 0x4249, 0x4A48, 0x4A27,
  0x4A47, 0x4A27, 0x4A27, 0x4207, 0x2945, 0x1904, 0x2944, 0x2924, 0x2944, 0x2964, 0x3186, 0x39E8,
  0x4229, 0x4249, 0x4249, 0x4249, 0x4249, 0x424A, 0x4249, 0x4249, 0x4249, 0x4249, 0x29A7, 0x18E4,
  0x18C3, 0x18E3, 0x18E3, 0x18E3, 0x18C3, 0x10E3, 0x10C3, 0x10C3, 0x18A3, 0x10A3, 0x18C3, 0x1083,
  0x2125, 0x4229, 0x4249, 0x4249, 0x4249, 0x4249, 0x4249, 0x424A, 0x4249, 0x4249, 0x4249, 0x4249,
  0x4249, 0x4249, 0x424A, 0x4249, 0x4249, 0x4249, 0x4249, 0x4249, 0x424A, 0x424A, 0x4249, 0x4249,
  0x424A, 0x4249, 0x424A, 0x4249, 0x424A, 0x4249, 0x4249, 0x424A, 0x4249, 0x4249, 0x4249, 0x4249,
  0x4249, 0x4249, 0x4249, 0x4249, 0x424A, 0x4249, 0x4249, 0x4249, 0x424A, 0x4249, 0x424A, 0x4249,
  0x4249, 0x4249, 0x4249, 0x4249, 0x4249, 0x424A, 0x4249, 0x424A, 0x4249, 0x4249, 0x4249, 0x424A,
  0x424A, 0x4249, 0x424A, 0x4249, 0x424A, 0x4249, 0x4249, 0x424A, 0x4249, 0x4249, 0x4249, 0x4249,
  0x4249, 0x4249, 0x424A, 0x4249, 0x4249, 0x4249, 0x424A, 0x4249, 0x4249, 0x424A, 0x4249, 0x424A,
  0x4249, 0x4249, 0x4249, 0x4249, 0x4249, 0x4249, 0x4249, 0x4249, 0x424A, 0x4249, 0x4249, 0x4249,
  0x4249, 0x4249, 0x424A, 0x4249, 0x4249, 0x424A, 0x424A, 0x4249, 0x4249, 0x4249, 0x4249, 0x4249,
  0x4249, 0x4249, 0x4249, 0x4249, 0x4249, 0x4249, 0x424A, 0x4249, 0x424A, 0x424A, 0x4249, 0x424A,
  0x4249, 0x424A, 0x4249, 0x424A, 0x4249, 0x4249, 0x4249, 0x4249, 0x4249, 0x4249, 0x4249, 0x4249,
  0x4249, 0x424A, 0x4249, 0x4249, 0x424A, 0x4249, 0x4249, 0x4249, 0x424A, 0x4249, 0x4249, 0x4249,
  0x4249, 0x4249, 0x4249, 0x4249, 0x4249, 0x4249, 0x424A, 0x4249, 0x4249, 0x424A, 0x4249, 0x4249,
  0x4249, 0x4249, 0x424A, 0x4249, 0x4249, 0x4249, 0x4249, 0x4249, 0x4249, 0x4249, 0x4249, 0x4249,
  0x4249, 0x424A, 0x4249, 0x4249, 0x424A, 0x4249, 0x4249, 0x424A, 0x4249, 0x424A, 0x4249, 0x4249,
  0x424A, 0x4249, 0x4249, 0x4249, 0x4249, 0x4249, 0x4249, 0x4249, 0x4249, 0x424A, 0x4249, 0x4249,
  0x4249, 0x4249, 0x424A, 0x4249, 0x4249, 0x4249, 0x4249, 0x4249, 0x4249, 0x424A, 0x4249, 0x4249,
  0x4249, 0x4249, 0x4249, 0x4249, 0x4249, 0x424A, 0x4249, 0x4249, 0x424A, 0x4249, 0x4249, 0x4249,
  0x424A, 0x4249, 0x4249, 0x4249, 0x424A, 0x424A, 0x4249, 0x4249, 0x424A, 0x4249, 0x4249, 0x4249,
  0x424A, 0x4249, 0x4249, 0x424A, 0x4249, 0x4249, 0x4249, 0x424A, 0x4249, 0x424A, 0x4249, 0x4249,
  0x4249, 0x424A, 0x4249, 0x4249, 0x4249, 0x4249, 0x4249, 0x4249, 0x4249, 0x4249, 0x4249, 0x4249,
  0x424A, 0x4249, 0x424A, 0x4249, 0x424A, 0x4249, 0x4249, 0x4249, 0x4249, 0x4249, 0x4249, 0x424A,
  0x4249, 0x4249, 0x4249, 0x4249, 0x4249, 0x4249, 0x4249, 0x4249, 0x4249, 0x4249, 0x424A, 0x4249,
  0x4249, 0x4249, 0x4249, 0x4249, 0x4229, 0x39C7, 0x4207, 0x4A27, 0x4A27, 0x4A47, 0x4A27, 0x4206,
  0x2944, 0x2945, 0x2944, 0x2944, 0x2944, 0x2944, 0x2945, 0x2944, 0x3166, 0x39E8, 0x4229, 0x424A,
  0x4249, 0x4249, 0x4249, 0x4249, 0x4249, 0x3A29, 0x2104, 0x18E3, 0x18E4, 0x2104, 0x18E4, 0x18E3,
  0x18E4, 0x18C3, 0x18C4, 0x18E3, 0x18C3, 0x18A3, 0x10C3, 0x10C3, 0x31A7, 0x4249, 0x424A, 0x4249,
  0x4249, 0x424A, 0x4249, 0x4249, 0x4249, 0x424A, 0x4249, 0x424A, 0x4249, 0x4249, 0x4249, 0x4249,
  0x424A, 0x424A, 0x4249, 0x4249, 0x4249, 0x4249, 0x4249, 0x4249, 0x424A, 0x4249, 0x4249, 0x4249,
  0x4249, 0x4249, 0x424A, 0x4249, 0x4249, 0x4249, 0x424A, 0x4249, 0x4249, 0x4249, 0x424A, 0x4249,
  0x4249, 0x424A, 0x4249, 0x4249, 0x4249, 0x424A, 0x4249, 0x4249, 0x4249, 0x424A, 0x4249, 0x4249,
  0x4249, 0x4249, 0x4249, 0x4249, 0x4249, 0x424A, 0x4249, 0x424A, 0x4249, 0x4249, 0x4249, 0x4249,
  0x4249, 0x4249, 0x4249, 0x4249, 0x4249, 0x424A, 0x4249, 0x4249, 0x424A, 0x4249, 0x4249, 0x4249,
  0x424A, 0x4249, 0x4249, 0x4249, 0x4249, 0x4249, 0x4249, 0x4249, 0x4249, 0x4249, 0x424A, 0x4249,
  0x4249, 0x424A, 0x4249, 0x4249, 0x4249, 0x4249, 0x424A, 0x4249, 0x4249, 0x4249, 0x4249, 0x4249,
  0x4249, 0x4249, 0x4249, 0x4249, 0x4249, 0x424A, 0x4249, 0x4249, 0x424A, 0x4249, 0x4249, 0x424A,
  0x4249, 0x424A, 0x4249, 0x4249, 0x424A, 0x4249, 0x4249, 0x4249, 0x4249, 0x4249, 0x4249, 0x4249,
  0x4249, 0x4249, 0x424A, 0x4249, 0x424A, 0x4249, 0x4249, 0x424A, 0x4249, 0x4249, 0x4249, 0x4249,
  0x4249, 0x4249, 0x4249, 0x424A, 0x4249, 0x4249, 0x4249, 0x4249, 0x424A, 0x4249, 0x424A, 0x4249,
  0x4249, 0x424A, 0x4249, 0x4249, 0x4249, 0x424A, 0x4249, 0x424A, 0x4249, 0x4249, 0x424A, 0x4249,
  0x4249, 0x4249, 0x424A, 0x4249, 0x424A, 0x4249, 0x4249, 0x4249, 0x4249, 0x424A, 0x4249, 0x4249,
  0x4249, 0x4249, 0x4249, 0x4249, 0x4249, 0x4249, 0x4249, 0x4249, 0x4249, 0x4249, 0x4249, 0x424A,
  0x4249, 0x424A, 0x4249, 0x4249, 0x4249, 0x4249, 0x4249, 0x4249, 0x4249, 0x4249, 0x4249, 0x424A,
  0x4249, 0x4249, 0x424A, 0x4249, 0x424A, 0x4249, 0x4249, 0x424A, 0x4249, 0x4249, 0x4249, 0x424A,
  0x424A, 0x4249, 0x4249, 0x4249, 0x424A, 0x4249, 0x4249, 0x4249, 0x4249, 0x4249, 0x4249, 0x4249,
  0x424A, 0x4249, 0x4249, 0x4249, 0x424A, 0x4249, 0x4249, 0x424A, 0x4249, 0x4249, 0x4249, 0x4249,
  0x4249, 0x4249, 0x4249, 0x424A, 0x4249, 0x4249, 0x4249, 0x4249, 0x424A, 0x4249, 0x4249, 0x4249,
  0x424A, 0x4249, 0x424A, 0x4249, 0x424A, 0x4249, 0x4249, 0x4249, 0x4249, 0x4249, 0x4249, 0x424A,
  0x4249, 0x4249, 0x4249, 0x4249, 0x4249, 0x4249, 0x4249, 0x4249, 0x424A, 0x4249, 0x424A, 0x4249,
  0x4249, 0x4249, 0x424A, 0x4249, 0x424A, 0x4249, 0x4249, 0x424A, 0x424A, 0x4249, 0x424A, 0x4249,
  0x39E7, 0x2965, 0x2964, 0x41E6, 0x4A27, 0x4A27, 0x49E6, 0x20E4, 0x2904, 0x4207, 0x39C6, 0x2945,
  0x2944, 0x2944, 0x2924, 0x2944, 0x2944, 0x2944, 0x2985, 0x39C7, 0x4229, 0x4249, 0x4249, 0x424A,
  0x4249, 0x31A7, 0x18E4, 0x2104, 0x2104, 0x1904, 0x2104, 0x20E4, 0x1903, 0x18E4, 0x18C3, 0x10C3,
  0x10C4, 0x18E3, 0x10C3, 0x10C3, 0x2104, 0x31C7, 0x4229, 0x4249, 0x424A, 0x424A, 0x4249, 0x4249,
  0x4249, 0x4249, 0x4249, 0x4249, 0x4249, 0x424A, 0x4249, 0x4249, 0x4249, 0x424A, 0x4249, 0x4249,
  0x4249, 0x4249, 0x4249, 0x4249, 0x4249, 0x4249, 0x4249, 0x4249, 0x4249, 0x4249, 0x4249, 0x4249,
  0x4249, 0x4249, 0x4249, 0x4249, 0x424A, 0x424A, 0x4249, 0x4249, 0x4249, 0x424A, 0x424A, 0x4249,
  0x4249, 0x4249, 0x4249, 0x4249, 0x4249, 0x4249, 0x424A, 0x4249, 0x4249, 0x424A, 0x4249, 0x4249,
  0x4249, 0x4249, 0x4249, 0x4249, 0x4249, 0x4249, 0x424A, 0x4249, 0x424A, 0x4249, 0x4249, 0x424A,
  0x4249, 0x4249, 0x4249, 0x4249, 0x4249, 0x4249, 0x4249, 0x424A, 0x4249, 0x4249, 0x4249, 0x4249,
  0x424A, 0x4249, 0x424A, 0x4249, 0x4249, 0x424A, 0x4249, 0x4249, 0x4249, 0x424A, 0x4249, 0x424A,
  0x4249, 0x4249, 0x424A, 0x4249, 0x4249, 0x4249, 0x424A, 0x4249, 0x424A, 0x4249, 0x4249, 0x4249,
  0x4249, 0x424A, 0x4249, 0x4249, 0x4249, 0x4249, 0x4249, 0x4249, 0x4249, 0x4249, 0x4249, 0x4249,
  0x4249, 0x4249, 0x4249, 0x424A, 0x424A, 0x4249, 0x424A, 0x4249, 0x4249, 0x424A, 0x4249, 0x4249,
  0x4249, 0x424A, 0x4249, 0x4249, 0x4249, 0x424A, 0x4249, 0x4249, 0x4249, 0x4249, 0x424A, 0x4249,
  0x4249, 0x4249, 0x4249, 0x424A, 0x4249, 0x4249, 0x4249, 0x4249, 0x4249, 0x4249, 0x4249, 0x4249,
  0x4249, 0x4249, 0x4249, 0x424A, 0x4249, 0x4249, 0x4249, 0x424A, 0x4249, 0x424A, 0x4249, 0x4249,
  0x4249, 0x424A, 0x4249, 0x424A, 0x4249, 0x4249, 0x424A, 0x4249, 0x4249, 0x424A, 0x4249, 0x424A,
  0x4249, 0x4249, 0x424A, 0x4249, 0x4249, 0x4249, 0x4249, 0x4249, 0x4249, 0x4249, 0x424A, 0x424A,
  0x424A, 0x4249, 0x4249, 0x4249, 0x424A, 0x4249, 0x4249, 0x4249, 0x424A, 0x4249, 0x4249, 0x4249,
  0x4249, 0x4249, 0x4249, 0x424A, 0x4249, 0x4249, 0x4249, 0x4249, 0x4249, 0x4249, 0x4249, 0x4249,
  0x4249, 0x4249, 0x4249, 0x424A, 0x424A, 0x4249, 0x424A, 0x4249, 0x4249, 0x4249, 0x4249, 0x4249,
  0x424A, 0x4249, 0x4249, 0x4249, 0x4249, 0x424A, 0x4249, 0x4249, 0x424A, 0x4249, 0x424A, 0x4249,
  0x4249, 0x4249, 0x4249, 0x424A, 0x4249, 0x4249, 0x4249, 0x4249, 0x4249, 0x4249, 0x4249, 0x4249,
  0x4249, 0x4249, 0x424A, 0x4249, 0x424A, 0x4249, 0x4249, 0x4249, 0x4249, 0x424A, 0x424A, 0x4249,
  0x424A, 0x424A, 0x4249, 0x4249, 0x4249, 0x4249, 0x4249, 0x4249, 0x424A, 0x4249, 0x4249, 0x4249,
  0x4249, 0x4249, 0x4249, 0x4249, 0x4249, 0x4249, 0x4249, 0x3A08, 0x2965, 0x2944, 0x2944, 0x2964,
  0x39C6, 0x4A27, 0x41E6, 0x2104, 0x3185, 0x4A27, 0x4A27, 0x41E6, 0x2965, 0x2944, 0x2945, 0x2944,
  0x2944, 0x2944, 0x2944, 0x2945, 0x2965, 0x39C7, 0x4229, 0x4249, 0x3A29, 0x2945, 0x2124, 0x2945,
  0x2145, 0x2145, 0x2124, 0x2124, 0x1904, 0x1904, 0x20E3, 0x18C4, 0x18E4, 0x18E3, 0x18C4, 0x1083,
  0x10A3, 0x18A3, 0x2125, 0x31C7, 0x4229, 0x4249, 0x4249, 0x4249, 0x424A, 0x4249, 0x4249, 0x424A,
  0x4249, 0x4249, 0x424A, 0x4249, 0x4249, 0x4249, 0x4249, 0x4249, 0x424A, 0x4249, 0x424A, 0x4249,
  0x4249, 0x4249, 0x424A, 0x4249, 0x4249, 0x4249, 0x424A, 0x4249, 0x4249, 0x424A, 0x4249, 0x4249,
  0x4249, 0x4249, 0x4249, 0x4249, 0x4249, 0x4249, 0x4249, 0x4249, 0x4249, 0x424A, 0x4249, 0x4249,
  0x4249, 0x4249, 0x4249, 0x4249, 0x4249, 0x4249, 0x4249, 0x424A, 0x424A, 0x4249, 0x424A, 0x4249,
  0x4249, 0x424A, 0x4249, 0x4249, 0x4249, 0x424A, 0x4249, 0x4249, 0x4249, 0x424A, 0x4249, 0x4249,
  0x4249, 0x4249, 0x424A, 0x4249, 0x4249, 0x4249, 0x4249, 0x424A, 0x4249, 0x4249, 0x4249, 0x4249,
  0x4249, 0x4249, 0x4249, 0x4249, 0x4249, 0x4249, 0x4249, 0x424A, 0x4249, 0x4249, 0x4249, 0x424A,
  0x4249, 0x424A, 0x4249, 0x4249, 0x4249, 0x424A, 0x4249, 0x424A, 0x4249, 0x4249, 0x424A, 0x4249,
  0x4249, 0x424A, 0x4249, 0x424A, 0x4249, 0x4249, 0x424A, 0x4249, 0x4249, 0x4249, 0x4249, 0x4249,
  0x4249, 0x4249, 0x4249, 0x4249, 0x4249, 0x4249, 0x4249, 0x4249, 0x4249, 0x424A, 0x4249, 0x4249,
  0x4249, 0x4249, 0x4249, 0x424A, 0x4249, 0x4249, 0x4249, 0x4249, 0x424A, 0x4249, 0x4249, 0x4249,
  0x4249, 0x424A, 0x4249, 0x4249, 0x424A, 0x424A, 0x4249, 0x424A, 0x4249, 0x424A, 0x4249, 0x4249,
  0x4249, 0x4249, 0x424A, 0x4249, 0x4249, 0x4249, 0x4249, 0x4249, 0x4249, 0x4249, 0x4249, 0x4249,
  0x4249, 0x4249, 0x4249, 0x4249, 0x4249, 0x4249, 0x4249, 0x4249, 0x4249, 0x4249, 0x424A, 0x4249,
  0x4249, 0x424A, 0x4249, 0x4249, 0x4249, 0x4249, 0x4249, 0x4249, 0x4249, 0x4249, 0x4249, 0x4249,
  0x424A, 0x4249, 0x424A, 0x4249, 0x424A, 0x4249, 0x4249, 0x4249, 0x4249, 0x424A, 0x4249, 0x4249,
  0x4249, 0x424A, 0x424A, 0x4249, 0x4249, 0x4249, 0x424A, 0x4249, 0x424A, 0x4249, 0x4249, 0x4249,
  0x4249, 0x4249, 0x4249, 0x4249, 0x4249, 0x424A, 0x4249, 0x4249, 0x4249, 0x4249, 0x4249, 0x4249,
  0x4249, 0x424A, 0x4249, 0x4249, 0x4249, 0x4249, 0x4249, 0x4249, 0x4249, 0x4249, 0x424A, 0x4249,
  0x4249, 0x4249, 0x424A, 0x4249, 0x424A, 0x424A, 0x4249, 0x4249, 0x4249, 0x424A, 0x4249, 0x4249,
  0x4249, 0x4249, 0x424A, 0x4249, 0x4249, 0x4249, 0x4249, 0x4249, 0x4249, 0x4249, 0x4249, 0x424A,
  0x4249, 0x4249, 0x424A, 0x4249, 0x4249, 0x424A, 0x4249, 0x4249, 0x424A, 0x4249, 0x4249, 0x4249,
  0x424A, 0x4249, 0x3A09, 0x2985, 0x2944, 0x2924, 0x2944, 0x2944, 0x2944, 0x39A6, 0x4A27, 0x4207,
  0x4A27, 0x4A27, 0x4A27, 0x4A47, 0x41E6, 0x2965, 0x2924, 0x2945, 0x2944, 0x2945, 0x2944, 0x2944,
  0x2944, 0x2945, 0x2965, 0x31C7, 0x31C7, 0x2945, 0x2965, 0x2965, 0x2965, 0x2945, 0x2945, 0x2124,
  0x2125, 0x2124, 0x2104, 0x2104, 0x18E4, 0x18E3, 0x18C3, 0x1083, 0x10A3, 0x10C3, 0x10A3, 0x10C3,
  0x1905, 0x31A7, 0x3A29, 0x4249, 0x4249, 0x424A, 0x4249, 0x4249, 0x4249, 0x4249, 0x4249, 0x424A,
  0x4249, 0x4249, 0x4249, 0x4249, 0x4249, 0x4249, 0x424A, 0x4249, 0x4249, 0x4249, 0x424A, 0x424A,
  0x4249, 0x424A, 0x4249, 0x4249, 0x4249, 0x4249, 0x4249, 0x4249, 0x4249, 0x4249, 0x4249, 0x424A,
  0x4249, 0x4249, 0x4249, 0x4249, 0x4249, 0x4249, 0x424A, 0x4249, 0x424A, 0x424A, 0x4249, 0x424A,
  0x424A, 0x4249, 0x4249, 0x4249, 0x4249, 0x4249, 0x4249, 0x4249, 0x4249, 0x4249, 0x4249, 0x4249,
  0x4249, 0x424A, 0x4249, 0x4249, 0x4249, 0x4249, 0x4249, 0x424A, 0x4249, 0x4249, 0x4249, 0x4249,
  0x424A, 0x4249, 0x4249, 0x4249, 0x4249, 0x424A, 0x4249, 0x4249, 0x424A, 0x424A, 0x4249, 0x424A,
  0x4249, 0x424A, 0x4249, 0x4249, 0x4249, 0x4249, 0x424A, 0x4249, 0x4249, 0x4249, 0x4249, 0x4249,
  0x4249, 0x4249, 0x4249, 0x4249, 0x4249, 0x4249, 0x4249, 0x4249, 0x4249, 0x4249, 0x4249, 0x4249,
  0x4249, 0x4249, 0x424A, 0x4249, 0x4249, 0x424A, 0x4249, 0x4249, 0x4249, 0x4249, 0x4249, 0x424A,
  0x424A, 0x4249, 0x4249, 0x424A, 0x4249, 0x4249, 0x4249, 0x4249, 0x424A, 0x4249, 0x4249, 0x424A,
  0x4249, 0x4249, 0x4249, 0x4249, 0x4249, 0x424A, 0x4249, 0x4249, 0x4249, 0x4249, 0x4249, 0x4249,
  0x4249, 0x424A, 0x4249, 0x4249, 0x4249, 0x4249, 0x4249, 0x4249, 0x4249, 0x4249, 0x4249, 0x4249,
  0x4249, 0x4249, 0x424A, 0x4249, 0x424A, 0x4249, 0x4249, 0x4249, 0x424A, 0x4249, 0x4249, 0x424A,
  0x4249, 0x424A, 0x4249, 0x4249, 0x4249, 0x4249, 0x4249, 0x424A, 0x4249, 0x4249, 0x4249, 0x424A,
  0x424A, 0x4249, 0x4249, 0x4249, 0x4249, 0x4249, 0x424A, 0x4249, 0x4249, 0x4249, 0x4249, 0x4249,
  0x4249, 0x4249, 0x424A, 0x4249, 0x4249, 0x4249, 0x4249, 0x4249, 0x4249, 0x4249, 0x4249, 0x4249,
  0x4249, 0x4249, 0x4249, 0x4249, 0x4249, 0x4249, 0x4249, 0x424A, 0x4249, 0x4249, 0x4249, 0x4249,
  0x4249, 0x424A, 0x424A, 0x4249, 0x4249, 0x4249, 0x424A, 0x4249, 0x4249, 0x424A, 0x4249, 0x4249,
  0x4249, 0x424A, 0x4249, 0x4249, 0x4249, 0x424A, 0x4249, 0x4249, 0x4249, 0x424A, 0x4249, 0x4249,
  0x4249, 0x4249, 0x424A, 0x4249, 0x4249, 0x4249, 0x4249, 0x4249, 0x4249, 0x4249, 0x4249, 0x4249,
  0x424A, 0x4249, 0x4249, 0x4249, 0x4249, 0x4249, 0x4249, 0x4249, 0x4249, 0x4249, 0x424A, 0x424A,
  0x4249, 0x4249, 0x4249, 0x4209, 0x3A29, 0x4249, 0x4249, 0x4249, 0x4249, 0x4209, 0x2986, 0x2944,
  0x2944, 0x2944, 0x2944, 0x2944, 0x2944, 0x2944, 0x3185, 0x4207, 0x4A47, 0x4A27, 0x4A27, 0x4A27,
  0x4A27, 0x3165, 0x2944, 0x2924, 0x2944, 0x2924, 0x2945, 0x2944, 0x2945, 0x2944, 0x2944, 0x2924,
  0x2965, 0x2965, 0x31A6, 0x31C6, 0x3186, 0x2985, 0x2965, 0x2965, 0x2925, 0x2144, 0x2124, 0x2104,
  0x18E4, 0x1904, 0x18C3, 0x10C3, 0x10A3, 0x18A3, 0x10A3, 0x1083, 0x10C3, 0x10C3, 0x1905, 0x31A7,
  0x4229, 0x4249, 0x424A, 0x4249, 0x4249, 0x4249, 0x4249, 0x4249, 0x4249, 0x424A, 0x424A, 0x424A,
  0x4249, 0x4249, 0x4249, 0x4249, 0x424A, 0x4249, 0x4249, 0x4249, 0x4249, 0x4249, 0x4249, 0x424A,
  0x424A, 0x4249, 0x4249, 0x4249, 0x4249, 0x4249, 0x424A, 0x4249, 0x4249, 0x424A, 0x4249, 0x4249,
  0x424A, 0x4249, 0x4249, 0x4249, 0x4249, 0x4249, 0x4249, 0x4249, 0x4249, 0x4249, 0x424A, 0x4249,
  0x4249, 0x4249, 0x4249, 0x424A, 0x424A, 0x4249, 0x4249, 0x424A, 0x4249, 0x4249, 0x4249, 0x4249,
  0x424A, 0x4249, 0x4249, 0x424A, 0x4249, 0x4249, 0x4249, 0x4249, 0x4249, 0x424A, 0x4249, 0x4249,
  0x4249, 0x4249, 0x4249, 0x4249, 0x4249, 0x424A, 0x4249, 0x4249, 0x4249, 0x4249, 0x4249, 0x4249,
  0x4249, 0x4249, 0x4249, 0x4249, 0x4249, 0x4249, 0x424A, 0x4249, 0x424A, 0x4249, 0x4249, 0x4249,
  0x424A, 0x4249, 0x4249, 0x424A, 0x4249, 0x424A, 0x4249, 0x4249, 0x4249, 0x4249, 0x4249, 0x424A,
  0x4249, 0x4249, 0x4249, 0x424A, 0x4249, 0x4249, 0x4249, 0x4249, 0x4249, 0x4249, 0x4249, 0x424A,
  0x4249, 0x4249, 0x4249, 0x424A, 0x4249, 0x4249, 0x4249, 0x424A, 0x4249, 0x424A, 0x4249, 0x4249,
  0x4249, 0x4249, 0x424A, 0x424A, 0x4249, 0x424A, 0x4249, 0x4249, 0x4249, 0x4249, 0x4249, 0x4249,
  0x4249, 0x424A, 0x4249, 0x4249, 0x424A, 0x424A, 0x4249, 0x4249, 0x424A, 0x4249, 0x4249, 0x424A,
  0x4249, 0x4249, 0x4249, 0x4249, 0x424A, 0x4249, 0x4249, 0x4249, 0x4249, 0x4249, 0x4249, 0x424A,
  0x424A, 0x4249, 0x4249, 0x4249, 0x424A, 0x4249, 0x4249, 0x4249, 0x4249, 0x424A, 0x4249, 0x4249,
  0x4249, 0x424A, 0x424A, 0x4249, 0x4249, 0x4249, 0x424A, 0x4249, 0x4249, 0x4249, 0x424A, 0x424A,
  0x4249, 0x4249, 0x424A, 0x4249, 0x4249, 0x4249, 0x4249, 0x4249, 0x424A, 0x4249, 0x4249, 0x4249,
  0x424A, 0x4249, 0x4249, 0x4249, 0x424A, 0x424A, 0x4249, 0x4249, 0x4249, 0x4249, 0x4249, 0x4249,
  0x4249, 0x4249, 0x4249, 0x424A, 0x4249, 0x4249, 0x4249, 0x4249, 0x4249, 0x424A, 0x424A, 0x4249,
  0x424A, 0x4249, 0x4249, 0x4249, 0x424A, 0x4249, 0x4249, 0x4249, 0x4249, 0x4249, 0x4249, 0x4249,
  0x4249, 0x424A, 0x4249, 0x424A, 0x424A, 0x4249, 0x4249, 0x4249, 0x4249, 0x4249, 0x424A, 0x424A,
  0x4249, 0x424A, 0x4249, 0x424A, 0x4249, 0x4249, 0x4249, 0x4249, 0x4229, 0x31C7, 0x2966, 0x2945,
  0x2945, 0x3187, 0x3A09, 0x4249, 0x4229, 0x31A6, 0x2945, 0x2945, 0x2944, 0x2924, 0x2944, 0x2944,
  0x2944, 0x2944, 0x2924, 0x3185, 0x4206, 0x4A27, 0x4A47, 0x4A27, 0x3185, 0x2944, 0x2944, 0x2944,
  0x2944, 0x2944, 0x2924, 0x2944, 0x2924, 0x2944, 0x2944, 0x2965, 0x31A6, 0x39C7, 0x4207, 0x39E7,
  0x39C7, 0x31A6, 0x3186, 0x3186, 0x2965, 0x2945, 0x2125, 0x2125, 0x2104, 0x2104, 0x18C4, 0x10E3,
  0x18A3, 0x10C3, 0x10C3, 0x10C3, 0x18A3, 0x1083, 0x10A3, 0x10C3, 0x18E4, 0x31A7, 0x4249, 0x4249,
  0x424A, 0x424A, 0x424A, 0x4249, 0x4249, 0x4249, 0x4249, 0x4249, 0x4249, 0x4249, 0x4249, 0x4249,
  0x424A, 0x4249, 0x4249, 0x4249, 0x4249, 0x4249, 0x4249, 0x4249, 0x4249, 0x424A, 0x4249, 0x424A,
  0x424A, 0x4249, 0x4249, 0x4249, 0x4249, 0x4249, 0x4249, 0x4249, 0x424A, 0x4249, 0x4249, 0x424A,
  0x4249, 0x4249, 0x4249, 0x424A, 0x4249, 0x4249, 0x4249, 0x424A, 0x4249, 0x4249, 0x4249, 0x4249,
  0x4249, 0x4249, 0x4249, 0x424A, 0x4249, 0x4249, 0x4249, 0x424A, 0x4249, 0x4249, 0x4249, 0x424A,
  0x4249, 0x424A, 0x4249, 0x4249, 0x4249, 0x4249, 0x424A, 0x424A, 0x4249, 0x424A, 0x4249, 0x4249,
  0x4249, 0x4249, 0x4249, 0x4249, 0x4249, 0x424A, 0x4249, 0x4249, 0x424A, 0x424A, 0x4249, 0x4249,
  0x424A, 0x4249, 0x4249, 0x424A, 0x4249, 0x4249, 0x4249, 0x4249, 0x424A, 0x4249, 0x4249, 0x4249,
  0x4249, 0x4249, 0x4249, 0x424A, 0x424A, 0x4249, 0x4249, 0x4249, 0x424A, 0x4249, 0x4249, 0x4249,
  0x4249, 0x424A, 0x4249, 0x424A, 0x4249, 0x4249, 0x4249, 0x4249, 0x4249, 0x4249, 0x4249, 0x424A,
  0x4249, 0x4249, 0x4249, 0x4249, 0x4249, 0x4249, 0x4249, 0x424A, 0x4249, 0x4249, 0x4249, 0x4249,
  0x4249, 0x4249, 0x4249, 0x4249, 0x424A, 0x4249, 0x4249, 0x4249, 0x424A, 0x4249, 0x4249, 0x4249,
  0x4249, 0x424A, 0x4249, 0x4249, 0x4249, 0x4249, 0x4249, 0x4249, 0x4249, 0x4249, 0x4249, 0x424A,
  0x4249, 0x4249, 0x424A, 0x4249, 0x424A, 0x4249, 0x4249, 0x4249, 0x4249, 0x4249, 0x4249, 0x4249,
  0x4249, 0x4249, 0x4249, 0x4249, 0x4249, 0x4249, 0x424A, 0x424A, 0x4249, 0x4249, 0x4249, 0x4249,
  0x4249, 0x4249, 0x4249, 0x424A, 0x4249, 0x4249, 0x4249, 0x4249, 0x4249, 0x4249, 0x424A, 0x4249,
  0x4249, 0x424A, 0x4249, 0x4249, 0x424A, 0x4249, 0x4249, 0x4249, 0x424A, 0x4249, 0x424A, 0x4249,
  0x4249, 0x4249, 0x4249, 0x424A, 0x4249, 0x4249, 0x4249, 0x424A, 0x4249, 0x424A, 0x4249, 0x4249,
  0x4249, 0x424A, 0x4249, 0x4249, 0x424A, 0x4249, 0x4249, 0x4249, 0x4249, 0x4249, 0x4249, 0x424A,
  0x4249, 0x4249, 0x4249, 0x4249, 0x424A, 0x424A, 0x4249, 0x4249, 0x424A, 0x4249, 0x4249, 0x4249,
  0x4249, 0x424A, 0x4249, 0x4249, 0x424A, 0x4249, 0x4249, 0x4249, 0x424A, 0x4249, 0x4249, 0x4249,
  0x424A, 0x4249, 0x4249, 0x4229, 0x2945, 0x3185, 0x39E7, 0x4207, 0x4207, 0x31A6, 0x2945, 0x2986,
  0x3186, 0x2944, 0x2944, 0x2944, 0x2944, 0x2944, 0x2945, 0x2944, 0x2944, 0x2944, 0x2944, 0x2944,
  0x2965, 0x41E6, 0x4A27, 0x39A5, 0x2944, 0x2944, 0x2944, 0x2944, 0x2944, 0x2944, 0x2944, 0x2944,
  0x2944, 0x2945, 0x2944, 0x31A6, 0x39C7, 0x4A48, 0x4A48, 0x4A48, 0x4207, 0x3A07, 0x39C7, 0x31A6,
  0x3186, 0x3186, 0x2965, 0x2945, 0x2124, 0x1904, 0x18E3, 0x18E3, 0x18C3, 0x10C3, 0x18A3, 0x18C3,
  0x10A3, 0x10C3, 0x10A3, 0x10A3, 0x10A3, 0x18E3, 0x3A08, 0x4249, 0x4249, 0x4249, 0x4249, 0x4249,
  0x4249, 0x424A, 0x4249, 0x424A, 0x4249, 0x4249, 0x424A, 0x4249, 0x4249, 0x4249, 0x4249, 0x4249,
  0x424A, 0x424A, 0x4249, 0x4249, 0x4249, 0x4249, 0x4249, 0x4249, 0x4249, 0x4249, 0x4249, 0x4249,
  0x424A, 0x4249, 0x4249, 0x424A, 0x4249, 0x4249, 0x4249, 0x4249, 0x424A, 0x4249, 0x4249, 0x4249,
  0x4249, 0x4249, 0x4249, 0x4249, 0x4249, 0x424A, 0x4249, 0x424A, 0x4249, 0x4249, 0x4249, 0x4249,
  0x4249, 0x4249, 0x4249, 0x424A, 0x4249, 0x4249, 0x4249, 0x4249, 0x4249, 0x4249, 0x4249, 0x424A,
  0x4249, 0x4249, 0x4249, 0x4249, 0x4249, 0x4249, 0x4249, 0x4249, 0x424A, 0x4249, 0x4249, 0x4249,
  0x424A, 0x4249, 0x4249, 0x4249, 0x4249, 0x424A, 0x4249, 0x4249, 0x4249, 0x4249, 0x4249, 0x4249,
  0x4249, 0x4249, 0x4249, 0x424A, 0x4249, 0x4249, 0x424A, 0x4249, 0x424A, 0x4249, 0x4249, 0x4249,
  0x4249, 0x4249, 0x4249, 0x4249, 0x4249, 0x4249, 0x4249, 0x4249, 0x424A, 0x4249, 0x424A, 0x4249,
  0x4249, 0x4249, 0x424A, 0x424A, 0x4249, 0x424A, 0x4249, 0x4249, 0x4249, 0x4249, 0x424A, 0x4249,
  0x4249, 0x4249, 0x4249, 0x4249, 0x4249, 0x4249, 0x4249, 0x4249, 0x424A, 0x4249, 0x4249, 0x424A,
  0x4249, 0x424A, 0x4249, 0x4249, 0x424A, 0x4249, 0x4249, 0x4249, 0x424A, 0x4249, 0x4249, 0x4249,
  0x424A, 0x4249, 0x4249, 0x424A, 0x4249, 0x424A, 0x4249, 0x4249, 0x4249, 0x4249, 0x4249, 0x4249,
  0x4249, 0x424A, 0x4249, 0x424A, 0x4249, 0x4249, 0x424A, 0x4249, 0x4249, 0x4249, 0x424A, 0x424A,
  0x4249, 0x4249, 0x4249, 0x4249, 0x4249, 0x4249, 0x4249, 0x4249, 0x424A, 0x4249, 0x4249, 0x4249,
  0x4249, 0x424A, 0x4249, 0x4249, 0x4249, 0x424A, 0x4249, 0x4249, 0x4249, 0x424A, 0x4249, 0x4249,
  0x4249, 0x4249, 0x4249, 0x4249, 0x424A, 0x4249, 0x4249, 0x4249, 0x4249, 0x4249, 0x4249, 0x424A,
  0x4249, 0x4249, 0x424A, 0x4249, 0x4249, 0x4249, 0x424A, 0x4249, 0x4249, 0x4249, 0x424A, 0x4249,
  0x4249, 0x4249, 0x4249, 0x4249, 0x424A, 0x4249, 0x4249, 0x4249, 0x4249, 0x4249, 0x424A, 0x4249,
  0x4249, 0x4249, 0x4249, 0x4249, 0x424A, 0x4249, 0x4249, 0x4249, 0x4249, 0x4249, 0x424A, 0x4249,
  0x4249, 0x4249, 0x4249, 0x4249, 0x4249, 0x4249, 0x4249, 0x4249, 0x4249, 0x4249, 0x4249, 0x31C7,
  0x3186, 0x4228, 0x4A28, 0x4228, 0x4208, 0x4227, 0x41E7, 0x2965, 0x2924, 0x2944, 0x2944, 0x2944,
  0x2944, 0x2944, 0x2924, 0x2945, 0x2944, 0x2944, 0x2924, 0x2944, 0x2944, 0x2945, 0x31A5, 0x2944,
  0x2945, 0x2944, 0x2944, 0x2924, 0x2945, 0x2944, 0x2944, 0x2944, 0x2945, 0x2144, 0x3165, 0x39E7,
  0x4228, 0x52A9, 0x5289, 0x5289, 0x4A68, 0x4A28, 0x4228, 0x3A07, 0x39E7, 0x31C6, 0x3186, 0x2945,
  0x2124, 0x20E4, 0x20E4, 0x1903, 0x18C3, 0x18E3, 0x18C3, 0x18E3, 0x18C3, 0x10A3, 0x10A3, 0x18C3,
  0x10A3, 0x10A3, 0x3187, 0x4249, 0x4249, 0x4249, 0x4249, 0x4249, 0x4249, 0x4249, 0x4249, 0x4249,
  0x4249, 0x4249, 0x4249, 0x4249, 0x4249, 0x4249, 0x424A, 0x4249, 0x4249, 0x4249, 0x4249, 0x4249,
  0x4249, 0x4249, 0x4249, 0x4249, 0x4249, 0x424A, 0x4249, 0x4249, 0x4249, 0x4249, 0x4249, 0x4249,
  0x4249, 0x4249, 0x4249, 0x4249, 0x4249, 0x424A, 0x4249, 0x4249, 0x424A, 0x4249, 0x4249, 0x4249,
  0x424A, 0x4249, 0x424A, 0x4249, 0x4249, 0x4249, 0x424A, 0x424A, 0x4249, 0x424A, 0x4249, 0x4249,
  0x4249, 0x4249, 0x424A, 0x4249, 0x4249, 0x4249, 0x4249, 0x4249, 0x4249, 0x4249, 0x4249, 0x4249,
  0x424A, 0x4249, 0x4249, 0x424A, 0x4249, 0x424A, 0x4249, 0x4249, 0x424A, 0x4249, 0x4249, 0x4249,
  0x424A, 0x4249, 0x4249, 0x4249, 0x424A, 0x4249, 0x4249, 0x424A, 0x4249, 0x424A, 0x4249, 0x4249,
  0x4249, 0x4249, 0x4249, 0x4249, 0x4249, 0x424A, 0x4249, 0x424A, 0x4249, 0x4249, 0x424A, 0x4249,
  0x4249, 0x4249, 0x424A, 0x424A, 0x4249, 0x4249, 0x4249, 0x4249, 0x4249, 0x4249, 0x4249, 0x4249,
  0x4249, 0x4249, 0x4249, 0x4249, 0x424A, 0x4249, 0x4249, 0x4249, 0x424A, 0x4249, 0x4249, 0x424A,
  0x424A, 0x4249, 0x4249, 0x4249, 0x4249, 0x4249, 0x424A, 0x4249, 0x4249, 0x4249, 0x4249, 0x4249,
  0x4249, 0x4249, 0x4249, 0x424A, 0x4249, 0x4249, 0x4249, 0x4249, 0x4249, 0x424A, 0x4249, 0x424A,
  0x4249, 0x4249, 0x4249, 0x424A, 0x4249, 0x4249, 0x4249, 0x4249, 0x4249, 0x4249, 0x4249, 0x4249,
  0x4249, 0x4249, 0x424A, 0x4249, 0x4249, 0x4249, 0x4249, 0x4249, 0x4249, 0x4249, 0x4249, 0x4249,
  0x424A, 0x424A, 0x4249, 0x4249, 0x424A, 0x4249, 0x4249, 0x424A, 0x4249, 0x4249, 0x4249, 0x4249,
  0x424A, 0x4249, 0x4249, 0x4249, 0x4249, 0x4249, 0x4249, 0x4249, 0x4249, 0x424A, 0x4249, 0x4249,
  0x4249, 0x4249, 0x4249, 0x424A, 0x4249, 0x4249, 0x4249, 0x4249, 0x4249, 0x424A, 0x4249, 0x4249,
  0x4249, 0x4249, 0x4249, 0x4249, 0x4249, 0x4249, 0x4249, 0x4249, 0x4249, 0x4249, 0x424A, 0x4249,
  0x4249, 0x4249, 0x4249, 0x424A, 0x424A, 0x4249, 0x4249, 0x4249, 0x424A, 0x4249, 0x424A, 0x4249,
  0x4249, 0x4249, 0x424A, 0x4249, 0x4249, 0x4249, 0x4249, 0x4249, 0x4249, 0x424A, 0x4249, 0x4249,
  0x4249, 0x4249, 0x424A, 0x424A, 0x4249, 0x4249, 0x4229, 0x2945, 0x4207, 0x4A28, 0x4227, 0x39C6,
  0x39A6, 0x4207, 0x39C6, 0x2944, 0x2944, 0x2944, 0x2925, 0x2944, 0x2944, 0x2944, 0x2944, 0x2924,
  0x2944, 0x2944, 0x2945, 0x2944, 0x2944, 0x2944, 0x2924, 0x2944, 0x2944, 0x2924, 0x2944, 0x2945,
  0x2944, 0x2944, 0x2944, 0x2944, 0x3185, 0x2965, 0x31A6, 0x3A07, 0x5269, 0x5AAA, 0x5AAA, 0x52AA,
  0x52A9, 0x5289, 0x4A69, 0x4A48, 0x4208, 0x4207, 0x31A6, 0x2965, 0x2965, 0x2945, 0x2124, 0x2104,
  0x1904, 0x1903, 0x18E4, 0x18E4, 0x10C3, 0x18C3, 0x18A3, 0x18C3, 0x18C3, 0x10A3, 0x2145, 0x4229,
  0x424A, 0x4249, 0x4249, 0x424A, 0x424A, 0x4249, 0x4249, 0x424A, 0x4249, 0x4249, 0x424A, 0x424A,
  0x4249, 0x424A, 0x4249, 0x4249, 0x4249, 0x4249, 0x4249, 0x424A, 0x424A, 0x4249, 0x424A, 0x4249,
  0x424A, 0x4249, 0x4249, 0x424A, 0x424A, 0x4249, 0x4249, 0x424A, 0x4249, 0x424A, 0x424A, 0x4249,
  0x4249, 0x4249, 0x4249, 0x4249, 0x424A, 0x4249, 0x4249, 0x4249, 0x4249, 0x4249, 0x4249, 0x4249,
  0x4249, 0x4249, 0x4249, 0x4249, 0x4249, 0x4249, 0x4249, 0x4249, 0x424A, 0x4249, 0x4249, 0x4249,
  0x424A, 0x4249, 0x4249, 0x424A, 0x424A, 0x4249, 0x4249, 0x4249, 0x4249, 0x4249, 0x424A, 0x4249,
  0x4249, 0x4249, 0x4249, 0x4249, 0x4249, 0x4249, 0x4249, 0x424A, 0x4249, 0x4249, 0x4249, 0x4249,
  0x4249, 0x424A, 0x4249, 0x424A, 0x4249, 0x4249, 0x4249, 0x424A, 0x4249, 0x4249, 0x4249, 0x4249,
  0x4249, 0x4249, 0x4249, 0x4249, 0x4249, 0x4249, 0x424A, 0x4249, 0x4249, 0x4249, 0x4249, 0x4249,
  0x4249, 0x4249, 0x4249, 0x4249, 0x4249, 0x424A, 0x4249, 0x424A, 0x4249, 0x4249, 0x4249, 0x4249,
  0x4249, 0x4249, 0x4249, 0x4249, 0x424A, 0x4249, 0x4249, 0x4249, 0x4249, 0x4249, 0x4249, 0x424A,
  0x4249, 0x424A, 0x4249, 0x4249, 0x4249, 0x4249, 0x424A, 0x4249, 0x424A, 0x4249, 0x4249, 0x424A,
  0x4249, 0x4249, 0x4249, 0x424A, 0x4249, 0x4249, 0x4249, 0x4249, 0x4249, 0x4249, 0x4249, 0x4249,
  0x4249, 0x4249, 0x424A, 0x424A, 0x4249, 0x4249, 0x4249, 0x424A, 0x4249, 0x4249, 0x4249, 0x4249,
  0x424A, 0x4249, 0x4249, 0x4249, 0x424A, 0x4249, 0x424A, 0x4249, 0x4249, 0x4249, 0x4249, 0x4249,
  0x4249, 0x4249, 0x4249, 0x424A, 0x4249, 0x4249, 0x424A, 0x4249, 0x4249, 0x4249, 0x424A, 0x4249,
  0x4249, 0x424A, 0x4249, 0x424A, 0x4249, 0x4249, 0x424A, 0x4249, 0x4249, 0x424A, 0x424A, 0x4249,
  0x424A, 0x4249, 0x424A, 0x4249, 0x4249, 0x424A, 0x4249, 0x4249, 0x424A, 0x4249, 0x424A, 0x4249,
  0x424A, 0x4249, 0x4249, 0x424A, 0x4249, 0x4249, 0x424A, 0x4249, 0x4249, 0x4249, 0x4249, 0x4249,
  0x4249, 0x4249, 0x4249, 0x4249, 0x4249, 0x4249, 0x4249, 0x4249, 0x4249, 0x4249, 0x4249, 0x424A,
  0x424A, 0x4249, 0x424A, 0x4249, 0x4249, 0x4249, 0x424A, 0x4249, 0x424A, 0x4249, 0x4249, 0x4249,
  0x4249, 0x4249, 0x31C8, 0x3186, 0x4228, 0x4227, 0x4207, 0x2104, 0x20E3, 0x2144, 0x2945, 0x2924,
  0x2944, 0x2944, 0x2944, 0x2924, 0x2944, 0x2944, 0x2924, 0x2944, 0x2944, 0x2944, 0x2944, 0x2945,
  0x31A6, 0x39E8, 0x3186, 0x2944, 0x2944, 0x2944, 0x2924, 0x2944, 0x2924, 0x2944, 0x2945, 0x2944,
  0x2945, 0x3186, 0x39C6, 0x4207, 0x4A68, 0x5289, 0x52A9, 0x5AAA, 0x5AAA, 0x52AA, 0x52A9, 0x5289,
  0x4A69, 0x4228, 0x3186, 0x2965, 0x3186, 0x2124, 0x18E3, 0x18E3, 0x2124, 0x2104, 0x1904, 0x18E4,
  0x18E3, 0x18E4, 0x10C3, 0x10A3, 0x18E3, 0x10A3, 0x18C4, 0x3A08, 0x4249, 0x4249, 0x424A, 0x4249,
  0x4249, 0x4249, 0x4249, 0x4249, 0x424A, 0x4249, 0x4249, 0x4249, 0x4249, 0x4249, 0x4249, 0x4249,
  0x4249, 0x424A, 0x4249, 0x4249, 0x4249, 0x424A, 0x4249, 0x4249, 0x4249, 0x4249, 0x4249, 0x4249,
  0x424A, 0x4249, 0x4249, 0x4249, 0x424A, 0x4249, 0x4249, 0x4249, 0x4249, 0x424A, 0x4249, 0x4249,
  0x4249, 0x4249, 0x424A, 0x424A, 0x4249, 0x4249, 0x4249, 0x4249, 0x4249, 0x424A, 0x4249, 0x424A,
  0x4249, 0x4249, 0x4249, 0x4249, 0x4249, 0x4249, 0x4249, 0x4249, 0x424A, 0x4249, 0x4249, 0x4249,
  0x4249, 0x4249, 0x4249, 0x424A, 0x4249, 0x424A, 0x4249, 0x4249, 0x4249, 0x4249, 0x424A, 0x4249,
  0x424A, 0x4249, 0x4249, 0x424A, 0x4249, 0x4249, 0x4249, 0x424A, 0x4249, 0x4249, 0x4249, 0x4249,
  0x4249, 0x4249, 0x4249, 0x4249, 0x4249, 0x4249, 0x424A, 0x424A, 0x4249, 0x4249, 0x4249, 0x424A,
  0x4249, 0x4249, 0x4249, 0x4249, 0x424A, 0x4249, 0x4249, 0x4249, 0x424A, 0x4249, 0x4249, 0x424A,
  0x4249, 0x4249, 0x4249, 0x4249, 0x4249, 0x4249, 0x4249, 0x424A, 0x424A, 0x4249, 0x4249, 0x4249,
  0x4249, 0x4249, 0x424A, 0x4249, 0x424A, 0x4249, 0x424A, 0x4249, 0x4249, 0x4249, 0x4249, 0x4249,
  0x4249, 0x4249, 0x424A, 0x4249, 0x4249, 0x4249, 0x4249, 0x4249, 0x4249, 0x424A, 0x4249, 0x4249,
  0x4249, 0x4249, 0x4249, 0x4249, 0x424A, 0x4249, 0x4249, 0x424A, 0x4249, 0x4249, 0x4249, 0x4249,
  0x4249, 0x4249, 0x4249, 0x424A, 0x4249, 0x4249, 0x424A, 0x4249, 0x4249, 0x424A, 0x4249, 0x424A,
  0x4249, 0x4249, 0x424A, 0x4249, 0x4249, 0x4249, 0x424A, 0x4249, 0x4249, 0x424A, 0x4249, 0x4249,
  0x4249, 0x424A, 0x4249, 0x4249, 0x424A, 0x4249, 0x424A, 0x4249, 0x4249, 0x4249, 0x424A, 0x4249,
  0x4249, 0x4249, 0x4249, 0x4249, 0x4249, 0x4249, 0x4249, 0x4249, 0x4249, 0x4249, 0x424A, 0x4249,
  0x4249, 0x4249, 0x424A, 0x4249, 0x4249, 0x4249, 0x4249, 0x424A, 0x424A, 0x4249, 0x4249, 0x424A,
  0x4249, 0x4249, 0x4249, 0x4249, 0x424A, 0x4249, 0x424A, 0x4249, 0x424A, 0x4249, 0x4249, 0x4249,
  0x4249, 0x4249, 0x424A, 0x4249, 0x4249, 0x424A, 0x4249, 0x4249, 0x4249, 0x4249, 0x424A, 0x4249,
  0x4249, 0x4249, 0x4249, 0x4249, 0x4249, 0x424A, 0x4249, 0x4249, 0x4249, 0x4229, 0x2965, 0x4207,
  0x4227, 0x4228, 0x31A6, 0x2124, 0x2124, 0x2944, 0x2944, 0x2944, 0x2945, 0x2944, 0x2944, 0x2944,
  0x2944, 0x2945, 0x2944, 0x2944, 0x2944, 0x2944, 0x2944, 0x2986, 0x4229, 0x4249, 0x4249, 0x3A08,
  0x3186, 0x2945, 0x2944, 0x2944, 0x2924, 0x2944, 0x2945, 0x2944, 0x2924, 0x3165, 0x31A6, 0x39E7,
  0x4228, 0x4A48, 0x4A69, 0x5289, 0x52A9, 0x5AA9, 0x5AAA, 0x5AA9, 0x5289, 0x4228, 0x2985, 0x2965,
  0x2965, 0x18E3, 0x10C3, 0x18E3, 0x2945, 0x2125, 0x2104, 0x2104, 0x2104, 0x1904, 0x18E4, 0x18E3,
  0x10C4, 0x18E3, 0x10A3, 0x2986, 0x4249, 0x4249, 0x4249, 0x4249, 0x424A, 0x4249, 0x4249, 0x424A,
  0x4249, 0x4249, 0x424A, 0x4249, 0x4249, 0x4249, 0x424A, 0x4249, 0x424A, 0x4249, 0x4249, 0x4249,
  0x4249, 0x4249, 0x4249, 0x424A, 0x4249, 0x4249, 0x4249, 0x4249, 0x4249, 0x4249, 0x4249, 0x4249,
  0x424A, 0x4249, 0x4249, 0x4249, 0x424A, 0x4249, 0x424A, 0x4249, 0x4249, 0x4249, 0x4249, 0x4249,
  0x424A, 0x4249, 0x4249, 0x424A, 0x4249, 0x4249, 0x4249, 0x4249, 0x4249, 0x4249, 0x4249, 0x424A,
  0x424A, 0x4249, 0x4249, 0x4249, 0x4249, 0x4249, 0x424A, 0x4249, 0x424A, 0x4249, 0x424A, 0x4249,
  0x4249, 0x4249, 0x4249, 0x4249, 0x4249, 0x4249, 0x424A, 0x4249, 0x4249, 0x4249, 0x4249, 0x4249,
  0x4249, 0x424A, 0x4249, 0x4249, 0x4249, 0x4249, 0x4249, 0x4249, 0x424A, 0x4249, 0x4249, 0x424A,
  0x4249, 0x4249, 0x4249, 0x4249, 0x4249, 0x4249, 0x4249, 0x424A, 0x4249, 0x4249, 0x424A, 0x4249,
  0x4249, 0x424A, 0x4249, 0x424A, 0x4249, 0x4249, 0x4249, 0x424A, 0x4249, 0x4249, 0x4249, 0x4249,
  0x4249, 0x424A, 0x4249, 0x4249, 0x4249, 0x4249, 0x424A, 0x4249, 0x4249, 0x4249, 0x4249, 0x4249,
  0x4249, 0x4249, 0x4249, 0x4249, 0x4249, 0x424A, 0x4249, 0x424A, 0x4249, 0x4249, 0x4249, 0x4249,
  0x4249, 0x4249, 0x4249, 0x4249, 0x4249, 0x4249, 0x4249, 0x4249, 0x4249, 0x424A, 0x4249, 0x4249,
  0x4249, 0x424A, 0x4249, 0x4249, 0x4249, 0x424A, 0x4249, 0x4249, 0x4249, 0x4249, 0x424A, 0x4249,
  0x424A, 0x4249, 0x4249, 0x4249, 0x4249, 0x4249, 0x4249, 0x4249, 0x4249, 0x4249, 0x424A, 0x4249,
  0x4249, 0x4249, 0x424A, 0x4249, 0x4249, 0x424A, 0x4249, 0x4249, 0x4249, 0x424A, 0x4249, 0x4249,
  0x4249, 0x4249, 0x4249, 0x4249, 0x424A, 0x4249, 0x4249, 0x4249, 0x4249, 0x424A, 0x4249, 0x424A,
  0x424A, 0x4249, 0x4249, 0x4249, 0x4249, 0x4249, 0x4249, 0x4249, 0x4249, 0x4249, 0x4249, 0x4249,
  0x4249, 0x4249, 0x4249, 0x4249, 0x4249, 0x4249, 0x4249, 0x4249, 0x424A, 0x4249, 0x4249, 0x424A,
  0x4249, 0x424A, 0x4249, 0x4249, 0x4249, 0x4249, 0x4249, 0x424A, 0x424A, 0x4249, 0x4249, 0x424A,
  0x4249, 0x4249, 0x4249, 0x4249, 0x4249, 0x4249, 0x4249, 0x424A, 0x4249, 0x424A, 0x4249, 0x4249,
  0x4249, 0x4249, 0x424A, 0x4249, 0x4249, 0x39C8, 0x3185, 0x4227, 0x4228, 0x4207, 0x2104, 0x2965,
  0x2944, 0x2945, 0x2944, 0x2924, 0x2944, 0x2944, 0x2944, 0x2944, 0x2944, 0x2944, 0x2944, 0x2944,
  0x2944, 0x2944, 0x2965, 0x3A08, 0x424A, 0x4249, 0x4249, 0x4249, 0x4229, 0x3A08, 0x31A6, 0x2945,
  0x2944, 0x2944, 0x2944, 0x2924, 0x2144, 0x2965, 0x3185, 0x31A6, 0x39C6, 0x41E7, 0x4208, 0x4A48,
  0x4A69, 0x5289, 0x52A9, 0x52A9, 0x52A9, 0x39C6, 0x3165, 0x3186, 0x2124, 0x2103, 0x18A3, 0x2124,
  0x2965, 0x18E3, 0x2124, 0x39C6, 0x2104, 0x2104, 0x2104, 0x1904, 0x1904, 0x18C3, 0x1082, 0x2124,
  0x4229, 0x4249, 0x4249, 0x4249, 0x4249, 0x4249, 0x4249, 0x4249, 0x4249, 0x4249, 0x4249, 0x4249,
  0x4249, 0x424A, 0x4249, 0x4249, 0x4249, 0x4249, 0x424A, 0x4249, 0x4249, 0x424A, 0x4249, 0x4249,
  0x424A, 0x4249, 0x4249, 0x424A, 0x424A, 0x4249, 0x4249, 0x424A, 0x4249, 0x4249, 0x4249, 0x4249,
  0x4249, 0x4249, 0x4249, 0x4249, 0x424A, 0x424A, 0x4249, 0x4249, 0x4249, 0x4249, 0x4249, 0x424A,
  0x4249, 0x4249, 0x4249, 0x4249, 0x4249, 0x424A, 0x4249, 0x4249, 0x4249, 0x4249, 0x424A, 0x4249,
  0x4249, 0x4249, 0x4249, 0x4249, 0x4249, 0x4249, 0x4249, 0x4249, 0x4249, 0x424A, 0x4249, 0x424A,
  0x4249, 0x4249, 0x4249, 0x4249, 0x4249, 0x4249, 0x4249, 0x4249, 0x4249, 0x4249, 0x4249, 0x4249,
  0x4249, 0x424A, 0x4249, 0x4249, 0x4249, 0x424A, 0x4249, 0x4249, 0x4249, 0x424A, 0x4249, 0x4249,
  0x4249, 0x4249, 0x424A, 0x4249, 0x424A, 0x4249, 0x4249, 0x4249, 0x4249, 0x4249, 0x4249, 0x4249,
  0x424A, 0x4249, 0x4249, 0x4249, 0x4249, 0x424A, 0x424A, 0x424A, 0x4249, 0x4249, 0x424A, 0x4249,
  0x4249, 0x424A, 0x4249, 0x4249, 0x4249, 0x424A, 0x4249, 0x4249, 0x424A, 0x4249, 0x424A, 0x4249,
  0x4249, 0x424A, 0x4249, 0x4249, 0x424A, 0x4249, 0x424A, 0x4249, 0x4249, 0x424A, 0x424A, 0x4249,
  0x4249, 0x424A, 0x4249, 0x424A, 0x4249, 0x4249, 0x4249, 0x424A, 0x4249, 0x4249, 0x4249, 0x4249,
  0x4249, 0x4249, 0x4249, 0x424A, 0x4249, 0x424A, 0x4249, 0x4249, 0x4249, 0x4249, 0x4249, 0x4249,
  0x4249, 0x424A, 0x4249, 0x4249, 0x4249, 0x4249, 0x4249, 0x4249, 0x4249, 0x424A, 0x4249, 0x4249,
  0x4249, 0x4249, 0x4249, 0x4249, 0x4249, 0x4249, 0x4249, 0x4249, 0x4249, 0x4249, 0x4249, 0x4249,
  0x424A, 0x4249, 0x4249, 0x4249, 0x424A, 0x4249, 0x4249, 0x4249, 0x4249, 0x424A, 0x4249, 0x424A,
  0x424A, 0x4249, 0x424A, 0x4249, 0x424A, 0x4249, 0x4249, 0x4249, 0x424A, 0x4249, 0x4249, 0x4249,
  0x4249, 0x4249, 0x424A, 0x4249, 0x4249, 0x424A, 0x4249, 0x4249, 0x4249, 0x4249, 0x4249, 0x424A,
  0x4249, 0x4249, 0x4249, 0x4249, 0x4249, 0x4249, 0x4249, 0x4249, 0x424A, 0x4249, 0x4249, 0x4249,
  0x424A, 0x4249, 0x4249, 0x4249, 0x4249, 0x4249, 0x424A, 0x4249, 0x4249, 0x424A, 0x4249, 0x4249,
  0x4229, 0x2966, 0x39E7, 0x3186, 0x3186, 0x31A6, 0x20E4, 0x2124, 0x2944, 0x2944, 0x2944, 0x2944,
  0x2924, 0x2944, 0x2944, 0x2945, 0x2944, 0x2924, 0x2944, 0x2945, 0x2925, 0x2944, 0x2104, 0x2145,
  0x39E8, 0x4249, 0x4249, 0x4249, 0x4249, 0x424A, 0x4229, 0x3A08, 0x31A6, 0x2965, 0x2944, 0x2924,
  0x2104, 0x2944, 0x2944, 0x2945, 0x3185, 0x31A6, 0x39C6, 0x41E7, 0x4207, 0x4A48, 0x4A68, 0x5289,
  0x4228, 0x2965, 0x3165, 0x2965, 0x18E3, 0x18A3, 0x10C2, 0x2945, 0x2144, 0x18A2, 0x39C6, 0x31A6,
  0x2104, 0x2124, 0x2104, 0x1904, 0x10A3, 0x1082, 0x1061, 0x2966, 0x4249, 0x424A, 0x4249, 0x4249,
  0x424A, 0x4249, 0x424A, 0x4249, 0x4249, 0x424A, 0x4249, 0x424A, 0x4249, 0x4249, 0x4249, 0x4249,
  0x424A, 0x4249, 0x4249, 0x424A, 0x4249, 0x4249, 0x4249, 0x4249, 0x4249, 0x4249, 0x424A, 0x4249,
  0x4249, 0x4249, 0x4249, 0x4249, 0x4249, 0x4249, 0x424A, 0x4249, 0x4249, 0x424A, 0x4249, 0x4249,
  0x4249, 0x4249, 0x4249, 0x4249, 0x424A, 0x4249, 0x4249, 0x4249, 0x4249, 0x424A, 0x424A, 0x424A,
  0x4249, 0x4249, 0x424A, 0x4249, 0x4249, 0x424A, 0x4249, 0x4249, 0x4249, 0x424A, 0x4249, 0x4249,
  0x424A, 0x4249, 0x424A, 0x4249, 0x4249, 0x424A, 0x4249, 0x4249, 0x424A, 0x4249, 0x424A, 0x4249,
  0x4249, 0x424A, 0x424A, 0x4249, 0x4249, 0x424A, 0x4249, 0x424A, 0x4249, 0x4249, 0x4249, 0x424A,
  0x4249, 0x4249, 0x4249, 0x4249, 0x4249, 0x4249, 0x4249, 0x424A, 0x4249, 0x424A, 0x4249, 0x4249,
  0x4249, 0x4249, 0x4249, 0x4249, 0x4249, 0x424A, 0x4249, 0x4249, 0x4249, 0x4249, 0x424A, 0x4249,
  0x4249, 0x4249, 0x4249, 0x4249, 0x4249, 0x4249, 0x4249, 0x4249, 0x4249, 0x424A, 0x4249, 0x4249,
  0x4249, 0x424A, 0x4249, 0x4249, 0x4249, 0x4249, 0x4249, 0x4249, 0x4249, 0x4249, 0x4249, 0x4249,
  0x4249, 0x4249, 0x4249, 0x424A, 0x4249, 0x4249, 0x4249, 0x424A, 0x4249, 0x4249, 0x4249, 0x4249,
  0x424A, 0x4249, 0x4249, 0x4249, 0x4249, 0x424A, 0x4249, 0x4249, 0x424A, 0x424A, 0x4249, 0x4249,
  0x4249, 0x4249, 0x4249, 0x4249, 0x4249, 0x424A, 0x424A, 0x4249, 0x4249, 0x4249, 0x424A, 0x4249,
  0x424A, 0x4249, 0x4249, 0x4249, 0x4249, 0x4249, 0x4249, 0x4249, 0x424A, 0x4249, 0x424A, 0x4249,
  0x424A, 0x4249, 0x4249, 0x4249, 0x424A, 0x424A, 0x4249, 0x4249, 0x4249, 0x4249, 0x4249, 0x4249,
  0x4249, 0x4249, 0x4249, 0x4249, 0x4249, 0x4249, 0x4249, 0x4249, 0x4249, 0x4249, 0x4249, 0x4249,
  0x4249, 0x4249, 0x4249, 0x4249, 0x424A, 0x4249, 0x424A, 0x4249, 0x4249, 0x4249, 0x424A, 0x4249,
  0x4249, 0x4249, 0x4249, 0x4249, 0x4249, 0x424A, 0x4249, 0x4249, 0x4249, 0x424A, 0x4249, 0x4249,
  0x424A, 0x4249, 0x4249, 0x4249, 0x4249, 0x4249, 0x424A, 0x4249, 0x424A, 0x4249, 0x424A, 0x4249,
  0x4249, 0x4249, 0x424A, 0x4249, 0x4249, 0x4249, 0x4249, 0x4249, 0x39E8, 0x2965, 0x4227, 0x4207,
  0x41E7, 0x2104, 0x2944, 0x2944, 0x2944, 0x2924, 0x2944, 0x2944, 0x2944, 0x2944, 0x2924, 0x2944,
  0x2944, 0x2944, 0x2944, 0x2944, 0x2944, 0x2945, 0x3165, 0x31A6, 0x3185, 0x2945, 0x39E8, 0x4249,
  0x4249, 0x4249, 0x4249, 0x4249, 0x4249, 0x3A08, 0x3186, 0x2124, 0x2103, 0x2104, 0x2104, 0x2144,
  0x2144, 0x2964, 0x3185, 0x31A6, 0x39C6, 0x39E7, 0x4227, 0x4227, 0x3185, 0x2945, 0x39C7, 0x2945,
  0x1903, 0x10A2, 0x2104, 0x2945, 0x20E3, 0x2104, 0x4208, 0x2124, 0x2144, 0x39E7, 0x3165, 0x18E4,
  0x18C3, 0x0861, 0x10C2, 0x39E8, 0x4249, 0x4249, 0x424A, 0x4249, 0x424A, 0x4249, 0x4249, 0x4249,
  0x4249, 0x4249, 0x4249, 0x424A, 0x4249, 0x4249, 0x4249, 0x424A, 0x4249, 0x4249, 0x4249, 0x424A,
  0x4249, 0x4249, 0x4249, 0x424A, 0x4249, 0x424A, 0x4249, 0x4249, 0x4249, 0x4249, 0x424A, 0x4249,
  0x4249, 0x4249, 0x424A, 0x4249, 0x424A, 0x4249, 0x4249, 0x4249, 0x4249, 0x4249, 0x4249, 0x424A,
  0x4249, 0x4249, 0x424A, 0x4249, 0x4249, 0x4249, 0x4249, 0x4249, 0x4249, 0x4249, 0x4249, 0x4249,
  0x4249, 0x424A, 0x4249, 0x4249, 0x4249, 0x424A, 0x4249, 0x4249, 0x4249, 0x4249, 0x4249, 0x4249,
  0x4249, 0x4249, 0x4249, 0x4249, 0x4249, 0x4249, 0x4249, 0x424A, 0x4249, 0x4249, 0x4249, 0x424A,
  0x4249, 0x4249, 0x4249, 0x4249, 0x424A, 0x4249, 0x4249, 0x4249, 0x4249, 0x424A, 0x4249, 0x4249,
  0x424A, 0x424A, 0x4249, 0x4249, 0x4249, 0x4249, 0x4249, 0x4249, 0x4249, 0x424A, 0x424A, 0x4249,
  0x4249, 0x4249, 0x424A, 0x4249, 0x4249, 0x4249, 0x4249, 0x4249, 0x4249, 0x4249, 0x4249, 0x4249,
  0x424A, 0x4249, 0x4249, 0x424A, 0x4249, 0x4249, 0x424A, 0x4249, 0x424A, 0x4249, 0x4249, 0x424A,
  0x4249, 0x4249, 0x4249, 0x424A, 0x4249, 0x424A, 0x424A, 0x4249, 0x4249, 0x4249, 0x4249, 0x424A,
  0x4249, 0x4249, 0x4249, 0x4249, 0x424A, 0x4249, 0x424A, 0x4249, 0x4249, 0x4249, 0x424A, 0x4249,
  0x4249, 0x4249, 0x424A, 0x4249, 0x4249, 0x4249, 0x4249, 0x4249, 0x4249, 0x4249, 0x4249, 0x424A,
  0x4249, 0x4249, 0x4249, 0x4249, 0x424A, 0x4249, 0x4249, 0x4249, 0x4249, 0x4249, 0x424A, 0x424A,
  0x4249, 0x4249, 0x4249, 0x4249, 0x4249, 0x4249, 0x4249, 0x4249, 0x4249, 0x4249, 0x424A, 0x4249,
  0x4249, 0x4249, 0x4249, 0x4249, 0x424A, 0x4249, 0x4249, 0x424A, 0x4249, 0x4249, 0x4249, 0x4249,
  0x424A, 0x4249, 0x4249, 0x424A, 0x4249, 0x4249, 0x424A, 0x4249, 0x424A, 0x4249, 0x424A, 0x4249,
  0x4249, 0x4249, 0x4249, 0x424A, 0x4249, 0x4249, 0x424A, 0x4249, 0x4249, 0x424A, 0x4249, 0x424A,
  0x4249, 0x4249, 0x4249, 0x424A, 0x4249, 0x4249, 0x4249, 0x4249, 0x424A, 0x4249, 0x4249, 0x424A,
  0x4249, 0x4249, 0x4249, 0x4249, 0x4249, 0x4249, 0x4249, 0x4249, 0x424A, 0x4249, 0x4249, 0x4249,
  0x4249, 0x424A, 0x4249, 0x4229, 0x2966, 0x41E7, 0x4228, 0x4A27, 0x31A6, 0x18E3, 0x2103, 0x2944,
  0x2924, 0x2944, 0x2944, 0x39E7, 0x4207, 0x2965, 0x2944, 0x2944, 0x2924, 0x2944, 0x2944, 0x2944,
  0x2924, 0x2965, 0x39C6, 0x4A48, 0x4A28, 0x3185, 0x20E4, 0x2145, 0x31E8, 0x4229, 0x4249, 0x4249,
  0x4249, 0x4249, 0x3A29, 0x2124, 0x1903, 0x18E3, 0x1903, 0x2103, 0x2104, 0x2124, 0x2944, 0x2945,
  0x3185, 0x31A6, 0x39C6, 0x31A6, 0x2144, 0x2944, 0x4228, 0x4208, 0x3186, 0x2103, 0x2945, 0x2124,
  0x18C2, 0x39C6, 0x39A6, 0x1904, 0x39E6, 0x52A9, 0x5289, 0x4228, 0x2985, 0x18E3, 0x2145, 0x4229,
  0x424A, 0x4249, 0x4249, 0x4249, 0x4249, 0x4249, 0x4249, 0x4249, 0x424A, 0x4249, 0x4249, 0x4249,
  0x4249, 0x424A, 0x4249, 0x4249, 0x4249, 0x424A, 0x4249, 0x4249, 0x4249, 0x4249, 0x424A, 0x4249,
  0x4249, 0x4249, 0x4249, 0x4249, 0x424A, 0x4249, 0x4249, 0x424A, 0x4249, 0x424A, 0x4249, 0x4249,
  0x4249, 0x4249, 0x424A, 0x424A, 0x4249, 0x4249, 0x4249, 0x4249, 0x4249, 0x4249, 0x4249, 0x4249,
  0x4249, 0x4249, 0x4249, 0x4249, 0x424A, 0x4249, 0x4249, 0x424A, 0x4249, 0x4249, 0x424A, 0x4249,
  0x424A, 0x4249, 0x4249, 0x424A, 0x4249, 0x4249, 0x4249, 0x424A, 0x4249, 0x424A, 0x424A, 0x4249,
  0x4249, 0x4249, 0x4249, 0x424A, 0x4249, 0x4249, 0x4249, 0x4249, 0x424A, 0x4249, 0x424A, 0x4249,
  0x4249, 0x4249, 0x424A, 0x4249, 0x4249, 0x4249, 0x424A, 0x4249, 0x4249, 0x4249, 0x4249, 0x4249,
  0x4249, 0x4249, 0x4249, 0x424A, 0x4249, 0x4249, 0x4249, 0x4249, 0x424A, 0x4249, 0x4249, 0x4249,
  0x4249, 0x4249, 0x424A, 0x424A, 0x4249, 0x4249, 0x424A, 0x4249, 0x424A, 0x4249, 0x4249, 0x4249,
  0x4249, 0x4249, 0x4249, 0x4249, 0x4249, 0x4249, 0x4249, 0x424A, 0x4249, 0x4249, 0x4249, 0x4249,
  0x4249, 0x4249, 0x4249, 0x4249, 0x4249, 0x4249, 0x4249, 0x4249, 0x4249, 0x4249, 0x4249, 0x4249,
  0x4249, 0x4249, 0x4249, 0x4249, 0x424A, 0x4249, 0x4249, 0x424A, 0x4249, 0x4249, 0x4249, 0x4249,
  0x4249, 0x4249, 0x424A, 0x4249, 0x424A, 0x4249, 0x424A, 0x4249, 0x424A, 0x4249, 0x4249, 0x4249,
  0x4249, 0x424A, 0x4249, 0x4249, 0x424A, 0x4249, 0x4249, 0x424A, 0x4249, 0x4249, 0x4249, 0x424A,
  0x4249, 0x4249, 0x424A, 0x424A, 0x4249, 0x4249, 0x424A, 0x4249, 0x4249, 0x4249, 0x424A, 0x4249,
  0x4249, 0x424A, 0x4249, 0x424A, 0x4249, 0x424A, 0x4249, 0x4249, 0x424A, 0x4249, 0x4249, 0x4249,
  0x4249, 0x4249, 0x4249, 0x4249, 0x4249, 0x4249, 0x4249, 0x424A, 0x4249, 0x4249, 0x4249, 0x4249,
  0x424A, 0x4249, 0x4249, 0x4249, 0x4249, 0x4249, 0x424A, 0x4249, 0x4249, 0x424A, 0x4249, 0x4249,
  0x4249, 0x424A, 0x4249, 0x4249, 0x4249, 0x424A, 0x4249, 0x4249, 0x424A, 0x424A, 0x4249, 0x4249,
  0x4249, 0x4249, 0x4249, 0x4249, 0x4249, 0x4249, 0x4249, 0x424A, 0x4249, 0x4249, 0x4249, 0x39E8,
  0x2985, 0x4228, 0x4228, 0x4207, 0x2944, 0x18C3, 0x1903, 0x18E3, 0x2944, 0x2944, 0x2965, 0x52AB,
  0x52AB, 0x39C7, 0x2944, 0x2944, 0x2944, 0x2944, 0x2945, 0x3185, 0x2124, 0x2944, 0x39E6, 0x4A48,
  0x4207, 0x3165, 0x2124, 0x18E3, 0x18C3, 0x2125, 0x31C8, 0x4229, 0x4249, 0x4249, 0x39C8, 0x18E3,
  0x18C3, 0x18C2, 0x18E3, 0x18C3, 0x18E3, 0x20E3, 0x2103, 0x2124, 0x2944, 0x2965, 0x3165, 0x2124,
  0x2104, 0x2964, 0x41E7, 0x4228, 0x4228, 0x4228, 0x4A49, 0x31C6, 0x2103, 0x4227, 0x2124, 0x2924,
  0x4A68, 0x52A9, 0x52A9, 0x52A9, 0x5289, 0x4A28, 0x3185, 0x2966, 0x39E8, 0x4229, 0x4249, 0x4249,
  0x4249, 0x4249, 0x424A, 0x4249, 0x4249, 0x4249, 0x4249, 0x4249, 0x4249, 0x4249, 0x4249, 0x4249,
  0x4249, 0x4249, 0x4249, 0x424A, 0x4249, 0x424A, 0x4249, 0x424A, 0x4249, 0x4249, 0x4249, 0x424A,
  0x4249, 0x4249, 0x4249, 0x4249, 0x4249, 0x4249, 0x4249, 0x4249, 0x4249, 0x4249, 0x4249, 0x4249,
  0x4249, 0x4249, 0x4249, 0x424A, 0x4249, 0x4249, 0x424A, 0x424A, 0x4249, 0x4249, 0x424A, 0x4249,
  0x424A, 0x4249, 0x4249, 0x4249, 0x4249, 0x4249, 0x4249, 0x4249, 0x4249, 0x4249, 0x4249, 0x424A,
  0x4249, 0x4249, 0x4249, 0x4249, 0x4249, 0x4249, 0x4249, 0x4249, 0x4249, 0x4249, 0x4249, 0x4249,
  0x4249, 0x4249, 0x4249, 0x4249, 0x4249, 0x4249, 0x4249, 0x4249, 0x424A, 0x4249, 0x4249, 0x424A,
  0x4249, 0x4249, 0x4249, 0x4249, 0x4249, 0x4249, 0x424A, 0x4249, 0x424A, 0x4249, 0x424A, 0x4249,
  0x424A, 0x4249, 0x4249, 0x4249, 0x4249, 0x424A, 0x4249, 0x4249, 0x4249, 0x4249, 0x4249, 0x4249,
  0x4249, 0x4249, 0x4249, 0x4249, 0x4249, 0x4249, 0x4249, 0x424A, 0x4249, 0x4249, 0x4249, 0x4249,
  0x4249, 0x4249, 0x4249, 0x4249, 0x4249, 0x424A, 0x4249, 0x4249, 0x4249, 0x424A, 0x424A, 0x4249,
  0x424A, 0x424A, 0x424A, 0x4249, 0x4249, 0x4249, 0x424A, 0x424A, 0x4249, 0x424A, 0x4249, 0x4249,
  0x4249, 0x4249, 0x4249, 0x4249, 0x4249, 0x424A, 0x4249, 0x4249, 0x4249, 0x4249, 0x4249, 0x4249,
  0x4249, 0x4249, 0x4249, 0x4249, 0x4249, 0x4249, 0x424A, 0x4249, 0x4249, 0x4249, 0x424A, 0x4249,
  0x4249, 0x4249, 0x4249, 0x4249, 0x4249, 0x4249, 0x424A, 0x4249, 0x4249, 0x4249, 0x4249, 0x4249,
  0x4249, 0x4249, 0x4249, 0x4249, 0x424A, 0x4249, 0x4249, 0x4249, 0x4249, 0x4249, 0x4249, 0x4249,
  0x4249, 0x4249, 0x4249, 0x4249, 0x4249, 0x4249, 0x4249, 0x424A, 0x424A, 0x4249, 0x4249, 0x424A,
  0x4249, 0x4249, 0x4249, 0x4249, 0x4249, 0x4249, 0x424A, 0x4249, 0x4249, 0x4249, 0x4249, 0x424A,
  0x4249, 0x4249, 0x4249, 0x4249, 0x4249, 0x4249, 0x4249, 0x4249, 0x4249, 0x4249, 0x4249, 0x4249,
  0x4249, 0x4249, 0x4249, 0x4249, 0x4249, 0x4249, 0x4249, 0x4249, 0x424A, 0x424A, 0x424A, 0x4249,
  0x424A, 0x4249, 0x4249, 0x4249, 0x4249, 0x4249, 0x4229, 0x2966, 0x39E7, 0x4228, 0x4228, 0x4207,
  0x41E6, 0x2964, 0x18E3, 0x18E3, 0x2103, 0x2124, 0x2945, 0x4A29, 0x528A, 0x2965, 0x2924, 0x2944,
  0x2944, 0x2944, 0x2944, 0x39C6, 0x2965, 0x2124, 0x3165, 0x3186, 0x3186, 0x2945, 0x1903, 0x18E3,
  0x18C3, 0x2104, 0x2965, 0x2966, 0x31C8, 0x39E8, 0x2125, 0x10C2, 0x10A2, 0x18A3, 0x10C2, 0x18C3,
  0x18C3, 0x20E3, 0x20E3, 0x2103, 0x2124, 0x2124, 0x2124, 0x1903, 0x2103, 0x2944, 0x31A5, 0x39C6,
  0x3A07, 0x4227, 0x4A69, 0x5AAA, 0x5ACA, 0x4228, 0x1904, 0x2124, 0x39E7, 0x4A69, 0x52A9, 0x52A9,
  0x52A9, 0x52A9, 0x5289, 0x4A48, 0x31A6, 0x2966, 0x39E8, 0x4229, 0x4249, 0x4249, 0x424A, 0x4249,
  0x424A, 0x4249, 0x4249, 0x424A, 0x424A, 0x4249, 0x4249, 0x424A, 0x4249, 0x424A, 0x4249, 0x4249,
  0x4249, 0x4249, 0x4249, 0x4249, 0x4249, 0x4249, 0x4249, 0x4249, 0x4249, 0x4249, 0x424A, 0x4249,
  0x4249, 0x4249, 0x4249, 0x424A, 0x424A, 0x4249, 0x4249, 0x4249, 0x424A, 0x424A, 0x4249, 0x424A,
  0x4249, 0x4249, 0x4249, 0x4249, 0x4249, 0x4249, 0x4249, 0x4249, 0x4249, 0x4249, 0x4249, 0x424A,
  0x4249, 0x4249, 0x4249, 0x4249, 0x4249, 0x4249, 0x4249, 0x4249, 0x4249, 0x424A, 0x4249, 0x4249,
  0x4249, 0x424A, 0x424A, 0x4249, 0x424A, 0x424A, 0x424A, 0x4249, 0x4249, 0x4249, 0x424A, 0x424A,
  0x4249, 0x424A, 0x4249, 0x4249, 0x4249, 0x4249, 0x4249, 0x4249, 0x4249, 0x424A, 0x4249, 0x4249,
  0x4249, 0x4249, 0x4249, 0x4249, 0x4249, 0x4249, 0x4249, 0x4249, 0x4249, 0x4249, 0x424A, 0x4249,
  0x4249, 0x4249, 0x424A, 0x4249, 0x424A, 0x4249, 0x4249, 0x4249, 0x424A, 0x4249, 0x424A, 0x4249,
  0x4249, 0x4249, 0x424A, 0x4249, 0x424A, 0x4249, 0x424A, 0x424A, 0x4249, 0x424A, 0x4249, 0x4249,
  0x424A, 0x4249, 0x4249, 0x424A, 0x4249, 0x4249, 0x4249, 0x4249, 0x4249, 0x4249, 0x4249, 0x4249,
  0x4249, 0x424A, 0x4249, 0x4249, 0x4249, 0x4249, 0x424A, 0x4249, 0x4249, 0x424A, 0x4249, 0x4249,
  0x4249, 0x424A, 0x4249, 0x4249, 0x424A, 0x424A, 0x4249, 0x4249, 0x4249, 0x4249, 0x4249, 0x4249,
  0x424A, 0x4249, 0x4249, 0x424A, 0x4249, 0x4249, 0x4249, 0x4249, 0x4249, 0x4249, 0x4249, 0x4249,
  0x4249, 0x424A, 0x4249, 0x4249, 0x424A, 0x4249, 0x424A, 0x4249, 0x4249, 0x4249, 0x4249, 0x4249,
  0x4249, 0x424A, 0x4249, 0x4249, 0x4249, 0x424A, 0x4249, 0x4249, 0x4249, 0x424A, 0x4249, 0x424A,
  0x4249, 0x424A, 0x4249, 0x4249, 0x4249, 0x4249, 0x4249, 0x4249, 0x4249, 0x424A, 0x424A, 0x424A,
  0x4249, 0x4249, 0x424A, 0x4249, 0x4249, 0x4249, 0x4249, 0x424A, 0x4249, 0x424A, 0x4249, 0x4249,
  0x4249, 0x424A, 0x4249, 0x4249, 0x4249, 0x4249, 0x424A, 0x4249, 0x424A, 0x4249, 0x4249, 0x4249,
  0x4249, 0x424A, 0x4249, 0x4249, 0x4249, 0x4249, 0x4249, 0x4249, 0x4249, 0x4249, 0x424A, 0x424A,
  0x4249, 0x4249, 0x31A7, 0x2945, 0x4227, 0x4228, 0x4A27, 0x4A27, 0x4A27, 0x4A07, 0x3185, 0x2103,
  0x39A6, 0x4A07, 0x2944, 0x2944, 0x2944, 0x2944, 0x2944, 0x2944, 0x2945, 0x2944, 0x18C3, 0x2944,
  0x2945, 0x2124, 0x2965, 0x3185, 0x3185, 0x2965, 0x20E3, 0x18C2, 0x18E2, 0x31A5, 0x4227, 0x39E7,
  0x3185, 0x1903, 0x1882, 0x18A2, 0x10A2, 0x10A2, 0x10A2, 0x18C2, 0x18C2, 0x18C2, 0x18E3, 0x18C3,
  0x1903, 0x20E3, 0x18E3, 0x18C3, 0x18C2, 0x2104, 0x2944, 0x2965, 0x31A5, 0x39C6, 0x41E7, 0x4228,
  0x4A68, 0x4228, 0x2986, 0x20E4, 0x0881, 0x2103, 0x39C6, 0x5269, 0x52A9, 0x52A9, 0x52A9, 0x52A9,
  0x52A9, 0x4A48, 0x31A6, 0x2966, 0x39C8, 0x4229, 0x4249, 0x4249, 0x4249, 0x4249, 0x4249, 0x424A,
  0x4249, 0x4249, 0x4249, 0x4249, 0x4249, 0x4249, 0x4249, 0x4249, 0x4249, 0x4249, 0x4249, 0x424A,
  0x4249, 0x4249, 0x424A, 0x424A, 0x4249, 0x4249, 0x4249, 0x424A, 0x4249, 0x4249, 0x4249, 0x4249,
  0x4249, 0x4249, 0x4249, 0x4249, 0x424A, 0x4249, 0x4249, 0x4249, 0x424A, 0x4249, 0x4249, 0x4249,
  0x424A, 0x4249, 0x424A, 0x4249, 0x4249, 0x4249, 0x424A, 0x4249, 0x424A, 0x4249, 0x424A, 0x424A,
  0x4249, 0x424A, 0x4249, 0x4249, 0x424A, 0x4249, 0x4249, 0x424A, 0x4249, 0x4249, 0x4249, 0x4249,
  0x4249, 0x4249, 0x4249, 0x4249, 0x4249, 0x424A, 0x4249, 0x4249, 0x4249, 0x4249, 0x424A, 0x4249,
  0x4249, 0x424A, 0x4249, 0x4249, 0x4249, 0x424A, 0x4249, 0x4249, 0x424A, 0x424A, 0x4249, 0x4249,
  0x4249, 0x4249, 0x4249, 0x4249, 0x424A, 0x4249, 0x4249, 0x424A, 0x4249, 0x4249, 0x4249, 0x4249,
  0x4249, 0x424A, 0x4249, 0x4249, 0x4249, 0x4249, 0x4249, 0x4249, 0x424A, 0x4249, 0x4249, 0x4249,
  0x4249, 0x424A, 0x4249, 0x4249, 0x4249, 0x424A, 0x4249, 0x4249, 0x4249, 0x4249, 0x4249, 0x4249,
  0x4249, 0x4249, 0x4249, 0x424A, 0x4249, 0x4249, 0x424A, 0x4249, 0x4249, 0x424A, 0x4249, 0x4249,
  0x4249, 0x4249, 0x4249, 0x424A, 0x4249, 0x424A, 0x4249, 0x4249, 0x4249, 0x424A, 0x4249, 0x4249,
  0x4249, 0x4249, 0x4249, 0x424A, 0x424A, 0x424A, 0x4249, 0x424A, 0x4249, 0x4249, 0x4249, 0x4249,
  0x424A, 0x4249, 0x424A, 0x4249, 0x424A, 0x4249, 0x424A, 0x4249, 0x4249, 0x4249, 0x4249, 0x4249,
  0x4249, 0x4249, 0x4249, 0x4249, 0x424A, 0x4249, 0x424A, 0x4249, 0x424A, 0x4249, 0x4249, 0x4249,
  0x4249, 0x4249, 0x424A, 0x4249, 0x4249, 0x4249, 0x4249, 0x424A, 0x4249, 0x4249, 0x424A, 0x4249,
  0x4249, 0x4249, 0x4249, 0x424A, 0x4249, 0x4249, 0x4249, 0x4249, 0x4249, 0x4249, 0x4249, 0x4249,
  0x4249, 0x424A, 0x4249, 0x4249, 0x4249, 0x4249, 0x4249, 0x424A, 0x4249, 0x4249, 0x4249, 0x424A,
  0x424A, 0x4249, 0x4249, 0x4249, 0x4249, 0x4249, 0x424A, 0x4249, 0x4249, 0x4249, 0x424A, 0x4249,
  0x4249, 0x4249, 0x4249, 0x4249, 0x424A, 0x4249, 0x4249, 0x4249, 0x4249, 0x31C7, 0x2965, 0x2924,
  0x4207, 0x4A27, 0x4A27, 0x4A47, 0x4A27, 0x4A47, 0x4A27, 0x41E6, 0x62A9, 0x7A68, 0x6225, 0x2124,
  0x2944, 0x2944, 0x2945, 0x2924, 0x2944, 0x2124, 0x2104, 0x18C3, 0x10A3, 0x2124, 0x3165, 0x3185,
  0x39E7, 0x31A6, 0x18E4, 0x18A3, 0x2965, 0x4207, 0x4228, 0x4A28, 0x4207, 0x2104, 0x1082, 0x10A2,
  0x1082, 0x10C2, 0x18A2, 0x10A2, 0x10A2, 0x10A2, 0x18C3, 0x18C3, 0x18C3, 0x18C2, 0x18A3, 0x10C3,
  0x18C3, 0x2103, 0x2104, 0x2124, 0x2145, 0x2965, 0x3185, 0x39C6, 0x39E7, 0x2964, 0x2103, 0x2104,
  0x2144, 0x18E3, 0x1081, 0x2103, 0x39C6, 0x4A69, 0x52A9, 0x52A9, 0x52AA, 0x52A9, 0x52A9, 0x4A48,
  0x31A6, 0x2966, 0x31C8, 0x4229, 0x4249, 0x4249, 0x4249, 0x4249, 0x4249, 0x4249, 0x4249, 0x4249,
  0x424A, 0x424A, 0x4249, 0x4249, 0x4249, 0x424A, 0x4249, 0x4249, 0x4249, 0x4249, 0x4249, 0x4249,
  0x4249, 0x424A, 0x4249, 0x4249, 0x4249, 0x424A, 0x424A, 0x4249, 0x4249, 0x4249, 0x4249, 0x4249,
  0x4249, 0x4249, 0x4249, 0x4249, 0x4249, 0x424A, 0x4249, 0x4249, 0x4249, 0x4249, 0x4249, 0x4249,
  0x424A, 0x4249, 0x4249, 0x4249, 0x4249, 0x424A, 0x4249, 0x4249, 0x4249, 0x424A, 0x4249, 0x4249,
  0x4249, 0x4249, 0x4249, 0x4249, 0x4249, 0x4249, 0x4249, 0x424A, 0x4249, 0x4249, 0x424A, 0x4249,
  0x4249, 0x424A, 0x4249, 0x4249, 0x4249, 0x4249, 0x4249, 0x424A, 0x4249, 0x424A, 0x4249, 0x4249,
  0x4249, 0x424A, 0x4249, 0x4249, 0x4249, 0x4249, 0x4249, 0x424A, 0x424A, 0x424A, 0x4249, 0x424A,
  0x4249, 0x4249, 0x4249, 0x4249, 0x424A, 0x4249, 0x424A, 0x4249, 0x4249, 0x424A, 0x4249, 0x424A,
  0x4249, 0x4249, 0x4249, 0x4249, 0x4249, 0x4249, 0x4249, 0x4249, 0x4249, 0x4249, 0x4249, 0x4249,
  0x4249, 0x4249, 0x424A, 0x4249, 0x4249, 0x424A, 0x4249, 0x424A, 0x4249, 0x4249, 0x4249, 0x4249,
  0x4249, 0x4249, 0x4249, 0x4249, 0x4249, 0x4249, 0x4249, 0x424A, 0x4249, 0x4249, 0x424A, 0x4249,
  0x4249, 0x4249, 0x424A, 0x4249, 0x4249, 0x4249, 0x4249, 0x4249, 0x424A, 0x4249, 0x4249, 0x4249,
  0x4249, 0x4249, 0x4249, 0x4249, 0x4249, 0x4249, 0x4249, 0x4249, 0x4249, 0x4249, 0x4249, 0x4249,
  0x424A, 0x4249, 0x4249, 0x4249, 0x4249, 0x424A, 0x4249, 0x424A, 0x4249, 0x4249, 0x4249, 0x4249,
  0x4249, 0x4249, 0x4249, 0x4249, 0x4249, 0x4249, 0x4249, 0x424A, 0x4249, 0x424A, 0x4249, 0x424A,
  0x4249, 0x4249, 0x4249, 0x4249, 0x4249, 0x4249, 0x4249, 0x424A, 0x4249, 0x4249, 0x424A, 0x4249,
  0x4249, 0x4249, 0x4249, 0x4249, 0x4249, 0x424A, 0x4249, 0x4249, 0x424A, 0x4249, 0x4249, 0x4249,
  0x4249, 0x4249, 0x4249, 0x424A, 0x4249, 0x4249, 0x424A, 0x4249, 0x4249, 0x4249, 0x4249, 0x424A,
  0x4249, 0x4249, 0x4249, 0x424A, 0x4249, 0x4249, 0x4249, 0x424A, 0x424A, 0x4249, 0x424A, 0x4249,
  0x424A, 0x4249, 0x4249, 0x4249, 0x39E8, 0x3186, 0x5269, 0x31A6, 0x39C6, 0x4227, 0x4A47, 0x4A27,
  0x4A27, 0x4A47, 0x4A47, 0x62C9, 0x7AA8, 0x82C6, 0x5204, 0x2103, 0x2104, 0x2944, 0x2944, 0x2944,
  0x2965, 0x2944, 0x2124, 0x2104, 0x2104, 0x2965, 0x3165, 0x41E7, 0x4227, 0x3186, 0x18C3, 0x18E4,
  0x39E6, 0x4228, 0x4228, 0x4228, 0x39C6, 0x18C2, 0x10A2, 0x10A2, 0x1081, 0x10A1, 0x1082, 0x1082,
  0x1882, 0x18A2, 0x18A2, 0x10C2, 0x18C2, 0x10C2, 0x10C2, 0x10A2, 0x18A3, 0x18E2, 0x18E3, 0x18E3,
  0x2103, 0x2104, 0x2944, 0x2965, 0x3185, 0x2104, 0x18C3, 0x18A2, 0x10E3, 0x2945, 0x2166, 0x18E4,
  0x1082, 0x1903, 0x39C6, 0x4A69, 0x52A9, 0x52A9, 0x52A9, 0x52A9, 0x5289, 0x4A48, 0x31C6, 0x2965,
  0x31C7, 0x4229, 0x4249, 0x4249, 0x424A, 0x424A, 0x4249, 0x4249, 0x4249, 0x4249, 0x4249, 0x4249,
  0x424A, 0x424A, 0x4249, 0x4249, 0x424A, 0x4249, 0x4249, 0x4249, 0x4249, 0x4249, 0x4249, 0x4249,
  0x4249, 0x424A, 0x4249, 0x4249, 0x4249, 0x424A, 0x4249, 0x424A, 0x4249, 0x4249, 0x4249, 0x4249,
  0x4249, 0x424A, 0x4249, 0x424A, 0x4249, 0x4249, 0x4249, 0x4249, 0x4249, 0x4249, 0x4249, 0x4249,
  0x4249, 0x4249, 0x4249, 0x4249, 0x4249, 0x4249, 0x424A, 0x4249, 0x4249, 0x424A, 0x4249, 0x424A,
  0x4249, 0x4249, 0x4249, 0x4249, 0x4249, 0x4249, 0x4249, 0x4249, 0x4249, 0x4249, 0x4249, 0x424A,
  0x4249, 0x4249, 0x424A, 0x4249, 0x4249, 0x4249, 0x424A, 0x4249, 0x4249, 0x4249, 0x4249, 0x4249,
  0x424A, 0x4249, 0x4249, 0x4249, 0x4249, 0x4249, 0x4249, 0x4249, 0x4249, 0x4249, 0x4249, 0x4249,
  0x4249, 0x4249, 0x4249, 0x4249, 0x4249, 0x4249, 0x4249, 0x4249, 0x4249, 0x4249, 0x424A, 0x424A,
  0x4249, 0x424A, 0x4249, 0x424A, 0x4249, 0x4249, 0x424A, 0x4249, 0x4249, 0x4249, 0x4249, 0x4249,
  0x4249, 0x4249, 0x4249, 0x4249, 0x424A, 0x4249, 0x424A, 0x4249, 0x4249, 0x4249, 0x424A, 0x4249,
  0x4249, 0x4249, 0x4249, 0x4249, 0x424A, 0x4249, 0x4249, 0x4249, 0x4249, 0x4249, 0x424A, 0x4249,
  0x4249, 0x424A, 0x4249, 0x4249, 0x4249, 0x4249, 0x4249, 0x424A, 0x4249, 0x4249, 0x4249, 0x4249,
  0x424A, 0x4249, 0x424A, 0x424A, 0x4249, 0x4249, 0x4249, 0x4249, 0x4249, 0x4249, 0x424A, 0x4249,
  0x424A, 0x4249, 0x4249, 0x4249, 0x424A, 0x424A, 0x4249, 0x424A, 0x4249, 0x4249, 0x4249, 0x424A,
  0x4249, 0x4249, 0x4249, 0x4249, 0x4249, 0x4249, 0x4249, 0x4249, 0x4249, 0x424A, 0x4249, 0x424A,
  0x4249, 0x4249, 0x4249, 0x4249, 0x424A, 0x4249, 0x4249, 0x4249, 0x4249, 0x424A, 0x4249, 0x4249,
  0x4249, 0x424A, 0x4249, 0x4249, 0x424A, 0x4249, 0x4249, 0x424A, 0x424A, 0x4249, 0x424A, 0x4249,
  0x4249, 0x4249, 0x4249, 0x4249, 0x4249, 0x424A, 0x4249, 0x4249, 0x4249, 0x4249, 0x4249, 0x4249,
  0x424A, 0x4249, 0x4249, 0x4249, 0x4249, 0x4249, 0x4249, 0x4249, 0x4249, 0x424A, 0x4249, 0x3A08,
  0x2966, 0x4A69, 0x5AAA, 0x4228, 0x2965, 0x4207, 0x4227, 0x4A27, 0x4A27, 0x4A27, 0x4A27, 0x6A68,
  0x82C6, 0x6A85, 0x2944, 0x18C3, 0x18E3, 0x20E3, 0x2924, 0x2924, 0x2104, 0x2144, 0x3165, 0x2945,
  0x3165, 0x2965, 0x3185, 0x2965, 0x18E4, 0x18E4, 0x10E4, 0x2965, 0x4227, 0x4A28, 0x4227, 0x4227,
  0x2124, 0x10A2, 0x08A2, 0x1061, 0x1081, 0x10A2, 0x0882, 0x1082, 0x10A2, 0x10A2, 0x10A2, 0x1082,
  0x1082, 0x1082, 0x10A2, 0x10A3, 0x18A2, 0x10A2, 0x18C3, 0x18C3, 0x18E3, 0x1903, 0x2104, 0x2104,
  0x2144, 0x20E3, 0x10C3, 0x1082, 0x1081, 0x1082, 0x10E3, 0x3186, 0x31A7, 0x18E4, 0x08A2, 0x1903,
  0x39C6, 0x4A68, 0x52A9, 0x52A9, 0x52A9, 0x52A9, 0x52A9, 0x4A68, 0x39A6, 0x2946, 0x31C7, 0x4229,
  0x4249, 0x4249, 0x4249, 0x4249, 0x4249, 0x424A, 0x4249, 0x4249, 0x4249, 0x4249, 0x4249, 0x4249,
  0x4249, 0x424A, 0x4249, 0x424A, 0x4249, 0x4249, 0x4249, 0x424A, 0x4249, 0x4249, 0x4249, 0x424A,
  0x4249, 0x4249, 0x4249, 0x4249, 0x424A, 0x4249, 0x4249, 0x424A, 0x4249, 0x4249, 0x4249, 0x4249,
  0x4249, 0x4249, 0x424A, 0x424A, 0x4249, 0x424A, 0x4249, 0x424A, 0x4249, 0x4249, 0x424A, 0x4249,
  0x4249, 0x4249, 0x4249, 0x4249, 0x4249, 0x4249, 0x4249, 0x4249, 0x424A, 0x4249, 0x424A, 0x4249,
  0x4249, 0x4249, 0x424A, 0x4249, 0x4249, 0x4249, 0x4249, 0x4249, 0x424A, 0x4249, 0x4249, 0x4249,
  0x4249, 0x4249, 0x424A, 0x4249, 0x4249, 0x424A, 0x4249, 0x4249, 0x4249, 0x4249, 0x4249, 0x424A,
  0x4249, 0x4249, 0x4249, 0x4249, 0x424A, 0x4249, 0x424A, 0x424A, 0x4249, 0x4249, 0x4249, 0x4249,
  0x424A, 0x4249, 0x4249, 0x4249, 0x424A, 0x4249, 0x4249, 0x4249, 0x4249, 0x4249, 0x4249, 0x424A,
  0x4249, 0x4249, 0x4249, 0x424A, 0x424A, 0x4249, 0x4249, 0x4249, 0x424A, 0x4249, 0x4249, 0x424A,
  0x4249, 0x4249, 0x4249, 0x4249, 0x424A, 0x4249, 0x424A, 0x4249, 0x424A, 0x4249, 0x4249, 0x4249,
  0x4249, 0x4249, 0x4249, 0x4249, 0x4249, 0x4249, 0x4249, 0x4249, 0x4249, 0x4249, 0x424A, 0x4249,
  0x4249, 0x4249, 0x424A, 0x4249, 0x4249, 0x4249, 0x424A, 0x424A, 0x4249, 0x4249, 0x4249, 0x4249,
  0x424A, 0x4249, 0x424A, 0x4249, 0x4249, 0x4249, 0x424A, 0x4249, 0x4249, 0x4249, 0x4249, 0x4249,
  0x4249, 0x4249, 0x4249, 0x4249, 0x424A, 0x424A, 0x4249, 0x4249, 0x424A, 0x4249, 0x4249, 0x4249,
  0x424A, 0x4249, 0x424A, 0x4249, 0x4249, 0x424A, 0x4249, 0x4249, 0x424A, 0x4249, 0x424A, 0x4249,
  0x4249, 0x4249, 0x4249, 0x4249, 0x424A, 0x424A, 0x4249, 0x424A, 0x4249, 0x4249, 0x4249, 0x4249,
  0x4249, 0x4249, 0x4249, 0x4249, 0x4249, 0x4249, 0x4249, 0x4249, 0x4249, 0x424A, 0x4249, 0x4249,
  0x4249, 0x4249, 0x4249, 0x4249, 0x4249, 0x424A, 0x4249, 0x4249, 0x4249, 0x4249, 0x4249, 0x4249,
  0x4249, 0x424A, 0x4249, 0x4249, 0x4249, 0x4249, 0x3A09, 0x2966, 0x4A48, 0x52A9, 0x52A9, 0x5289,
  0x3185, 0x2104, 0x3186, 0x4207, 0x4A27, 0x4A27, 0x4207, 0x4A27, 0x6286, 0x5247, 0x4206, 0x2944,
  0x18E3, 0x1903, 0x20E4, 0x2124, 0x2124, 0x2104, 0x2925, 0x2965, 0x3185, 0x39C6, 0x2985, 0x18A3,
  0x18A3, 0x18E4, 0x1904, 0x39E6, 0x4228, 0x4228, 0x4227, 0x39E6, 0x18A2, 0x1081, 0x0861, 0x1062,
  0x10A2, 0x1062, 0x10A2, 0x1061, 0x08A2, 0x10A2, 0x10C2, 0x10A2, 0x10A2, 0x18C3, 0x31C7, 0x2965,
  0x18E3, 0x10A2, 0x10A2, 0x18A2, 0x18C2, 0x18C2, 0x18E3, 0x18E3, 0x2104, 0x18C3, 0x18C2, 0x1082,
  0x08A2, 0x0861, 0x1082, 0x39E8, 0x4249, 0x4229, 0x31C7, 0x1904, 0x0881, 0x18E3, 0x31C6, 0x4A68,
  0x52A9, 0x52A9, 0x52A9, 0x52AA, 0x52A9, 0x4A68, 0x39C6, 0x2145, 0x31C7, 0x3A09, 0x4249, 0x4249,
  0x4249, 0x424A, 0x4249, 0x4249, 0x4249, 0x4249, 0x4249, 0x424A, 0x4249, 0x4249, 0x4249, 0x4249,
  0x424A, 0x4249, 0x424A, 0x4249, 0x4249, 0x4249, 0x4249, 0x4249, 0x424A, 0x4249, 0x4249, 0x424A,
  0x4249, 0x424A, 0x4249, 0x4249, 0x424A, 0x4249, 0x4249, 0x4249, 0x424A, 0x4249, 0x4249, 0x4249,
  0x4249, 0x4249, 0x4249, 0x424A, 0x4249, 0x4249, 0x4249, 0x424A, 0x424A, 0x4249, 0x4249, 0x4249,
  0x424A, 0x4249, 0x4249, 0x424A, 0x4249, 0x4249, 0x4249, 0x4249, 0x424A, 0x4249, 0x424A, 0x4249,
  0x424A, 0x4249, 0x4249, 0x4249, 0x4249, 0x4249, 0x4249, 0x4249, 0x4249, 0x4249, 0x4249, 0x4249,
  0x4249, 0x4249, 0x424A, 0x4249, 0x4249, 0x4249, 0x424A, 0x4249, 0x4249, 0x4249, 0x424A, 0x424A,
  0x4249, 0x4249, 0x4249, 0x4249, 0x424A, 0x4249, 0x424A, 0x4249, 0x4249, 0x4249, 0x424A, 0x4249,
  0x4249, 0x424A, 0x4249, 0x4249, 0x4249, 0x4249, 0x4249, 0x4249, 0x4249, 0x424A, 0x4249, 0x4249,
  0x4249, 0x4249, 0x4249, 0x424A, 0x4249, 0x4249, 0x424A, 0x4249, 0x4249, 0x4249, 0x4249, 0x4249,
  0x4249, 0x4249, 0x4249, 0x4249, 0x4249, 0x4249, 0x4249, 0x4249, 0x424A, 0x4249, 0x424A, 0x4249,
  0x424A, 0x4249, 0x424A, 0x4249, 0x4249, 0x4249, 0x4249, 0x4249, 0x424A, 0x424A, 0x4249, 0x4249,
  0x4249, 0x4249, 0x4249, 0x4249, 0x4249, 0x4249, 0x4249, 0x4249, 0x4249, 0x4249, 0x424A, 0x4249,
  0x4249, 0x4249, 0x424A, 0x4249, 0x4249, 0x424A, 0x4249, 0x424A, 0x4249, 0x4249, 0x4249, 0x4249,
  0x4249, 0x4249, 0x4249, 0x4249, 0x4249, 0x4249, 0x424A, 0x4249, 0x4249, 0x4249, 0x424A, 0x4249,
  0x4249, 0x4249, 0x4249, 0x4249, 0x4249, 0x4249, 0x4249, 0x4249, 0x4249, 0x424A, 0x4249, 0x4249,
  0x4249, 0x4249, 0x4249, 0x4249, 0x424A, 0x4249, 0x4249, 0x424A, 0x4249, 0x4249, 0x4249, 0x424A,
  0x424A, 0x4249, 0x4249, 0x4249, 0x4249, 0x4249, 0x4249, 0x4249, 0x4249, 0x424A, 0x4249, 0x424A,
  0x4249, 0x4249, 0x4249, 0x4249, 0x424A, 0x4249, 0x424A, 0x4249, 0x4249, 0x4249, 0x4249, 0x424A,
  0x4249, 0x4229, 0x2966, 0x4227, 0x52A9, 0x52AA, 0x5AAA, 0x52AA, 0x5289, 0x4228, 0x3185, 0x2104,
  0x3185, 0x39E6, 0x4207, 0x4227, 0x4A47, 0x4A27, 0x4A27, 0x4207, 0x3164, 0x2944, 0x39A6, 0x2125,
  0x2104, 0x2124, 0x2965, 0x3165, 0x39A6, 0x4207, 0x2104, 0x18E3, 0x10E4, 0x10C3, 0x2945, 0x4207,
  0x4228, 0x4228, 0x4228, 0x2944, 0x08A2, 0x1061, 0x0881, 0x0882, 0x1082, 0x1081, 0x1062, 0x10A1,
  0x1061, 0x10A1, 0x1082, 0x1082, 0x10A2, 0x2965, 0x3A08, 0x3186, 0x2965, 0x2944, 0x18E3, 0x10C3,
  0x10A2, 0x10A3, 0x18E3, 0x18C3, 0x18E3, 0x18E3, 0x10A2, 0x1082, 0x1082, 0x0862, 0x2124, 0x4229,
  0x4249, 0x4249, 0x424A, 0x4229, 0x31C7, 0x2104, 0x0862, 0x18C2, 0x31A5, 0x4A48, 0x52A9, 0x52A9,
  0x52A9, 0x52A9, 0x52A9, 0x4A68, 0x39C6, 0x2965, 0x31C7, 0x4229, 0x4249, 0x4249, 0x424A, 0x4249,
  0x4249, 0x4249, 0x424A, 0x4249, 0x4249, 0x4249, 0x4249, 0x4249, 0x4249, 0x4249, 0x4249, 0x4249,
  0x424A, 0x4249, 0x4249, 0x424A, 0x4249, 0x4249, 0x4249, 0x4249, 0x4249, 0x4249, 0x4249, 0x4249,
  0x4249, 0x4249, 0x424A, 0x4249, 0x4249, 0x424A, 0x4249, 0x4249, 0x4249, 0x4249, 0x4249, 0x4249,
  0x4249, 0x424A, 0x4249, 0x4249, 0x4249, 0x4249, 0x4249, 0x424A, 0x4249, 0x4249, 0x424A, 0x4249,
  0x4249, 0x4249, 0x4249, 0x4249, 0x4249, 0x4249, 0x4249, 0x4249, 0x4249, 0x4249, 0x4249, 0x4249,
  0x424A, 0x4249, 0x424A, 0x4249, 0x424A, 0x4249, 0x424A, 0x4249, 0x4249, 0x4249, 0x4249, 0x4249,
  0x424A, 0x424A, 0x4249, 0x4249, 0x4249, 0x4249, 0x4249, 0x4249, 0x4249, 0x4249, 0x4249, 0x4249,
  0x4249, 0x4249, 0x424A, 0x4249, 0x4249, 0x424A, 0x4249, 0x4249, 0x4249, 0x424A, 0x4249, 0x4249,
  0x424A, 0x424A, 0x4249, 0x4249, 0x4249, 0x4249, 0x4249, 0x4249, 0x4249, 0x4249, 0x4249, 0x4249,
  0x4249, 0x4249, 0x4249, 0x4249, 0x424A, 0x4249, 0x4249, 0x424A, 0x4249, 0x4249, 0x4249, 0x424A,
  0x424A, 0x424A, 0x4249, 0x424A, 0x4249, 0x4249, 0x4249, 0x4249, 0x424A, 0x4249, 0x4249, 0x424A,
  0x424A, 0x4249, 0x424A, 0x4249, 0x4249, 0x4249, 0x4249, 0x4249, 0x4249, 0x424A, 0x4249, 0x4249,
  0x4249, 0x4249, 0x424A, 0x424A, 0x4249, 0x4249, 0x4249, 0x424A, 0x4249, 0x4249, 0x4249, 0x4249,
  0x4249, 0x4249, 0x4249, 0x4249, 0x4249, 0x4249, 0x4249, 0x4249, 0x424A, 0x4249, 0x4249, 0x424A,
  0x4249, 0x4249, 0x4249, 0x424A, 0x4249, 0x4249, 0x4249, 0x4249, 0x4249, 0x4249, 0x4249, 0x4249,
  0x424A, 0x424A, 0x4249, 0x4249, 0x4249, 0x424A, 0x4249, 0x4249, 0x424A, 0x4249, 0x4249, 0x4249,
  0x4249, 0x4249, 0x4249, 0x4249, 0x4249, 0x4249, 0x4249, 0x4249, 0x4249, 0x4249, 0x424A, 0x424A,
  0x4249, 0x4249, 0x4249, 0x424A, 0x4249, 0x4249, 0x424A, 0x4249, 0x424A, 0x4249, 0x4249, 0x4249,
  0x4249, 0x424A, 0x4249, 0x4249, 0x4249, 0x4249, 0x4249, 0x424A, 0x4249, 0x2987, 0x41E7, 0x52A9,
  0x5AAA, 0x5AA9, 0x52A9, 0x5AA9, 0x52AA, 0x52A9, 0x5289, 0x4228, 0x3185, 0x2124, 0x39C6, 0x4A27,
  0x4A27, 0x4A47, 0x4A47, 0x4A27, 0x4207, 0x39C6, 0x39C7, 0x39A6, 0x1903, 0x2124, 0x3165, 0x31A6,
  0x4228, 0x39E7, 0x18A3, 0x18C3, 0x10C3, 0x1904, 0x3185, 0x39A6, 0x4227, 0x4227, 0x39C7, 0x18A2,
  0x0881, 0x1061, 0x1061, 0x0881, 0x0861, 0x08A1, 0x1061, 0x08A2, 0x0882, 0x1062, 0x10A2, 0x10A1,
  0x10A2, 0x39E8, 0x39C7, 0x2965, 0x2965, 0x2965, 0x2945, 0x2924, 0x18E3, 0x18C2, 0x10A2, 0x18C2,
  0x18A2, 0x10A2, 0x10A2, 0x10A1, 0x08A1, 0x1082, 0x31E8, 0x4249, 0x4249, 0x424A, 0x4249, 0x4249,
  0x4249, 0x4229, 0x31C7, 0x1924, 0x1082, 0x18C3, 0x31A6, 0x4A48, 0x52A9, 0x52A9, 0x52A9, 0x52A9,
  0x52A9, 0x4A69, 0x39C7, 0x2965, 0x31A7, 0x3A29, 0x4249, 0x424A, 0x4249, 0x4249, 0x4249, 0x4249,
  0x4249, 0x424A, 0x4249, 0x4249, 0x424A, 0x4249, 0x4249, 0x4249, 0x4249, 0x4249, 0x4249, 0x4249,
  0x4249, 0x424A, 0x4249, 0x424A, 0x4249, 0x4249, 0x4249, 0x4249, 0x4249, 0x424A, 0x4249, 0x4249,
  0x4249, 0x424A, 0x4249, 0x4249, 0x424A, 0x424A, 0x4249, 0x4249, 0x4249, 0x4249, 0x4249, 0x4249,
  0x4249, 0x4249, 0x4249, 0x4249, 0x4249, 0x4249, 0x4249, 0x4249, 0x424A, 0x4249, 0x4249, 0x424A,
  0x4249, 0x4249, 0x4249, 0x424A, 0x424A, 0x424A, 0x4249, 0x424A, 0x4249, 0x4249, 0x4249, 0x4249,
  0x424A, 0x4249, 0x4249, 0x424A, 0x424A, 0x4249, 0x424A, 0x4249, 0x4249, 0x4249, 0x4249, 0x4249,
  0x4249, 0x424A, 0x4249, 0x4249, 0x4249, 0x4249, 0x424A, 0x424A, 0x4249, 0x4249, 0x4249, 0x424A,
  0x4249, 0x424A, 0x4249, 0x4249, 0x4249, 0x4249, 0x4249, 0x4249, 0x4249, 0x4249, 0x424A, 0x4249,
  0x4249, 0x424A, 0x4249, 0x424A, 0x4249, 0x424A, 0x4249, 0x424A, 0x4249, 0x424A, 0x4249, 0x4249,
  0x4249, 0x424A, 0x4249, 0x4249, 0x424A, 0x4249, 0x4249, 0x4249, 0x4249, 0x4249, 0x4249, 0x4249,
  0x4249, 0x424A, 0x424A, 0x4249, 0x4249, 0x4249, 0x4249, 0x4249, 0x4249, 0x4249, 0x424A, 0x4249,
  0x4249, 0x424A, 0x4249, 0x424A, 0x4249, 0x4249, 0x4249, 0x4249, 0x424A, 0x4249, 0x4249, 0x4249,
  0x4249, 0x4249, 0x4249, 0x4249, 0x4249, 0x4249, 0x424A, 0x4249, 0x4249, 0x4249, 0x424A, 0x4249,
  0x4249, 0x424A, 0x4249, 0x424A, 0x4249, 0x4249, 0x4249, 0x424A, 0x4249, 0x4249, 0x4249, 0x424A,
  0x4249, 0x4249, 0x424A, 0x4249, 0x4249, 0x4249, 0x424A, 0x4249, 0x4249, 0x4249, 0x4249, 0x4249,
  0x424A, 0x4249, 0x4249, 0x424A, 0x4249, 0x4249, 0x424A, 0x4249, 0x4249, 0x4249, 0x4249, 0x424A,
  0x4249, 0x424A, 0x4249, 0x4249, 0x4249, 0x4249, 0x4249, 0x4249, 0x4249, 0x424A, 0x4249, 0x4249,
  0x4249, 0x4249, 0x4249, 0x4249, 0x4249, 0x4249, 0x424A, 0x4249, 0x424A, 0x4249, 0x4249, 0x4249,
  0x424A, 0x424A, 0x4249, 0x4249, 0x31C7, 0x39C7, 0x5289, 0x5AA9, 0x52AA, 0x52A9, 0x4228, 0x4A48,
  0x52A9, 0x5AAA, 0x52A9, 0x52A9, 0x5289, 0x4228, 0x39A6, 0x41E6, 0x4A27, 0x4A27, 0x4A47, 0x4A27,
  0x4207, 0x41E7, 0x39E7, 0x2965, 0x2103, 0x3165, 0x3186, 0x4227, 0x4A48, 0x4228, 0x2104, 0x10E3,
  0x18E3, 0x2945, 0x2985, 0x1903, 0x4207, 0x4227, 0x2944, 0x1082, 0x1082, 0x0861, 0x0842, 0x1081,
  0x0842, 0x1061, 0x1082, 0x1082, 0x1081, 0x1082, 0x1081, 0x0862, 0x2145, 0x3A08, 0x2985, 0x2965,
  0x3165, 0x2965, 0x2965, 0x2965, 0x3186, 0x2944, 0x18E3, 0x18A2, 0x18A2, 0x10A2, 0x10A2, 0x1062,
  0x1061, 0x2124, 0x4229, 0x4249, 0x424A, 0x4249, 0x4249, 0x4249, 0x4249, 0x4249, 0x4249, 0x4229,
  0x31C7, 0x2124, 0x1081, 0x10A2, 0x3185, 0x4A48, 0x52A9, 0x52A9, 0x52A9, 0x52A9, 0x52A9, 0x4A68,
  0x39C6, 0x2965, 0x31A7, 0x3A29, 0x4249, 0x424A, 0x4249, 0x4249, 0x4249, 0x4249, 0x4249, 0x424A,
  0x4249, 0x4249, 0x4249, 0x424A, 0x4249, 0x4249, 0x424A, 0x4249, 0x424A, 0x4249, 0x4249, 0x4249,
  0x4249, 0x4249, 0x424A, 0x4249, 0x4249, 0x424A, 0x4249, 0x4249, 0x4249, 0x4249, 0x4249, 0x4249,
  0x4249, 0x4249, 0x424A, 0x4249, 0x4249, 0x424A, 0x4249, 0x424A, 0x4249, 0x424A, 0x4249, 0x424A,
  0x4249, 0x424A, 0x4249, 0x4249, 0x4249, 0x424A, 0x4249, 0x4249, 0x424A, 0x4249, 0x4249, 0x4249,
  0x4249, 0x4249, 0x4249, 0x4249, 0x4249, 0x424A, 0x424A, 0x4249, 0x4249, 0x4249, 0x4249, 0x4249,
  0x4249, 0x4249, 0x424A, 0x4249, 0x4249, 0x424A, 0x4249, 0x424A, 0x4249, 0x4249, 0x4249, 0x4249,
  0x424A, 0x4249, 0x4249, 0x4249, 0x4249, 0x4249, 0x4249, 0x4249, 0x4249, 0x4249, 0x4249, 0x4249,
  0x424A, 0x4249, 0x4249, 0x4249, 0x424A, 0x4249, 0x4249, 0x424A, 0x4249, 0x4249, 0x4249, 0x4249,
  0x4249, 0x4249, 0x4249, 0x424A, 0x4249, 0x4249, 0x4249, 0x4249, 0x4249, 0x424A, 0x4249, 0x424A,
  0x4249, 0x4249, 0x4249, 0x4249, 0x4249, 0x4249, 0x424A, 0x4249, 0x4249, 0x4249, 0x4249, 0x4249,
  0x4249, 0x4249, 0x4249, 0x4249, 0x4249, 0x4249, 0x4249, 0x4249, 0x4249, 0x4249, 0x4249, 0x4249,
  0x4249, 0x4249, 0x4249, 0x424A, 0x4249, 0x4249, 0x4249, 0x4249, 0x424A, 0x4249, 0x4249, 0x4249,
  0x424A, 0x4249, 0x424A, 0x4249, 0x4249, 0x4249, 0x424A, 0x4249, 0x424A, 0x4249, 0x4249, 0x4249,
  0x4249, 0x4249, 0x4249, 0x4249, 0x4249, 0x4249, 0x424A, 0x4249, 0x4249, 0x4249, 0x4249, 0x424A,
  0x424A, 0x4249, 0x4249, 0x4249, 0x424A, 0x4249, 0x4249, 0x424A, 0x4249, 0x4249, 0x4249, 0x4249,
  0x4249, 0x4249, 0x4249, 0x4249, 0x4249, 0x424A, 0x424A, 0x4249, 0x4249, 0x4249, 0x424A, 0x4249,
  0x424A, 0x424A, 0x4249, 0x4249, 0x4249, 0x4249, 0x4249, 0x4249, 0x424A, 0x4249, 0x4249, 0x424A,
  0x4249, 0x4249, 0x4249, 0x4249, 0x4249, 0x4249, 0x4249, 0x424A, 0x4249, 0x4249, 0x4249, 0x39E8,
  0x31A6, 0x5289, 0x52AA, 0x5AAA, 0x52A9, 0x4228, 0x18E4, 0x20E4, 0x4207, 0x52A9, 0x52A9, 0x52AA,
  0x5AAA, 0x52A9, 0x5289, 0x4A28, 0x4A27, 0x4A27, 0x4A27, 0x39E6, 0x4207, 0x4207, 0x4207, 0x39E7,
  0x39C6, 0x3186, 0x39E6, 0x4A48, 0x4A48, 0x4A48, 0x2965, 0x18C3, 0x1904, 0x39C7, 0x4207, 0x41E7,
  0x4227, 0x39C6, 0x18E3, 0x0881, 0x0881, 0x1042, 0x0861, 0x0861, 0x0842, 0x0882, 0x0881, 0x1062,
  0x0881, 0x1061, 0x1061, 0x10A2, 0x31E8, 0x39C7, 0x2965, 0x3165, 0x2965, 0x2965, 0x2965, 0x3185,
  0x3166, 0x2965, 0x2965, 0x2944, 0x1903, 0x10A3, 0x1082, 0x18C2, 0x2124, 0x39E8, 0x4249, 0x4249,
  0x4249, 0x4249, 0x4249, 0x424A, 0x4249, 0x4249, 0x4249, 0x4249, 0x424A, 0x4249, 0x39E8, 0x2124,
  0x1082, 0x18C2, 0x3185, 0x4A48, 0x5289, 0x52A9, 0x52A9, 0x52A9, 0x52A9, 0x5269, 0x39E7, 0x2945,
  0x31A7, 0x3A09, 0x4249, 0x4249, 0x424A, 0x424A, 0x4249, 0x4249, 0x4249, 0x4249, 0x4249, 0x4249,
  0x424A, 0x4249, 0x4249, 0x4249, 0x4249, 0x4249, 0x424A, 0x4249, 0x424A, 0x424A, 0x4249, 0x4249,
  0x4249, 0x4249, 0x4249, 0x4249, 0x424A, 0x4249, 0x4249, 0x4249, 0x424A, 0x4249, 0x4249, 0x424A,
  0x4249, 0x4249, 0x4249, 0x4249, 0x4249, 0x4249, 0x4249, 0x424A, 0x4249, 0x4249, 0x4249, 0x4249,
  0x4249, 0x424A, 0x4249, 0x424A, 0x4249, 0x4249, 0x4249, 0x4249, 0x4249, 0x4249, 0x424A, 0x4249,
  0x4249, 0x4249, 0x4249, 0x4249, 0x4249, 0x4249, 0x4249, 0x4249, 0x4249, 0x4249, 0x4249, 0x4249,
  0x4249, 0x4249, 0x4249, 0x4249, 0x4249, 0x4249, 0x4249, 0x424A, 0x4249, 0x4249, 0x4249, 0x4249,
  0x424A, 0x4249, 0x4249, 0x4249, 0x424A, 0x4249, 0x4249, 0x4249, 0x424A, 0x4249, 0x4249, 0x4249,
  0x4249, 0x4249, 0x4249, 0x4249, 0x4249, 0x424A, 0x4249, 0x424A, 0x4249, 0x4249, 0x4249, 0x4249,
  0x4249, 0x4249, 0x424A, 0x4249, 0x4249, 0x4249, 0x4249, 0x4249, 0x4249, 0x424A, 0x424A, 0x4249,
  0x4249, 0x4249, 0x4249, 0x4249, 0x424A, 0x4249, 0x4249, 0x4249, 0x424A, 0x424A, 0x4249, 0x424A,
  0x4249, 0x4249, 0x4249, 0x424A, 0x4249, 0x4249, 0x4249, 0x4249, 0x424A, 0x4249, 0x424A, 0x4249,
  0x4249, 0x4249, 0x424A, 0x4249, 0x4249, 0x4249, 0x424A, 0x4249, 0x4249, 0x4249, 0x4249, 0x4249,
  0x424A, 0x4249, 0x4249, 0x4249, 0x4249, 0x4249, 0x424A, 0x4249, 0x4249, 0x424A, 0x4249, 0x424A,
  0x4249, 0x4249, 0x4249, 0x424A, 0x4249, 0x4249, 0x4249, 0x4249, 0x4249, 0x4249, 0x4249, 0x4249,
  0x4249, 0x4249, 0x4249, 0x4249, 0x4249, 0x4249, 0x424A, 0x4249, 0x424A, 0x4249, 0x4249, 0x424A,
  0x4249, 0x4249, 0x4249, 0x4249, 0x4249, 0x4249, 0x4249, 0x4249, 0x4249, 0x4249, 0x4249, 0x4249,
  0x424A, 0x4249, 0x424A, 0x4249, 0x4249, 0x4249, 0x424A, 0x4249, 0x4249, 0x4249, 0x424A, 0x4249,
  0x4249, 0x4249, 0x4249, 0x4249, 0x4249, 0x4249, 0x39E8, 0x2986, 0x5269, 0x5AA9, 0x5AA9, 0x52AA,
  0x4A68, 0x2124, 0x10A3, 0x10C3, 0x18E3, 0x39E7, 0x52A9, 0x5AAA, 0x52A9, 0x52AA, 0x5AA9, 0x52A9,
  0x5289, 0x4A48, 0x39C6, 0x2124, 0x2965, 0x39E7, 0x4207, 0x4228, 0x4A48, 0x4A48, 0x4A48, 0x4A48,
  0x4A48, 0x4A28, 0x2144, 0x18C4, 0x2945, 0x4207, 0x4228, 0x4228, 0x4228, 0x2965, 0x1082, 0x1060,
  0x0841, 0x0881, 0x1060, 0x1081, 0x1061, 0x1041, 0x0861, 0x1081, 0x0861, 0x0881, 0x1082, 0x2125,
  0x3A08, 0x3186, 0x2965, 0x2965, 0x2965, 0x3165, 0x3165, 0x2965, 0x2965, 0x2965, 0x2965, 0x3165,
  0x2965, 0x2986, 0x31C7, 0x3A08, 0x4229, 0x4249, 0x424A, 0x4249, 0x4249, 0x4249, 0x424A, 0x4249,
  0x424A, 0x4249, 0x4249, 0x424A, 0x4249, 0x4249, 0x4249, 0x4229, 0x39E8, 0x2125, 0x1082, 0x18C3,
  0x3165, 0x4A28, 0x5289, 0x52A9, 0x52A9, 0x52A9, 0x52A9, 0x5269, 0x41E7, 0x2965, 0x31A6, 0x3A09,
  0x4249, 0x4249, 0x4249, 0x4249, 0x424A, 0x4249, 0x4249, 0x4249, 0x4249, 0x4249, 0x424A, 0x4249,
  0x4249, 0x4249, 0x4249, 0x4249, 0x4249, 0x4249, 0x4249, 0x424A, 0x424A, 0x4249, 0x4249, 0x4249,
  0x424A, 0x4249, 0x4249, 0x4249, 0x4249, 0x4249, 0x4249, 0x4249, 0x4249, 0x424A, 0x4249, 0x424A,
  0x4249, 0x4249, 0x4249, 0x4249, 0x4249, 0x4249, 0x424A, 0x4249, 0x4249, 0x4249, 0x4249, 0x4249,
  0x4249, 0x424A, 0x424A, 0x4249, 0x4249, 0x4249, 0x4249, 0x4249, 0x424A, 0x4249, 0x4249, 0x4249,
  0x424A, 0x424A, 0x4249, 0x424A, 0x4249, 0x4249, 0x4249, 0x424A, 0x4249, 0x4249, 0x4249, 0x4249,
  0x424A, 0x4249, 0x424A, 0x4249, 0x4249, 0x4249, 0x424A, 0x4249, 0x4249, 0x4249, 0x424A, 0x4249,
  0x4249, 0x424A, 0x4249, 0x4249, 0x4249, 0x4249, 0x424A, 0x4249, 0x4249, 0x424A, 0x4249, 0x4249,
  0x4249, 0x4249, 0x424A, 0x4249, 0x4249, 0x4249, 0x424A, 0x4249, 0x4249, 0x4249, 0x424A, 0x4249,
  0x4249, 0x4249, 0x4249, 0x4249, 0x4249, 0x4249, 0x424A, 0x4249, 0x4249, 0x424A, 0x424A, 0x4249,
  0x4249, 0x424A, 0x424A, 0x4249, 0x4249, 0x4249, 0x4249, 0x4249, 0x4249, 0x424A, 0x424A, 0x4249,
  0x4249, 0x424A, 0x4249, 0x4249, 0x4249, 0x4249, 0x4249, 0x4249, 0x4249, 0x4249, 0x4249, 0x4249,
  0x4249, 0x4249, 0x4249, 0x4249, 0x424A, 0x4249, 0x4249, 0x4249, 0x4249, 0x4249, 0x4249, 0x4249,
  0x4249, 0x4249, 0x4249, 0x4249, 0x4249, 0x424A, 0x4249, 0x4249, 0x424A, 0x4249, 0x4249, 0x4249,
  0x4249, 0x4249, 0x4249, 0x424A, 0x4249, 0x424A, 0x4249, 0x4249, 0x424A, 0x4249, 0x4249, 0x4249,
  0x424A, 0x4249, 0x4249, 0x4249, 0x4249, 0x424A, 0x4249, 0x4249, 0x424A, 0x4249, 0x4249, 0x4249,
  0x4249, 0x424A, 0x4249, 0x4249, 0x4249, 0x4249, 0x4249, 0x4249, 0x4249, 0x4249, 0x4249, 0x4249,
  0x4249, 0x4249, 0x4249, 0x4249, 0x424A, 0x4249, 0x4249, 0x424A, 0x4249, 0x424A, 0x4249, 0x424A,
  0x4249, 0x3A09, 0x2965, 0x4A48, 0x52A9, 0x5AA9, 0x52A9, 0x5289, 0x3165, 0x10A3, 0x10C3, 0x18C3,
  0x10A3, 0x18A3, 0x31A6, 0x5289, 0x5AA9, 0x5AAA, 0x5AA9, 0x52AA, 0x5AA9, 0x52A9, 0x4A48, 0x4227,
  0x3165, 0x18E3, 0x2965, 0x4207, 0x4A68, 0x5269, 0x4227, 0x39C6, 0x39E7, 0x39A6, 0x18E3, 0x18E4,
  0x39C6, 0x4A28, 0x4228, 0x4227, 0x4228, 0x31A6, 0x10C2, 0x10A1, 0x1061, 0x1081, 0x0842, 0x1081,
  0x0861, 0x0842, 0x0861, 0x1041, 0x0882, 0x0862, 0x1062, 0x31E7, 0x39C7, 0x3165, 0x3165, 0x2965,
  0x2965, 0x2965, 0x2965, 0x2965, 0x2965, 0x2965, 0x2965, 0x3165, 0x3185, 0x3A29, 0x4249, 0x4249,
  0x4249, 0x4249, 0x4249, 0x4249, 0x424A, 0x4249, 0x4249, 0x4249, 0x4249, 0x424A, 0x4249, 0x4249,
  0x4249, 0x4249, 0x4249, 0x424A, 0x4249, 0x4249, 0x39E8, 0x2145, 0x18A2, 0x18C2, 0x2965, 0x4228,
  0x5289, 0x52A9, 0x52A9, 0x52A9, 0x52A9, 0x5269, 0x41E7, 0x2965, 0x2966, 0x3A08, 0x4249, 0x4249,
  0x4249, 0x4249, 0x424A, 0x4249, 0x424A, 0x4249, 0x4249, 0x4249, 0x4249, 0x4249, 0x4249, 0x4249,
  0x424A, 0x4249, 0x4249, 0x4249, 0x4249, 0x424A, 0x4249, 0x4249, 0x4249, 0x4249, 0x424A, 0x4249,
  0x4249, 0x424A, 0x4249, 0x4249, 0x4249, 0x4249, 0x424A, 0x4249, 0x4249, 0x4249, 0x424A, 0x4249,
  0x4249, 0x4249, 0x424A, 0x4249, 0x4249, 0x4249, 0x4249, 0x4249, 0x4249, 0x4249, 0x424A, 0x4249,
  0x4249, 0x424A, 0x424A, 0x4249, 0x4249, 0x424A, 0x424A, 0x4249, 0x4249, 0x4249, 0x4249, 0x4249,
  0x4249, 0x424A, 0x424A, 0x4249, 0x4249, 0x424A, 0x4249, 0x4249, 0x4249, 0x4249, 0x4249, 0x4249,
  0x4249, 0x4249, 0x4249, 0x4249, 0x4249, 0x4249, 0x4249, 0x4249, 0x4249, 0x424A, 0x4249, 0x4249,
  0x424A, 0x4249, 0x4249, 0x4249, 0x424A, 0x4249, 0x424A, 0x4249, 0x424A, 0x4249, 0x4249, 0x4249,
  0x4249, 0x424A, 0x4249, 0x4249, 0x4249, 0x424A, 0x4249, 0x4249, 0x4249, 0x424A, 0x424A, 0x4249,
  0x4249, 0x4249, 0x4249, 0x4249, 0x4249, 0x424A, 0x4249, 0x4249, 0x4249, 0x4249, 0x4249, 0x4249,
  0x4249, 0x4249, 0x4249, 0x424A, 0x4249, 0x4249, 0x4249, 0x4249, 0x4249, 0x424A, 0x4249, 0x424A,
  0x4249, 0x4249, 0x424A, 0x424A, 0x4249, 0x4249, 0x4249, 0x424A, 0x4249, 0x4249, 0x424A, 0x4249,
  0x4249, 0x4249, 0x424A, 0x4249, 0x4249, 0x4249, 0x424A, 0x4249, 0x4249, 0x424A, 0x4249, 0x4249,
  0x4249, 0x4249, 0x4249, 0x4249, 0x4249, 0x4249, 0x4249, 0x4249, 0x424A, 0x4249, 0x424A, 0x4249,
  0x4249, 0x4249, 0x4249, 0x424A, 0x4249, 0x4249, 0x424A, 0x4249, 0x4249, 0x4249, 0x424A, 0x4249,
  0x4249, 0x4249, 0x4249, 0x4249, 0x4249, 0x424A, 0x4249, 0x424A, 0x424A, 0x4249, 0x4249, 0x424A,
  0x424A, 0x4249, 0x4249, 0x4249, 0x424A, 0x4249, 0x424A, 0x4249, 0x424A, 0x4249, 0x424A, 0x4249,
  0x4249, 0x424A, 0x4249, 0x4249, 0x4249, 0x4249, 0x4249, 0x4249, 0x3A29, 0x2145, 0x39A6, 0x52A9,
  0x52AA, 0x5AA9, 0x52A9, 0x52AA, 0x4A48, 0x2925, 0x10C3, 0x10A3, 0x10A3, 0x10A1, 0x0882, 0x2965,
  0x4A68, 0x52AA, 0x5AAA, 0x52AA, 0x5AAA, 0x52A9, 0x52AA, 0x5269, 0x2965, 0x31C7, 0x31C7, 0x2945,
  0x3186, 0x4227, 0x39C6, 0x2945, 0x2124, 0x18E4, 0x18C3, 0x2925, 0x4207, 0x4A28, 0x4227, 0x4A28,
  0x4249, 0x4249, 0x31C7, 0x2104, 0x1082, 0x0881, 0x0881, 0x0842, 0x0881, 0x1081, 0x1081, 0x0861,
  0x0881, 0x0861, 0x2124, 0x3A08, 0x3186, 0x2965, 0x2965, 0x2965, 0x2945, 0x3165, 0x2965, 0x3165,
  0x2965, 0x3165, 0x2965, 0x2965, 0x39C7, 0x4249, 0x4249, 0x4249, 0x424A, 0x4249, 0x4249, 0x424A,
  0x4249, 0x4249, 0x4249, 0x4249, 0x424A, 0x4249, 0x4249, 0x4249, 0x424A, 0x4249, 0x4249, 0x4249,
  0x424A, 0x424A, 0x4249, 0x4249, 0x39E8, 0x2145, 0x18C2, 0x18A3, 0x2964, 0x4227, 0x5289, 0x52A9,
  0x52A9, 0x52A9, 0x52A9, 0x5289, 0x4207, 0x2965, 0x3186, 0x4228, 0x4249, 0x4249, 0x4249, 0x4249,
  0x4249, 0x4249, 0x4249, 0x4249, 0x424A, 0x424A, 0x4249, 0x4249, 0x4249, 0x4249, 0x4249, 0x4249,
  0x4249, 0x424A, 0x4249, 0x4249, 0x424A, 0x4249, 0x4249, 0x4249, 0x424A, 0x4249, 0x424A, 0x4249,
  0x424A, 0x4249, 0x4249, 0x4249, 0x4249, 0x424A, 0x4249, 0x4249, 0x4249, 0x424A, 0x4249, 0x4249,
  0x4249, 0x424A, 0x424A, 0x4249, 0x4249, 0x4249, 0x4249, 0x4249, 0x4249, 0x424A, 0x4249, 0x4249,
  0x4249, 0x4249, 0x4249, 0x4249, 0x4249, 0x4249, 0x4249, 0x424A, 0x4249, 0x4249, 0x4249, 0x4249,
  0x4249, 0x424A, 0x4249, 0x424A, 0x4249, 0x4249, 0x424A, 0x424A, 0x4249, 0x4249, 0x4249, 0x424A,
  0x4249, 0x4249, 0x424A, 0x4249, 0x4249, 0x4249, 0x424A, 0x4249, 0x4249, 0x424A, 0x4249, 0x4249,
  0x4249, 0x4249, 0x4249, 0x4249, 0x4249, 0x4249, 0x4249, 0x424A, 0x4249, 0x4249, 0x4249, 0x424A,
  0x4249, 0x4249, 0x4249, 0x4249, 0x424A, 0x4249, 0x4249, 0x4249, 0x4249, 0x424A, 0x4249, 0x4249,
  0x4249, 0x4249, 0x4249, 0x4249, 0x4249, 0x424A, 0x4249, 0x4249, 0x4249, 0x4249, 0x424A, 0x4249,
  0x4249, 0x4249, 0x4249, 0x4249, 0x424A, 0x4249, 0x4249, 0x4249, 0x4249, 0x4249, 0x4249, 0x4249,
  0x4249, 0x424A, 0x4249, 0x4249, 0x424A, 0x4249, 0x4249, 0x4249, 0x4249, 0x4249, 0x424A, 0x4249,
  0x4249, 0x424A, 0x4249, 0x424A, 0x4249, 0x4249, 0x424A, 0x424A, 0x4249, 0x4249, 0x424A, 0x424A,
  0x4249, 0x424A, 0x4249, 0x4249, 0x424A, 0x4249, 0x4249, 0x4249, 0x424A, 0x4249, 0x4249, 0x4249,
  0x4249, 0x4249, 0x424A, 0x4249, 0x4249, 0x4249, 0x4249, 0x4249, 0x4249, 0x4249, 0x424A, 0x4249,
  0x4249, 0x4249, 0x4249, 0x4249, 0x4249, 0x4249, 0x4249, 0x4249, 0x424A, 0x4249, 0x4249, 0x4249,
  0x4249, 0x4249, 0x4249, 0x4249, 0x4249, 0x4249, 0x4249, 0x4249, 0x4249, 0x4249, 0x4249, 0x4249,
  0x4249, 0x424A, 0x4249, 0x4229, 0x2966, 0x18C3, 0x1903, 0x39C7, 0x5289, 0x5AA9, 0x52AA, 0x52AA,
  0x5AA9, 0x4A69, 0x2965, 0x10A3, 0x0882, 0x1081, 0x10A2, 0x1061, 0x2124, 0x4A48, 0x52AA, 0x5AA9,
  0x52A9, 0x5AAA, 0x5289, 0x31A6, 0x31C7, 0x4249, 0x4249, 0x4229, 0x31C7, 0x2145, 0x2124, 0x2103,
  0x20E3, 0x18C3, 0x18E3, 0x3185, 0x4A28, 0x4A28, 0x4228, 0x4248, 0x4249, 0x424A, 0x4249, 0x3A29,
  0x31C7, 0x2124, 0x18A2, 0x1061, 0x1081, 0x1061, 0x0880, 0x1042, 0x0840, 0x1082, 0x31C7, 0x39E7,
  0x2965, 0x2965, 0x3165, 0x2965, 0x2965, 0x2965, 0x2965, 0x2965, 0x2965, 0x2965, 0x2965, 0x2985,
  0x4228, 0x4249, 0x424A, 0x4249, 0x4249, 0x4249, 0x4249, 0x4249, 0x4249, 0x424A, 0x4249, 0x4249,
  0x4249, 0x4249, 0x424A, 0x4249, 0x4249, 0x4249, 0x4249, 0x4249, 0x4249, 0x4249, 0x424A, 0x4249,
  0x4249, 0x4249, 0x39E8, 0x2145, 0x10C3, 0x18A2, 0x2965, 0x4227, 0x5289, 0x52A9, 0x52A9, 0x52A9,
  0x52A9, 0x5289, 0x4207, 0x2965, 0x2986, 0x3A08, 0x4249, 0x4249, 0x4249, 0x424A, 0x424A, 0x4249,
  0x4249, 0x4249, 0x4249, 0x424A, 0x424A, 0x424A, 0x4249, 0x4249, 0x4249, 0x4249, 0x424A, 0x4249,
  0x4249, 0x424A, 0x4249, 0x4249, 0x4249, 0x4249, 0x4249, 0x4249, 0x4249, 0x4249, 0x4249, 0x424A,
  0x4249, 0x4249, 0x4249, 0x424A, 0x4249, 0x4249, 0x4249, 0x4249, 0x424A, 0x4249, 0x4249, 0x4249,
  0x4249, 0x424A, 0x4249, 0x4249, 0x4249, 0x4249, 0x4249, 0x4249, 0x4249, 0x424A, 0x4249, 0x4249,
  0x4249, 0x4249, 0x424A, 0x4249, 0x4249, 0x4249, 0x4249, 0x4249, 0x424A, 0x4249, 0x4249, 0x4249,
  0x4249, 0x4249, 0x4249, 0x4249, 0x4249, 0x424A, 0x4249, 0x4249, 0x424A, 0x4249, 0x4249, 0x4249,
  0x4249, 0x424A, 0x4249, 0x4249, 0x4249, 0x4249, 0x424A, 0x4249, 0x4249, 0x4249, 0x4249, 0x424A,
  0x424A, 0x4249, 0x4249, 0x424A, 0x4249, 0x4249, 0x4249, 0x4249, 0x424A, 0x4249, 0x4249, 0x424A,
  0x4249, 0x4249, 0x4249, 0x4249, 0x424A, 0x4249, 0x4249, 0x4249, 0x424A, 0x4249, 0x4249, 0x4249,
  0x4249, 0x4249, 0x4249, 0x4249, 0x4249, 0x424A, 0x4249, 0x424A, 0x4249, 0x4249, 0x4249, 0x4249,
  0x4249, 0x4249, 0x4249, 0x4249, 0x424A, 0x4249, 0x4249, 0x4249, 0x424A, 0x4249, 0x4249, 0x4249,
  0x4249, 0x4249, 0x424A, 0x4249, 0x4249, 0x4249, 0x4249, 0x4249, 0x4249, 0x4249, 0x4249, 0x4249,
  0x4249, 0x4249, 0x4249, 0x4249, 0x424A, 0x4249, 0x4249, 0x4249, 0x4249, 0x4249, 0x4249, 0x4249,
  0x4249, 0x4249, 0x4249, 0x4249, 0x424A, 0x4249, 0x4249, 0x424A, 0x4249, 0x4249, 0x4249, 0x4249,
  0x4249, 0x4249, 0x4249, 0x424A, 0x4249, 0x424A, 0x4249, 0x4249, 0x4249, 0x424A, 0x424A, 0x4249,
  0x4249, 0x424A, 0x4249, 0x4249, 0x4249, 0x4249, 0x4249, 0x4249, 0x424A, 0x424A, 0x4249, 0x4249,
  0x4249, 0x424A, 0x4249, 0x4249, 0x424A, 0x424A, 0x4249, 0x424A, 0x4249, 0x4249, 0x4249, 0x29A7,
  0x10C3, 0x18A3, 0x10C3, 0x18C4, 0x31A6, 0x5289, 0x52AA, 0x5AAA, 0x52A9, 0x5AAA, 0x5289, 0x3185,
  0x10A1, 0x1062, 0x0861, 0x1082, 0x10A2, 0x4207, 0x5AA9, 0x52A9, 0x52A9, 0x52A9, 0x39C6, 0x31A6,
  0x4229, 0x4249, 0x4249, 0x4249, 0x4249, 0x4249, 0x31C7, 0x2145, 0x10C3, 0x10A2, 0x18E3, 0x39E7,
  0x4228, 0x4249, 0x4249, 0x4249, 0x4249, 0x4249, 0x4249, 0x424A, 0x4249, 0x4229, 0x39C7, 0x2124,
  0x10C2, 0x1061, 0x0861, 0x0861, 0x0881, 0x2124, 0x3A08, 0x3186, 0x2965, 0x3165, 0x2965, 0x2965,
  0x3165, 0x2965, 0x2965, 0x3165, 0x3165, 0x2965, 0x2965, 0x31C6, 0x4249, 0x4249, 0x4249, 0x4249,
  0x424A, 0x4249, 0x424A, 0x4249, 0x4249, 0x4249, 0x424A, 0x4249, 0x4249, 0x4249, 0x4249, 0x4249,
  0x4249, 0x424A, 0x4249, 0x4249, 0x4249, 0x4249, 0x4249, 0x4249, 0x4249, 0x424A, 0x4249, 0x4229,
  0x3A08, 0x2946, 0x10A2, 0x1881, 0x2945, 0x4227, 0x5289, 0x52A9, 0x52A9, 0x52A9, 0x52A9, 0x5289,
  0x4207, 0x2965, 0x2986, 0x3A08, 0x4249, 0x4249, 0x4249, 0x4249, 0x4249, 0x424A, 0x4249, 0x4249,
  0x4249, 0x4249, 0x4249, 0x424A, 0x4249, 0x424A, 0x4249, 0x4249, 0x4249, 0x4249, 0x424A, 0x4249,
  0x4249, 0x4249, 0x4249, 0x424A, 0x424A, 0x4249, 0x4249, 0x424A, 0x4249, 0x4249, 0x4249, 0x4249,
  0x424A, 0x4249, 0x4249, 0x424A, 0x4249, 0x4249, 0x4249, 0x4249, 0x424A, 0x4249, 0x4249, 0x4249,
  0x424A, 0x4249, 0x4249, 0x4249, 0x4249, 0x4249, 0x4249, 0x4249, 0x4249, 0x424A, 0x4249, 0x424A,
  0x4249, 0x4249, 0x4249, 0x4249, 0x4249, 0x4249, 0x4249, 0x4249, 0x424A, 0x4249, 0x4249, 0x4249,
  0x424A, 0x4249, 0x4249, 0x4249, 0x4249, 0x4249, 0x424A, 0x4249, 0x4249, 0x4249, 0x4249, 0x4249,
  0x424A, 0x4249, 0x4249, 0x4249, 0x424A, 0x4249, 0x4249, 0x4249, 0x4249, 0x4249, 0x4249, 0x4249,
  0x4249, 0x4249, 0x4249, 0x4249, 0x4249, 0x424A, 0x4249, 0x4249, 0x4249, 0x4249, 0x4249, 0x4249,
  0x4249, 0x4249, 0x424A, 0x4249, 0x4249, 0x4249, 0x424A, 0x4249, 0x4249, 0x4249, 0x424A, 0x424A,
  0x4249, 0x4249, 0x4249, 0x4249, 0x4249, 0x424A, 0x424A, 0x424A, 0x4249, 0x4249, 0x4249, 0x424A,
  0x424A, 0x4249, 0x4249, 0x4249, 0x4249, 0x4249, 0x424A, 0x4249, 0x4249, 0x4249, 0x4249, 0x4249,
  0x4249, 0x424A, 0x4249, 0x424A, 0x4249, 0x4249, 0x424A, 0x4249, 0x4249, 0x4249, 0x4249, 0x4249,
  0x424A, 0x4249, 0x4249, 0x4249, 0x424A, 0x4249, 0x4249, 0x424A, 0x4249, 0x424A, 0x4249, 0x4249,
  0x424A, 0x4249, 0x4249, 0x4249, 0x4249, 0x4249, 0x424A, 0x4249, 0x424A, 0x424A, 0x4249, 0x4249,
  0x4249, 0x4249, 0x4249, 0x4249, 0x4249, 0x4249, 0x4249, 0x4249, 0x424A, 0x4249, 0x4249, 0x4249,
  0x4249, 0x4249, 0x4249, 0x424A, 0x4249, 0x4249, 0x4249, 0x4249, 0x4249, 0x4249, 0x4249, 0x4249,
  0x4249, 0x4249, 0x4249, 0x4249, 0x4249, 0x4249, 0x31C7, 0x18C3, 0x10A3, 0x10C3, 0x10A3, 0x10C3,
  0x18C3, 0x2965, 0x5AAA, 0x734D, 0x5AAA, 0x52A9, 0x52A9, 0x5289, 0x39C6, 0x10C2, 0x0861, 0x10A1,
  0x31A6, 0x5289, 0x5AA9, 0x52A9, 0x52A9, 0x4207, 0x2986, 0x4229, 0x424A, 0x424A, 0x4249, 0x4249,
  0x4249, 0x4249, 0x4249, 0x4229, 0x31E8, 0x2945, 0x31A7, 0x4249, 0x4249, 0x4249, 0x424A, 0x4249,
  0x424A, 0x4249, 0x4249, 0x4249, 0x4249, 0x4249, 0x4249, 0x4229, 0x31C7, 0x2124, 0x18C1, 0x1081,
  0x08A2, 0x31C7, 0x39E7, 0x2965, 0x2965, 0x2965, 0x3165, 0x2965, 0x3165, 0x2965, 0x2965, 0x2965,
  0x2965, 0x2965, 0x3185, 0x3A08, 0x4249, 0x4249, 0x4249, 0x4249, 0x4249, 0x4249, 0x4249, 0x4249,
  0x4249, 0x4249, 0x4249, 0x424A, 0x424A, 0x4249, 0x424A, 0x4249, 0x424A, 0x424A, 0x4249, 0x4249,
  0x424A, 0x4249, 0x4249, 0x424A, 0x424A, 0x4249, 0x4249, 0x4249, 0x4249, 0x4249, 0x3A08, 0x2966,
  0x10C2, 0x1882, 0x2944, 0x4207, 0x5289, 0x52A9, 0x52A9, 0x52A9, 0x52A9, 0x5289, 0x4207, 0x2965,
  0x2986, 0x3A08, 0x4229, 0x4249, 0x4249, 0x4249, 0x4249, 0x4249, 0x4249, 0x4249, 0x4249, 0x4249,
  0x4249, 0x4249, 0x4249, 0x4249, 0x424A, 0x4249, 0x4249, 0x4249, 0x424A, 0x4249, 0x4249, 0x4249,
  0x4249, 0x4249, 0x4249, 0x4249, 0x4249, 0x4249, 0x4249, 0x4249, 0x4249, 0x424A, 0x4249, 0x4249,
  0x4249, 0x4249, 0x4249, 0x4249, 0x4249, 0x4249, 0x424A, 0x4249, 0x4249, 0x4249, 0x424A, 0x4249,
  0x4249, 0x4249, 0x424A, 0x424A, 0x4249, 0x4249, 0x4249, 0x4249, 0x4249, 0x424A, 0x424A, 0x424A,
  0x4249, 0x4249, 0x4249, 0x424A, 0x424A, 0x4249, 0x4249, 0x4249, 0x4249, 0x4249, 0x424A, 0x4249,
  0x4249, 0x4249, 0x4249, 0x4249, 0x4249, 0x4249, 0x424A, 0x4249, 0x4249, 0x424A, 0x4249, 0x4249,
  0x4249, 0x424A, 0x4249, 0x4249, 0x4249, 0x424A, 0x4249, 0x424A, 0x4249, 0x424A, 0x424A, 0x4249,
  0x4249, 0x4249, 0x4249, 0x4249, 0x424A, 0x4249, 0x4249, 0x424A, 0x424A, 0x4249, 0x4249, 0x4249,
  0x424A, 0x4249, 0x4249, 0x4249, 0x424A, 0x4249, 0x4249, 0x4249, 0x4249, 0x4249, 0x424A, 0x4249,
  0x4249, 0x4249, 0x4249, 0x4249, 0x4249, 0x4249, 0x4249, 0x4249, 0x4249, 0x4249, 0x4249, 0x424A,
  0x4249, 0x4249, 0x4249, 0x4249, 0x424A, 0x4249, 0x424A, 0x424A, 0x4249, 0x424A, 0x4249, 0x4249,
  0x4249, 0x4249, 0x4249, 0x424A, 0x4249, 0x424A, 0x4249, 0x4249, 0x4249, 0x4249, 0x4249, 0x4249,
  0x4249, 0x4249, 0x4249, 0x424A, 0x4249, 0x4249, 0x4249, 0x4249, 0x4249, 0x424A, 0x4249, 0x4249,
  0x424A, 0x4249, 0x4249, 0x4249, 0x4249, 0x4249, 0x4249, 0x4249, 0x4249, 0x4249, 0x424A, 0x4249,
  0x424A, 0x4249, 0x4249, 0x424A, 0x4249, 0x4249, 0x4249, 0x424A, 0x424A, 0x4249, 0x4249, 0x4249,
  0x4249, 0x4249, 0x4249, 0x424A, 0x4249, 0x4249, 0x424A, 0x4249, 0x4249, 0x4249, 0x4249, 0x424A,
  0x4249, 0x39E8, 0x18E4, 0x18C3, 0x18A3, 0x18C3, 0x18A3, 0x10C3, 0x10C3, 0x2945, 0x7B8F, 0x93EE,
  0x8349, 0x5ACA, 0x52A9, 0x52A9, 0x52A9, 0x4207, 0x18C3, 0x2965, 0x5289, 0x52AA, 0x52AA, 0x52AA,
  0x4A28, 0x2965, 0x4229, 0x4249, 0x4249, 0x424A, 0x4249, 0x4249, 0x4249, 0x4249, 0x424A, 0x4249,
  0x4249, 0x4249, 0x4249, 0x4249, 0x424A, 0x4249, 0x4249, 0x4249, 0x4249, 0x4249, 0x4249, 0x4249,
  0x4249, 0x424A, 0x4249, 0x4249, 0x4249, 0x4229, 0x39C7, 0x2965, 0x2965, 0x3A08, 0x3186, 0x2965,
  0x2965, 0x2965, 0x2965, 0x2965, 0x2965, 0x2965, 0x2965, 0x2965, 0x3165, 0x2965, 0x31A6, 0x4249,
  0x424A, 0x4249, 0x4249, 0x424A, 0x4249, 0x4249, 0x424A, 0x4249, 0x4249, 0x424A, 0x4249, 0x4249,
  0x4249, 0x4249, 0x4249, 0x4249, 0x4249, 0x4249, 0x4249, 0x4249, 0x424A, 0x4249, 0x4249, 0x4249,
  0x4249, 0x4249, 0x4249, 0x424A, 0x4249, 0x4249, 0x4249, 0x4249, 0x3A08, 0x2966, 0x10A3, 0x10A2,
  0x2944, 0x4207, 0x5289, 0x52A9, 0x52A9, 0x52A9, 0x52A9, 0x5289, 0x4228, 0x2965, 0x2966, 0x3A08,
  0x4249, 0x4249, 0x4249, 0x424A, 0x4249, 0x4249, 0x424A, 0x4249, 0x4249, 0x4249, 0x424A, 0x4249,
  0x4249, 0x424A, 0x4249, 0x4249, 0x4249, 0x424A, 0x4249, 0x4249, 0x4249, 0x424A, 0x4249, 0x424A,
  0x4249, 0x424A, 0x424A, 0x4249, 0x4249, 0x4249, 0x4249, 0x4249, 0x424A, 0x4249, 0x4249, 0x424A,
  0x424A, 0x4249, 0x4249, 0x4249, 0x424A, 0x4249, 0x4249, 0x4249, 0x424A, 0x4249, 0x4249, 0x4249,
  0x4249, 0x4249, 0x424A, 0x4249, 0x4249, 0x4249, 0x4249, 0x4249, 0x4249, 0x4249, 0x4249, 0x4249,
  0x4249, 0x4249, 0x4249, 0x424A, 0x4249, 0x4249, 0x4249, 0x4249, 0x424A, 0x4249, 0x424A, 0x424A,
  0x4249, 0x424A, 0x4249, 0x4249, 0x4249, 0x4249, 0x4249, 0x4249, 0x4249, 0x4249, 0x4249, 0x4249,
  0x424A, 0x4249, 0x4249, 0x4249, 0x4249, 0x4249, 0x4249, 0x424A, 0x4249, 0x4249, 0x424A, 0x4249,
  0x4249, 0x4249, 0x4249, 0x4249, 0x4249, 0x4249, 0x4249, 0x424A, 0x4249, 0x4249, 0x4249, 0x424A,
  0x4249, 0x4249, 0x4249, 0x4249, 0x4249, 0x424A, 0x4249, 0x4249, 0x4249, 0x4249, 0x4249, 0x4249,
  0x4249, 0x424A, 0x4249, 0x4249, 0x4249, 0x4249, 0x424A, 0x4249, 0x4249, 0x4249, 0x424A, 0x4249,
  0x4249, 0x4249, 0x4249, 0x4249, 0x4249, 0x4249, 0x4249, 0x4249, 0x4249, 0x424A, 0x4249, 0x4249,
  0x4249, 0x4249, 0x424A, 0x4249, 0x4249, 0x424A, 0x424A, 0x4249, 0x4249, 0x424A, 0x4249, 0x4249,
  0x4249, 0x424A, 0x4249, 0x4249, 0x4249, 0x4249, 0x4249, 0x4249, 0x424A, 0x4249, 0x4249, 0x4249,
  0x424A, 0x4249, 0x424A, 0x4249, 0x4249, 0x4249, 0x4249, 0x424A, 0x4249, 0x4249, 0x4249, 0x4249,
  0x4249, 0x4249, 0x4249, 0x4249, 0x4249, 0x4249, 0x424A, 0x4249, 0x4249, 0x4249, 0x4249, 0x424A,
  0x424A, 0x4249, 0x4249, 0x4249, 0x4249, 0x4249, 0x4249, 0x4249, 0x3A08, 0x1904, 0x10C3, 0x10C3,
  0x10C3, 0x10C3, 0x10A3, 0x10A3, 0x2124, 0x732D, 0x9C10, 0x9BC8, 0x9C4B, 0x8BCB, 0x62CA, 0x52AA,
  0x5AA9, 0x52A9, 0x4A48, 0x5289, 0x52A9, 0x52AA, 0x5AA9, 0x4A68, 0x2965, 0x3A08, 0x4249, 0x4249,
  0x4249, 0x4249, 0x4249, 0x424A, 0x4249, 0x4249, 0x4249, 0x424A, 0x4249, 0x4249, 0x4249, 0x4249,
  0x4249, 0x4249, 0x4249, 0x4249, 0x4249, 0x424A, 0x4249, 0x4249, 0x4249, 0x4249, 0x4249, 0x424A,
  0x4249, 0x4249, 0x424A, 0x4249, 0x4249, 0x39E8, 0x2965, 0x2965, 0x3165, 0x2965, 0x3165, 0x2965,
  0x2965, 0x2965, 0x3165, 0x3165, 0x2965, 0x2965, 0x4208, 0x4249, 0x4249, 0x424A, 0x4249, 0x4249,
  0x4249, 0x4249, 0x4249, 0x4249, 0x424A, 0x4249, 0x4249, 0x4249, 0x424A, 0x4249, 0x4249, 0x4249,
  0x4249, 0x4249, 0x4249, 0x4249, 0x4249, 0x4249, 0x424A, 0x4249, 0x4249, 0x4249, 0x4249, 0x424A,
  0x4249, 0x4249, 0x424A, 0x424A, 0x4249, 0x4249, 0x3A08, 0x2966, 0x18C3, 0x10A2, 0x2924, 0x4207,
  0x5289, 0x52A9, 0x52A9, 0x52A9, 0x52A9, 0x5289, 0x4228, 0x3185, 0x2966, 0x39E8, 0x4229, 0x424A,
  0x4249, 0x4249, 0x424A, 0x424A, 0x4249, 0x424A, 0x4249, 0x4249, 0x4249, 0x4249, 0x4249, 0x4249,
  0x4249, 0x4249, 0x4249, 0x4249, 0x424A, 0x4249, 0x4249, 0x4249, 0x4249, 0x4249, 0x4249, 0x424A,
  0x4249, 0x4249, 0x424A, 0x4249, 0x4249, 0x4249, 0x4249, 0x4249, 0x4249, 0x4249, 0x4249, 0x424A,
  0x4249, 0x4249, 0x4249, 0x424A, 0x4249, 0x4249, 0x4249, 0x4249, 0x4249, 0x424A, 0x4249, 0x4249,
  0x4249, 0x4249, 0x4249, 0x4249, 0x4249, 0x424A, 0x4249, 0x4249, 0x4249, 0x4249, 0x424A, 0x4249,
  0x4249, 0x4249, 0x424A, 0x4249, 0x4249, 0x4249, 0x4249, 0x4249, 0x4249, 0x4249, 0x4249, 0x4249,
  0x424A, 0x424A, 0x4249, 0x4249, 0x424A, 0x424A, 0x4249, 0x4249, 0x4249, 0x4249, 0x4249, 0x4249,
  0x4249, 0x4249, 0x4249, 0x4249, 0x4249, 0x424A, 0x4249, 0x4249, 0x4249, 0x424A, 0x4249, 0x4249,
  0x4249, 0x4249, 0x4249, 0x4249, 0x4249, 0x424A, 0x4249, 0x4249, 0x424A, 0x4249, 0x4249, 0x424A,
  0x4249, 0x4249, 0x424A, 0x424A, 0x4249, 0x424A, 0x4249, 0x4249, 0x424A, 0x4249, 0x424A, 0x4249,
  0x4249, 0x4249, 0x424A, 0x4249, 0x4249, 0x4249, 0x4249, 0x424A, 0x4249, 0x424A, 0x4249, 0x4249,
  0x4249, 0x4249, 0x4249, 0x424A, 0x4249, 0x4249, 0x424A, 0x4249, 0x4249, 0x424A, 0x4249, 0x4249,
  0x4249, 0x4249, 0x424A, 0x4249, 0x424A, 0x4249, 0x4249, 0x4249, 0x4249, 0x4249, 0x424A, 0x4249,
  0x4249, 0x4249, 0x424A, 0x4249, 0x4249, 0x4249, 0x424A, 0x4249, 0x4249, 0x4249, 0x4249, 0x424A,
  0x424A, 0x4249, 0x4249, 0x4249, 0x4249, 0x424A, 0x4249, 0x4249, 0x424A, 0x4249, 0x4249, 0x424A,
  0x4249, 0x4249, 0x4249, 0x424A, 0x4249, 0x4249, 0x4249, 0x4249, 0x4249, 0x4249, 0x4249, 0x424A,
  0x424A, 0x4249, 0x424A, 0x3A29, 0x2125, 0x10C3, 0x18A3, 0x10A3, 0x10A3, 0x18A3, 0x18C3, 0x18E4,
  0x62CC, 0x9410, 0x9BC9, 0x9C2A, 0xA48D, 0x9B2A, 0x940F, 0x6B4C, 0x52A9, 0x5AAA, 0x52AA, 0x52A9,
  0x5AA9, 0x52A9, 0x5289, 0x2965, 0x39E8, 0x4249, 0x4249, 0x4249, 0x4249, 0x4249, 0x4249, 0x424A,
  0x4249, 0x424A, 0x4249, 0x4249, 0x4249, 0x424A, 0x4249, 0x424A, 0x4249, 0x4249, 0x4249, 0x424A,
  0x4249, 0x424A, 0x4249, 0x4249, 0x424A, 0x424A, 0x4249, 0x4249, 0x4249, 0x4249, 0x4249, 0x4249,
  0x4229, 0x3186, 0x2965, 0x2965, 0x2945, 0x2965, 0x3165, 0x2965, 0x2965, 0x2965, 0x2965, 0x2965,
  0x2965, 0x31A6, 0x4249, 0x4249, 0x4249, 0x4249, 0x4249, 0x424A, 0x4249, 0x424A, 0x4249, 0x4249,
  0x4249, 0x4249, 0x424A, 0x4249, 0x4249, 0x4249, 0x4249, 0x4249, 0x424A, 0x4249, 0x424A, 0x4249,
  0x424A, 0x4249, 0x4249, 0x424A, 0x4249, 0x424A, 0x4249, 0x4249, 0x4249, 0x4249, 0x4249, 0x4249,
  0x424A, 0x4249, 0x4249, 0x4249, 0x3A08, 0x2966, 0x18E3, 0x1082, 0x2124, 0x41E7, 0x5289, 0x52A9,
  0x52A9, 0x52A9, 0x52A9, 0x5289, 0x39C7, 0x20E3, 0x2145, 0x39C8, 0x4249, 0x4249, 0x4249, 0x4249,
  0x4249, 0x4249, 0x4249, 0x4249, 0x424A, 0x424A, 0x4249, 0x4249, 0x424A, 0x424A, 0x4249, 0x4249,
  0x4249, 0x4249, 0x4249, 0x4249, 0x4249, 0x4249, 0x4249, 0x4249, 0x4249, 0x424A, 0x4249, 0x4249,
  0x4249, 0x424A, 0x4249, 0x4249, 0x4249, 0x4249, 0x4249, 0x4249, 0x4249, 0x424A, 0x4249, 0x4249,
  0x424A, 0x4249, 0x4249, 0x424A, 0x4249, 0x4249, 0x424A, 0x424A, 0x4249, 0x424A, 0x4249, 0x4249,
  0x424A, 0x4249, 0x424A, 0x4249, 0x4249, 0x4249, 0x424A, 0x4249, 0x4249, 0x4249, 0x4249, 0x424A,
  0x4249, 0x424A, 0x4249, 0x4249, 0x4249, 0x424A, 0x4249, 0x4249, 0x4249, 0x4249, 0x4249, 0x4249,
  0x4249, 0x4249, 0x4249, 0x4249, 0x4249, 0x4249, 0x424A, 0x424A, 0x4249, 0x4249, 0x4249, 0x4249,
  0x4249, 0x4249, 0x4249, 0x4249, 0x4249, 0x424A, 0x4249, 0x4249, 0x424A, 0x424A, 0x4249, 0x4249,
  0x424A, 0x4249, 0x4249, 0x4249, 0x4249, 0x4249, 0x424A, 0x4249, 0x4249, 0x4249, 0x4249, 0x4249,
  0x4249, 0x4249, 0x4249, 0x424A, 0x4249, 0x4249, 0x4249, 0x424A, 0x4249, 0x4249, 0x4249, 0x4249,
  0x424A, 0x4249, 0x424A, 0x4249, 0x4249, 0x4249, 0x4249, 0x424A, 0x424A, 0x4249, 0x424A, 0x4249,
  0x4249, 0x424A, 0x4249, 0x4249, 0x4249, 0x4249, 0x424A, 0x4249, 0x4249, 0x4249, 0x4249, 0x4249,
  0x4249, 0x4249, 0x4249, 0x4249, 0x424A, 0x4249, 0x4249, 0x424A, 0x4249, 0x4249, 0x4249, 0x4249,
  0x4249, 0x4249, 0x4249, 0x424A, 0x4249, 0x4249, 0x4249, 0x4249, 0x4249, 0x4249, 0x424A, 0x4249,
  0x424A, 0x4249, 0x4249, 0x4249, 0x4249, 0x4249, 0x424A, 0x4249, 0x4249, 0x424A, 0x4249, 0x4249,
  0x4249, 0x424A, 0x4249, 0x4249, 0x4249, 0x424A, 0x4249, 0x4249, 0x4249, 0x424A, 0x4229, 0x2966,
  0x10C3, 0x18C3, 0x10C3, 0x10C3, 0x18C3, 0x10C3, 0x18C4, 0x5A6A, 0x9411, 0x9BCA, 0x9C09, 0xA4AD,
  0x9B4A, 0xA430, 0xA533, 0x630B, 0x52A9, 0x5AA9, 0x52A9, 0x5AAA, 0x52AA, 0x5289, 0x3185, 0x31C7,
  0x4249, 0x424A, 0x4249, 0x424A, 0x424A, 0x4249, 0x4249, 0x4249, 0x4249, 0x4249, 0x4249, 0x4249,
  0x4249, 0x424A, 0x4249, 0x4249, 0x4249, 0x424A, 0x4249, 0x4249, 0x4249, 0x4249, 0x4249, 0x424A,
  0x4249, 0x4249, 0x4249, 0x424A, 0x4249, 0x4249, 0x424A, 0x4249, 0x31E7, 0x2944, 0x2965, 0x2965,
  0x2965, 0x3165, 0x2965, 0x2965, 0x2945, 0x3165, 0x2965, 0x2965, 0x3165, 0x3A08, 0x424A, 0x424A,
  0x424A, 0x4249, 0x4249, 0x424A, 0x4249, 0x4249, 0x4249, 0x424A, 0x4249, 0x4249, 0x4249, 0x4249,
  0x4249, 0x424A, 0x424A, 0x4249, 0x424A, 0x4249, 0x4249, 0x4249, 0x424A, 0x4249, 0x4249, 0x4249,
  0x4249, 0x4249, 0x4249, 0x4249, 0x4249, 0x424A, 0x4249, 0x4249, 0x424A, 0x4249, 0x4249, 0x4249,
  0x424A, 0x4249, 0x3A08, 0x2986, 0x18C3, 0x08A2, 0x2104, 0x39E7, 0x4A69, 0x52A9, 0x52A9, 0x5289,
  0x3185, 0x1903, 0x10A2, 0x10C2, 0x31C7, 0x4249, 0x4249, 0x4249, 0x4249, 0x424A, 0x4249, 0x4249,
  0x4249, 0x4249, 0x4249, 0x4249, 0x4249, 0x4249, 0x4249, 0x4249, 0x4249, 0x4249, 0x424A, 0x424A,
  0x4249, 0x4249, 0x4249, 0x4249, 0x4249, 0x4249, 0x4249, 0x4249, 0x4249, 0x424A, 0x4249, 0x4249,
  0x424A, 0x424A, 0x4249, 0x4249, 0x424A, 0x4249, 0x4249, 0x4249, 0x4249, 0x4249, 0x424A, 0x4249,
  0x4249, 0x4249, 0x4249, 0x4249, 0x4249, 0x4249, 0x4249, 0x424A, 0x4249, 0x4249, 0x4249, 0x424A,
  0x4249, 0x4249, 0x4249, 0x4249, 0x424A, 0x4249, 0x424A, 0x4249, 0x4249, 0x4249, 0x4249, 0x424A,
  0x4249, 0x4249, 0x4249, 0x4249, 0x4249, 0x4249, 0x424A, 0x4249, 0x4249, 0x424A, 0x424A, 0x4249,
  0x4249, 0x4249, 0x4249, 0x4249, 0x4249, 0x424A, 0x424A, 0x4249, 0x4249, 0x4249, 0x424A, 0x4249,
  0x424A, 0x4249, 0x4249, 0x4249, 0x4249, 0x4249, 0x4249, 0x4249, 0x4249, 0x4249, 0x4249, 0x424A,
  0x424A, 0x4249, 0x4249, 0x4249, 0x424A, 0x4249, 0x4249, 0x4249, 0x4249, 0x424A, 0x4249, 0x4249,
  0x4249, 0x4249, 0x4249, 0x424A, 0x4249, 0x4249, 0x424A, 0x4249, 0x4249, 0x4249, 0x4249, 0x4249,
  0x424A, 0x4249, 0x4249, 0x4249, 0x4249, 0x4249, 0x424A, 0x4249, 0x4249, 0x4249, 0x4249, 0x424A,
  0x4249, 0x4249, 0x4249, 0x4249, 0x4249, 0x4249, 0x424A, 0x4249, 0x4249, 0x4249, 0x424A, 0x424A,
  0x4249, 0x4249, 0x4249, 0x4249, 0x4249, 0x424A, 0x4249, 0x4249, 0x4249, 0x424A, 0x4249, 0x4249,
  0x4249, 0x4249, 0x4249, 0x4249, 0x424A, 0x4249, 0x4249, 0x4249, 0x4249, 0x4249, 0x424A, 0x4249,
  0x4249, 0x4249, 0x424A, 0x4249, 0x4249, 0x4249, 0x4249, 0x4249, 0x4249, 0x4249, 0x4249, 0x4249,
  0x4249, 0x4A49, 0x4A69, 0x4A49, 0x4A69, 0x4A69, 0x4228, 0x2124, 0x18C3, 0x2128, 0x298B, 0x1927,
  0x10A3, 0x18C4, 0x4A09, 0x93F0, 0x93CC, 0x9BE9, 0xACAD, 0x9B8A, 0x9BCE, 0xAD54, 0x5AEB, 0x2965,
  0x4A68, 0x52A9, 0x52A9, 0x52A9, 0x52A9, 0x39C6, 0x31A7, 0x4249, 0x424A, 0x4249, 0x4249, 0x4249,
  0x4249, 0x4249, 0x4249, 0x4249, 0x4249, 0x424A, 0x4249, 0x4249, 0x4249, 0x4249, 0x4249, 0x4249,
  0x4249, 0x4249, 0x4249, 0x424A, 0x4249, 0x4249, 0x4249, 0x424A, 0x4249, 0x4249, 0x4249, 0x4249,
  0x4249, 0x4249, 0x4249, 0x4229, 0x2945, 0x20E3, 0x2123, 0x2924, 0x2965, 0x2965, 0x2965, 0x3165,
  0x2965, 0x3165, 0x2965, 0x2965, 0x31A6, 0x4249, 0x4249, 0x4249, 0x4249, 0x4249, 0x4249, 0x4249,
  0x4249, 0x4249, 0x4249, 0x424A, 0x4249, 0x4249, 0x4249, 0x4249, 0x4249, 0x4249, 0x4249, 0x4249,
  0x4249, 0x4249, 0x4249, 0x4249, 0x4249, 0x4249, 0x4249, 0x4249, 0x424A, 0x4249, 0x424A, 0x4249,
  0x4249, 0x4249, 0x4249, 0x4249, 0x4249, 0x4249, 0x4249, 0x4249, 0x4249, 0x4249, 0x4249, 0x4249,
  0x3A09, 0x29A6, 0x1904, 0x1082, 0x2124, 0x39E7, 0x4A69, 0x4A28, 0x2124, 0x18C2, 0x1082, 0x18E4,
  0x3A08, 0x424A, 0x4249, 0x4249, 0x4249, 0x4249, 0x4249, 0x4249, 0x4249, 0x4249, 0x424A, 0x4249,
  0x4249, 0x424A, 0x424A, 0x4249, 0x4249, 0x4249, 0x4249, 0x4249, 0x4249, 0x424A, 0x424A, 0x4249,
  0x4249, 0x4249, 0x424A, 0x4249, 0x424A, 0x4249, 0x4249, 0x4249, 0x4249, 0x4249, 0x4249, 0x4249,
  0x4249, 0x4249, 0x4249, 0x424A, 0x424A, 0x4249, 0x4249, 0x4249, 0x424A, 0x4249, 0x4249, 0x4249,
  0x4249, 0x424A, 0x4249, 0x4249, 0x4249, 0x4249, 0x4249, 0x424A, 0x4249, 0x4249, 0x424A, 0x4249,
  0x4249, 0x4249, 0x4249, 0x4249, 0x424A, 0x4249, 0x4249, 0x4249, 0x4249, 0x4249, 0x424A, 0x4249,
  0x424A, 0x424A, 0x4249, 0x4249, 0x4249, 0x4249, 0x4249, 0x424A, 0x4249, 0x4249, 0x424A, 0x4249,
  0x4249, 0x4249, 0x4249, 0x4249, 0x4249, 0x424A, 0x4249, 0x4249, 0x4249, 0x4249, 0x424A, 0x4249,
  0x4249, 0x424A, 0x4249, 0x4249, 0x424A, 0x4249, 0x4249, 0x4249, 0x4249, 0x4249, 0x4249, 0x4249,
  0x4249, 0x4249, 0x4249, 0x4249, 0x4249, 0x424A, 0x4249, 0x4249, 0x4249, 0x424A, 0x4249, 0x4249,
  0x424A, 0x4249, 0x4249, 0x4249, 0x4249, 0x4249, 0x4249, 0x4249, 0x4249, 0x4249, 0x4249, 0x4249,
  0x4249, 0x4249, 0x4249, 0x4249, 0x424A, 0x4249, 0x4249, 0x4249, 0x4249, 0x4249, 0x424A, 0x4249,
  0x4249, 0x424A, 0x4249, 0x4249, 0x4249, 0x4249, 0x4249, 0x4249, 0x4249, 0x424A, 0x424A, 0x4249,
  0x4249, 0x4249, 0x424A, 0x4249, 0x4249, 0x4249, 0x4249, 0x4249, 0x4249, 0x4249, 0x424A, 0x4249,
  0x4249, 0x4249, 0x424A, 0x4249, 0x4249, 0x424A, 0x4249, 0x4249, 0x424A, 0x4249, 0x4249, 0x4A69,
  0x52AA, 0x52AA, 0x4A69, 0x4A69, 0x4A69, 0x4A89, 0x4A89, 0x4A69, 0x5269, 0x5289, 0x5289, 0x5289,
  0x5289, 0x5289, 0x5269, 0x4229, 0x298A, 0x3A30, 0x4271, 0x3A2F, 0x2149, 0x39A7, 0x8BD0, 0x93ED,
  0x9BE8, 0xA4AD, 0x9BCB, 0x9B8D, 0xAD54, 0x736D, 0x18E4, 0x1082, 0x2125, 0x4A48, 0x5AAA, 0x52A9,
  0x39E7, 0x2986, 0x4249, 0x4249, 0x4249, 0x4249, 0x424A, 0x4249, 0x4249, 0x4249, 0x4249, 0x424A,
  0x4249, 0x4249, 0x424A, 0x424A, 0x4249, 0x424A, 0x4249, 0x424A, 0x424A, 0x4249, 0x4249, 0x4249,
  0x4249, 0x4249, 0x4249, 0x4249, 0x4249, 0x4249, 0x4249, 0x424A, 0x424A, 0x424A, 0x4249, 0x39E8,
  0x2104, 0x18C3, 0x18E3, 0x18E3, 0x2124, 0x2944, 0x2945, 0x2965, 0x2965, 0x2965, 0x2965, 0x3165,
  0x3A08, 0x4249, 0x424A, 0x4249, 0x4249, 0x4249, 0x4249, 0x4249, 0x4249, 0x424A, 0x4249, 0x4249,
  0x4249, 0x4249, 0x424A, 0x424A, 0x4249, 0x4249, 0x4249, 0x4249, 0x424A, 0x4249, 0x424A, 0x4249,
  0x4249, 0x424A, 0x4249, 0x4249, 0x4249, 0x4249, 0x4249, 0x4249, 0x4249, 0x424A, 0x4249, 0x4249,
  0x424A, 0x4249, 0x4249, 0x4249, 0x4249, 0x424A, 0x4249, 0x424A, 0x4249, 0x4249, 0x3A29, 0x29A6,
  0x1903, 0x0881, 0x1903, 0x2104, 0x20E3, 0x10A2, 0x1081, 0x2986, 0x4249, 0x4249, 0x4249, 0x424A,
  0x4249, 0x4249, 0x424A, 0x4249, 0x424A, 0x424A, 0x4249, 0x4249, 0x4249, 0x4249, 0x4249, 0x424A,
  0x4249, 0x4249, 0x424A, 0x4249, 0x4249, 0x4249, 0x4249, 0x4249, 0x4249, 0x424A, 0x4249, 0x4249,
  0x4249, 0x4249, 0x424A, 0x4249, 0x4249, 0x424A, 0x4249, 0x4249, 0x424A, 0x4249, 0x4249, 0x4249,
  0x4249, 0x4249, 0x4249, 0x4249, 0x4249, 0x4249, 0x4249, 0x4249, 0x4249, 0x424A, 0x4249, 0x4249,
  0x4249, 0x424A, 0x4249, 0x4249, 0x424A, 0x4249, 0x4249, 0x4249, 0x4249, 0x4249, 0x4249, 0x4249,
  0x4249, 0x4249, 0x4249, 0x4249, 0x4249, 0x4249, 0x4249, 0x4249, 0x4249, 0x4249, 0x4249, 0x4249,
  0x424A, 0x4249, 0x4249, 0x4249, 0x424A, 0x4249, 0x4249, 0x4249, 0x4249, 0x4249, 0x424A, 0x4249,
  0x4249, 0x4249, 0x4249, 0x4249, 0x424A, 0x4249, 0x4249, 0x4249, 0x4249, 0x4249, 0x4249, 0x4249,
  0x4249, 0x4249, 0x4249, 0x424A, 0x4249, 0x4249, 0x424A, 0x424A, 0x4249, 0x4249, 0x4249, 0x4249,
  0x424A, 0x4249, 0x4249, 0x4249, 0x424A, 0x4249, 0x4249, 0x4249, 0x4249, 0x4249, 0x4249, 0x4249,
  0x424A, 0x424A, 0x4249, 0x424A, 0x4249, 0x424A, 0x4249, 0x4249, 0x4249, 0x4249, 0x4249, 0x4249,
  0x4249, 0x4249, 0x4249, 0x4249, 0x424A, 0x4249, 0x4249, 0x4249, 0x424A, 0x4249, 0x4249, 0x4249,
  0x424A, 0x4249, 0x424A, 0x4249, 0x4249, 0x4249, 0x4249, 0x4249, 0x4249, 0x4249, 0x4249, 0x424A,
  0x4249, 0x4249, 0x4249, 0x424A, 0x424A, 0x4249, 0x4249, 0x4249, 0x424A, 0x4249, 0x4249, 0x424A,
  0x4249, 0x4249, 0x4249, 0x4249, 0x4249, 0x4249, 0x4A6A, 0x5AEB, 0x6B4C, 0x7BEE, 0x7BEE, 0x52AA,
  0x5289, 0x5289, 0x5289, 0x5289, 0x5289, 0x5289, 0x5289, 0x5289, 0x5289, 0x4A6A, 0x426E, 0x4270,
  0x4271, 0x4291, 0x4291, 0x4291, 0x3A50, 0x6B2F, 0x93EE, 0x9BC8, 0xA48C, 0x9BEB, 0x9B4C, 0xAD33,
  0x83EF, 0x2124, 0x1062, 0x1083, 0x10A3, 0x2104, 0x4228, 0x4227, 0x2945, 0x4229, 0x4249, 0x4249,
  0x4249, 0x4249, 0x4249, 0x4249, 0x424A, 0x4249, 0x424A, 0x4249, 0x4249, 0x4249, 0x4249, 0x4249,
  0x4249, 0x4249, 0x4249, 0x4249, 0x4249, 0x4249, 0x4249, 0x424A, 0x424A, 0x4249, 0x424A, 0x4249,
  0x4249, 0x424A, 0x4249, 0x4249, 0x4249, 0x4249, 0x4249, 0x4229, 0x39E8, 0x2965, 0x1903, 0x2104,
  0x3164, 0x2103, 0x2104, 0x2944, 0x2965, 0x2965, 0x2965, 0x31A6, 0x4229, 0x4249, 0x424A, 0x4249,
  0x4249, 0x424A, 0x4249, 0x4249, 0x424A, 0x4249, 0x4249, 0x4249, 0x424A, 0x4249, 0x4249, 0x4249,
  0x4249, 0x424A, 0x4249, 0x4249, 0x4249, 0x4249, 0x4249, 0x4249, 0x4249, 0x424A, 0x4249, 0x4249,
  0x4249, 0x4249, 0x424A, 0x4249, 0x424A, 0x4249, 0x4249, 0x424A, 0x4249, 0x4249, 0x424A, 0x424A,
  0x4249, 0x424A, 0x4249, 0x4249, 0x4249, 0x4249, 0x4249, 0x4249, 0x3A29, 0x31A7, 0x2103, 0x0881,
  0x1082, 0x10A2, 0x18E3, 0x3A09, 0x4249, 0x4249, 0x4249, 0x424A, 0x4249, 0x4249, 0x4249, 0x4249,
  0x4249, 0x4249, 0x4249, 0x4249, 0x424A, 0x4249, 0x4249, 0x4249, 0x424A, 0x4249, 0x4249, 0x4249,
  0x4249, 0x4249, 0x424A, 0x4249, 0x4249, 0x4249, 0x4249, 0x4249, 0x424A, 0x4249, 0x4249, 0x4249,
  0x4249, 0x4249, 0x4249, 0x4249, 0x4249, 0x4249, 0x4249, 0x424A, 0x4249, 0x4249, 0x424A, 0x424A,
  0x4249, 0x4249, 0x4249, 0x4249, 0x424A, 0x4249, 0x4249, 0x4249, 0x424A, 0x4249, 0x4249, 0x4249,
  0x4249, 0x4249, 0x4249, 0x4249, 0x424A, 0x424A, 0x4249, 0x424A, 0x4249, 0x424A, 0x4249, 0x4249,
  0x424A, 0x4249, 0x4249, 0x424A, 0x4249, 0x4249, 0x4249, 0x4249, 0x4249, 0x4249, 0x4249, 0x424A,
  0x4249, 0x4249, 0x4249, 0x4249, 0x4249, 0x424A, 0x4249, 0x4249, 0x4249, 0x4249, 0x424A, 0x4249,
  0x4249, 0x4249, 0x4249, 0x424A, 0x4249, 0x4249, 0x424A, 0x4249, 0x424A, 0x4249, 0x4249, 0x4249,
  0x4249, 0x424A, 0x4249, 0x4249, 0x4249, 0x4249, 0x424A, 0x424A, 0x4249, 0x4249, 0x4249, 0x4249,
  0x4249, 0x4249, 0x4249, 0x424A, 0x4249, 0x4249, 0x424A, 0x4249, 0x424A, 0x4249, 0x4249, 0x4249,
  0x4249, 0x4249, 0x4249, 0x424A, 0x424A, 0x424A, 0x4249, 0x4249, 0x4249, 0x4249, 0x424A, 0x4249,
  0x4249, 0x424A, 0x4249, 0x4249, 0x4249, 0x4249, 0x4249, 0x4249, 0x4249, 0x4249, 0x424A, 0x4249,
  0x4249, 0x4249, 0x4249, 0x424A, 0x4249, 0x4249, 0x4249, 0x424A, 0x4249, 0x4249, 0x4249, 0x4249,
  0x4249, 0x424A, 0x4249, 0x4249, 0x4249, 0x4249, 0x4249, 0x4249, 0x4249, 0x4249, 0x4249, 0x4249,
  0x4249, 0x4229, 0x52AA, 0x630B, 0x630B, 0x632B, 0x83EF, 0x840F, 0x5289, 0x5289, 0x5289, 0x5289,
  0x5289, 0x5AEB, 0x6B6D, 0x7BEF, 0x8430, 0x8431, 0x7BF2, 0x6B92, 0x5311, 0x4291, 0x4271, 0x4271,
  0x4271, 0x4A91, 0x7B2C, 0x9C4C, 0xA42C, 0x9B2B, 0xACF3, 0x8C50, 0x2965, 0x1083, 0x10A3, 0x10C3,
  0x10A3, 0x18C3, 0x18E4, 0x2124, 0x3A09, 0x424A, 0x4249, 0x424A, 0x4249, 0x424A, 0x4249, 0x4249,
  0x4249, 0x424A, 0x4249, 0x4249, 0x4249, 0x4249, 0x4249, 0x4249, 0x424A, 0x4249, 0x4249, 0x4249,
  0x4249, 0x424A, 0x4249, 0x4249, 0x4249, 0x4249, 0x4249, 0x4249, 0x4249, 0x4249, 0x4249, 0x4249,
  0x4249, 0x4249, 0x4249, 0x424A, 0x4249, 0x4229, 0x39E8, 0x5A45, 0x7A86, 0x5207, 0x2123, 0x18E3,
  0x2103, 0x2924, 0x3165, 0x3A08, 0x4249, 0x4249, 0x4249, 0x4249, 0x4249, 0x4249, 0x424A, 0x4249,
  0x4249, 0x4249, 0x4249, 0x4249, 0x4249, 0x4249, 0x4249, 0x4249, 0x424A, 0x4249, 0x424A, 0x4249,
  0x424A, 0x4249, 0x4249, 0x4249, 0x4249, 0x4249, 0x4249, 0x424A, 0x4249, 0x4249, 0x424A, 0x4249,
  0x4249, 0x4249, 0x4249, 0x4249, 0x424A, 0x4249, 0x4249, 0x4249, 0x4249, 0x4249, 0x4249, 0x4249,
  0x424A, 0x4249, 0x4249, 0x4249, 0x424A, 0x4249, 0x4229, 0x31A7, 0x1904, 0x10C3, 0x2966, 0x4249,
  0x4249, 0x4249, 0x4249, 0x4249, 0x424A, 0x4249, 0x4249, 0x424A, 0x4249, 0x4249, 0x4249, 0x4249,
  0x4249, 0x4249, 0x4249, 0x424A, 0x4249, 0x4249, 0x4249, 0x4249, 0x4249, 0x424A, 0x4249, 0x4249,
  0x4249, 0x4249, 0x424A, 0x4249, 0x4249, 0x4249, 0x4249, 0x424A, 0x4249, 0x4249, 0x424A, 0x4249,
  0x424A, 0x4249, 0x4249, 0x4249, 0x4249, 0x424A, 0x4249, 0x4249, 0x4249, 0x4249, 0x424A, 0x424A,
  0x4249, 0x4249, 0x4249, 0x4249, 0x4249, 0x4249, 0x4249, 0x424A, 0x4249, 0x4249, 0x424A, 0x4249,
  0x424A, 0x4249, 0x4249, 0x4249, 0x4249, 0x4249, 0x4249, 0x424A, 0x4249, 0x4249, 0x424A, 0x4249,
  0x4249, 0x4249, 0x4249, 0x424A, 0x4249, 0x4249, 0x4249, 0x4249, 0x4249, 0x424A, 0x4249, 0x424A,
  0x4249, 0x4249, 0x4249, 0x424A, 0x4249, 0x4249, 0x4249, 0x424A, 0x4249, 0x4249, 0x424A, 0x4249,
  0x4249, 0x4249, 0x4249, 0x4249, 0x4249, 0x4249, 0x424A, 0x4249, 0x4249, 0x4249, 0x4249, 0x4249,
  0x424A, 0x4249, 0x4249, 0x4249, 0x4249, 0x4249, 0x4249, 0x424A, 0x424A, 0x4249, 0x4249, 0x4249,
  0x424A, 0x4249, 0x4249, 0x4249, 0x4249, 0x4249, 0x4249, 0x4249, 0x4249, 0x424A, 0x4249, 0x4249,
  0x4249, 0x4249, 0x424A, 0x4249, 0x424A, 0x4249, 0x424A, 0x4249, 0x4249, 0x4249, 0x4249, 0x4249,
  0x4249, 0x4249, 0x4249, 0x4249, 0x4249, 0x424A, 0x4249, 0x4249, 0x4249, 0x424A, 0x4249, 0x4249,
  0x4249, 0x4249, 0x4249, 0x424A, 0x4249, 0x4249, 0x424A, 0x4249, 0x4249, 0x4249, 0x424A, 0x4249,
  0x4249, 0x424A, 0x424A, 0x4249, 0x4249, 0x424A, 0x4249, 0x424A, 0x4249, 0x4249, 0x630B, 0x630B,
  0x630B, 0x632B, 0x630B, 0x8C50, 0x83EF, 0x842F, 0x9491, 0x8C50, 0x94B2, 0xAD55, 0xB5B6, 0xBDD6,
  0xBDD6, 0xBDD6, 0xBDD6, 0xB5B6, 0xAD75, 0x94B4, 0x6BB2, 0x4AB1, 0x4291, 0x4291, 0x4291, 0x734F,
  0x930B, 0xA4B2, 0x9CD2, 0x39C7, 0x08A2, 0x1083, 0x10C3, 0x18A3, 0x18C3, 0x10A3, 0x18E3, 0x39E8,
  0x4249, 0x4249, 0x4249, 0x4249, 0x4249, 0x4249, 0x4249, 0x4249, 0x424A, 0x4249, 0x4249, 0x424A,
  0x4249, 0x424A, 0x424A, 0x4249, 0x4249, 0x4249, 0x4249, 0x4249, 0x4249, 0x4249, 0x424A, 0x4249,
  0x424A, 0x4249, 0x4249, 0x424A, 0x4249, 0x424A, 0x4249, 0x4249, 0x424A, 0x424A, 0x4249, 0x4249,
  0x4249, 0x4249, 0x4A69, 0x7B07, 0x82A8, 0x62A9, 0x2924, 0x18E3, 0x18E3, 0x20E3, 0x2965, 0x4249,
  0x424A, 0x4249, 0x4249, 0x424A, 0x4249, 0x4249, 0x4249, 0x4249, 0x424A, 0x4249, 0x424A, 0x4249,
  0x4249, 0x4249, 0x424A, 0x4249, 0x4249, 0x4249, 0x4249, 0x4249, 0x4249, 0x424A, 0x4249, 0x424A,
  0x4249, 0x4249, 0x424A, 0x4249, 0x4249, 0x424A, 0x4249, 0x4249, 0x4249, 0x424A, 0x4249, 0x424A,
  0x4249, 0x4249, 0x4249, 0x4249, 0x424A, 0x4249, 0x4249, 0x4249, 0x424A, 0x4249, 0x4249, 0x424A,
  0x4249, 0x424A, 0x4249, 0x4249, 0x3A29, 0x31C7, 0x3A08, 0x4249, 0x424A, 0x4249, 0x4249, 0x4249,
  0x4249, 0x4249, 0x424A, 0x4249, 0x4249, 0x4249, 0x4249, 0x424A, 0x4249, 0x4249, 0x4249, 0x4249,
  0x4249, 0x424A, 0x4249, 0x424A, 0x4249, 0x4249, 0x4249, 0x424A, 0x4249, 0x4249, 0x4249, 0x424A,
  0x4249, 0x4249, 0x424A, 0x4249, 0x4249, 0x4249, 0x4249, 0x4249, 0x4249, 0x4249, 0x424A, 0x4249,
  0x4249, 0x4249, 0x4249, 0x4249, 0x424A, 0x4249, 0x4249, 0x4249, 0x4249, 0x4249, 0x4249, 0x424A,
  0x424A, 0x4249, 0x4249, 0x4249, 0x424A, 0x4249, 0x4249, 0x4249, 0x4249, 0x4249, 0x4249, 0x4249,
  0x4249, 0x424A, 0x4249, 0x4249, 0x4249, 0x4249, 0x4249, 0x424A, 0x4249, 0x424A, 0x4249, 0x4249,
  0x424A, 0x4249, 0x424A, 0x4249, 0x4249, 0x4249, 0x4249, 0x4249, 0x4249, 0x4249, 0x4249, 0x4249,
  0x4249, 0x4249, 0x424A, 0x4249, 0x4249, 0x4249, 0x4249, 0x4249, 0x424A, 0x4249, 0x4249, 0x424A,
  0x4249, 0x4249, 0x4249, 0x424A, 0x4249, 0x4249, 0x4249, 0x4249, 0x4249, 0x4249, 0x4249, 0x4249,
  0x424A, 0x4249, 0x4249, 0x424A, 0x4249, 0x4249, 0x4249, 0x4249, 0x4249, 0x4249, 0x4249, 0x424A,
  0x4249, 0x4249, 0x4249, 0x424A, 0x424A, 0x4249, 0x4249, 0x4249, 0x4249, 0x4249, 0x4249, 0x4249,
  0x4249, 0x4249, 0x4249, 0x4249, 0x424A, 0x4249, 0x4249, 0x424A, 0x424A, 0x4249, 0x424A, 0x424A,
  0x4249, 0x4249, 0x4249, 0x4249, 0x4249, 0x424A, 0x4249, 0x4249, 0x4249, 0x4249, 0x4249, 0x4249,
  0x4249, 0x4249, 0x4249, 0x424A, 0x4249, 0x4249, 0x4249, 0x4249, 0x4249, 0x424A, 0x4249, 0x4249,
  0x4249, 0x4249, 0x4249, 0x4249, 0x4A6A, 0x52A9, 0x630B, 0x632B, 0x6B2B, 0x6B2B, 0x632B, 0x840F,
  0xBDD6, 0xC637, 0xBDD7, 0xB5B6, 0xBDD6, 0xBDD6, 0xBDD6, 0xBDD6, 0xBDD6, 0xBDD6, 0xBDF6, 0xBDD6,
  0xBDD6, 0xBDD6, 0xB5B6, 0x9CD4, 0x6352, 0x4271, 0x4291, 0x4271, 0x6B10, 0x94B2, 0x4228, 0x10A3,
  0x1083, 0x1883, 0x10A3, 0x18C3, 0x18A3, 0x18E3, 0x31E8, 0x4249, 0x424A, 0x4249, 0x4249, 0x4249,
  0x4249, 0x424A, 0x424A, 0x4249, 0x4249, 0x4249, 0x4249, 0x4249, 0x4249, 0x4249, 0x4249, 0x4249,
  0x4249, 0x424A, 0x4249, 0x424A, 0x424A, 0x4249, 0x4249, 0x4249, 0x4249, 0x4249, 0x4249, 0x4249,
  0x4249, 0x4249, 0x424A, 0x4249, 0x4249, 0x4249, 0x4249, 0x4249, 0x424A, 0x424A, 0x6288, 0x82C7,
  0x7AEA, 0x528A, 0x3A08, 0x2986, 0x2104, 0x1904, 0x39E8, 0x4249, 0x424A, 0x4249, 0x4249, 0x4249,
  0x424A, 0x4249, 0x424A, 0x4249, 0x4249, 0x4249, 0x4249, 0x4249, 0x4249, 0x424A, 0x4249, 0x424A,
  0x4249, 0x4249, 0x4249, 0x4249, 0x4249, 0x4249, 0x4249, 0x4249, 0x4249, 0x4249, 0x4249, 0x4249,
  0x4249, 0x4249, 0x4249, 0x4249, 0x4249, 0x4249, 0x4249, 0x4249, 0x4249, 0x424A, 0x4249, 0x4249,
  0x4249, 0x424A, 0x4249, 0x4249, 0x4249, 0x4249, 0x4249, 0x424A, 0x4249, 0x4249, 0x4249, 0x424A,
  0x4249, 0x424A, 0x4249, 0x4249, 0x4249, 0x424A, 0x4249, 0x424A, 0x4249, 0x4249, 0x4249, 0x424A,
  0x4249, 0x424A, 0x4249, 0x4249, 0x424A, 0x4249, 0x424A, 0x4249, 0x4249, 0x4249, 0x4249, 0x4249,
  0x4249, 0x4249, 0x4249, 0x4249, 0x4249, 0x4249, 0x424A, 0x4249, 0x4249, 0x4249, 0x4249, 0x4249,
  0x424A, 0x4249, 0x4249, 0x424A, 0x4249, 0x4249, 0x4249, 0x424A, 0x4249, 0x4249, 0x4249, 0x4249,
  0x4249, 0x4249, 0x4249, 0x4249, 0x424A, 0x4249, 0x4249, 0x424A, 0x4249, 0x4249, 0x4249, 0x4249,
  0x4249, 0x4249, 0x4249, 0x424A, 0x4249, 0x4249, 0x4249, 0x424A, 0x424A, 0x4249, 0x4249, 0x4249,
  0x4249, 0x4249, 0x4249, 0x4249, 0x4249, 0x424A, 0x4249, 0x4249, 0x4249, 0x424A, 0x4249, 0x4249,
  0x4249, 0x424A, 0x4249, 0x4249, 0x424A, 0x4249, 0x4249, 0x4249, 0x4249, 0x424A, 0x4249, 0x4249,
  0x4249, 0x424A, 0x4249, 0x4249, 0x424A, 0x4249, 0x4249, 0x4249, 0x4249, 0x4249, 0x4249, 0x424A,
  0x4249, 0x4249, 0x424A, 0x424A, 0x4249, 0x424A, 0x4249, 0x4249, 0x4249, 0x4249, 0x4249, 0x4249,
  0x4249, 0x4249, 0x4249, 0x424A, 0x4249, 0x424A, 0x4249, 0x4249, 0x4249, 0x424A, 0x4249, 0x424A,
  0x4249, 0x4249, 0x4249, 0x4249, 0x424A, 0x4249, 0x4249, 0x4249, 0x4249, 0x424A, 0x4249, 0x4249,
  0x4249, 0x4249, 0x4249, 0x4249, 0x4249, 0x4249, 0x4249, 0x4249, 0x424A, 0x4249, 0x4249, 0x424A,
  0x4249, 0x4249, 0x4249, 0x424A, 0x424A, 0x4249, 0x4249, 0x424A, 0x4249, 0x4249, 0x4249, 0x4249,
  0x424A, 0x4249, 0x4249, 0x4249, 0x424A, 0x4249, 0x4249, 0x4249, 0x424A, 0x4249, 0x4249, 0x4A69,
  0x52AA, 0x630B, 0x632B, 0x632B, 0x632B, 0x6B2B, 0x630B, 0x8C50, 0xB595, 0xB5B6, 0xBDD6, 0xBDF6,
  0xBDD6, 0xBDD6, 0xBDF6, 0xBDF6, 0xBDD6, 0xBDF6, 0xBDD6, 0xBDD6, 0xBDD6, 0xBDD6, 0xBDD6, 0xBDD6,
  0xAD75, 0x7BF2, 0x4291, 0x4271, 0x4271, 0x426F, 0x2128, 0x10A3, 0x10C3, 0x18C3, 0x10C3, 0x10C3,
  0x10C3, 0x31A7, 0x4249, 0x4249, 0x4249, 0x424A, 0x424A, 0x4249, 0x4249, 0x4249, 0x4249, 0x4249,
  0x4249, 0x424A, 0x4249, 0x4249, 0x4249, 0x424A, 0x4249, 0x4249, 0x4249, 0x424A, 0x4249, 0x4249,
  0x4249, 0x4249, 0x4249, 0x424A, 0x4249, 0x4249, 0x424A, 0x4249, 0x4249, 0x4249, 0x4249, 0x4249,
  0x4249, 0x4249, 0x424A, 0x4249, 0x4249, 0x4249, 0x5269, 0x6A68, 0x62CA, 0x4A4A, 0x424A, 0x4249,
  0x3A08, 0x31A7, 0x4229, 0x4249, 0x424A, 0x4249, 0x4249, 0x424A, 0x4249, 0x4249, 0x4249, 0x4249,
  0x424A, 0x4249, 0x4249, 0x424A, 0x4249, 0x424A, 0x4249, 0x4249, 0x4249, 0x424A, 0x4249, 0x424A,
  0x4249, 0x424A, 0x4249, 0x4249, 0x4249, 0x4249, 0x424A, 0x4249, 0x424A, 0x4249, 0x4249, 0x424A,
  0x4249, 0x424A, 0x4249, 0x424A, 0x4249, 0x4249, 0x4249, 0x4249, 0x4249, 0x4249, 0x4249, 0x4249,
  0x424A, 0x4249, 0x4249, 0x4249, 0x4249, 0x4249, 0x4249, 0x4249, 0x4249, 0x4249, 0x4249, 0x424A,
  0x4249, 0x4249, 0x4249, 0x4249, 0x4249, 0x4249, 0x4249, 0x4249, 0x4249, 0x424A, 0x4249, 0x4249,
  0x4249, 0x424A, 0x4249, 0x4249, 0x4249, 0x424A, 0x4249, 0x4249, 0x424A, 0x4249, 0x4249, 0x4249,
  0x4249, 0x424A, 0x4249, 0x4249, 0x4249, 0x424A, 0x4249, 0x4249, 0x424A, 0x4249, 0x4249, 0x4249,
  0x4249, 0x4249, 0x4249, 0x424A, 0x4249, 0x4249, 0x424A, 0x424A, 0x4249, 0x424A, 0x4249, 0x4249,
  0x4249, 0x4249, 0x4249, 0x4249, 0x4249, 0x4249, 0x4249, 0x424A, 0x4249, 0x424A, 0x4249, 0x4249,
  0x4249, 0x424A, 0x4249, 0x424A, 0x4249, 0x4249, 0x4249, 0x4249, 0x4249, 0x4249, 0x4249, 0x424A,
  0x4249, 0x4249, 0x4249, 0x4249, 0x4249, 0x4249, 0x4249, 0x4249, 0x4249, 0x4249, 0x424A, 0x4249,
  0x4249, 0x4249, 0x424A, 0x424A, 0x424A, 0x4249, 0x4249, 0x424A, 0x4249, 0x4249, 0x424A, 0x4249,
  0x4249, 0x424A, 0x4249, 0x4249, 0x424A, 0x4249, 0x4249, 0x4249, 0x4249, 0x4249, 0x4249, 0x4249,
  0x4249, 0x4249, 0x4249, 0x424A, 0x4249, 0x424A, 0x4249, 0x4249, 0x4249, 0x424A, 0x4249, 0x4249,
  0x4249, 0x4249, 0x4249, 0x4249, 0x4249, 0x4249, 0x4249, 0x4249, 0x4249, 0x4249, 0x424A, 0x4249,
  0x4249, 0x424A, 0x4249, 0x424A, 0x4249, 0x4249, 0x4249, 0x4249, 0x424A, 0x4249, 0x424A, 0x4249,
  0x4249, 0x4249, 0x4249, 0x4249, 0x4249, 0x4249, 0x424A, 0x4249, 0x4249, 0x4249, 0x4249, 0x4249,
  0x4249, 0x4249, 0x4249, 0x4249, 0x424A, 0x4249, 0x4249, 0x424A, 0x4249, 0x4249, 0x4249, 0x4249,
  0x4249, 0x4249, 0x4249, 0x424A, 0x4249, 0x424A, 0x4249, 0x4A49, 0x5289, 0x73AD, 0x6B2C, 0x632B,
  0x632B, 0x632B, 0x632C, 0x9CF3, 0xB5B6, 0xBDD6, 0xBDD6, 0xBDF6, 0xBDD6, 0xBDF6, 0xBDD6, 0xBDD6,
  0xBDD6, 0xBDD6, 0xBDF6, 0xBDF6, 0xBDF6, 0xBDD6, 0xBDF6, 0xBDD6, 0xBDD6, 0xB595, 0x7C13, 0x4291,
  0x4291, 0x4271, 0x3A2F, 0x2149, 0x10C3, 0x18A3, 0x10A3, 0x10A2, 0x2986, 0x4229, 0x424A, 0x4249,
  0x4249, 0x4249, 0x4249, 0x4249, 0x424A, 0x4249, 0x4249, 0x4249, 0x4249, 0x4249, 0x424A, 0x424A,
  0x4249, 0x4249, 0x4249, 0x4249, 0x424A, 0x4249, 0x4249, 0x4249, 0x4249, 0x4249, 0x4249, 0x4249,
  0x4249, 0x4249, 0x4249, 0x4249, 0x4249, 0x424A, 0x424A, 0x4249, 0x424A, 0x4249, 0x4249, 0x4249,
  0x4249, 0x4249, 0x424A, 0x4249, 0x4249, 0x4249, 0x4249, 0x4249, 0x4249, 0x4249, 0x4249, 0x4249,
  0x4249, 0x4249, 0x4249, 0x424A, 0x4249, 0x4249, 0x4249, 0x424A, 0x4249, 0x4249, 0x424A, 0x4249,
  0x4249, 0x4249, 0x4249, 0x4249, 0x4249, 0x4249, 0x4249, 0x424A, 0x4249, 0x4249, 0x4249, 0x424A,
  0x4249, 0x4249, 0x424A, 0x4249, 0x4249, 0x424A, 0x4249, 0x4249, 0x4249, 0x4249, 0x4249, 0x4249,
  0x4249, 0x4249, 0x4249, 0x424A, 0x4249, 0x4249, 0x424A, 0x4249, 0x4249, 0x424A, 0x4249, 0x4249,
  0x424A, 0x4249, 0x4249, 0x424A, 0x424A, 0x4249, 0x4249, 0x4249, 0x4249, 0x424A, 0x4249, 0x424A,
  0x4249, 0x4249, 0x4249, 0x424A, 0x4249, 0x4249, 0x4249, 0x4249, 0x4249, 0x4249, 0x4249, 0x4249,
  0x4249, 0x4249, 0x424A, 0x4249, 0x4249, 0x4249, 0x424A, 0x424A, 0x424A, 0x4249, 0x4249, 0x424A,
  0x4249, 0x4249, 0x424A, 0x4249, 0x4249, 0x424A, 0x4249, 0x4249, 0x424A, 0x4249, 0x4249, 0x4249,
  0x4249, 0x4249, 0x4249, 0x4249, 0x4249, 0x4249, 0x4249, 0x424A, 0x4249, 0x424A, 0x4249, 0x4249,
  0x4249, 0x424A, 0x4249, 0x4249, 0x4249, 0x4249, 0x4249, 0x4249, 0x4249, 0x4249, 0x4249, 0x4249,
  0x4249, 0x4249, 0x424A, 0x4249, 0x4249, 0x424A, 0x424A, 0x4249, 0x4249, 0x4249, 0x4249, 0x4249,
  0x424A, 0x4249, 0x4249, 0x424A, 0x4249, 0x424A, 0x4249, 0x4249, 0x4249, 0x4249, 0x4249, 0x4249,
  0x4249, 0x4249, 0x4249, 0x4249, 0x4249, 0x4249, 0x4249, 0x4249, 0x4249, 0x4249, 0x424A, 0x4249,
  0x4249, 0x424A, 0x4249, 0x4249, 0x4249, 0x424A, 0x4249, 0x4249, 0x4249, 0x4249, 0x4249, 0x4249,
  0x4249, 0x4249, 0x4249, 0x4249, 0x424A, 0x4249, 0x4249, 0x4249, 0x4249, 0x4249, 0x424A, 0x424A,
  0x424A, 0x4249, 0x424A, 0x424A, 0x4249, 0x4249, 0x4249, 0x4249, 0x4249, 0x424A, 0x4249, 0x4249,
  0x4249, 0x4249, 0x4249, 0x4249, 0x424A, 0x4249, 0x4249, 0x4249, 0x4249, 0x424A, 0x4249, 0x424A,
  0x4249, 0x4249, 0x424A, 0x4249, 0x424A, 0x4249, 0x4249, 0x4249, 0x424A, 0x4249, 0x424A, 0x4249,
  0x4249, 0x4249, 0x4249, 0x4249, 0x4249, 0x4249, 0x424A, 0x4249, 0x4249, 0x424A, 0x4249, 0x4249,
  0x4249, 0x4249, 0x4249, 0x4A69, 0x738D, 0xBDD6, 0xB5B5, 0x83EF, 0x6B6D, 0x7BCF, 0x9CF3, 0xB595,
  0xBDD6, 0xBDD6, 0xBDD6, 0xBDD6, 0xBDF6, 0xBDD6, 0xBDF6, 0xBDD6, 0xBDD6, 0xBDF6, 0xBDD6, 0xBDD6,
  0xBDD6, 0xBDD6, 0xBDF6, 0xBDD6, 0xBDD6, 0xBDD6, 0xAD75, 0x6B92, 0x4271, 0x4291, 0x4271, 0x31EE,
  0x18C4, 0x10C3, 0x18A2, 0x2945, 0x4229, 0x4249, 0x4249, 0x4249, 0x4249, 0x4249, 0x4249, 0x424A,
  0x4249, 0x4249, 0x4249, 0x424A, 0x424A, 0x4249, 0x4249, 0x4249, 0x4249, 0x4249, 0x4249, 0x4249,
  0x4249, 0x4249, 0x4249, 0x424A, 0x424A, 0x4249, 0x424A, 0x4249, 0x4249, 0x424A, 0x4249, 0x424A,
  0x4249, 0x4249, 0x4249, 0x4249, 0x4249, 0x4249, 0x424A, 0x4249, 0x424A, 0x4249, 0x424A, 0x4249,
  0x4249, 0x424A, 0x4249, 0x4249, 0x4249, 0x424A, 0x4249, 0x4249, 0x424A, 0x4249, 0x4249, 0x424A,
  0x4249, 0x4249, 0x4249, 0x4249, 0x4249, 0x4249, 0x4249, 0x4249, 0x4249, 0x4249, 0x424A, 0x4249,
  0x4249, 0x424A, 0x4249, 0x4249, 0x4249, 0x4249, 0x4249, 0x424A, 0x4249, 0x4249, 0x4249, 0x4249,
  0x4249, 0x4249, 0x4249, 0x4249, 0x4249, 0x4249, 0x4249, 0x424A, 0x4249, 0x424A, 0x4249, 0x4249,
  0x4249, 0x424A, 0x4249, 0x4249, 0x4249, 0x424A, 0x4249, 0x4249, 0x4249, 0x4249, 0x424A, 0x4249,
  0x4249, 0x4249, 0x4249, 0x4249, 0x424A, 0x4249, 0x4249, 0x4249, 0x4249, 0x424A, 0x424A, 0x4249,
  0x4249, 0x4249, 0x4249, 0x4249, 0x424A, 0x4249, 0x4249, 0x424A, 0x4249, 0x424A, 0x4249, 0x4249,
  0x4249, 0x4249, 0x4249, 0x4249, 0x4249, 0x4249, 0x4249, 0x4249, 0x4249, 0x4249, 0x4249, 0x4249,
  0x4249, 0x4249, 0x424A, 0x4249, 0x4249, 0x424A, 0x4249, 0x4249, 0x4249, 0x424A, 0x4249, 0x4249,
  0x4249, 0x4249, 0x4249, 0x4249, 0x4249, 0x4249, 0x4249, 0x4249, 0x424A, 0x4249, 0x4249, 0x4249,
  0x4249, 0x4249, 0x424A, 0x424A, 0x424A, 0x4249, 0x424A, 0x424A, 0x4249, 0x4249, 0x4249, 0x4249,
  0x4249, 0x4249, 0x4249, 0x4249, 0x424A, 0x4249, 0x4249, 0x4249, 0x424A, 0x4249, 0x4249, 0x4249,
  0x4249, 0x4249, 0x4249, 0x4249, 0x4249, 0x4249, 0x4249, 0x4249, 0x4249, 0x4249, 0x4249, 0x424A,
  0x4249, 0x4249, 0x4249, 0x424A, 0x4249, 0x424A, 0x4249, 0x4249, 0x4249, 0x4249, 0x4249, 0x4249,
  0x4249, 0x424A, 0x4249, 0x4249, 0x4249, 0x424A, 0x424A, 0x4249, 0x4249, 0x424A, 0x4249, 0x4249,
  0x4249, 0x4249, 0x424A, 0x424A, 0x4249, 0x4249, 0x4249, 0x4249, 0x4249, 0x4249, 0x4249, 0x4249,
  0x4249, 0x424A, 0x424A, 0x4249, 0x4249, 0x4249, 0x4249, 0x4249, 0x4249, 0x4249, 0x424A, 0x4249,
  0x4249, 0x4249, 0x424A, 0x4249, 0x4249, 0x4249, 0x4249, 0x4249, 0x424A, 0x4249, 0x4249, 0x4249,
  0x4249, 0x424A, 0x424A, 0x4249, 0x4249, 0x4249, 0x4249, 0x4249, 0x4249, 0x4249, 0x424A, 0x4249,
  0x4249, 0x4249, 0x424A, 0x4249, 0x4249, 0x4249, 0x424A, 0x4249, 0x4249, 0x4249, 0x424A, 0x6B6D,
  0xC616, 0xDED9, 0xDED9, 0xCE78, 0xBDD6, 0xB5B6, 0xAD75, 0xBDD6, 0xBDD6, 0xBDD6, 0xBDF6, 0xBDF6,
  0xBDD6, 0xBDD6, 0xBDF6, 0xBDD6, 0xBDF6, 0xBDF6, 0xBDD6, 0xBDD6, 0xBDD6, 0xBDD6, 0xBDD6, 0xBDD6,
  0xBDD6, 0xBDD6, 0xBDD6, 0xA534, 0x52F1, 0x4291, 0x4271, 0x31CC, 0x10A4, 0x10C3, 0x2124, 0x3A29,
  0x4249, 0x424A, 0x4249, 0x4249, 0x4249, 0x4249, 0x4249, 0x4249, 0x4249, 0x4249, 0x4249, 0x4249,
  0x4249, 0x4249, 0x4249, 0x4249, 0x4249, 0x424A, 0x424A, 0x4249, 0x4249, 0x4249, 0x4249, 0x424A,
  0x4249, 0x4249, 0x4249, 0x4249, 0x4249, 0x424A, 0x4249, 0x4249, 0x4249, 0x4249, 0x424A, 0x4249,
  0x4249, 0x4249, 0x4249, 0x4249, 0x4249, 0x4249, 0x4249, 0x4249, 0x4249, 0x4249, 0x4249, 0x4249,
  0x4249, 0x424A, 0x4249, 0x4249, 0x4249, 0x4249, 0x4249, 0x4249, 0x4249, 0x4249, 0x4249, 0x424A,
  0x4249, 0x4249, 0x424A, 0x424A, 0x4249, 0x4249, 0x4249, 0x424A, 0x424A, 0x4249, 0x4249, 0x4249,
  0x4249, 0x424A, 0x4249, 0x4249, 0x4249, 0x4249, 0x4249, 0x424A, 0x4249, 0x4249, 0x424A, 0x4249,
  0x424A, 0x4249, 0x4249, 0x4249, 0x424A, 0x4249, 0x424A, 0x4249, 0x4249, 0x424A, 0x4249, 0x4249,
  0x4249, 0x4249, 0x424A, 0x4249, 0x4249, 0x424A, 0x4249, 0x4249, 0x424A, 0x4249, 0x424A, 0x4249,
  0x4249, 0x4249, 0x4249, 0x4249, 0x4249, 0x4249, 0x4249, 0x4249, 0x424A, 0x4249, 0x4249, 0x4249,
  0x424A, 0x4249, 0x4249, 0x4249, 0x4249, 0x4249, 0x4249, 0x4249, 0x4249, 0x4249, 0x4249, 0x4249,
  0x4249, 0x4249, 0x4249, 0x424A, 0x4249, 0x4249, 0x4249, 0x424A, 0x4249, 0x424A, 0x4249, 0x4249,
  0x4249, 0x4249, 0x4249, 0x4249, 0x4249, 0x424A, 0x4249, 0x4249, 0x4249, 0x424A, 0x424A, 0x4249,
  0x4249, 0x424A, 0x4249, 0x4249, 0x4249, 0x4249, 0x424A, 0x424A, 0x4249, 0x4249, 0x4249, 0x4249,
  0x4249, 0x4249, 0x4249, 0x4249, 0x4249, 0x424A, 0x424A, 0x4249, 0x424A, 0x4249, 0x4249, 0x4249,
  0x4249, 0x424A, 0x4249, 0x424A, 0x4249, 0x4249, 0x4249, 0x4249, 0x424A, 0x424A, 0x4249, 0x4249,
  0x424A, 0x424A, 0x4249, 0x4249, 0x424A, 0x4249, 0x4249, 0x424A, 0x4249, 0x424A, 0x4249, 0x4249,
  0x4249, 0x424A, 0x4249, 0x4249, 0x4249, 0x424A, 0x424A, 0x424A, 0x4249, 0x4249, 0x4249, 0x424A,
  0x4249, 0x4249, 0x4249, 0x4249, 0x4249, 0x424A, 0x4249, 0x424A, 0x4249, 0x4249, 0x4249, 0x4249,
  0x4249, 0x424A, 0x4249, 0x4249, 0x4249, 0x4249, 0x4249, 0x4249, 0x4249, 0x4249, 0x4249, 0x4249,
  0x4249, 0x4249, 0x424A, 0x4249, 0x4249, 0x424A, 0x4249, 0x4249, 0x4249, 0x4249, 0x424A, 0x4249,
  0x424A, 0x424A, 0x4249, 0x4249, 0x4249, 0x424A, 0x4249, 0x4249, 0x4249, 0x4249, 0x4249, 0x4249,
  0x4249, 0x424A, 0x4249, 0x4249, 0x424A, 0x4249, 0x424A, 0x4249, 0x424A, 0x4249, 0x4249, 0x424A,
  0x4249, 0x4249, 0x4249, 0x424A, 0x4249, 0x4249, 0x632C, 0xC616, 0xDED9, 0xDED9, 0xDED9, 0xDED9,
  0xD6B9, 0xB5B6, 0xB5B6, 0xBDD6, 0xBDD6, 0xBDF6, 0xBDD6, 0xBDF6, 0xBDD6, 0xBDF6, 0xBDF6, 0xBDD6,
  0xBDD6, 0xBDF6, 0xBDD6, 0xBDD6, 0xBDD6, 0xBDF6, 0xBDD6, 0xBDF6, 0xBDF6, 0xBDF6, 0xBDD6, 0xBDD6,
  0x8433, 0x4291, 0x3A50, 0x2106, 0x0863, 0x20E4, 0x3A08, 0x4249, 0x4249, 0x4249, 0x4249, 0x4249,
  0x424A, 0x424A, 0x424A, 0x4249, 0x4249, 0x4249, 0x424A, 0x424A, 0x4249, 0x4249, 0x4249, 0x4249,
  0x4249, 0x4249, 0x4249, 0x4249, 0x424A, 0x424A, 0x4249, 0x4249, 0x4249, 0x4249, 0x4249, 0x424A,
  0x4249, 0x4249, 0x4249, 0x4249, 0x4249, 0x4249, 0x4249, 0x424A, 0x4249, 0x424A, 0x4249, 0x4249,
  0x424A, 0x4249, 0x4249, 0x4249, 0x424A, 0x424A, 0x4249, 0x424A, 0x4249, 0x4249, 0x4249, 0x4249,
  0x424A, 0x4249, 0x4249, 0x4249, 0x424A, 0x4249, 0x4249, 0x4249, 0x4249, 0x4249, 0x4249, 0x4249,
  0x4249, 0x4249, 0x4249, 0x4249, 0x4249, 0x4249, 0x4249, 0x4249, 0x4249, 0x4249, 0x424A, 0x4249,
  0x424A, 0x4249, 0x4249, 0x4249, 0x424A, 0x4249, 0x4249, 0x4249, 0x424A, 0x4249, 0x4249, 0x4249,
  0x4249, 0x4249, 0x4249, 0x4249, 0x4249, 0x4249, 0x424A, 0x4249, 0x4249, 0x4249, 0x4249, 0x4249,
  0x424A, 0x4249, 0x4249, 0x4249, 0x4249, 0x4249, 0x4249, 0x4249, 0x424A, 0x4249, 0x4249, 0x4249,
  0x424A, 0x4249, 0x4249, 0x4249, 0x4249, 0x424A, 0x4249, 0x424A, 0x4249, 0x4249, 0x4249, 0x4249,
  0x424A, 0x424A, 0x4249, 0x4249, 0x424A, 0x424A, 0x4249, 0x4249, 0x424A, 0x4249, 0x4249, 0x424A,
  0x4249, 0x424A, 0x4249, 0x4249, 0x4249, 0x424A, 0x4249, 0x4249, 0x4249, 0x424A, 0x424A, 0x424A,
  0x4249, 0x4249, 0x4249, 0x424A, 0x4249, 0x4249, 0x4249, 0x4249, 0x4249, 0x424A, 0x4249, 0x424A,
  0x4249, 0x4249, 0x4249, 0x4249, 0x4249, 0x424A, 0x4249, 0x4249, 0x4249, 0x4249, 0x4249, 0x4249,
  0x4249, 0x4249, 0x4249, 0x4249, 0x424A, 0x4249, 0x424A, 0x4249, 0x4249, 0x424A, 0x4249, 0x4249,
  0x4249, 0x4249, 0x424A, 0x4249, 0x4249, 0x4249, 0x4249, 0x424A, 0x4249, 0x4249, 0x4249, 0x424A,
  0x4249, 0x4249, 0x4249, 0x4249, 0x4249, 0x4249, 0x4249, 0x4249, 0x4249, 0x4249, 0x4249, 0x4249,
  0x4249, 0x4249, 0x4249, 0x4249, 0x4249, 0x4249, 0x4249, 0x4249, 0x4249, 0x4249, 0x424A, 0x4249,
  0x424A, 0x4249, 0x4249, 0x4249, 0x4249, 0x4249, 0x4249, 0x424A, 0x4249, 0x4249, 0x4249, 0x424A,
  0x4249, 0x424A, 0x4249, 0x4249, 0x4249, 0x4249, 0x4249, 0x4249, 0x424A, 0x4249, 0x424A, 0x4249,
  0x424A, 0x4249, 0x4249, 0x4249, 0x424A, 0x4249, 0x4249, 0x4249, 0x4249, 0x4249, 0x4249, 0x424A,
  0x4249, 0x4249, 0x4249, 0x424A, 0x4249, 0x4249, 0x424A, 0x4249, 0x424A, 0x4249, 0x4249, 0x4249,
  0x4249, 0x4249, 0x4249, 0x4249, 0x4249, 0x4249, 0x4249, 0x4249, 0x424A, 0x4249, 0x4249, 0x4249,
  0x424A, 0x52AB, 0xB595, 0xDED9, 0xDED9, 0xDED9, 0xDED9, 0xDED9, 0xDEB9, 0xB5B6, 0xBDD6, 0xBDD6,
  0xBDD6, 0xBDD6, 0xBDD6, 0xBDD6, 0xBDD6, 0xBDD6, 0xBDD6, 0xBDF6, 0xBDF6, 0xBDD6, 0xBDF6, 0xBDD6,
  0xBDF6, 0xBDD6, 0xBDD6, 0xBDF6, 0xBDD6, 0xBDD6, 0xBDD6, 0xBDD6, 0xA535, 0x52F1, 0x3A50, 0x2967,
  0x18E4, 0x39E8, 0x4249, 0x4249, 0x4249, 0x4249, 0x424A, 0x4249, 0x4249, 0x4249, 0x4249, 0x4249,
  0x4249, 0x4249, 0x4249, 0x4249, 0x4249, 0x424A, 0x424A, 0x424A, 0x4249, 0x4249, 0x424A, 0x4249,
  0x4249, 0x4249, 0x4249, 0x4249, 0x4249, 0x424A, 0x424A, 0x4249, 0x4249, 0x424A, 0x4249, 0x424A,
  0x4249, 0x4249, 0x4249, 0x4249, 0x4249, 0x4249, 0x4249, 0x4249, 0x4249, 0x4249, 0x4249, 0x424A,
  0x4249, 0x4249, 0x4249, 0x424A, 0x4249, 0x4249, 0x424A, 0x4249, 0x4249, 0x424A, 0x4249, 0x4249,
  0x4249, 0x424A, 0x4249, 0x424A, 0x4249, 0x424A, 0x4249, 0x4249, 0x4249, 0x424A, 0x4249, 0x424A,
  0x4249, 0x4249, 0x424A, 0x4249, 0x424A, 0x4249, 0x4249, 0x4249, 0x4249, 0x4249, 0x4249, 0x4249,
  0x4249, 0x4249, 0x424A, 0x4249, 0x4249, 0x4249, 0x424A, 0x4249, 0x4249, 0x4249, 0x4249, 0x424A,
  0x4249, 0x4249, 0x4249, 0x4249, 0x4249, 0x424A, 0x4249, 0x4249, 0x4249, 0x4249, 0x4249, 0x4249,
  0x4249, 0x4249, 0x4249, 0x4249, 0x4249, 0x424A, 0x4249, 0x4249, 0x424A, 0x4249, 0x424A, 0x4249,
  0x4249, 0x424A, 0x4249, 0x4249, 0x4249, 0x4249, 0x424A, 0x4249, 0x4249, 0x4249, 0x4249, 0x424A,
  0x4249, 0x4249, 0x4249, 0x424A, 0x4249, 0x4249, 0x4249, 0x4249, 0x4249, 0x4249, 0x4249, 0x4249,
  0x4249, 0x4249, 0x4249, 0x4249, 0x4249, 0x4249, 0x4249, 0x4249, 0x4249, 0x4249, 0x4249, 0x4249,
  0x4249, 0x4249, 0x424A, 0x4249, 0x424A, 0x4249, 0x4249, 0x4249, 0x4249, 0x4249, 0x4249, 0x424A,
  0x4249, 0x4249, 0x4249, 0x424A, 0x4249, 0x424A, 0x4249, 0x4249, 0x4249, 0x4249, 0x4249, 0x4249,
  0x4249, 0x4249, 0x4249, 0x4249, 0x4249, 0x4249, 0x4249, 0x4249, 0x4249, 0x4249, 0x4249, 0x424A,
  0x4249, 0x4249, 0x4249, 0x4249, 0x4249, 0x4249, 0x4249, 0x4249, 0x424A, 0x4249, 0x4249, 0x4249,
  0x4249, 0x424A, 0x424A, 0x4249, 0x4249, 0x4249, 0x424A, 0x424A, 0x4249, 0x4249, 0x4249, 0x4249,
  0x4249, 0x424A, 0x4249, 0x4249, 0x424A, 0x4249, 0x4249, 0x4249, 0x4249, 0x4249, 0x4249, 0x4249,
  0x4249, 0x4249, 0x4249, 0x4249, 0x4249, 0x424A, 0x4249, 0x4249, 0x4249, 0x424A, 0x4249, 0x4249,
  0x424A, 0x4249, 0x424A, 0x4249, 0x4249, 0x4249, 0x4249, 0x424A, 0x4249, 0x4249, 0x4249, 0x424A,
  0x4249, 0x4249, 0x4249, 0x424A, 0x4249, 0x4249, 0x4249, 0x4249, 0x4249, 0x4249, 0x424A, 0x4249,
  0x4249, 0x4249, 0x4249, 0x4249, 0x4249, 0x4249, 0x4249, 0x424A, 0x424A, 0x4249, 0x4249, 0x4249,
  0x424A, 0x4249, 0x424A, 0x4249, 0x4249, 0x4249, 0x4249, 0x4249, 0x426A, 0x9491, 0xD6B9, 0xDED9,
  0xDED9, 0xDED9, 0xDED9, 0xDED9, 0xCE78, 0xB5B6, 0xBDD6, 0xBDD6, 0xBDF6, 0xBDD6, 0xBDD6, 0xBDD6,
  0xBDF6, 0xBDF6, 0xBDD6, 0xBDD6, 0xBDD6, 0xBDD6, 0xBDF6, 0xBDD6, 0xBDD6, 0xBDF6, 0xBDD6, 0xBDF6,
  0xBDD6, 0xBDF6, 0xBDD6, 0xBDD6, 0xB5B6, 0x73B2, 0x3A2E, 0x31A7, 0x39C7, 0x4249, 0x4249, 0x4249,
  0x424A, 0x4249, 0x4249, 0x4249, 0x4249, 0x4249, 0x4249, 0x4249, 0x4249, 0x424A, 0x4249, 0x4249,
  0x4249, 0x4249, 0x4249, 0x4249, 0x4249, 0x4249, 0x4249, 0x4249, 0x4249, 0x4249, 0x424A, 0x4249,
  0x4249, 0x4249, 0x4249, 0x4249, 0x4249, 0x4249, 0x4249, 0x424A, 0x4249, 0x4249, 0x424A, 0x4249,
  0x424A, 0x4249, 0x4249, 0x424A, 0x4249, 0x4249, 0x4249, 0x4249, 0x4249, 0x4249, 0x4249, 0x4249,
  0x4249, 0x424A, 0x4249, 0x4249, 0x4249, 0x4249, 0x4249, 0x4249, 0x4249, 0x4249, 0x4249, 0x4249,
  0x4249, 0x4249, 0x4249, 0x424A, 0x4249, 0x424A, 0x4249, 0x4249, 0x4249, 0x4249, 0x424A, 0x4249,
  0x424A, 0x4249, 0x4249, 0x4249, 0x424A, 0x4249, 0x424A, 0x4249, 0x4249, 0x4249, 0x4249, 0x4249,
  0x4249, 0x424A, 0x4249, 0x4249, 0x4249, 0x4249, 0x4249, 0x424A, 0x4249, 0x4249, 0x424A, 0x4249,
  0x4249, 0x424A, 0x4249, 0x4249, 0x4249, 0x424A, 0x4249, 0x424A, 0x4249, 0x424A, 0x4249, 0x424A,
  0x4249, 0x4249, 0x4249, 0x4249, 0x4249, 0x4249, 0x4249, 0x4249, 0x4249, 0x4249, 0x4249, 0x4249,
  0x4249, 0x4249, 0x4249, 0x424A, 0x4249, 0x4249, 0x4249, 0x4249, 0x4249, 0x4249, 0x4249, 0x4249,
  0x424A, 0x4249, 0x4249, 0x4249, 0x4249, 0x424A, 0x424A, 0x4249, 0x4249, 0x4249, 0x424A, 0x424A,
  0x4249, 0x4249, 0x4249, 0x4249, 0x4249, 0x424A, 0x4249, 0x4249, 0x424A, 0x4249, 0x4249, 0x4249,
  0x4249, 0x4249, 0x4249, 0x4249, 0x4249, 0x4249, 0x4249, 0x4249, 0x4249, 0x424A, 0x4249, 0x4249,
  0x4249, 0x424A, 0x4249, 0x4249, 0x424A, 0x4249, 0x424A, 0x4249, 0x4249, 0x4249, 0x4249, 0x424A,
  0x4249, 0x4249, 0x4249, 0x4249, 0x424A, 0x4249, 0x4249, 0x4249, 0x424A, 0x4249, 0x4249, 0x4249,
  0x424A, 0x4249, 0x4249, 0x4249, 0x4249, 0x424A, 0x424A, 0x4249, 0x4249, 0x4249, 0x4249, 0x4249,
  0x424A, 0x4249, 0x4249, 0x4249, 0x4249, 0x4249, 0x424A, 0x4249, 0x4249, 0x424A, 0x4249, 0x424A,
  0x4249, 0x4249, 0x4249, 0x424A, 0x4249, 0x4249, 0x424A, 0x4249, 0x424A, 0x424A, 0x4249, 0x4249,
  0x4249, 0x4249, 0x4249, 0x4249, 0x4249, 0x4249, 0x424A, 0x4249, 0x4249, 0x4249, 0x424A, 0x4249,
  0x4249, 0x4249, 0x4249, 0x4249, 0x4249, 0x4249, 0x4249, 0x4249, 0x424A, 0x4249, 0x4249, 0x424A,
  0x4249, 0x424A, 0x4249, 0x4249, 0x424A, 0x4249, 0x4249, 0x4249, 0x4249, 0x424A, 0x4249, 0x4249,
  0x424A, 0x4249, 0x4249, 0x4249, 0x4249, 0x4249, 0x4249, 0x424A, 0x4249, 0x4249, 0x4249, 0x4249,
  0x4249, 0x4249, 0x424A, 0x4249, 0x634D, 0xCE57, 0xDED9, 0xDED9, 0xDED9, 0xDED9, 0xDED9, 0xDED9,
  0xC617, 0xBDD6, 0xBDD6, 0xBDD6, 0xBDF6, 0xBDF6, 0xBDD6, 0xBDF6, 0xBDD6, 0xBDD6, 0xBDD6, 0xBDF6,
  0xBDD6, 0xBDF6, 0xBDD6, 0xBDD6, 0xBDD6, 0xBDF6, 0xBDF6, 0xBDD6, 0xBDD6, 0xBDD6, 0xBDD6, 0xBDD6,
  0xBDD6, 0x8C72, 0x39E9, 0x39A6, 0x39E8, 0x4249, 0x4249, 0x4249, 0x4249, 0x4249, 0x4249, 0x4249,
  0x424A, 0x4249, 0x424A, 0x424A, 0x4249, 0x4249, 0x424A, 0x4249, 0x4249, 0x4249, 0x4249, 0x4249,
  0x4249, 0x424A, 0x4249, 0x424A, 0x4249, 0x424A, 0x4249, 0x4249, 0x424A, 0x4249, 0x4249, 0x4249,
  0x4249, 0x4249, 0x4249, 0x4249, 0x4249, 0x4249, 0x424A, 0x4249, 0x4249, 0x4249, 0x4249, 0x424A,
  0x4249, 0x424A, 0x424A, 0x4249, 0x4249, 0x4249, 0x4249, 0x4249, 0x4249, 0x4249, 0x424A, 0x4249,
  0x4249, 0x4249, 0x424A, 0x4249, 0x4249, 0x424A, 0x4249, 0x4249, 0x4249, 0x4249, 0x4249, 0x4249,
  0x4249, 0x4249, 0x4249, 0x424A, 0x4249, 0x4249, 0x4249, 0x4249, 0x4249, 0x424A, 0x4249, 0x4249,
  0x4249, 0x4249, 0x4249, 0x424A, 0x4249, 0x424A, 0x424A, 0x4249, 0x424A, 0x4249, 0x4249, 0x424A,
  0x424A, 0x4249, 0x4249, 0x424A, 0x4249, 0x4249, 0x424A, 0x4249, 0x4249, 0x4249, 0x424A, 0x4249,
  0x424A, 0x4249, 0x4249, 0x4249, 0x4249, 0x4249, 0x4249, 0x4249, 0x4249, 0x424A, 0x4249, 0x424A,
  0x4249, 0x4249, 0x4249, 0x424A, 0x4249, 0x4249, 0x4249, 0x4249, 0x424A, 0x4249, 0x4249, 0x4249,
  0x424A, 0x4249, 0x4249, 0x4249, 0x424A, 0x4249, 0x4249, 0x4249, 0x4249, 0x424A, 0x424A, 0x4249,
  0x4249, 0x4249, 0x4249, 0x4249, 0x424A, 0x4249, 0x4249, 0x4249, 0x4249, 0x4249, 0x424A, 0x4249,
  0x4249, 0x424A, 0x4249, 0x424A, 0x4249, 0x4249, 0x4249, 0x424A, 0x4249, 0x4249, 0x424A, 0x4249,
  0x424A, 0x424A, 0x4249, 0x4249, 0x4249, 0x4249, 0x4249, 0x4249, 0x4249, 0x4249, 0x424A, 0x4249,
  0x4249, 0x4249, 0x424A, 0x4249, 0x4249, 0x4249, 0x4249, 0x424A, 0x4249, 0x4249, 0x4249, 0x424A,
  0x424A, 0x4249, 0x4249, 0x4249, 0x4249, 0x4249, 0x424A, 0x4249, 0x4249, 0x424A, 0x4249, 0x4249,
  0x4249, 0x4249, 0x4249, 0x4249, 0x4249, 0x4249, 0x4249, 0x4249, 0x424A, 0x4249, 0x4249, 0x4249,
  0x424A, 0x424A, 0x4249, 0x4249, 0x424A, 0x4249, 0x4249, 0x4249, 0x4249, 0x4249, 0x4249, 0x4249,
  0x4249, 0x4249, 0x4249, 0x4249, 0x4249, 0x4249, 0x4249, 0x424A, 0x4249, 0x4249, 0x424A, 0x4249,
  0x4249, 0x424A, 0x4249, 0x4249, 0x4249, 0x4249, 0x4249, 0x4249, 0x424A, 0x4249, 0x4249, 0x4249,
  0x424A, 0x4249, 0x424A, 0x4249, 0x4249, 0x4249, 0x4249, 0x4249, 0x4249, 0x4249, 0x4249, 0x4249,
  0x4249, 0x4249, 0x4249, 0x424A, 0x424A, 0x4249, 0x4249, 0x4249, 0x4249, 0x424A, 0x4249, 0x4249,
  0x4249, 0x4249, 0x424A, 0x4249, 0x4249, 0x424A, 0x4249, 0x424A, 0x4249, 0x424A, 0x4249, 0x4A6A,
  0xA513, 0xDEB9, 0xDED9, 0xDED9, 0xDED9, 0xDED9, 0xDED9, 0xDED9, 0xBDD6, 0xBDD6, 0xBDD6, 0xBDF6,
  0xBDF6, 0xBDD6, 0xBDF6, 0xBDD6, 0xBDD6, 0xBDD6, 0xBDD6, 0xBDD6, 0xBDF6, 0xBDF6, 0xBDF6, 0xBDF6,
  0xBDD6, 0xBDD6, 0xBDD6, 0xBDF6, 0xBDF6, 0xBDF6, 0xBDF6, 0xBDF6, 0xBDD6, 0x9CF3, 0x41E7, 0x31A6,
  0x39E7, 0x4249, 0x4249, 0x424A, 0x4249, 0x4249, 0x424A, 0x4249, 0x424A, 0x4249, 0x4249, 0x4249,
  0x4249, 0x4249, 0x4249, 0x4249, 0x4249, 0x424A, 0x424A, 0x4249, 0x4249, 0x4249, 0x4249, 0x4249,
  0x4249, 0x4249, 0x4249, 0x424A, 0x4249, 0x4249, 0x424A, 0x4249, 0x424A, 0x424A, 0x4249, 0x424A,
  0x4249, 0x4249, 0x4249, 0x4249, 0x424A, 0x424A, 0x4249, 0x4249, 0x4249, 0x4249, 0x4249, 0x4249,
  0x424A, 0x4249, 0x424A, 0x4249, 0x4249, 0x4249, 0x4249, 0x424A, 0x4249, 0x4249, 0x424A, 0x4249,
  0x4249, 0x4249, 0x424A, 0x4249, 0x424A, 0x4249, 0x424A, 0x4249, 0x4249, 0x4249, 0x4249, 0x424A,
  0x4249, 0x4249, 0x4249, 0x4249, 0x4249, 0x4249, 0x4249, 0x4249, 0x424A, 0x424A, 0x4249, 0x4249,
  0x4249, 0x4249, 0x4249, 0x4249, 0x4249, 0x4249, 0x4249, 0x4249, 0x424A, 0x4249, 0x4249, 0x4249,
  0x4249, 0x4249, 0x4249, 0x4249, 0x424A, 0x4249, 0x4249, 0x4249, 0x4249, 0x4249, 0x4249, 0x424A,
  0x4249, 0x424A, 0x4249, 0x424A, 0x4249, 0x4249, 0x424A, 0x4249, 0x4249, 0x4249, 0x4249, 0x424A,
  0x4249, 0x4249, 0x4249, 0x424A, 0x424A, 0x4249, 0x4249, 0x4249, 0x4249, 0x4249, 0x424A, 0x4249,
  0x4249, 0x424A, 0x4249, 0x4249, 0x4249, 0x4249, 0x4249, 0x4249, 0x4249, 0x4249, 0x4249, 0x4249,
  0x424A, 0x4249, 0x4249, 0x4249, 0x424A, 0x424A, 0x4249, 0x4249, 0x424A, 0x4249, 0x4249, 0x4249,
  0x4249, 0x4249, 0x4249, 0x4249, 0x4249, 0x4249, 0x4249, 0x4249, 0x4249, 0x4249, 0x4249, 0x424A,
  0x4249, 0x4249, 0x424A, 0x4249, 0x4249, 0x424A, 0x4249, 0x4249, 0x4249, 0x4249, 0x4249, 0x4249,
  0x4249, 0x424A, 0x4249, 0x4249, 0x4249, 0x4249, 0x424A, 0x4249, 0x4249, 0x4249, 0x4249, 0x424A,
  0x4249, 0x4249, 0x424A, 0x4249, 0x4249, 0x4249, 0x4249, 0x424A, 0x4249, 0x4249, 0x4249, 0x4249,
  0x424A, 0x424A, 0x4249, 0x4249, 0x4249, 0x4249, 0x4249, 0x4249, 0x4249, 0x4249, 0x4249, 0x4249,
  0x4249, 0x4249, 0x4249, 0x4249, 0x4249, 0x424A, 0x424A, 0x4249, 0x424A, 0x4249, 0x424A, 0x4249,
  0x4249, 0x424A, 0x4249, 0x4249, 0x4249, 0x424A, 0x4249, 0x424A, 0x4249, 0x4249, 0x4249, 0x4249,
  0x4249, 0x4249, 0x4249, 0x4249, 0x424A, 0x4249, 0x424A, 0x4249, 0x4249, 0x424A, 0x4249, 0x4249,
  0x4249, 0x424A, 0x4249, 0x4249, 0x4249, 0x424A, 0x424A, 0x4249, 0x4249, 0x4249, 0x424A, 0x4249,
  0x4249, 0x4249, 0x4249, 0x424A, 0x4249, 0x4249, 0x424A, 0x424A, 0x4249, 0x4249, 0x4249, 0x424A,
  0x4249, 0x4249, 0x4249, 0x4249, 0x4249, 0x4249, 0x4249, 0x5ACB, 0xC637, 0xDED9, 0xDED9, 0xDED9,
  0xDED9, 0xDED9, 0xDED9, 0xDEB9, 0xB5B6, 0xBDD6, 0xBDD6, 0xBDF6, 0xBDD6, 0xBDD6, 0xBDF6, 0xBDD6,
  0xBDD6, 0xBDF6, 0xBDF6, 0xBDD6, 0xBDD6, 0xBDD6, 0xBDD6, 0xBDD6, 0xBDD6, 0xBDD6, 0xBDF6, 0xBDD6,
  0xBDD6, 0xBDD6, 0xBDD6, 0xBDD6, 0xBDD6, 0xA513, 0x4228, 0x31A6, 0x3A07, 0x4249, 0x4249, 0x424A,
  0x4249, 0x4249, 0x424A, 0x4249, 0x4249, 0x4249, 0x4249, 0x4249, 0x424A, 0x424A, 0x4249, 0x424A,
  0x4249, 0x4249, 0x424A, 0x4249, 0x424A, 0x4249, 0x4249, 0x4249, 0x424A, 0x4249, 0x4249, 0x4249,
  0x4249, 0x4249, 0x4249, 0x4249, 0x4249, 0x4249, 0x4249, 0x4249, 0x4249, 0x4249, 0x424A, 0x4249,
  0x4249, 0x4249, 0x4249, 0x4249, 0x4249, 0x4249, 0x4249, 0x4249, 0x4249, 0x424A, 0x4249, 0x4249,
  0x424A, 0x4249, 0x4249, 0x4249, 0x4249, 0x424A, 0x4249, 0x4249, 0x4249, 0x4249, 0x4249, 0x4249,
  0x4249, 0x4249, 0x424A, 0x4249, 0x4249, 0x4249, 0x424A, 0x4249, 0x4249, 0x424A, 0x4249, 0x424A,
  0x4249, 0x4249, 0x424A, 0x4249, 0x4249, 0x4249, 0x4249, 0x424A, 0x4249, 0x4249, 0x4249, 0x4249,
  0x424A, 0x4249, 0x4249, 0x4249, 0x4249, 0x4249, 0x4249, 0x424A, 0x4249, 0x4249, 0x424A, 0x4249,
  0x4249, 0x4249, 0x4249, 0x4249, 0x4249, 0x424A, 0x4249, 0x4249, 0x4249, 0x4249, 0x4249, 0x4249,
  0x4249, 0x4249, 0x4249, 0x4249, 0x4249, 0x424A, 0x4249, 0x4249, 0x4249, 0x4249, 0x424A, 0x4249,
  0x4249, 0x4249, 0x4249, 0x424A, 0x4249, 0x4249, 0x424A, 0x4249, 0x4249, 0x4249, 0x4249, 0x424A,
  0x4249, 0x4249, 0x4249, 0x4249, 0x424A, 0x424A, 0x4249, 0x4249, 0x4249, 0x4249, 0x4249, 0x4249,
  0x4249, 0x4249, 0x4249, 0x4249, 0x4249, 0x4249, 0x4249, 0x4249, 0x4249, 0x424A, 0x424A, 0x4249,
  0x424A, 0x4249, 0x424A, 0x4249, 0x4249, 0x424A, 0x4249, 0x4249, 0x4249, 0x424A, 0x4249, 0x424A,
  0x4249, 0x4249, 0x4249, 0x4249, 0x4249, 0x4249, 0x4249, 0x4249, 0x4249, 0x4249, 0x4249, 0x4249,
  0x424A, 0x4249, 0x4249, 0x4249, 0x4249, 0x4249, 0x424A, 0x4249, 0x4249, 0x4249, 0x4249, 0x4249,
  0x4249, 0x4249, 0x4249, 0x4249, 0x4249, 0x4249, 0x4249, 0x4249, 0x4249, 0x4249, 0x4249, 0x4249,
  0x424A, 0x424A, 0x424A, 0x4249, 0x424A, 0x4249, 0x4249, 0x4249, 0x4249, 0x424A, 0x4249, 0x424A,
  0x4249, 0x4249, 0x4249, 0x4249, 0x4249, 0x4249, 0x4249, 0x424A, 0x4249, 0x4249, 0x424A, 0x4249,
  0x424A, 0x4249, 0x4249, 0x4249, 0x4249, 0x424A, 0x4249, 0x424A, 0x4249, 0x424A, 0x4249, 0x424A,
  0x4249, 0x4249, 0x4249, 0x4249, 0x4249, 0x4249, 0x424A, 0x4249, 0x424A, 0x4249, 0x424A, 0x4249,
  0x4249, 0x424A, 0x4249, 0x4249, 0x424A, 0x424A, 0x4249, 0x4249, 0x4249, 0x4249, 0x424A, 0x4249,
  0x4249, 0x4249, 0x4249, 0x4249, 0x4249, 0x4249, 0x424A, 0x4249, 0x4249, 0x424A, 0x4249, 0x4249,
  0x424A, 0x4249, 0x4249, 0x840F, 0xD6B9, 0xDED9, 0xDED9, 0xDED9, 0xDED9, 0xDED9, 0xDED9, 0xDEB9,
  0xB5B6, 0xBDD6, 0xBDD6, 0xBDD6, 0xBDD6, 0xBDD6, 0xBDF6, 0xBDD6, 0xBDD6, 0xBDF6, 0xBDD6, 0xBDF6,
  0xBDF6, 0xBDD6, 0xBDD6, 0xBDF6, 0xBDF6, 0xBDD6, 0xBDD6, 0xBDD6, 0xBDD6, 0xBDD6, 0xBDF6, 0xBDF6,
  0xBDD6, 0xA533, 0x4A48, 0x39C6, 0x4A48, 0x4249, 0x4249, 0x424A, 0x4249, 0x4249, 0x4249, 0x424A,
  0x4249, 0x4249, 0x4249, 0x4249, 0x4249, 0x4249, 0x4249, 0x4249, 0x4249, 0x4249, 0x4249, 0x4249,
  0x424A, 0x4249, 0x4249, 0x4249, 0x4249, 0x4249, 0x424A, 0x4249, 0x4249, 0x424A, 0x4249, 0x4249,
  0x4249, 0x4249, 0x4249, 0x424A, 0x4249, 0x424A, 0x4249, 0x4249, 0x4249, 0x4249, 0x4249, 0x424A,
  0x4249, 0x4249, 0x424A, 0x4249, 0x4249, 0x4249, 0x4249, 0x4249, 0x4249, 0x4249, 0x424A, 0x4249,
  0x4249, 0x4249, 0x424A, 0x4249, 0x4249, 0x424A, 0x4249, 0x4249, 0x4249, 0x4249, 0x4249, 0x4249,
  0x4249, 0x424A, 0x4249, 0x4249, 0x4249, 0x4249, 0x4249, 0x4249, 0x424A, 0x4249, 0x4249, 0x4249,
  0x4249, 0x4249, 0x4249, 0x4249, 0x424A, 0x4249, 0x4249, 0x4249, 0x4249, 0x4249, 0x4249, 0x4249,
  0x424A, 0x4249, 0x4249, 0x4249, 0x4249, 0x424A, 0x4249, 0x4249, 0x4249, 0x424A, 0x4249, 0x4249,
  0x4249, 0x424A, 0x4249, 0x4249, 0x424A, 0x4249, 0x4249, 0x4249, 0x4249, 0x424A, 0x4249, 0x4249,
  0x4249, 0x4249, 0x4249, 0x4249, 0x424A, 0x4249, 0x4249, 0x4249, 0x4249, 0x4249, 0x424A, 0x4249,
  0x4249, 0x4249, 0x4249, 0x4249, 0x4249, 0x4249, 0x4249, 0x4249, 0x4249, 0x4249, 0x4249, 0x4249,
  0x4249, 0x4249, 0x4249, 0x4249, 0x424A, 0x424A, 0x424A, 0x4249, 0x424A, 0x4249, 0x4249, 0x4249,
  0x4249, 0x424A, 0x4249, 0x424A, 0x4249, 0x4249, 0x4249, 0x4249, 0x4249, 0x4249, 0x4249, 0x424A,
  0x4249, 0x4249, 0x424A, 0x4249, 0x424A, 0x4249, 0x4249, 0x4249, 0x4249, 0x424A, 0x4249, 0x424A,
  0x4249, 0x424A, 0x4249, 0x424A, 0x424A, 0x424A, 0x4249, 0x4249, 0x4249, 0x4249, 0x4249, 0x424A,
  0x4249, 0x4249, 0x4249, 0x4249, 0x4249, 0x4249, 0x4249, 0x424A, 0x424A, 0x424A, 0x4249, 0x4249,
  0x424A, 0x424A, 0x4249, 0x424A, 0x4249, 0x424A, 0x4249, 0x4249, 0x4249, 0x4249, 0x4249, 0x4249,
  0x4249, 0x4249, 0x424A, 0x4249, 0x4249, 0x4249, 0x4249, 0x4249, 0x424A, 0x4249, 0x4249, 0x4249,
  0x4249, 0x4249, 0x4249, 0x4249, 0x4249, 0x4249, 0x4249, 0x424A, 0x4249, 0x4249, 0x4249, 0x4249,
  0x4249, 0x4249, 0x4249, 0x424A, 0x4249, 0x4249, 0x424A, 0x4249, 0x4249, 0x4249, 0x424A, 0x4249,
  0x4249, 0x4249, 0x4249, 0x4249, 0x4249, 0x4249, 0x4249, 0x4249, 0x4249, 0x4249, 0x4249, 0x4249,
  0x4249, 0x4249, 0x4249, 0x4249, 0x4249, 0x4249, 0x4249, 0x4249, 0x4249, 0x4249, 0x424A, 0x4249,
  0x4249, 0x4249, 0x4249, 0x4249, 0x4249, 0x4249, 0x4249, 0x4249, 0x4249, 0x424A, 0x424A, 0xA534,
  0xDED9, 0xDED9, 0xDED9, 0xDED9, 0xDED9, 0xDED9, 0xDED9, 0xDEB9, 0xB5B5, 0xBDD6, 0xBDF6, 0xBDF6,
  0xBDF6, 0xBDD6, 0xBDD6, 0xBDF6, 0xBDD6, 0xBDD6, 0xBDD6, 0xBDD6, 0xBDD6, 0xBDF6, 0xBDD6, 0xBDF6,
  0xBDD6, 0xBDF6, 0xBDD6, 0xBDD6, 0xBDF6, 0xBDD6, 0xBDF6, 0xBDD6, 0xBDD6, 0xA513, 0x4228, 0x39C6,
  0x4A69, 0x4249, 0x4249, 0x4249, 0x4249, 0x4249, 0x4249, 0x4249, 0x4249, 0x4249, 0x424A, 0x4249,
  0x4249, 0x4249, 0x424A, 0x4249, 0x4249, 0x4249, 0x4249, 0x4249, 0x4249, 0x4249, 0x424A, 0x424A,
  0x4249, 0x4249, 0x4249, 0x424A, 0x4249, 0x4249, 0x4249, 0x424A, 0x4249, 0x424A, 0x4249, 0x4249,
  0x4249, 0x4249, 0x4249, 0x4249, 0x424A, 0x4249, 0x424A, 0x4249, 0x424A, 0x4249, 0x4249, 0x4249,
  0x4249, 0x424A, 0x424A, 0x4249, 0x4249, 0x4249, 0x4249, 0x4249, 0x4249, 0x4249, 0x4249, 0x424A,
  0x4249, 0x4249, 0x4249, 0x424A, 0x424A, 0x4249, 0x424A, 0x4249, 0x4249, 0x424A, 0x4249, 0x4249,
  0x4249, 0x4249, 0x424A, 0x4249, 0x4249, 0x4249, 0x4249, 0x4249, 0x4249, 0x424A, 0x4249, 0x4249,
  0x4249, 0x424A, 0x4249, 0x424A, 0x4249, 0x424A, 0x424A, 0x4249, 0x4249, 0x424A, 0x4249, 0x424A,
  0x4249, 0x4249, 0x4249, 0x4249, 0x4249, 0x4249, 0x424A, 0x4249, 0x4249, 0x424A, 0x4249, 0x4249,
  0x4249, 0x424A, 0x4249, 0x424A, 0x4249, 0x424A, 0x4249, 0x4249, 0x424A, 0x424A, 0x4249, 0x4249,
  0x4249, 0x4249, 0x4249, 0x424A, 0x4249, 0x4249, 0x4249, 0x4249, 0x4249, 0x4249, 0x4249, 0x424A,
  0x424A, 0x424A, 0x4249, 0x4249, 0x424A, 0x424A, 0x4249, 0x424A, 0x4249, 0x424A, 0x4249, 0x4249,
  0x4249, 0x4249, 0x4249, 0x4249, 0x4249, 0x4249, 0x424A, 0x4249, 0x4249, 0x4249, 0x4249, 0x4249,
  0x424A, 0x4249, 0x4249, 0x4249, 0x4249, 0x4249, 0x4249, 0x4249, 0x4249, 0x4249, 0x4249, 0x424A,
  0x4249, 0x4249, 0x4249, 0x4249, 0x4249, 0x4249, 0x4249, 0x424A, 0x4249, 0x4249, 0x424A, 0x4249,
  0x4249, 0x4249, 0x4249, 0x424A, 0x4249, 0x4249, 0x4249, 0x4249, 0x424A, 0x4249, 0x4249, 0x424A,
  0x424A, 0x4249, 0x4249, 0x4249, 0x4249, 0x4249, 0x4249, 0x4249, 0x424A, 0x4249, 0x4249, 0x4249,
  0x4249, 0x4249, 0x4249, 0x4249, 0x4249, 0x4249, 0x4249, 0x4249, 0x4249, 0x424A, 0x4249, 0x4249,
  0x424A, 0x4249, 0x4249, 0x4249, 0x4249, 0x4249, 0x424A, 0x4249, 0x424A, 0x424A, 0x4249, 0x4249,
  0x424A, 0x4249, 0x4249, 0x4249, 0x4249, 0x424A, 0x424A, 0x4249, 0x424A, 0x4249, 0x4249, 0x4249,
  0x4249, 0x4249, 0x4249, 0x4249, 0x4249, 0x4249, 0x4249, 0x4249, 0x424A, 0x424A, 0x4249, 0x4249,
  0x4249, 0x4249, 0x4249, 0x424A, 0x4249, 0x424A, 0x4249, 0x4249, 0x4249, 0x4249, 0x424A, 0x4249,
  0x424A, 0x4249, 0x424A, 0x4249, 0x4249, 0x4249, 0x4249, 0x424A, 0x4249, 0x4249, 0x424A, 0x424A,
  0x4249, 0x4249, 0x4249, 0x424A, 0x4249, 0x4249, 0x4A8A, 0xBDF6, 0xDED9, 0xDED9, 0xDED9, 0xDED9,
  0xDED9, 0xDED9, 0xDED9, 0xDED9, 0xBDD6, 0xBDD6, 0xBDD6, 0xBDD6, 0xBDD6, 0xBDF6, 0xBDF6, 0xBDD6,
  0xBDF6, 0xBDF6, 0xBDD6, 0xBDF6, 0xBDD6, 0xBDD6, 0xBDF6, 0xBDD6, 0xBDD6, 0xBDF6, 0xBDD6, 0xBDD6,
  0xBDF6, 0xBDD6, 0xBDD6, 0xBDF6, 0xBDD6, 0x9CB2, 0x39E7, 0x39C6, 0x4A49, 0x4249, 0x4249, 0x424A,
  0x4249, 0x424A, 0x4249, 0x4249, 0x4249, 0x424A, 0x4249, 0x424A, 0x4249, 0x4249, 0x4249, 0x424A,
  0x4249, 0x424A, 0x424A, 0x4249, 0x4249, 0x4249, 0x4249, 0x4249, 0x4249, 0x4249, 0x4249, 0x4249,
  0x4249, 0x4249, 0x424A, 0x4249, 0x4249, 0x424A, 0x4249, 0x424A, 0x4249, 0x424A, 0x4249, 0x4249,
  0x4249, 0x4249, 0x4249, 0x4249, 0x4249, 0x4249, 0x4249, 0x424A, 0x424A, 0x4249, 0x4249, 0x4249,
  0x4249, 0x424A, 0x4249, 0x424A, 0x4249, 0x4249, 0x4249, 0x424A, 0x4249, 0x4249, 0x4249, 0x4249,
  0x4249, 0x4249, 0x4249, 0x4249, 0x4249, 0x4249, 0x4249, 0x424A, 0x4249, 0x4249, 0x4249, 0x4249,
  0x424A, 0x4249, 0x4249, 0x424A, 0x424A, 0x4249, 0x4249, 0x4249, 0x4249, 0x4249, 0x4249, 0x4249,
  0x4249, 0x4249, 0x4249, 0x4249, 0x4249, 0x4249, 0x4249, 0x4249, 0x4249, 0x4249, 0x424A, 0x4249,
  0x4249, 0x4249, 0x4249, 0x424A, 0x4249, 0x4249, 0x4249, 0x4249, 0x424A, 0x4249, 0x4249, 0x4249,
  0x4249, 0x4249, 0x4249, 0x4249, 0x4249, 0x4249, 0x4249, 0x424A, 0x4249, 0x4249, 0x4249, 0x4249,
  0x424A, 0x4249, 0x4249, 0x424A, 0x424A, 0x4249, 0x4249, 0x4249, 0x4249, 0x4249, 0x4249, 0x4249,
  0x424A, 0x4249, 0x4249, 0x4249, 0x4249, 0x4249, 0x4249, 0x4249, 0x4249, 0x4249, 0x4249, 0x4249,
  0x4249, 0x424A, 0x4249, 0x4249, 0x424A, 0x4249, 0x4249, 0x4249, 0x4249, 0x4249, 0x424A, 0x4249,
  0x424A, 0x424A, 0x4249, 0x4249, 0x424A, 0x4249, 0x4249, 0x4249, 0x4249, 0x424A, 0x424A, 0x4249,
  0x424A, 0x4249, 0x4249, 0x4249, 0x4249, 0x4249, 0x4249, 0x4249, 0x4249, 0x4249, 0x4249, 0x4249,
  0x4249, 0x4249, 0x4249, 0x4249, 0x424A, 0x424A, 0x4249, 0x4249, 0x4249, 0x4249, 0x424A, 0x4249,
  0x4249, 0x4249, 0x424A, 0x4249, 0x4249, 0x4249, 0x4249, 0x424A, 0x4249, 0x424A, 0x4249, 0x4249,
  0x424A, 0x424A, 0x4249, 0x424A, 0x4249, 0x424A, 0x4249, 0x4249, 0x4249, 0x424A, 0x4249, 0x4249,
  0x4249, 0x424A, 0x4249, 0x4249, 0x4249, 0x4249, 0x4249, 0x4249, 0x4249, 0x4249, 0x424A, 0x4249,
  0x4249, 0x4249, 0x4249, 0x4249, 0x4249, 0x424A, 0x4249, 0x4249, 0x4249, 0x424A, 0x4249, 0x4249,
  0x424A, 0x4249, 0x4249, 0x4249, 0x4249, 0x4249, 0x4249, 0x424A, 0x424A, 0x4249, 0x4249, 0x4249,
  0x4249, 0x424A, 0x4249, 0x4249, 0x424A, 0x4249, 0x4249, 0x4249, 0x4249, 0x4249, 0x4249, 0x4249,
  0x424A, 0x4249, 0x4249, 0x4249, 0x424A, 0x4249, 0x4249, 0x4249, 0x4249, 0x424A, 0x4249, 0x424A,
  0x4249, 0x4249, 0x5B0C, 0xCE58, 0xDED9, 0xDED9, 0xDED9, 0xDED9, 0xDED9, 0xDED9, 0xDED9, 0xDED9,
  0xC617, 0xB5B6, 0xBDD6, 0xBDD6, 0xBDD6, 0xBDD6, 0xBDD6, 0xBDD6, 0xBDD6, 0xBDF6, 0xBDF6, 0xBDD6,
  0xBDD6, 0xBDF6, 0xBDD6, 0xBDD6, 0xBDF6, 0xBDD6, 0xBDD6, 0xBDF6, 0xBDF6, 0xBDF6, 0xBDD6, 0xBDD6,
  0xBDD6, 0x840F, 0x39C6, 0x39C6, 0x4A48, 0x4269, 0x4249, 0x4249, 0x4249, 0x4249, 0x424A, 0x4249,
  0x424A, 0x4249, 0x4249, 0x4249, 0x4249, 0x4249, 0x4249, 0x4249, 0x4249, 0x4249, 0x4249, 0x4249,
  0x4249, 0x4249, 0x424A, 0x4249, 0x424A, 0x4249, 0x4249, 0x4249, 0x4249, 0x4249, 0x4249, 0x4249,
  0x424A, 0x4249, 0x4249, 0x4249, 0x4249, 0x4249, 0x4249, 0x4249, 0x424A, 0x4249, 0x4249, 0x424A,
  0x4249, 0x4249, 0x4249, 0x4249, 0x4249, 0x4249, 0x4249, 0x424A, 0x4249, 0x4249, 0x4249, 0x4249,
  0x4249, 0x424A, 0x4249, 0x4249, 0x4249, 0x424A, 0x4249, 0x4249, 0x4249, 0x4249, 0x4249, 0x424A,
  0x424A, 0x4249, 0x4249, 0x4249, 0x424A, 0x4249, 0x4249, 0x4249, 0x4249, 0x4249, 0x424A, 0x4249,
  0x4249, 0x4249, 0x4249, 0x4249, 0x424A, 0x4249, 0x4249, 0x4249, 0x424A, 0x4249, 0x4249, 0x4249,
  0x4249, 0x424A, 0x4249, 0x424A, 0x4249, 0x4249, 0x424A, 0x424A, 0x4249, 0x4249, 0x4249, 0x4249,
  0x424A, 0x4249, 0x4249, 0x4249, 0x424A, 0x4249, 0x4249, 0x424A, 0x4249, 0x424A, 0x4249, 0x424A,
  0x4249, 0x4249, 0x4249, 0x4249, 0x4249, 0x4249, 0x4249, 0x4249, 0x424A, 0x424A, 0x4249, 0x4249,
  0x4249, 0x4249, 0x424A, 0x4249, 0x4249, 0x4249, 0x424A, 0x4249, 0x4249, 0x4249, 0x4249, 0x424A,
  0x4249, 0x424A, 0x4249, 0x4249, 0x424A, 0x424A, 0x4249, 0x424A, 0x4249, 0x424A, 0x4249, 0x4249,
  0x4249, 0x424A, 0x4249, 0x4249, 0x4249, 0x424A, 0x4249, 0x4249, 0x4249, 0x4249, 0x4249, 0x4249,
  0x4249, 0x4249, 0x424A, 0x4249, 0x4249, 0x4249, 0x4249, 0x4249, 0x4249, 0x424A, 0x4249, 0x4249,
  0x4249, 0x424A, 0x4249, 0x4249, 0x4249, 0x424A, 0x4249, 0x4249, 0x424A, 0x424A, 0x4249, 0x4249,
  0x4249, 0x4249, 0x4249, 0x4249, 0x4249, 0x4249, 0x4249, 0x4249, 0x424A, 0x4249, 0x4249, 0x424A,
  0x4249, 0x4249, 0x4249, 0x4249, 0x4249, 0x4249, 0x4249, 0x4249, 0x4249, 0x4249, 0x4249, 0x4249,
  0x4249, 0x4249, 0x4249, 0x424A, 0x4249, 0x4249, 0x424A, 0x4249, 0x4249, 0x4249, 0x4249, 0x4249,
  0x4249, 0x4249, 0x424A, 0x4249, 0x4249, 0x4249, 0x424A, 0x4249, 0x4249, 0x4249, 0x4249, 0x4249,
  0x4249, 0x4249, 0x4249, 0x4249, 0x424A, 0x4249, 0x4249, 0x4249, 0x424A, 0x4249, 0x424A, 0x4249,
  0x424A, 0x4249, 0x4249, 0x4249, 0x4249, 0x424A, 0x4249, 0x424A, 0x4249, 0x4249, 0x4249, 0x424A,
  0x4249, 0x4249, 0x4249, 0x424A, 0x4249, 0x4249, 0x424A, 0x4249, 0x4249, 0x4249, 0x4249, 0x4249,
  0x4249, 0x4249, 0x4249, 0x4249, 0x424A, 0x4249, 0x4249, 0x4249, 0x424A, 0x4249, 0x634D, 0xD678,
  0xDED9, 0xDED9, 0xDED9, 0xDED9, 0xDED9, 0xDED9, 0xDED9, 0xDED9, 0xCE58, 0xB595, 0xBDD6, 0xBDF6,
  0xBDD6, 0xBDD6, 0xBDF6, 0xBDD6, 0xBDF6, 0xBDD6, 0xBDD6, 0xBDD6, 0xBDF6, 0xBDD6, 0xBDD6, 0xBDD6,
  0xBDD6, 0xBDF6, 0xBDD6, 0xBDD6, 0xBDF6, 0xBDD6, 0xBDF6, 0xBDD6, 0xB595, 0x6B4C, 0x31A6, 0x39C6,
  0x4A68, 0x4249, 0x424A, 0x4249, 0x424A, 0x4249, 0x4249, 0x4249, 0x4249, 0x4249, 0x4249, 0x424A,
  0x4249, 0x424A, 0x424A, 0x4249, 0x4249, 0x4249, 0x4249, 0x424A, 0x4249, 0x424A, 0x4249, 0x4249,
  0x4249, 0x4249, 0x424A, 0x424A, 0x4249, 0x4249, 0x424A, 0x4249, 0x4249, 0x4249, 0x4249, 0x424A,
  0x4249, 0x424A, 0x4249, 0x424A, 0x4249, 0x4249, 0x4249, 0x424A, 0x4249, 0x4249, 0x424A, 0x4249,
  0x4249, 0x4249, 0x4249, 0x424A, 0x4249, 0x4249, 0x424A, 0x4249, 0x4249, 0x4249, 0x4249, 0x4249,
  0x4249, 0x4249, 0x4249, 0x4249, 0x424A, 0x424A, 0x4249, 0x4249, 0x4249, 0x4249, 0x4249, 0x4249,
  0x4249, 0x424A, 0x424A, 0x4249, 0x4249, 0x4249, 0x4249, 0x4249, 0x4249, 0x4249, 0x424A, 0x4249,
  0x4249, 0x4249, 0x4249, 0x4249, 0x424A, 0x4249, 0x424A, 0x4249, 0x424A, 0x4249, 0x4249, 0x4249,
  0x4249, 0x4249, 0x4249, 0x424A, 0x4249, 0x4249, 0x424A, 0x4249, 0x4249, 0x4249, 0x424A, 0x4249,
  0x4249, 0x4249, 0x4249, 0x4249, 0x4249, 0x4249, 0x4249, 0x4249, 0x4249, 0x424A, 0x4249, 0x4249,
  0x424A, 0x424A, 0x4249, 0x4249, 0x4249, 0x4249, 0x4249, 0x4249, 0x4249, 0x4249, 0x4249, 0x4249,
  0x424A, 0x4249, 0x4249, 0x424A, 0x4249, 0x4249, 0x4249, 0x4249, 0x4249, 0x4249, 0x4249, 0x4249,
  0x4249, 0x4249, 0x4249, 0x4249, 0x4249, 0x4249, 0x4249, 0x424A, 0x4249, 0x4249, 0x424A, 0x4249,
  0x4249, 0x4249, 0x4249, 0x4249, 0x4249, 0x4249, 0x424A, 0x4249, 0x4249, 0x4249, 0x424A, 0x4249,
  0x4249, 0x4249, 0x4249, 0x4249, 0x4249, 0x4249, 0x4249, 0x4249, 0x424A, 0x4249, 0x4249, 0x4249,
  0x4249, 0x4249, 0x424A, 0x4249, 0x4249, 0x4249, 0x424A, 0x4249, 0x4249, 0x4249, 0x424A, 0x4249,
  0x4249, 0x424A, 0x424A, 0x4249, 0x4249, 0x4249, 0x4249, 0x4249, 0x4249, 0x424A, 0x424A, 0x4249,
  0x4249, 0x4249, 0x424A, 0x4249, 0x424A, 0x4249, 0x4249, 0x4249, 0x4249, 0x4249, 0x4249, 0x4249,
  0x4249, 0x4249, 0x4249, 0x4249, 0x4249, 0x424A, 0x424A, 0x4249, 0x4249, 0x4249, 0x4249, 0x4249,
  0x424A, 0x4249, 0x4249, 0x4249, 0x4249, 0x4249, 0x424A, 0x424A, 0x4249, 0x4249, 0x424A, 0x4249,
  0x4249, 0x4249, 0x4249, 0x4249, 0x4249, 0x424A, 0x4249, 0x4249, 0x4249, 0x424A, 0x4249, 0x4249,
  0x424A, 0x4249, 0x4249, 0x4249, 0x4249, 0x4249, 0x4249, 0x4249, 0x4249, 0x4249, 0x4249, 0x4249,
  0x4249, 0x4249, 0x424A, 0x4249, 0x4249, 0x4249, 0x424A, 0x424A, 0x4249, 0x4249, 0x4249, 0x4249,
  0x4249, 0x4249, 0x4249, 0x4249, 0x4249, 0x4249, 0x6B6D, 0xD698, 0xDED9, 0xDED9, 0xDED9, 0xDED9,
  0xDED9, 0xDED9, 0xDED9, 0xDED9, 0xD6B9, 0xB595, 0xBDD6, 0xBDD6, 0xBDD6, 0xBDF6, 0xBDD6, 0xBDD6,
  0xBDF6, 0xBDD6, 0xBDD6, 0xBDD6, 0xBDF6, 0xBDD6, 0xBDD6, 0xBDF6, 0xBDD6, 0xBDF6, 0xBDF6, 0xBDD6,
  0xBDD6, 0xBDD6, 0xBDD6, 0xBDD6, 0xA534, 0x6B4C, 0x39A6, 0x39C7, 0x4A69, 0x4A69, 0x4249, 0x4249,
  0x4249, 0x4249, 0x424A, 0x4249, 0x4249, 0x4249, 0x424A, 0x4249, 0x4249, 0x4249, 0x4249, 0x4249,
  0x424A, 0x4249, 0x4249, 0x4249, 0x424A, 0x4249, 0x4249, 0x4249, 0x4249, 0x4249, 0x4249, 0x4249,
  0x424A, 0x4249, 0x4249, 0x4249, 0x4249, 0x4249, 0x4249, 0x4249, 0x4249, 0x4249, 0x424A, 0x4249,
  0x4249, 0x4249, 0x4249, 0x4249, 0x4249, 0x4249, 0x4249, 0x424A, 0x424A, 0x4249, 0x4249, 0x4249,
  0x4249, 0x4249, 0x424A, 0x4249, 0x424A, 0x4249, 0x4249, 0x424A, 0x4249, 0x424A, 0x4249, 0x424A,
  0x4249, 0x4249, 0x4249, 0x424A, 0x4249, 0x4249, 0x424A, 0x4249, 0x4249, 0x4249, 0x4249, 0x4249,
  0x424A, 0x4249, 0x4249, 0x4249, 0x424A, 0x4249, 0x4249, 0x424A, 0x4249, 0x424A, 0x4249, 0x4249,
  0x4249, 0x4249, 0x4249, 0x4249, 0x4249, 0x4249, 0x4249, 0x4249, 0x424A, 0x4249, 0x4249, 0x4249,
  0x4249, 0x4249, 0x4249, 0x4249, 0x4249, 0x424A, 0x4249, 0x4249, 0x4249, 0x4249, 0x424A, 0x4249,
  0x4249, 0x4249, 0x4249, 0x424A, 0x4249, 0x4249, 0x424A, 0x4249, 0x4249, 0x4249, 0x424A, 0x4249,
  0x4249, 0x4249, 0x424A, 0x4249, 0x4249, 0x424A, 0x424A, 0x4249, 0x4249, 0x4249, 0x4249, 0x4249,
  0x4249, 0x424A, 0x424A, 0x4249, 0x4249, 0x4249, 0x424A, 0x4249, 0x424A, 0x4249, 0x4249, 0x4249,
  0x4249, 0x4249, 0x4249, 0x4249, 0x4249, 0x4249, 0x4249, 0x4249, 0x4249, 0x424A, 0x424A, 0x4249,
  0x4249, 0x4249, 0x4249, 0x4249, 0x424A, 0x4249, 0x4249, 0x4249, 0x4249, 0x4249, 0x424A, 0x424A,
  0x4249, 0x4249, 0x424A, 0x4249, 0x4249, 0x4249, 0x4249, 0x4249, 0x4249, 0x4249, 0x4249, 0x424A,
  0x4249, 0x4249, 0x424A, 0x4249, 0x4249, 0x424A, 0x4249, 0x4249, 0x4249, 0x4249, 0x4249, 0x4249,
  0x4249, 0x424A, 0x4249, 0x4249, 0x4249, 0x4249, 0x4249, 0x4249, 0x424A, 0x4249, 0x4249, 0x4249,
  0x4249, 0x4249, 0x424A, 0x424A, 0x424A, 0x4249, 0x424A, 0x424A, 0x4249, 0x4249, 0x4249, 0x424A,
  0x4249, 0x4249, 0x4249, 0x424A, 0x4249, 0x424A, 0x4249, 0x424A, 0x4249, 0x4249, 0x4249, 0x424A,
  0x424A, 0x4249, 0x4249, 0x4249, 0x4249, 0x4249, 0x424A, 0x4249, 0x4249, 0x4249, 0x424A, 0x4249,
  0x4249, 0x4249, 0x4249, 0x4249, 0x4249, 0x4249, 0x4249, 0x4249, 0x4249, 0x4249, 0x4249, 0x4249,
  0x4249, 0x424A, 0x4249, 0x4249, 0x4249, 0x424A, 0x4249, 0x424A, 0x4249, 0x4249, 0x4249, 0x4249,
  0x424A, 0x4249, 0x4249, 0x4249, 0x424A, 0x4249, 0x424A, 0x4249, 0x4249, 0x424A, 0x4249, 0x4249,
  0x4249, 0x4249, 0x6B6D, 0xD698, 0xDED9, 0xDED9, 0xDED9, 0xDED9, 0xDED9, 0xDED9, 0xDED9, 0xDED9,
  0xDED9, 0xC637, 0xB595, 0xBDD6, 0xBDD6, 0xBDD6, 0xBDF6, 0xBDD6, 0xBDF6, 0xBDF6, 0xBDD6, 0xBDD6,
  0xBDD6, 0xBDF6, 0xBDF6, 0xBDD6, 0xBDD6, 0xBDD6, 0xBDF6, 0xBDD6, 0xBDD6, 0xBDD6, 0xBDF6, 0xB595,
  0x94B2, 0x73AE, 0x4207, 0x39E7, 0x5269, 0x4A69, 0x4249, 0x4249, 0x4249, 0x4249, 0x4249, 0x424A,
  0x4249, 0x4249, 0x4249, 0x4249, 0x424A, 0x4249, 0x424A, 0x4249, 0x4249, 0x4249, 0x424A, 0x4249,
  0x4249, 0x4249, 0x4249, 0x424A, 0x4249, 0x4249, 0x4249, 0x424A, 0x4249, 0x4249, 0x4249, 0x424A,
  0x424A, 0x4249, 0x424A, 0x4249, 0x4249, 0x4249, 0x4249, 0x4249, 0x4249, 0x4249, 0x424A, 0x424A,
  0x4249, 0x4249, 0x4249, 0x424A, 0x4249, 0x4249, 0x424A, 0x4249, 0x4249, 0x4249, 0x4249, 0x4249,
  0x4249, 0x4249, 0x424A, 0x4249, 0x4249, 0x4249, 0x4249, 0x4249, 0x4249, 0x4249, 0x4249, 0x4249,
  0x4249, 0x4249, 0x424A, 0x4249, 0x4249, 0x424A, 0x4249, 0x4249, 0x424A, 0x4249, 0x4249, 0x424A,
  0x4249, 0x4249, 0x4249, 0x4249, 0x4249, 0x4249, 0x424A, 0x4249, 0x4249, 0x4249, 0x4249, 0x4249,
  0x424A, 0x4249, 0x4249, 0x4249, 0x4249, 0x4249, 0x424A, 0x4249, 0x4249, 0x4249, 0x424A, 0x4249,
  0x4249, 0x4249, 0x4249, 0x424A, 0x424A, 0x4249, 0x4249, 0x4249, 0x424A, 0x4249, 0x424A, 0x4249,
  0x4249, 0x4249, 0x4249, 0x424A, 0x4249, 0x4249, 0x424A, 0x4249, 0x4249, 0x424A, 0x4249, 0x4249,
  0x4249, 0x4249, 0x4249, 0x4249, 0x4249, 0x424A, 0x4249, 0x4249, 0x4249, 0x4249, 0x4249, 0x4249,
  0x424A, 0x4249, 0x4249, 0x4249, 0x4249, 0x4249, 0x424A, 0x424A, 0x424A, 0x4249, 0x424A, 0x424A,
  0x4249, 0x4249, 0x4249, 0x424A, 0x4249, 0x4249, 0x4249, 0x424A, 0x4249, 0x424A, 0x4249, 0x424A,
  0x4249, 0x4249, 0x4249, 0x424A, 0x424A, 0x4249, 0x4249, 0x4249, 0x4249, 0x4249, 0x424A, 0x4249,
  0x4249, 0x4249, 0x424A, 0x4249, 0x4249, 0x4249, 0x4249, 0x4249, 0x4249, 0x4249, 0x4249, 0x4249,
  0x424A, 0x4249, 0x4249, 0x4249, 0x4249, 0x4249, 0x424A, 0x4249, 0x4249, 0x424A, 0x4249, 0x424A,
  0x424A, 0x4249, 0x4249, 0x4249, 0x4249, 0x4249, 0x424A, 0x4249, 0x4249, 0x4249, 0x4249, 0x4249,
  0x4249, 0x4249, 0x4249, 0x4249, 0x4249, 0x4249, 0x424A, 0x4249, 0x4249, 0x4249, 0x4249, 0x424A,
  0x4249, 0x4249, 0x4249, 0x4249, 0x424A, 0x4249, 0x4249, 0x4249, 0x4249, 0x4249, 0x424A, 0x4249,
  0x4249, 0x4249, 0x4249, 0x424A, 0x4249, 0x424A, 0x4249, 0x4249, 0x4249, 0x424A, 0x4249, 0x4249,
  0x4249, 0x4249, 0x424A, 0x4249, 0x424A, 0x424A, 0x4249, 0x4249, 0x424A, 0x424A, 0x4249, 0x424A,
  0x4249, 0x4249, 0x4249, 0x424A, 0x4249, 0x4249, 0x4249, 0x424A, 0x4249, 0x4249, 0x4249, 0x4249,
  0x4249, 0x4249, 0x4249, 0x4249, 0x4249, 0x424A, 0x4249, 0x424A, 0x424A, 0x4249, 0x632C, 0xCE78,
  0xDED9, 0xDED9, 0xDED9, 0xDED9, 0xDED9, 0xDED9, 0xDED9, 0xDED9, 0xDED9, 0xDEB9, 0xB595, 0xB5B5,
  0xBDD6, 0xBDF6, 0xBDF6, 0xBDD6, 0xBDD6, 0xBDD6, 0xBDD6, 0xBDD6, 0xBDF6, 0xBDD6, 0xBDD6, 0xBDD6,
  0xBDF6, 0xBDD6, 0xBDD6, 0xBDD6, 0xBDD6, 0xBDD6, 0xBDD6, 0x9CF3, 0x8430, 0x840F, 0x8C70, 0x738D,
  0x5289, 0x4A69, 0x4249, 0x4249, 0x4249, 0x424A, 0x4249, 0x4249, 0x4249, 0x4249, 0x424A, 0x4249,
  0x4249, 0x4249, 0x4249, 0x4249, 0x4249, 0x424A, 0x4249, 0x4249, 0x4249, 0x4249, 0x4249, 0x4249,
  0x424A, 0x4249, 0x4249, 0x4249, 0x4249, 0x4249, 0x424A, 0x4249, 0x4249, 0x4249, 0x4249, 0x4249,
  0x4249, 0x424A, 0x4249, 0x424A, 0x4249, 0x4249, 0x4249, 0x4249, 0x424A, 0x4249, 0x4249, 0x4249,
  0x4249, 0x4249, 0x4249, 0x4249, 0x424A, 0x4249, 0x4249, 0x4249, 0x424A, 0x4249, 0x4249, 0x4249,
  0x4249, 0x424A, 0x4249, 0x424A, 0x4249, 0x424A, 0x4249, 0x4249, 0x4249, 0x4249, 0x4249, 0x4249,
  0x4249, 0x424A, 0x4249, 0x4249, 0x4249, 0x4249, 0x4249, 0x4249, 0x424A, 0x424A, 0x4249, 0x4249,
  0x4249, 0x424A, 0x4249, 0x424A, 0x4249, 0x424A, 0x424A, 0x4249, 0x4249, 0x4249, 0x424A, 0x4249,
  0x4249, 0x4249, 0x424A, 0x4249, 0x424A, 0x4249, 0x4249, 0x424A, 0x4249, 0x4249, 0x4249, 0x4249,
  0x4249, 0x4249, 0x4249, 0x424A, 0x4249, 0x4249, 0x4249, 0x424A, 0x4249, 0x4249, 0x4249, 0x4249,
  0x4249, 0x4249, 0x4249, 0x4249, 0x424A, 0x4249, 0x4249, 0x4249, 0x4249, 0x4249, 0x424A, 0x4249,
  0x4249, 0x424A, 0x4249, 0x424A, 0x424A, 0x4249, 0x4249, 0x4249, 0x4249, 0x4249, 0x424A, 0x4249,
  0x4249, 0x4249, 0x4249, 0x4249, 0x4249, 0x4249, 0x4249, 0x4249, 0x4249, 0x4249, 0x424A, 0x4249,
  0x4249, 0x4249, 0x4249, 0x424A, 0x4249, 0x4249, 0x4249, 0x4249, 0x424A, 0x4249, 0x4249, 0x4249,
  0x4249, 0x4249, 0x424A, 0x4249, 0x4249, 0x4249, 0x4249, 0x424A, 0x4249, 0x424A, 0x4249, 0x4249,
  0x4249, 0x424A, 0x424A, 0x4249, 0x4249, 0x424A, 0x4249, 0x4249, 0x4249, 0x4249, 0x4249, 0x424A,
  0x4249, 0x424A, 0x4249, 0x4249, 0x4249, 0x4249, 0x4249, 0x4249, 0x4249, 0x4249, 0x4249, 0x424A,
  0x4249, 0x4249, 0x4249, 0x424A, 0x4249, 0x4249, 0x424A, 0x4249, 0x4249, 0x4249, 0x424A, 0x4249,
  0x4249, 0x424A, 0x424A, 0x4249, 0x4249, 0x4249, 0x4249, 0x4249, 0x4249, 0x4249, 0x4249, 0x4249,
  0x4249, 0x4249, 0x4249, 0x4249, 0x4249, 0x4249, 0x4249, 0x4249, 0x4249, 0x424A, 0x4249, 0x4249,
  0x4249, 0x4249, 0x4249, 0x4249, 0x4249, 0x4249, 0x4249, 0x424A, 0x4249, 0x4249, 0x424A, 0x4249,
  0x4249, 0x4249, 0x4249, 0x424A, 0x4249, 0x4249, 0x4249, 0x4249, 0x4249, 0x4249, 0x4249, 0x4249,
  0x4249, 0x4249, 0x4249, 0x424A, 0x424A, 0x4249, 0x4249, 0x4249, 0x4249, 0x424A, 0x424A, 0x4249,
  0x4249, 0x4249, 0x4249, 0x4249, 0x4249, 0x4249, 0x52CB, 0xC637, 0xDED9, 0xDED9, 0xDED9, 0xDED9,
  0xDED9, 0xDED9, 0xDED9, 0xDED9, 0xDED9, 0xDED9, 0xCE58, 0xAD74, 0xBDD6, 0xBDD6, 0xBDD6, 0xBDD6,
  0xBDD6, 0xBDF6, 0xBDF6, 0xBDD6, 0xBDD6, 0xBDF6, 0xBDD6, 0xBDF6, 0xBDD6, 0xBDD6, 0xBDF6, 0xBDD6,
  0xBDF6, 0xBDD6, 0xA513, 0x632C, 0x4A69, 0x62EB, 0x6B2C, 0x840F, 0x6B4C, 0x4A69, 0x4249, 0x424A,
  0x4249, 0x424A, 0x4249, 0x4249, 0x424A, 0x4249, 0x424A, 0x4249, 0x4249, 0x424A, 0x4249, 0x4249,
  0x4249, 0x4249, 0x4249, 0x4249, 0x424A, 0x4249, 0x4249, 0x4249, 0x424A, 0x4249, 0x4249, 0x4249,
  0x4249, 0x424A, 0x4249, 0x4249, 0x4249, 0x4249, 0x4249, 0x424A, 0x4249, 0x4249, 0x4249, 0x4249,
  0x4249, 0x424A, 0x4249, 0x4249, 0x4249, 0x4249, 0x4249, 0x4249, 0x4249, 0x4249, 0x4249, 0x4249,
  0x4249, 0x4249, 0x424A, 0x4249, 0x4249, 0x4249, 0x424A, 0x4249, 0x4249, 0x424A, 0x4249, 0x4249,
  0x4249, 0x4249, 0x424A, 0x4249, 0x4249, 0x424A, 0x424A, 0x4249, 0x4249, 0x4249, 0x4249, 0x4249,
  0x424A, 0x4249, 0x424A, 0x4249, 0x4249, 0x4249, 0x4249, 0x4249, 0x4249, 0x4249, 0x4249, 0x4249,
  0x4249, 0x4249, 0x4249, 0x4249, 0x4249, 0x4249, 0x424A, 0x4249, 0x424A, 0x4249, 0x4249, 0x4249,
  0x4249, 0x4249, 0x4249, 0x4249, 0x4249, 0x4249, 0x424A, 0x4249, 0x4249, 0x4249, 0x4249, 0x4249,
  0x4249, 0x4249, 0x4249, 0x424A, 0x4249, 0x424A, 0x424A, 0x4249, 0x4249, 0x424A, 0x4249, 0x4249,
  0x4249, 0x4249, 0x4249, 0x424A, 0x4249, 0x424A, 0x4249, 0x4249, 0x4249, 0x4249, 0x4249, 0x4249,
  0x4249, 0x4249, 0x4249, 0x424A, 0x4249, 0x4249, 0x4249, 0x424A, 0x4249, 0x4249, 0x424A, 0x4249,
  0x4249, 0x4249, 0x424A, 0x4249, 0x4249, 0x424A, 0x424A, 0x4249, 0x4249, 0x4249, 0x4249, 0x4249,
  0x4249, 0x4249, 0x4249, 0x4249, 0x4249, 0x4249, 0x4249, 0x4249, 0x4249, 0x4249, 0x4249, 0x4249,
  0x4249, 0x424A, 0x4249, 0x4249, 0x4249, 0x4249, 0x4249, 0x4249, 0x4249, 0x4249, 0x4249, 0x4249,
  0x424A, 0x4249, 0x4249, 0x4249, 0x4249, 0x4249, 0x424A, 0x4249, 0x4249, 0x4249, 0x4249, 0x424A,
  0x4249, 0x4249, 0x424A, 0x4249, 0x4249, 0x4249, 0x4249, 0x4249, 0x4249, 0x424A, 0x4249, 0x4249,
  0x4249, 0x424A, 0x4249, 0x4249, 0x4249, 0x4249, 0x4249, 0x4249, 0x4249, 0x4249, 0x4249, 0x4249,
  0x4249, 0x424A, 0x4249, 0x4249, 0x424A, 0x424A, 0x4249, 0x4249, 0x4249, 0x424A, 0x4249, 0x4249,
  0x424A, 0x424A, 0x4249, 0x424A, 0x4249, 0x4249, 0x4249, 0x4249, 0x4249, 0x4249, 0x424A, 0x424A,
  0x424A, 0x4249, 0x4249, 0x424A, 0x4249, 0x4249, 0x424A, 0x4249, 0x4249, 0x4249, 0x4249, 0x4249,
  0x4249, 0x4249, 0x4249, 0x4249, 0x424A, 0x4249, 0x4249, 0x4249, 0x424A, 0x4249, 0x4249, 0x4249,
  0x4249, 0x4249, 0x4249, 0x4249, 0x4249, 0x424A, 0x4249, 0x4249, 0x4249, 0x424A, 0x4249, 0x4249,
  0x4249, 0x4249, 0x4A8A, 0xB5B5, 0xDED9, 0xDED9, 0xDED9, 0xDED9, 0xDED9, 0xDED9, 0xDED9, 0xDED9,
  0xDED9, 0xDED9, 0xDED9, 0xC637, 0xAD54, 0xBDB6, 0xBDD6, 0xBDD6, 0xBDD6, 0xBDD6, 0xBDD6, 0xBDF6,
  0xBDD6, 0xBDD6, 0xBDD6, 0xBDF6, 0xBDD6, 0xBDD6, 0xBDD6, 0xBDD6, 0xBDD6, 0xA533, 0x73AE, 0x4228,
  0x5ACA, 0x630B, 0x632B, 0x632B, 0x6B4C, 0x4A69, 0x424A, 0x4249, 0x4249, 0x4249, 0x4249, 0x4249,
  0x4249, 0x4249, 0x4249, 0x4249, 0x4249, 0x4249, 0x4249, 0x4249, 0x424A, 0x4249, 0x4249, 0x424A,
  0x4249, 0x4249, 0x424A, 0x424A, 0x4249, 0x4249, 0x4249, 0x424A, 0x4249, 0x4249, 0x4249, 0x4249,
  0x4249, 0x4249, 0x424A, 0x4249, 0x4249, 0x424A, 0x4249, 0x424A, 0x4249, 0x424A, 0x4249, 0x4249,
  0x4249, 0x4249, 0x424A, 0x4249, 0x424A, 0x4249, 0x424A, 0x4249, 0x4249, 0x424A, 0x4249, 0x424A,
  0x4249, 0x4249, 0x4249, 0x424A, 0x4249, 0x4249, 0x4249, 0x4249, 0x4249, 0x424A, 0x4249, 0x4249,
  0x4249, 0x4249, 0x4249, 0x4249, 0x4249, 0x4249, 0x4249, 0x424A, 0x4249, 0x4249, 0x4249, 0x4249,
  0x4249, 0x4249, 0x424A, 0x424A, 0x4249, 0x4249, 0x4249, 0x4249, 0x4249, 0x4249, 0x4249, 0x424A,
  0x4249, 0x4249, 0x424A, 0x4249, 0x4249, 0x4249, 0x4249, 0x4249, 0x4249, 0x424A, 0x4249, 0x4249,
  0x4249, 0x424A, 0x4249, 0x4249, 0x424A, 0x4249, 0x4249, 0x424A, 0x4249, 0x424A, 0x4249, 0x4249,
  0x4249, 0x4249, 0x4249, 0x4249, 0x424A, 0x4249, 0x4249, 0x4249, 0x4249, 0x4249, 0x424A, 0x4249,
  0x4249, 0x4249, 0x4249, 0x424A, 0x4249, 0x4249, 0x424A, 0x4249, 0x4249, 0x4249, 0x4249, 0x4249,
  0x4249, 0x424A, 0x4249, 0x4249, 0x4249, 0x424A, 0x4249, 0x4249, 0x4249, 0x4249, 0x4249, 0x4249,
  0x4249, 0x4249, 0x4249, 0x4249, 0x4249, 0x424A, 0x4249, 0x4249, 0x424A, 0x424A, 0x4249, 0x4249,
  0x4249, 0x424A, 0x4249, 0x4249, 0x424A, 0x424A, 0x4249, 0x424A, 0x4249, 0x4249, 0x4249, 0x4249,
  0x4249, 0x4249, 0x424A, 0x424A, 0x4249, 0x4249, 0x4249, 0x4249, 0x4249, 0x4249, 0x4249, 0x4249,
  0x4249, 0x424A, 0x4249, 0x4249, 0x4249, 0x4249, 0x424A, 0x424A, 0x4249, 0x4249, 0x4249, 0x4249,
  0x424A, 0x424A, 0x4249, 0x4249, 0x424A, 0x4249, 0x4249, 0x424A, 0x4249, 0x4249, 0x424A, 0x4249,
  0x4249, 0x424A, 0x4249, 0x424A, 0x4249, 0x4249, 0x4249, 0x4249, 0x424A, 0x4249, 0x4249, 0x4249,
  0x4249, 0x4249, 0x4249, 0x424A, 0x424A, 0x4249, 0x4249, 0x424A, 0x4249, 0x4249, 0x4249, 0x4249,
  0x424A, 0x424A, 0x4249, 0x4249, 0x424A, 0x4249, 0x4249, 0x4249, 0x4249, 0x4249, 0x4249, 0x4249,
  0x4249, 0x4249, 0x4249, 0x424A, 0x4249, 0x4249, 0x424A, 0x4249, 0x4249, 0x424A, 0x4249, 0x4249,
  0x424A, 0x4249, 0x4249, 0x4249, 0x424A, 0x4249, 0x424A, 0x4249, 0x4249, 0x4249, 0x424A, 0x4249,
  0x4249, 0x4249, 0x4249, 0x4249, 0x4249, 0x424A, 0x4249, 0x4249, 0x4249, 0x4249, 0x4249, 0x94D2,
  0xDED9, 0xDED9, 0xDED9, 0xDED9, 0xDED9, 0xDED9, 0xDED9, 0xDED9, 0xDED9, 0xDED9, 0xDED9, 0xDEB9,
  0xBDD6, 0xA513, 0xB595, 0xBDD6, 0xBDD6, 0xBDD6, 0xBDF6, 0xBDF6, 0xBDD6, 0xBDD6, 0xBDF6, 0xBDF6,
  0xBDD6, 0xBDD6, 0xBDD6, 0xB5B5, 0xA513, 0x9492, 0x632C, 0x5ACA, 0x630B, 0x6B2B, 0x6B2B, 0x632B,
  0x5289, 0x4228, 0x4249, 0x4249, 0x4249, 0x4249, 0x4249, 0x424A, 0x424A, 0x4249, 0x4249, 0x4249,
  0x424A, 0x4249, 0x4249, 0x424A, 0x424A, 0x4249, 0x4249, 0x424A, 0x4249, 0x4249, 0x4249, 0x4249,
  0x4249, 0x4249, 0x4249, 0x4249, 0x424A, 0x4249, 0x4249, 0x424A, 0x4249, 0x424A, 0x4249, 0x4249,
  0x4249, 0x4249, 0x4249, 0x4249, 0x4249, 0x4249, 0x4249, 0x4249, 0x424A, 0x4249, 0x4249, 0x424A,
  0x4249, 0x4249, 0x4249, 0x424A, 0x4249, 0x4249, 0x4249, 0x4249, 0x4249, 0x4249, 0x4249, 0x424A,
  0x4249, 0x4249, 0x4249, 0x424A, 0x4249, 0x4249, 0x4249, 0x424A, 0x4249, 0x4249, 0x4249, 0x4249,
  0x424A, 0x424A, 0x4249, 0x4249, 0x4249, 0x4249, 0x424A, 0x4249, 0x4249, 0x4249, 0x4249, 0x4249,
  0x424A, 0x4249, 0x424A, 0x4249, 0x424A, 0x4249, 0x4249, 0x4249, 0x4249, 0x4249, 0x424A, 0x4249,
  0x4249, 0x424A, 0x4249, 0x424A, 0x4249, 0x4249, 0x4249, 0x424A, 0x4249, 0x4249, 0x4249, 0x4249,
  0x4249, 0x4249, 0x4249, 0x4249, 0x4249, 0x4249, 0x4249, 0x4249, 0x4249, 0x4249, 0x4249, 0x4249,
  0x4249, 0x4249, 0x4249, 0x4249, 0x4249, 0x424A, 0x4249, 0x4249, 0x4249, 0x4249, 0x424A, 0x424A,
  0x4249, 0x4249, 0x4249, 0x4249, 0x424A, 0x424A, 0x4249, 0x4249, 0x424A, 0x4249, 0x4249, 0x424A,
  0x4249, 0x4249, 0x424A, 0x4249, 0x4249, 0x424A, 0x4249, 0x424A, 0x4249, 0x4249, 0x4249, 0x4249,
  0x424A, 0x4249, 0x4249, 0x4249, 0x4249, 0x4249, 0x4249, 0x424A, 0x424A, 0x4249, 0x4249, 0x424A,
  0x4249, 0x4249, 0x4249, 0x4249, 0x424A, 0x424A, 0x4249, 0x4249, 0x424A, 0x4249, 0x4249, 0x4249,
  0x4249, 0x4249, 0x424A, 0x424A, 0x4249, 0x4249, 0x424A, 0x4249, 0x424A, 0x4249, 0x4249, 0x424A,
  0x4249, 0x4249, 0x4249, 0x4249, 0x4249, 0x4249, 0x424A, 0x4249, 0x4249, 0x4249, 0x4249, 0x4249,
  0x4249, 0x4249, 0x4249, 0x4249, 0x4249, 0x4249, 0x4249, 0x4249, 0x4249, 0x4249, 0x4249, 0x4249,
  0x424A, 0x424A, 0x4249, 0x4249, 0x4249, 0x4249, 0x4249, 0x424A, 0x4249, 0x4249, 0x4249, 0x4249,
  0x4249, 0x4249, 0x4249, 0x4249, 0x4249, 0x4249, 0x4249, 0x4249, 0x4249, 0x4249, 0x424A, 0x4249,
  0x4249, 0x4249, 0x4249, 0x4249, 0x4249, 0x4249, 0x4249, 0x424A, 0x4249, 0x4249, 0x4249, 0x4249,
  0x4249, 0x4249, 0x424A, 0x4249, 0x4249, 0x4249, 0x424A, 0x4249, 0x4249, 0x424A, 0x4249, 0x4249,
  0x4249, 0x4249, 0x4249, 0x4249, 0x4249, 0x4249, 0x424A, 0x4249, 0x4249, 0x4249, 0x424A, 0x4249,
  0x4249, 0x4249, 0x4249, 0x424A, 0x4249, 0x424A, 0x4249, 0x73AE, 0xD698, 0xDED9, 0xDED9, 0xDED9,
  0xDED9, 0xDED9, 0xDED9, 0xDED9, 0xDED9, 0xDED9, 0xDED9, 0xDED9, 0xDEB9, 0xC5F6, 0xA513, 0xAD34,
  0xB595, 0xBDD6, 0xBDD6, 0xBDD6, 0xBDD6, 0xBDF6, 0xBDD6, 0xBDD6, 0xBDD6, 0xB5B5, 0xAD54, 0x9CD2,
  0xA4F3, 0x9CD3, 0x6B6D, 0x630B, 0x632B, 0x6B2B, 0x632B, 0x632B, 0x4A28, 0x4229, 0x4249, 0x424A,
  0x424A, 0x4249, 0x4249, 0x4249, 0x4249, 0x4249, 0x424A, 0x4249, 0x4249, 0x4249, 0x424A, 0x4249,
  0x4249, 0x4249, 0x4249, 0x424A, 0x4249, 0x4249, 0x424A, 0x4249, 0x4249, 0x4249, 0x424A, 0x4249,
  0x4249, 0x4249, 0x424A, 0x4249, 0x4249, 0x4249, 0x4249, 0x4249, 0x424A, 0x4249, 0x424A, 0x4249,
  0x4249, 0x424A, 0x4249, 0x4249, 0x4249, 0x4249, 0x4249, 0x4249, 0x4249, 0x4249, 0x4249, 0x4249,
  0x4249, 0x4249, 0x4249, 0x4249, 0x424A, 0x4249, 0x4249, 0x4249, 0x4249, 0x4249, 0x4249, 0x424A,
  0x4249, 0x4249, 0x424A, 0x4249, 0x424A, 0x424A, 0x4249, 0x4249, 0x4249, 0x4249, 0x4249, 0x424A,
  0x4249, 0x4249, 0x424A, 0x4249, 0x4249, 0x4249, 0x424A, 0x4249, 0x4249, 0x4249, 0x4249, 0x424A,
  0x4249, 0x4249, 0x424A, 0x4249, 0x424A, 0x4249, 0x4249, 0x4249, 0x4249, 0x4249, 0x4249, 0x4249,
  0x4249, 0x4249, 0x424A, 0x4249, 0x4249, 0x424A, 0x4249, 0x4249, 0x424A, 0x4249, 0x424A, 0x4249,
  0x424A, 0x4249, 0x424A, 0x4249, 0x4249, 0x4249, 0x424A, 0x424A, 0x4249, 0x4249, 0x424A, 0x4249,
  0x424A, 0x4249, 0x4249, 0x424A, 0x4249, 0x4249, 0x4249, 0x4249, 0x4249, 0x4249, 0x424A, 0x4249,
  0x4249, 0x4249, 0x4249, 0x4249, 0x4249, 0x4249, 0x4249, 0x4249, 0x4249, 0x4249, 0x4249, 0x4249,
  0x4249, 0x4249, 0x4249, 0x4249, 0x424A, 0x424A, 0x4249, 0x4249, 0x4249, 0x4249, 0x4249, 0x424A,
  0x4249, 0x4249, 0x4249, 0x4249, 0x4249, 0x4249, 0x4249, 0x4249, 0x4249, 0x4249, 0x4249, 0x4249,
  0x4249, 0x4249, 0x424A, 0x4249, 0x4249, 0x4249, 0x4249, 0x4249, 0x4249, 0x4249, 0x424A, 0x4249,
  0x4249, 0x4249, 0x424A, 0x4249, 0x4249, 0x4249, 0x4249, 0x4249, 0x424A, 0x4249, 0x4249, 0x424A,
  0x4249, 0x4249, 0x4249, 0x4249, 0x4249, 0x4249, 0x4249, 0x4249, 0x424A, 0x4249, 0x4249, 0x424A,
  0x4249, 0x424A, 0x4249, 0x424A, 0x424A, 0x4249, 0x4249, 0x4249, 0x4249, 0x4249, 0x4249, 0x424A,
  0x4249, 0x4249, 0x424A, 0x4249, 0x4249, 0x4249, 0x4249, 0x424A, 0x4249, 0x4249, 0x4249, 0x424A,
  0x4249, 0x424A, 0x4249, 0x4249, 0x4249, 0x4249, 0x4249, 0x4249, 0x4249, 0x4249, 0x424A, 0x424A,
  0x4249, 0x424A, 0x4249, 0x4249, 0x424A, 0x4249, 0x424A, 0x4249, 0x4249, 0x4249, 0x4249, 0x4249,
  0x4249, 0x4249, 0x4249, 0x424A, 0x4249, 0x4249, 0x4249, 0x424A, 0x4249, 0x4249, 0x4249, 0x424A,
  0x4249, 0x4249, 0x4249, 0x424A, 0x4249, 0x4249, 0x4249, 0x4249, 0x4249, 0x4249, 0x424A, 0x4249,
  0x4249, 0x4249, 0x4249, 0x4A8A, 0xBDD6, 0xDED9, 0xDED9, 0xDED9, 0xDED9, 0xDED9, 0xDED9, 0xDED9,
  0xDED9, 0xDED9, 0xDED9, 0xDED9, 0xDED9, 0xDED9, 0xCE37, 0xAD54, 0x9CD2, 0xA4F3, 0xAD33, 0xAD74,
  0xB595, 0xB595, 0xAD74, 0xAD54, 0xA513, 0x9CD2, 0xA4F3, 0xA514, 0xAD34, 0xBDB6, 0xAD54, 0x632B,
  0x632B, 0x632B, 0x6B2B, 0x5ACA, 0x39E7, 0x4249, 0x4249, 0x4249, 0x4249, 0x4249, 0x424A, 0x4249,
  0x4249, 0x4249, 0x424A, 0x4249, 0x4249, 0x4249, 0x4249, 0x4249, 0x4249, 0x4249, 0x424A, 0x4249,
  0x4249, 0x4249, 0x4249, 0x4249, 0x424A, 0x4249, 0x4249, 0x4249, 0x4249, 0x4249, 0x424A, 0x4249,
  0x4249, 0x4249, 0x424A, 0x4249, 0x4249, 0x4249, 0x424A, 0x4249, 0x4249, 0x4249, 0x4249, 0x424A,
  0x4249, 0x4249, 0x424A, 0x4249, 0x4249, 0x4249, 0x424A, 0x4249, 0x4249, 0x4249, 0x424A, 0x4249,
  0x4249, 0x424A, 0x4249, 0x424A, 0x4249, 0x424A, 0x4249, 0x4249, 0x4249, 0x4249, 0x4249, 0x4249,
  0x4249, 0x4249, 0x4249, 0x4249, 0x4249, 0x4249, 0x4249, 0x4249, 0x424A, 0x4249, 0x4249, 0x4249,
  0x424A, 0x4249, 0x424A, 0x4249, 0x4249, 0x424A, 0x4249, 0x4249, 0x4249, 0x4249, 0x4249, 0x4249,
  0x4249, 0x4249, 0x424A, 0x4249, 0x4249, 0x424A, 0x4249, 0x4249, 0x4249, 0x4249, 0x4249, 0x4249,
  0x4249, 0x424A, 0x4249, 0x4249, 0x4249, 0x4249, 0x4249, 0x4249, 0x4249, 0x4249, 0x4249, 0x424A,
  0x4249, 0x4249, 0x424A, 0x4249, 0x4249, 0x4249, 0x424A, 0x4249, 0x4249, 0x4249, 0x4249, 0x4249,
  0x424A, 0x4249, 0x4249, 0x424A, 0x4249, 0x4249, 0x4249, 0x4249, 0x4249, 0x4249, 0x4249, 0x4249,
  0x424A, 0x4249, 0x4249, 0x424A, 0x4249, 0x424A, 0x4249, 0x424A, 0x424A, 0x4249, 0x4249, 0x4249,
  0x4249, 0x4249, 0x4249, 0x424A, 0x4249, 0x4249, 0x424A, 0x4249, 0x4249, 0x4249, 0x4249, 0x424A,
  0x4249, 0x4249, 0x4249, 0x424A, 0x4249, 0x424A, 0x4249, 0x4249, 0x4249, 0x4249, 0x4249, 0x4249,
  0x4249, 0x4249, 0x424A, 0x424A, 0x4249, 0x4249, 0x4249, 0x4249, 0x4249, 0x4249, 0x4249, 0x4249,
  0x4249, 0x4249, 0x424A, 0x4249, 0x4249, 0x4249, 0x4249, 0x4249, 0x424A, 0x4249, 0x4249, 0x4249,
  0x424A, 0x4249, 0x4249, 0x4249, 0x424A, 0x4249, 0x4249, 0x424A, 0x4249, 0x4249, 0x4249, 0x4249,
  0x4249, 0x4249, 0x424A, 0x4249, 0x4249, 0x424A, 0x4249, 0x4249, 0x424A, 0x424A, 0x4249, 0x4249,
  0x424A, 0x4249, 0x4249, 0x4249, 0x424A, 0x4249, 0x4249, 0x4249, 0x4249, 0x4249, 0x4249, 0x424A,
  0x4249, 0x4249, 0x4249, 0x4249, 0x424A, 0x4249, 0x4249, 0x4249, 0x4249, 0x424A, 0x4249, 0x4249,
  0x4249, 0x4249, 0x4249, 0x4249, 0x4249, 0x4249, 0x424A, 0x424A, 0x4249, 0x424A, 0x4249, 0x4249,
  0x4249, 0x4249, 0x424A, 0x424A, 0x4249, 0x4249, 0x4249, 0x424A, 0x424A, 0x4249, 0x4249, 0x4249,
  0x424A, 0x4249, 0x4249, 0x4249, 0x4249, 0x424A, 0x4249, 0x4249, 0x4249, 0x424A, 0x4249, 0x4249,
  0x8430, 0xD6B9, 0xDED9, 0xDED9, 0xDED9, 0xDED9, 0xDED9, 0xDED9, 0xDED9, 0xDED9, 0xDED9, 0xDED9,
  0xDED9, 0xDED9, 0xDED9, 0xD699, 0xBDF6, 0xAD54, 0xA513, 0x9CF3, 0x9CF3, 0x9CD3, 0x9CF3, 0xA4F3,
  0xA514, 0xA534, 0xAD34, 0xB595, 0xCE37, 0xDEB9, 0xD699, 0x8C70, 0x5289, 0x5AAA, 0x4A68, 0x39C7,
  0x3A08, 0x4249, 0x4249, 0x4249, 0x4249, 0x4249, 0x4249, 0x4249, 0x424A, 0x4249, 0x4249, 0x4249,
  0x4249, 0x4249, 0x4249, 0x4249, 0x4249, 0x4249, 0x4249, 0x4249, 0x4249, 0x424A, 0x4249, 0x424A,
  0x4249, 0x424A, 0x4249, 0x4249, 0x424A, 0x4249, 0x4249, 0x4249, 0x424A, 0x424A, 0x4249, 0x4249,
  0x424A, 0x4249, 0x4249, 0x4249, 0x424A, 0x4249, 0x4249, 0x4249, 0x4249, 0x4249, 0x424A, 0x4249,
  0x4249, 0x4249, 0x4249, 0x4249, 0x4249, 0x424A, 0x4249, 0x4249, 0x424A, 0x4249, 0x4249, 0x4249,
  0x4249, 0x4249, 0x4249, 0x4249, 0x4249, 0x424A, 0x4249, 0x424A, 0x4249, 0x4249, 0x4249, 0x4249,
  0x424A, 0x4249, 0x4249, 0x4249, 0x4249, 0x4249, 0x4249, 0x4249, 0x4249, 0x4249, 0x4249, 0x4249,
  0x4249, 0x4249, 0x4249, 0x4249, 0x424A, 0x4249, 0x4249, 0x4249, 0x424A, 0x4249, 0x4249, 0x4249,
  0x4249, 0x4249, 0x4249, 0x4249, 0x424A, 0x4249, 0x424A, 0x4249, 0x4249, 0x4249, 0x424A, 0x4249,
  0x4249, 0x4249, 0x4249, 0x424A, 0x4249, 0x4249, 0x4249, 0x4249, 0x4249, 0x4249, 0x4249, 0x4249,
  0x4249, 0x4249, 0x4249, 0x4249, 0x4249, 0x4249, 0x424A, 0x4249, 0x4249, 0x4249, 0x4249, 0x4249,
  0x424A, 0x4249, 0x4249, 0x4249, 0x424A, 0x4249, 0x4249, 0x4249, 0x424A, 0x4249, 0x4249, 0x424A,
  0x4249, 0x4249, 0x4249, 0x4249, 0x4249, 0x4249, 0x424A, 0x4249, 0x4249, 0x424A, 0x4249, 0x4249,
  0x424A, 0x424A, 0x4249, 0x4249, 0x424A, 0x4249, 0x4249, 0x4249, 0x424A, 0x4249, 0x4249, 0x4249,
  0x4249, 0x4249, 0x4249, 0x424A, 0x4249, 0x4249, 0x4249, 0x4249, 0x424A, 0x4249, 0x4249, 0x4249,
  0x4249, 0x4249, 0x4249, 0x424A, 0x424A, 0x4249, 0x4249, 0x4249, 0x424A, 0x4249, 0x4249, 0x4249,
  0x4249, 0x424A, 0x4249, 0x4249, 0x4249, 0x424A, 0x4249, 0x4249, 0x424A, 0x424A, 0x4249, 0x4249,
  0x4249, 0x4249, 0x4249, 0x4249, 0x4249, 0x424A, 0x4249, 0x4249, 0x4249, 0x4249, 0x4249, 0x4249,
  0x4249, 0x4249, 0x4249, 0x4249, 0x4249, 0x4249, 0x4249, 0x4249, 0x4249, 0x424A, 0x4249, 0x4249,
  0x4249, 0x424A, 0x4249, 0x424A, 0x4249, 0x4249, 0x4249, 0x4249, 0x4249, 0x424A, 0x424A, 0x4249,
  0x4249, 0x4249, 0x4249, 0x4249, 0x4249, 0x4249, 0x4249, 0x4249, 0x4249, 0x4249, 0x424A, 0x4249,
  0x4249, 0x424A, 0x4249, 0x4249, 0x4249, 0x4249, 0x4249, 0x4249, 0x4249, 0x4249, 0x4249, 0x4249,
  0x4249, 0x4249, 0x4249, 0x4249, 0x4249, 0x4249, 0x4249, 0x4249, 0x4249, 0x4249, 0x424A, 0x424A,
  0x4249, 0x4249, 0x424A, 0x4249, 0x4249, 0x4249, 0x4249, 0x4249, 0x52AB, 0xB5B5, 0xDED9, 0xDED9,
  0xDED9, 0xDED9, 0xDED9, 0xDED9, 0xDED9, 0xDED9, 0xDED9, 0xDED9, 0xDED9, 0xDED9, 0xDED9, 0xDED9,
  0xDED9, 0xD699, 0xCE58, 0xBDD6, 0xB595, 0xB575, 0xAD75, 0xB595, 0xB5B6, 0xC617, 0xCE78, 0xDEB9,
  0xDED9, 0xDED9, 0xCE57, 0x632B, 0x3A07, 0x31A6, 0x39E8, 0x4249, 0x4249, 0x4249, 0x424A, 0x4249,
  0x424A, 0x424A, 0x4249, 0x4249, 0x4249, 0x4249, 0x424A, 0x4249, 0x4249, 0x424A, 0x424A, 0x424A,
  0x4249, 0x424A, 0x4249, 0x4249, 0x4249, 0x4249, 0x4249, 0x4249, 0x4249, 0x4249, 0x4249, 0x424A,
  0x4249, 0x4249, 0x4249, 0x4249, 0x4249, 0x4249, 0x4249, 0x4249, 0x4249, 0x424A, 0x4249, 0x4249,
  0x4249, 0x4249, 0x4249, 0x424A, 0x4249, 0x4249, 0x424A, 0x4249, 0x4249, 0x424A, 0x4249, 0x424A,
  0x4249, 0x4249, 0x4249, 0x4249, 0x4249, 0x4249, 0x4249, 0x4249, 0x424A, 0x4249, 0x424A, 0x4249,
  0x424A, 0x4249, 0x4249, 0x4249, 0x4249, 0x424A, 0x424A, 0x4249, 0x4249, 0x4249, 0x424A, 0x4249,
  0x424A, 0x4249, 0x4249, 0x424A, 0x4249, 0x424A, 0x4249, 0x4249, 0x4249, 0x4249, 0x4249, 0x4249,
  0x4249, 0x424A, 0x4249, 0x4249, 0x424A, 0x4249, 0x4249, 0x4249, 0x4249, 0x424A, 0x424A, 0x424A,
  0x4249, 0x4249, 0x4249, 0x424A, 0x4249, 0x4249, 0x424A, 0x4249, 0x424A, 0x4249, 0x4249, 0x424A,
  0x4249, 0x4249, 0x4249, 0x424A, 0x4249, 0x4249, 0x4249, 0x424A, 0x424A, 0x4249, 0x4249, 0x4249,
  0x424A, 0x4249, 0x4249, 0x4249, 0x4249, 0x424A, 0x4249, 0x4249, 0x4249, 0x424A, 0x4249, 0x4249,
  0x424A, 0x424A, 0x4249, 0x4249, 0x4249, 0x4249, 0x4249, 0x4249, 0x4249, 0x424A, 0x4249, 0x4249,
  0x4249, 0x4249, 0x4249, 0x4249, 0x4249, 0x4249, 0x4249, 0x4249, 0x4249, 0x4249, 0x4249, 0x4249,
  0x4249, 0x424A, 0x4249, 0x4249, 0x4249, 0x424A, 0x4249, 0x424A, 0x4249, 0x4249, 0x4249, 0x4249,
  0x4249, 0x424A, 0x424A, 0x4249, 0x4249, 0x4249, 0x4249, 0x4249, 0x4249, 0x4249, 0x4249, 0x4249,
  0x424A, 0x4249, 0x424A, 0x4249, 0x4249, 0x4249, 0x4249, 0x4249, 0x4249, 0x424A, 0x4249, 0x4249,
  0x4249, 0x4249, 0x4249, 0x4249, 0x4249, 0x4249, 0x424A, 0x4249, 0x4249, 0x4249, 0x4249, 0x4249,
  0x424A, 0x4249, 0x4249, 0x424A, 0x4249, 0x4249, 0x424A, 0x4249, 0x4249, 0x424A, 0x4249, 0x4249,
  0x424A, 0x4249, 0x4249, 0x4249, 0x4249, 0x4249, 0x4249, 0x4249, 0x424A, 0x4249, 0x4249, 0x4249,
  0x424A, 0x4249, 0x4249, 0x4249, 0x4249, 0x4249, 0x424A, 0x4249, 0x4249, 0x424A, 0x424A, 0x4249,
  0x4249, 0x4249, 0x4249, 0x4249, 0x424A, 0x4249, 0x424A, 0x4249, 0x4249, 0x4249, 0x4249, 0x4249,
  0x4249, 0x424A, 0x424A, 0x4249, 0x424A, 0x4249, 0x4249, 0x4249, 0x4249, 0x424A, 0x424A, 0x4249,
  0x4249, 0x4249, 0x4249, 0x424A, 0x424A, 0x4249, 0x4249, 0x4249, 0x4249, 0x4249, 0x4249, 0x4249,
  0x4249, 0x4249, 0x4249, 0x424A, 0x424A, 0x73AE, 0xCE78, 0xDED9, 0xDED9, 0xDED9, 0xDED9, 0xDED9,
  0xDED9, 0xDED9, 0xDED9, 0xDED9, 0xDED9, 0xDED9, 0xDED9, 0xDED9, 0xDED9, 0xDED9, 0xDED9, 0xDED9,
  0xDEB9, 0xD6B9, 0xD6B9, 0xD6B9, 0xDED9, 0xDED9, 0xDED9, 0xDED9, 0xDED9, 0xD6B9, 0x9491, 0x39E7,
  0x4A48, 0x4228, 0x4249, 0x4249, 0x4249, 0x424A, 0x4249, 0x4249, 0x4249, 0x4249, 0x424A, 0x4249,
  0x424A, 0x4249, 0x4249, 0x4249, 0x4249, 0x4249, 0x4249, 0x4249, 0x4249, 0x4249, 0x424A, 0x4249,
  0x424A, 0x4249, 0x424A, 0x4249, 0x4249, 0x424A, 0x4249, 0x4249, 0x424A, 0x4249, 0x424A, 0x4249,
  0x4249, 0x4249, 0x4249, 0x4249, 0x4249, 0x4249, 0x4249, 0x4249, 0x424A, 0x424A, 0x4249, 0x4249,
  0x4249, 0x4249, 0x424A, 0x4249, 0x4249, 0x4249, 0x4249, 0x4249, 0x4249, 0x4249, 0x424A, 0x4249,
  0x4249, 0x424A, 0x4249, 0x4249, 0x4249, 0x4249, 0x4249, 0x4249, 0x4249, 0x4249, 0x4249, 0x4249,
  0x4249, 0x4249, 0x4249, 0x4249, 0x4249, 0x424A, 0x4249, 0x4249, 0x4249, 0x424A, 0x4249, 0x4249,
  0x4249, 0x4249, 0x4249, 0x424A, 0x424A, 0x424A, 0x4249, 0x424A, 0x4249, 0x4249, 0x4249, 0x4249,
  0x4249, 0x4249, 0x424A, 0x4249, 0x4249, 0x4249, 0x4249, 0x4249, 0x4249, 0x4249, 0x4249, 0x4249,
  0x4249, 0x4249, 0x4249, 0x4249, 0x4249, 0x424A, 0x4249, 0x4249, 0x424A, 0x4249, 0x4249, 0x424A,
  0x4249, 0x4249, 0x4249, 0x4249, 0x424A, 0x4249, 0x424A, 0x4249, 0x4249, 0x4249, 0x4249, 0x4249,
  0x4249, 0x424A, 0x4249, 0x4249, 0x4249, 0x4249, 0x4249, 0x4249, 0x4249, 0x4249, 0x424A, 0x4249,
  0x4249, 0x4249, 0x4249, 0x4249, 0x424A, 0x4249, 0x4249, 0x424A, 0x4249, 0x4249, 0x424A, 0x4249,
  0x4249, 0x424A, 0x4249, 0x4249, 0x424A, 0x4249, 0x4249, 0x4249, 0x4249, 0x4249, 0x4249, 0x4249,
  0x424A, 0x4249, 0x4249, 0x4249, 0x424A, 0x4249, 0x4249, 0x4249, 0x4249, 0x4249, 0x424A, 0x4249,
  0x4249, 0x424A, 0x424A, 0x4249, 0x4249, 0x424A, 0x4249, 0x4249, 0x4249, 0x4249, 0x4249, 0x4249,
  0x424A, 0x424A, 0x4249, 0x424A, 0x4249, 0x4249, 0x424A, 0x4249, 0x4249, 0x4249, 0x424A, 0x4249,
  0x4249, 0x4249, 0x4249, 0x4249, 0x424A, 0x424A, 0x4249, 0x4249, 0x4249, 0x4249, 0x4249, 0x4249,
  0x4249, 0x424A, 0x4249, 0x4249, 0x4249, 0x4249, 0x4249, 0x424A, 0x4249, 0x4249, 0x424A, 0x4249,
  0x424A, 0x4249, 0x4249, 0x4249, 0x4249, 0x4249, 0x4249, 0x4249, 0x424A, 0x4249, 0x4249, 0x424A,
  0x4249, 0x4249, 0x4249, 0x4249, 0x4249, 0x4249, 0x4249, 0x4249, 0x424A, 0x424A, 0x424A, 0x4249,
  0x4249, 0x4249, 0x4249, 0x4249, 0x4249, 0x424A, 0x4249, 0x4249, 0x4249, 0x424A, 0x4249, 0x4249,
  0x4249, 0x424A, 0x424A, 0x4249, 0x4249, 0x4249, 0x4249, 0x4249, 0x424A, 0x4249, 0x4249, 0x4249,
  0x4249, 0x4249, 0x4249, 0x4249, 0x424A, 0x4249, 0x4249, 0x424A, 0x424A, 0x4249, 0x424A, 0x4249,
  0x4249, 0x52CB, 0xB5B5, 0xDED9, 0xDED9, 0xDED9, 0xDED9, 0xDED9, 0xDED9, 0xDED9, 0xDED9, 0xDED9,
  0xDED9, 0xDED9, 0xDED9, 0xDED9, 0xDED9, 0xDED9, 0xDED9, 0xDED9, 0xDED9, 0xDED9, 0xDED9, 0xDED9,
  0xDED9, 0xDED9, 0xDED9, 0xDED9, 0xDEB9, 0xAD54, 0x4208, 0x3186, 0x4249, 0x4249, 0x424A, 0x4249,
  0x4249, 0x4249, 0x4249, 0x4249, 0x4249, 0x4249, 0x4249, 0x4249, 0x4249, 0x4249, 0x424A, 0x4249,
  0x424A, 0x4249, 0x4249, 0x4249, 0x424A, 0x4249, 0x4249, 0x4249, 0x4249, 0x4249, 0x4249, 0x4249,
  0x4249, 0x4249, 0x4249, 0x4249, 0x4249, 0x4249, 0x4249, 0x424A, 0x4249, 0x424A, 0x4249, 0x424A,
  0x4249, 0x424A, 0x4249, 0x4249, 0x424A, 0x4249, 0x4249, 0x4249, 0x424A, 0x4249, 0x4249, 0x4249,
  0x4249, 0x424A, 0x4249, 0x424A, 0x4249, 0x4249, 0x4249, 0x424A, 0x4249, 0x4249, 0x424A, 0x4249,
  0x4249, 0x4249, 0x424A, 0x4249, 0x4249, 0x424A, 0x4249, 0x424A, 0x4249, 0x424A, 0x4249, 0x4249,
  0x424A, 0x4249, 0x4249, 0x4249, 0x424A, 0x4249, 0x4249, 0x4249, 0x4249, 0x4249, 0x424A, 0x4249,
  0x4249, 0x4249, 0x4249, 0x4249, 0x4249, 0x4249, 0x4249, 0x4249, 0x424A, 0x4249, 0x4249, 0x424A,
  0x4249, 0x4249, 0x4249, 0x4249, 0x4249, 0x4249, 0x424A, 0x424A, 0x4249, 0x4249, 0x4249, 0x4249,
  0x4249, 0x4249, 0x4249, 0x4249, 0x4249, 0x4249, 0x4249, 0x4249, 0x4249, 0x424A, 0x4249, 0x4249,
  0x4249, 0x4249, 0x4249, 0x4249, 0x424A, 0x424A, 0x4249, 0x424A, 0x4249, 0x4249, 0x424A, 0x4249,
  0x4249, 0x4249, 0x424A, 0x4249, 0x4249, 0x4249, 0x4249, 0x4249, 0x424A, 0x424A, 0x4249, 0x4249,
  0x4249, 0x4249, 0x4249, 0x4249, 0x4249, 0x424A, 0x4249, 0x4249, 0x4249, 0x4249, 0x4249, 0x424A,
  0x4249, 0x4249, 0x424A, 0x4249, 0x424A, 0x4249, 0x4249, 0x4249, 0x4249, 0x4249, 0x4249, 0x4249,
  0x424A, 0x4249, 0x4249, 0x424A, 0x4249, 0x4249, 0x4249, 0x4249, 0x4249, 0x4249, 0x4249, 0x4249,
  0x4249, 0x4249, 0x424A, 0x4249, 0x4249, 0x4249, 0x424A, 0x4249, 0x4249, 0x4249, 0x4249, 0x4249,
  0x4249, 0x4249, 0x4249, 0x4249, 0x4249, 0x424A, 0x4249, 0x4249, 0x4249, 0x4249, 0x424A, 0x4249,
  0x4249, 0x4249, 0x424A, 0x424A, 0x4249, 0x4249, 0x424A, 0x4249, 0x4249, 0x4249, 0x4249, 0x4249,
  0x4249, 0x424A, 0x4249, 0x4249, 0x4249, 0x4249, 0x4249, 0x4249, 0x4249, 0x424A, 0x424A, 0x4249,
  0x4249, 0x4249, 0x4249, 0x4249, 0x4249, 0x4249, 0x4249, 0x424A, 0x424A, 0x4249, 0x4249, 0x4249,
  0x424A, 0x4249, 0x4249, 0x4249, 0x4249, 0x4249, 0x4249, 0x4249, 0x424A, 0x4249, 0x4249, 0x4249,
  0x424A, 0x4249, 0x4249, 0x4249, 0x4249, 0x4249, 0x4249, 0x4249, 0x4249, 0x4249, 0x4249, 0x4249,
  0x4249, 0x424A, 0x4249, 0x4249, 0x424A, 0x4249, 0x424A, 0x4249, 0x4249, 0x4249, 0x4249, 0x424A,
  0x4249, 0x4249, 0x424A, 0x4249, 0x4249, 0x4249, 0x424A, 0x4249, 0x424A, 0x9491, 0xD699, 0xBDD6,
  0x9CD2, 0xAD75, 0xD6B9, 0xDED9, 0xDED9, 0xDED9, 0xDED9, 0xDED9, 0xDED9, 0xDED9, 0xDED9, 0xDED9,
  0xDED9, 0xDED9, 0xDED9, 0xDED9, 0xDED9, 0xDED9, 0xDED9, 0xDED9, 0xDED9, 0xDED9, 0xDED9, 0xDEB9,
  0xB5B5, 0x52AA, 0x31A6, 0x2145, 0x39E8, 0x4249, 0x424A, 0x4249, 0x4249, 0x424A, 0x4249, 0x4249,
  0x4249, 0x4249, 0x4249, 0x424A, 0x4249, 0x4249, 0x4249, 0x4249, 0x4249, 0x4249, 0x4249, 0x4249,
  0x4249, 0x424A, 0x4249, 0x4249, 0x424A, 0x4249, 0x424A, 0x4249, 0x424A, 0x4249, 0x4249, 0x4249,
  0x4249, 0x4249, 0x4249, 0x424A, 0x4249, 0x4249, 0x4249, 0x4249, 0x424A, 0x4249, 0x4249, 0x4249,
  0x4249, 0x4249, 0x4249, 0x4249, 0x4249, 0x4249, 0x4249, 0x4249, 0x4249, 0x4249, 0x4249, 0x4249,
  0x4249, 0x4249, 0x424A, 0x4249, 0x4249, 0x4249, 0x4249, 0x4249, 0x424A, 0x4249, 0x424A, 0x4249,
  0x4249, 0x4249, 0x424A, 0x4249, 0x4249, 0x4249, 0x4249, 0x4249, 0x4249, 0x4249, 0x4249, 0x424A,
  0x4249, 0x4249, 0x4249, 0x4249, 0x424A, 0x4249, 0x4249, 0x4249, 0x4249, 0x4249, 0x4249, 0x4249,
  0x424A, 0x4249, 0x4249, 0x4249, 0x4249, 0x4249, 0x4249, 0x4249, 0x424A, 0x424A, 0x4249, 0x4249,
  0x424A, 0x424A, 0x4249, 0x4249, 0x4249, 0x424A, 0x4249, 0x4249, 0x424A, 0x4249, 0x424A, 0x4249,
  0x4249, 0x424A, 0x4249, 0x4249, 0x4249, 0x4249, 0x424A, 0x4249, 0x4249, 0x4249, 0x424A, 0x4249,
  0x4249, 0x4249, 0x4249, 0x4249, 0x4249, 0x4249, 0x4249, 0x4249, 0x4249, 0x424A, 0x4249, 0x4249,
  0x4249, 0x4249, 0x424A, 0x4249, 0x4249, 0x4249, 0x424A, 0x424A, 0x4249, 0x4249, 0x424A, 0x4249,
  0x4249, 0x4249, 0x4249, 0x4249, 0x4249, 0x424A, 0x4249, 0x4249, 0x4249, 0x4249, 0x4249, 0x4249,
  0x4249, 0x424A, 0x424A, 0x4249, 0x4249, 0x4249, 0x4249, 0x4249, 0x4249, 0x4249, 0x4249, 0x424A,
  0x424A, 0x4249, 0x4249, 0x4249, 0x424A, 0x4249, 0x4249, 0x4249, 0x4249, 0x4249, 0x4249, 0x424A,
  0x4249, 0x424A, 0x4249, 0x4249, 0x4249, 0x424A, 0x4249, 0x424A, 0x4249, 0x4249, 0x4249, 0x4249,
  0x4249, 0x424A, 0x4249, 0x4249, 0x424A, 0x4249, 0x4249, 0x4249, 0x4249, 0x4249, 0x4249, 0x4249,
  0x4249, 0x424A, 0x4249, 0x4249, 0x424A, 0x4249, 0x4249, 0x424A, 0x4249, 0x4249, 0x4249, 0x4249,
  0x4249, 0x4249, 0x424A, 0x4249, 0x4249, 0x4249, 0x4249, 0x424A, 0x4249, 0x424A, 0x4249, 0x4249,
  0x424A, 0x4249, 0x4249, 0x4249, 0x4249, 0x4249, 0x4249, 0x4249, 0x424A, 0x4249, 0x4249, 0x424A,
  0x4249, 0x4249, 0x4249, 0x4249, 0x424A, 0x4249, 0x4249, 0x4249, 0x4249, 0x4249, 0x4249, 0x4249,
  0x424A, 0x4249, 0x424A, 0x4249, 0x4249, 0x4249, 0x4249, 0x424A, 0x4249, 0x4249, 0x4249, 0x4249,
  0x4249, 0x4249, 0x4249, 0x4249, 0x424A, 0x4249, 0x4249, 0x4249, 0x4249, 0x424A, 0x4249, 0x4249,
  0x4249, 0x4249, 0x424A, 0x4249, 0x52AB, 0xBDF6, 0xCE37, 0x632D, 0x4249, 0x52AB, 0xB575, 0xDED9,
  0xDED9, 0xDED9, 0xDED9, 0xDED9, 0xDED9, 0xDED9, 0xDED9, 0xDED9, 0xDED9, 0xDED9, 0xDED9, 0xDED9,
  0xDED9, 0xDED9, 0xDED9, 0xDED9, 0xDED9, 0xDED9, 0xDEB9, 0xB595, 0x5ACA, 0x39C6, 0x39C6, 0x39C6,
  0x2986, 0x4229, 0x4249, 0x4249, 0x4249, 0x4249, 0x4249, 0x4249, 0x424A, 0x424A, 0x4249, 0x4249,
  0x4249, 0x424A, 0x4249, 0x4249, 0x4249, 0x424A, 0x4249, 0x424A, 0x4249, 0x4249, 0x4249, 0x4249,
  0x4249, 0x4249, 0x4249, 0x4249, 0x4249, 0x4249, 0x424A, 0x4249, 0x424A, 0x4249, 0x4249, 0x4249,
  0x4249, 0x424A, 0x4249, 0x4249, 0x4249, 0x4249, 0x424A, 0x4249, 0x4249, 0x4249, 0x4249, 0x4249,
  0x424A, 0x4249, 0x424A, 0x4249, 0x4249, 0x424A, 0x4249, 0x424A, 0x4249, 0x4249, 0x424A, 0x4249,
  0x4249, 0x424A, 0x424A, 0x4249, 0x4249, 0x4249, 0x4249, 0x4249, 0x424A, 0x4249, 0x4249, 0x4249,
  0x4249, 0x424A, 0x424A, 0x4249, 0x4249, 0x424A, 0x4249, 0x4249, 0x4249, 0x424A, 0x4249, 0x4249,
  0x4249, 0x424A, 0x4249, 0x4249, 0x4249, 0x424A, 0x4249, 0x4249, 0x4249, 0x424A, 0x424A, 0x424A,
  0x4249, 0x4249, 0x4249, 0x4249, 0x4249, 0x4249, 0x4249, 0x4249, 0x4249, 0x4249, 0x4249, 0x4249,
  0x424A, 0x4249, 0x4249, 0x424A, 0x4249, 0x4249, 0x424A, 0x4249, 0x4249, 0x4249, 0x4249, 0x424A,
  0x4249, 0x4249, 0x4249, 0x424A, 0x4249, 0x424A, 0x4249, 0x4249, 0x4249, 0x424A, 0x4249, 0x424A,
  0x4249, 0x4249, 0x4249, 0x4249, 0x4249, 0x424A, 0x4249, 0x4249, 0x424A, 0x4249, 0x4249, 0x4249,
  0x4249, 0x4249, 0x4249, 0x4249, 0x4249, 0x424A, 0x4249, 0x4249, 0x424A, 0x4249, 0x4249, 0x424A,
  0x4249, 0x4249, 0x4249, 0x4249, 0x4249, 0x4249, 0x424A, 0x4249, 0x4249, 0x4249, 0x4249, 0x424A,
  0x4249, 0x424A, 0x4249, 0x4249, 0x424A, 0x4249, 0x4249, 0x4249, 0x4249, 0x4249, 0x4249, 0x4249,
  0x424A, 0x4249, 0x4249, 0x424A, 0x4249, 0x4249, 0x4249, 0x4249, 0x4249, 0x4249, 0x4249, 0x4249,
  0x4249, 0x4249, 0x4249, 0x4249, 0x4249, 0x424A, 0x424A, 0x4249, 0x424A, 0x4249, 0x4249, 0x4249,
  0x424A, 0x4249, 0x4249, 0x424A, 0x424A, 0x4249, 0x4249, 0x4249, 0x4249, 0x4249, 0x4249, 0x4249,
  0x4249, 0x4249, 0x4249, 0x4249, 0x4249, 0x4249, 0x4249, 0x424A, 0x4249, 0x4249, 0x424A, 0x4249,
  0x4249, 0x4249, 0x4249, 0x4249, 0x4249, 0x4249, 0x4249, 0x4249, 0x4249, 0x4249, 0x4249, 0x4249,
  0x4249, 0x424A, 0x4249, 0x4249, 0x4249, 0x4249, 0x4249, 0x4249, 0x424A, 0x4249, 0x4249, 0x4249,
  0x4249, 0x4249, 0x424A, 0x4249, 0x424A, 0x4249, 0x4249, 0x424A, 0x4249, 0x4249, 0x4249, 0x424A,
  0x4249, 0x4249, 0x4249, 0x4249, 0x4249, 0x424A, 0x4249, 0x4249, 0x424A, 0x4249, 0x4249, 0x4249,
  0x4249, 0x424A, 0x4249, 0x4249, 0x4249, 0x4249, 0x4249, 0x4249, 0x4249, 0x4249, 0x4249, 0x4249,
  0x52CB, 0xC637, 0xBDF6, 0x4AAB, 0x4249, 0x4249, 0x9CD2, 0xDED9, 0xDED9, 0xDED9, 0xDED9, 0xDED9,
  0xDED9, 0xDED9, 0xDED9, 0xDED9, 0xDED9, 0xDED9, 0xDED9, 0xDED9, 0xDED9, 0xDED9, 0xDED9, 0xDED9,
  0xDED9, 0xD699, 0xA513, 0x4228, 0x31A6, 0x39A6, 0x4207, 0x5289, 0x31C6, 0x31E8, 0x4249, 0x424A,
  0x4249, 0x4249, 0x424A, 0x4249, 0x4249, 0x4249, 0x4249, 0x4249, 0x4249, 0x4249, 0x424A, 0x424A,
  0x4249, 0x4249, 0x4249, 0x424A, 0x4249, 0x4249, 0x4249, 0x424A, 0x424A, 0x4249, 0x4249, 0x4249,
  0x424A, 0x424A, 0x4249, 0x4249, 0x424A, 0x4249, 0x4249, 0x4249, 0x4249, 0x4249, 0x4249, 0x4249,
  0x4249, 0x4249, 0x4249, 0x4249, 0x4249, 0x424A, 0x424A, 0x4249, 0x4249, 0x4249, 0x424A, 0x424A,
  0x4249, 0x4249, 0x4249, 0x4249, 0x4249, 0x4249, 0x4249, 0x4249, 0x4249, 0x4249, 0x4249, 0x4249,
  0x4249, 0x4249, 0x424A, 0x4249, 0x4249, 0x4249, 0x4249, 0x4249, 0x4249, 0x4249, 0x4249, 0x4249,
  0x4249, 0x4249, 0x4249, 0x4249, 0x4249, 0x4249, 0x4249, 0x4249, 0x4249, 0x4249, 0x4249, 0x424A,
  0x4249, 0x424A, 0x4249, 0x4249, 0x4249, 0x4249, 0x4249, 0x4249, 0x4249, 0x4249, 0x424A, 0x4249,
  0x4249, 0x424A, 0x424A, 0x4249, 0x4249, 0x4249, 0x4249, 0x4249, 0x4249, 0x4249, 0x4249, 0x4249,
  0x4249, 0x4249, 0x4249, 0x4249, 0x4249, 0x424A, 0x4249, 0x4249, 0x4249, 0x4249, 0x4249, 0x4249,
  0x4249, 0x4249, 0x4249, 0x4249, 0x4249, 0x4249, 0x4249, 0x4249, 0x4249, 0x424A, 0x424A, 0x4249,
  0x424A, 0x4249, 0x4249, 0x4249, 0x424A, 0x4249, 0x4249, 0x424A, 0x424A, 0x4249, 0x4249, 0x4249,
  0x4249, 0x4249, 0x4249, 0x4249, 0x4249, 0x4249, 0x4249, 0x4249, 0x4249, 0x4249, 0x4249, 0x424A,
  0x4249, 0x4249, 0x424A, 0x4249, 0x4249, 0x4249, 0x4249, 0x4249, 0x4249, 0x4249, 0x4249, 0x4249,
  0x4249, 0x4249, 0x4249, 0x4249, 0x4249, 0x424A, 0x4249, 0x4249, 0x4249, 0x4249, 0x4249, 0x4249,
  0x4249, 0x424A, 0x4249, 0x4249, 0x4249, 0x4249, 0x4249, 0x4249, 0x424A, 0x4249, 0x4249, 0x424A,
  0x4249, 0x4249, 0x4249, 0x4249, 0x4249, 0x424A, 0x4249, 0x4249, 0x4249, 0x4249, 0x424A, 0x4249,
  0x4249, 0x4249, 0x4249, 0x424A, 0x4249, 0x424A, 0x4249, 0x4249, 0x4249, 0x4249, 0x424A, 0x4249,
  0x424A, 0x4249, 0x424A, 0x4249, 0x424A, 0x4249, 0x4249, 0x424A, 0x424A, 0x4249, 0x4249, 0x4249,
  0x424A, 0x4249, 0x424A, 0x424A, 0x4249, 0x424A, 0x4249, 0x4249, 0x4249, 0x424A, 0x424A, 0x4249,
  0x4249, 0x424A, 0x4249, 0x424A, 0x4249, 0x4249, 0x4249, 0x4249, 0x424A, 0x4249, 0x424A, 0x4249,
  0x424A, 0x4249, 0x4249, 0x424A, 0x4249, 0x4249, 0x4249, 0x4249, 0x424A, 0x424A, 0x424A, 0x4249,
  0x424A, 0x4249, 0x4249, 0x4249, 0x4249, 0x424A, 0x4249, 0x424A, 0x4249, 0x4249, 0x4249, 0x4249,
  0x4249, 0x424A, 0x4249, 0x4249, 0x424A, 0x4249, 0x4249, 0x4249, 0x4A6A, 0xB5B5, 0xD678, 0x7BEF,
  0x4A8A, 0x632C, 0xC616, 0xD6B9, 0xD6B9, 0xDED9, 0xDED9, 0xDED9, 0xDED9, 0xDED9, 0xDED9, 0xDED9,
  0xDED9, 0xDED9, 0xDED9, 0xDED9, 0xDED9, 0xDED9, 0xDED9, 0xD6B9, 0xBDF6, 0x7BEF, 0x3186, 0x1082,
  0x2145, 0x4207, 0x5289, 0x52A9, 0x4A68, 0x2966, 0x4229, 0x424A, 0x4249, 0x4249, 0x424A, 0x4249,
  0x4249, 0x4249, 0x4249, 0x424A, 0x4249, 0x4249, 0x4249, 0x4249, 0x4249, 0x4249, 0x4249, 0x4249,
  0x4249, 0x4249, 0x4249, 0x4249, 0x4249, 0x424A, 0x4249, 0x4249, 0x4249, 0x4249, 0x4249, 0x4249,
  0x4249, 0x424A, 0x4249, 0x424A, 0x4249, 0x4249, 0x4249, 0x424A, 0x4249, 0x424A, 0x4249, 0x4249,
  0x4249, 0x424A, 0x4249, 0x4249, 0x4249, 0x4249, 0x4249, 0x4249, 0x4249, 0x4249, 0x4249, 0x4249,
  0x424A, 0x4249, 0x4249, 0x4249, 0x424A, 0x4249, 0x4249, 0x4249, 0x424A, 0x4249, 0x4249, 0x4249,
  0x4249, 0x424A, 0x4249, 0x424A, 0x4249, 0x4249, 0x424A, 0x4249, 0x4249, 0x424A, 0x4249, 0x4249,
  0x4249, 0x424A, 0x4249, 0x4249, 0x424A, 0x4249, 0x4249, 0x4249, 0x4249, 0x4249, 0x4249, 0x4249,
  0x424A, 0x4249, 0x4249, 0x4249, 0x4249, 0x4249, 0x424A, 0x4249, 0x4249, 0x4249, 0x4249, 0x424A,
  0x4249, 0x424A, 0x424A, 0x4249, 0x4249, 0x4249, 0x424A, 0x4249, 0x4249, 0x4249, 0x4249, 0x424A,
  0x4249, 0x424A, 0x4249, 0x4249, 0x4249, 0x424A, 0x4249, 0x4249, 0x4249, 0x4249, 0x4249, 0x4249,
  0x424A, 0x4249, 0x4249, 0x424A, 0x4249, 0x4249, 0x4249, 0x4249, 0x4249, 0x424A, 0x4249, 0x4249,
  0x4249, 0x4249, 0x424A, 0x4249, 0x4249, 0x4249, 0x4249, 0x424A, 0x4249, 0x424A, 0x4249, 0x4249,
  0x4249, 0x4249, 0x424A, 0x4249, 0x424A, 0x4249, 0x424A, 0x4249, 0x424A, 0x4249, 0x4249, 0x424A,
  0x424A, 0x4249, 0x4249, 0x4249, 0x424A, 0x4249, 0x424A, 0x424A, 0x4249, 0x424A, 0x4249, 0x4249,
  0x4249, 0x424A, 0x424A, 0x4249, 0x4249, 0x424A, 0x4249, 0x424A, 0x4249, 0x4249, 0x424A, 0x424A,
  0x4249, 0x4249, 0x424A, 0x4249, 0x424A, 0x4249, 0x4249, 0x424A, 0x4249, 0x4249, 0x424A, 0x4249,
  0x4249, 0x4249, 0x4249, 0x424A, 0x4249, 0x4249, 0x4249, 0x4249, 0x4249, 0x4249, 0x424A, 0x4249,
  0x424A, 0x4249, 0x4249, 0x4249, 0x4249, 0x424A, 0x4249, 0x4249, 0x4249, 0x4249, 0x4249, 0x4249,
  0x4249, 0x4249, 0x4249, 0x4249, 0x4249, 0x4249, 0x4249, 0x4249, 0x4249, 0x4249, 0x4249, 0x4249,
  0x4249, 0x4249, 0x424A, 0x4249, 0x4249, 0x4249, 0x4249, 0x4249, 0x4249, 0x4249, 0x4249, 0x4249,
  0x4249, 0x424A, 0x4249, 0x4249, 0x4249, 0x4249, 0x4249, 0x4249, 0x4249, 0x4249, 0x4249, 0x4249,
  0x4249, 0x4249, 0x4249, 0x4249, 0x4249, 0x4249, 0x4249, 0x4249, 0x4249, 0x4249, 0x4249, 0x424A,
  0x4249, 0x4249, 0x4249, 0x4249, 0x4249, 0x4249, 0x424A, 0x4249, 0x424A, 0x4249, 0x4249, 0x4249,
  0x4249, 0x424A, 0x424A, 0x4249, 0x424A, 0x7BCF, 0xCE78, 0xD678, 0xBDF6, 0xCE37, 0xD699, 0x9D13,
  0x840F, 0xB5B5, 0xCE78, 0xDEB9, 0xDED9, 0xDED9, 0xDED9, 0xDED9, 0xDED9, 0xDED9, 0xDED9, 0xDED9,
  0xDED9, 0xD698, 0xBDF6, 0x8C50, 0x4208, 0x10C3, 0x10C3, 0x10A3, 0x2145, 0x4A69, 0x52A9, 0x52A9,
  0x52A9, 0x39C7, 0x31C7, 0x4249, 0x4249, 0x4249, 0x4249, 0x424A, 0x424A, 0x4249, 0x4249, 0x424A,
  0x4249, 0x4249, 0x4249, 0x4249, 0x4249, 0x424A, 0x4249, 0x4249, 0x424A, 0x424A, 0x424A, 0x4249,
  0x4249, 0x4249, 0x4249, 0x4249, 0x424A, 0x4249, 0x4249, 0x4249, 0x4249, 0x4249, 0x4249, 0x4249,
  0x424A, 0x424A, 0x4249, 0x4249, 0x4249, 0x424A, 0x4249, 0x424A, 0x4249, 0x4249, 0x4249, 0x424A,
  0x4249, 0x4249, 0x4249, 0x424A, 0x424A, 0x4249, 0x4249, 0x424A, 0x4249, 0x4249, 0x424A, 0x4249,
  0x424A, 0x4249, 0x4249, 0x4249, 0x4249, 0x4249, 0x4249, 0x4249, 0x424A, 0x4249, 0x4249, 0x4249,
  0x4249, 0x424A, 0x4249, 0x4249, 0x4249, 0x4249, 0x4249, 0x424A, 0x424A, 0x4249, 0x4249, 0x424A,
  0x4249, 0x4249, 0x424A, 0x4249, 0x424A, 0x4249, 0x424A, 0x4249, 0x4249, 0x4249, 0x424A, 0x424A,
  0x4249, 0x4249, 0x4249, 0x424A, 0x4249, 0x4249, 0x4249, 0x4249, 0x4249, 0x4249, 0x4249, 0x4249,
  0x4249, 0x4249, 0x4249, 0x424A, 0x4249, 0x4249, 0x424A, 0x4249, 0x4249, 0x4249, 0x4249, 0x4249,
  0x4249, 0x4249, 0x424A, 0x424A, 0x4249, 0x4249, 0x424A, 0x4249, 0x424A, 0x4249, 0x4249, 0x424A,
  0x4249, 0x4249, 0x424A, 0x4249, 0x4249, 0x4249, 0x4249, 0x424A, 0x4249, 0x4249, 0x4249, 0x4249,
  0x4249, 0x4249, 0x424A, 0x4249, 0x424A, 0x4249, 0x4249, 0x4249, 0x4249, 0x424A, 0x4249, 0x4249,
  0x4249, 0x4249, 0x4249, 0x4249, 0x4249, 0x4249, 0x4249, 0x4249, 0x4249, 0x4249, 0x4249, 0x4249,
  0x4249, 0x4249, 0x4249, 0x4249, 0x4249, 0x4249, 0x424A, 0x4249, 0x4249, 0x4249, 0x4249, 0x4249,
  0x4249, 0x4249, 0x4249, 0x4249, 0x424A, 0x4249, 0x4249, 0x4249, 0x4249, 0x424A, 0x4249, 0x4249,
  0x4249, 0x4249, 0x4249, 0x4249, 0x4249, 0x4249, 0x4249, 0x4249, 0x4249, 0x4249, 0x4249, 0x4249,
  0x4249, 0x4249, 0x4249, 0x424A, 0x4249, 0x4249, 0x4249, 0x4249, 0x4249, 0x4249, 0x4249, 0x424A,
  0x4249, 0x424A, 0x4249, 0x4249, 0x4249, 0x4249, 0x4249, 0x4249, 0x4249, 0x4249, 0x4249, 0x4249,
  0x4249, 0x424A, 0x424A, 0x4249, 0x4249, 0x4249, 0x424A, 0x4249, 0x4249, 0x4249, 0x4249, 0x4249,
  0x424A, 0x4249, 0x4249, 0x4249, 0x424A, 0x424A, 0x4249, 0x4249, 0x4249, 0x4249, 0x424A, 0x424A,
  0x4249, 0x4249, 0x4249, 0x424A, 0x4249, 0x4249, 0x4249, 0x4249, 0x4249, 0x4249, 0x424A, 0x4249,
  0x424A, 0x4249, 0x4249, 0x4249, 0x424A, 0x4249, 0x4249, 0x4249, 0x424A, 0x4249, 0x4249, 0x4249,
  0x424A, 0x4249, 0x424A, 0x4249, 0x4249, 0x4249, 0x424A, 0x4249, 0x4249, 0x4249, 0x4249, 0x4249,
  0x4249, 0x426A, 0x7BCF, 0xB5B5, 0xC637, 0xBDF6, 0x9491, 0x52AB, 0x4249, 0x4A8A, 0x6B6D, 0x9491,
  0xB575, 0xC617, 0xCE57, 0xCE78, 0xCE78, 0xCE58, 0xC617, 0xB595, 0x9491, 0x6B4C, 0x39C6, 0x0882,
  0x10A2, 0x10A3, 0x18E4, 0x31A6, 0x4A68, 0x52A9, 0x52A9, 0x52A9, 0x52A9, 0x5289, 0x2965, 0x3A29,
  0x4249, 0x4249, 0x4249, 0x4249, 0x4249, 0x4249, 0x4249, 0x424A, 0x4249, 0x4249, 0x4249, 0x424A,
  0x4249, 0x424A, 0x4249, 0x4249, 0x4249, 0x4249, 0x4249, 0x4249, 0x4249, 0x424A, 0x4249, 0x4249,
  0x4249, 0x424A, 0x4249, 0x424A, 0x4249, 0x4249, 0x4249, 0x4249, 0x4249, 0x4249, 0x4249, 0x4249,
  0x4249, 0x4249, 0x4249, 0x4249, 0x4249, 0x4249, 0x4249, 0x4249, 0x4249, 0x424A, 0x4249, 0x4249,
  0x4249, 0x4249, 0x424A, 0x4249, 0x4249, 0x4249, 0x4249, 0x4249, 0x4249, 0x4249, 0x424A, 0x4249,
  0x4249, 0x424A, 0x4249, 0x4249, 0x4249, 0x4249, 0x4249, 0x424A, 0x4249, 0x4249, 0x4249, 0x4249,
  0x424A, 0x4249, 0x424A, 0x4249, 0x4249, 0x4249, 0x4249, 0x4249, 0x4249, 0x4249, 0x4249, 0x4249,
  0x4249, 0x4249, 0x424A, 0x4249, 0x4249, 0x4249, 0x4249, 0x4249, 0x4249, 0x4249, 0x4249, 0x4249,
  0x424A, 0x4249, 0x4249, 0x424A, 0x4249, 0x424A, 0x4249, 0x4249, 0x424A, 0x424A, 0x4249, 0x4249,
  0x4249, 0x424A, 0x4249, 0x4249, 0x4249, 0x4249, 0x4249, 0x4249, 0x424A, 0x4249, 0x4249, 0x4249,
  0x4249, 0x424A, 0x4249, 0x4249, 0x4249, 0x4249, 0x4249, 0x4249, 0x4249, 0x4249, 0x4249, 0x4249,
  0x4249, 0x4249, 0x4249, 0x4249, 0x4249, 0x4249, 0x4249, 0x424A, 0x4249, 0x4249, 0x4249, 0x4249,
  0x4249, 0x4249, 0x4249, 0x424A, 0x4249, 0x424A, 0x4249, 0x4249, 0x4249, 0x4249, 0x4249, 0x4249,
  0x4249, 0x4249, 0x4249, 0x4249, 0x4249, 0x424A, 0x424A, 0x4249, 0x4249, 0x4249, 0x424A, 0x4249,
  0x4249, 0x4249, 0x4249, 0x4249, 0x424A, 0x4249, 0x4249, 0x4249, 0x424A, 0x424A, 0x4249, 0x4249,
  0x424A, 0x4249, 0x424A, 0x4249, 0x4249, 0x4249, 0x4249, 0x424A, 0x4249, 0x4249, 0x4249, 0x424A,
  0x4249, 0x424A, 0x4249, 0x4249, 0x4249, 0x4249, 0x424A, 0x4249, 0x4249, 0x4249, 0x424A, 0x4249,
  0x4249, 0x4249, 0x4249, 0x4249, 0x4249, 0x4249, 0x424A, 0x4249, 0x4249, 0x4249, 0x4249, 0x4249,
  0x424A, 0x424A, 0x4249, 0x424A, 0x4249, 0x424A, 0x424A, 0x4249, 0x4249, 0x4249, 0x4249, 0x4249,
  0x4249, 0x424A, 0x4249, 0x4249, 0x4249, 0x424A, 0x4249, 0x4249, 0x4249, 0x4249, 0x4249, 0x424A,
  0x4249, 0x4249, 0x4249, 0x424A, 0x4249, 0x4249, 0x4249, 0x4249, 0x4249, 0x4249, 0x424A, 0x4249,
  0x4249, 0x424A, 0x424A, 0x424A, 0x4249, 0x424A, 0x424A, 0x4249, 0x4249, 0x4249, 0x4249, 0x424A,
  0x4249, 0x4249, 0x4249, 0x4249, 0x4249, 0x424A, 0x424A, 0x4249, 0x4249, 0x4249, 0x4249, 0x4249,
  0x4249, 0x4249, 0x4249, 0x4249, 0x4249, 0x4249, 0x424A, 0x4249, 0x4249, 0x4249, 0x4249, 0x4A8A,
  0x5AEB, 0x52AA, 0x426A, 0x4249, 0x424A, 0x424A, 0x4249, 0x4249, 0x4A6A, 0x52AB, 0x528A, 0x5289,
  0x5ACA, 0x5AAA, 0x4A69, 0x39E7, 0x10A2, 0x0881, 0x0860, 0x1060, 0x1082, 0x3165, 0x4A48, 0x52A9,
  0x52A9, 0x52A9, 0x52A9, 0x52A9, 0x52A9, 0x52A9, 0x4207, 0x29A7, 0x4249, 0x424A, 0x4249, 0x4249,
  0x4249, 0x424A, 0x4249, 0x4249, 0x4249, 0x4249, 0x4249, 0x4249, 0x4249, 0x4249, 0x4249, 0x4249,
  0x4249, 0x4249, 0x4249, 0x424A, 0x4249, 0x424A, 0x4249, 0x424A, 0x4249, 0x4249, 0x4249, 0x424A,
  0x4249, 0x4249, 0x424A, 0x4249, 0x4249, 0x4249, 0x4249, 0x4249, 0x4249, 0x4249, 0x4249, 0x424A,
  0x4249, 0x4249, 0x424A, 0x4249, 0x424A, 0x4249, 0x4249, 0x4249, 0x4249, 0x4249, 0x4249, 0x4249,
  0x424A, 0x4249, 0x424A, 0x4249, 0x424A, 0x4249, 0x4249, 0x4249, 0x4249, 0x424A, 0x4249, 0x424A,
  0x4249, 0x4249, 0x424A, 0x4249, 0x4249, 0x4249, 0x424A, 0x4249, 0x4249, 0x4249, 0x4249, 0x4249,
  0x4249, 0x4249, 0x4249, 0x4249, 0x424A, 0x4249, 0x424A, 0x4249, 0x4249, 0x4249, 0x4249, 0x4249,
  0x424A, 0x4249, 0x4249, 0x4249, 0x424A, 0x4249, 0x424A, 0x4249, 0x4249, 0x4249, 0x424A, 0x4249,
  0x4249, 0x4249, 0x4249, 0x4249, 0x4249, 0x4249, 0x4249, 0x4249, 0x4249, 0x4249, 0x4249, 0x4249,
  0x4249, 0x424A, 0x4249, 0x4249, 0x424A, 0x4249, 0x424A, 0x4249, 0x4249, 0x4249, 0x4249, 0x424A,
  0x4249, 0x4249, 0x4249, 0x424A, 0x4249, 0x424A, 0x4249, 0x4249, 0x4249, 0x4249, 0x424A, 0x4249,
  0x4249, 0x4249, 0x424A, 0x4249, 0x4249, 0x4249, 0x4249, 0x4249, 0x4249, 0x4249, 0x424A, 0x4249,
  0x4249, 0x4249, 0x4249, 0x4249, 0x424A, 0x424A, 0x4249, 0x424A, 0x4249, 0x424A, 0x424A, 0x4249,
  0x4249, 0x4249, 0x4249, 0x4249, 0x4249, 0x424A, 0x4249, 0x4249, 0x4249, 0x424A, 0x4249, 0x4249,
  0x4249, 0x4249, 0x4249, 0x424A, 0x4249, 0x4249, 0x4249, 0x424A, 0x4249, 0x424A, 0x4249, 0x4249,
  0x4249, 0x424A, 0x4249, 0x4249, 0x4249, 0x424A, 0x4249, 0x4249, 0x4249, 0x424A, 0x4249, 0x4249,
  0x424A, 0x424A, 0x4249, 0x424A, 0x424A, 0x4249, 0x4249, 0x424A, 0x4249, 0x4249, 0x424A, 0x424A,
  0x4249, 0x4249, 0x424A, 0x4249, 0x4249, 0x4249, 0x424A, 0x4249, 0x4249, 0x4249, 0x4249, 0x4249,
  0x4249, 0x424A, 0x4249, 0x4249, 0x424A, 0x4249, 0x4249, 0x424A, 0x4249, 0x4249, 0x424A, 0x4249,
  0x424A, 0x4249, 0x4249, 0x424A, 0x424A, 0x4249, 0x4249, 0x424A, 0x4249, 0x4249, 0x4249, 0x424A,
  0x4249, 0x4249, 0x424A, 0x4249, 0x4249, 0x4249, 0x4249, 0x4249, 0x4249, 0x424A, 0x4249, 0x4249,
  0x4249, 0x4249, 0x4249, 0x4249, 0x4249, 0x4249, 0x4249, 0x4249, 0x4249, 0x4249, 0x424A, 0x4249,
  0x4249, 0x4249, 0x4249, 0x4249, 0x4249, 0x4249, 0x4249, 0x4249, 0x424A, 0x424A, 0x4249, 0x4249,
  0x4249, 0x4249, 0x4249, 0x4249, 0x4249, 0x4249, 0x424A, 0x4249, 0x4249, 0x424A, 0x4249, 0x424A,
  0x4249, 0x4249, 0x4249, 0x4249, 0x4249, 0x424A, 0x3A29, 0x2104, 0x31A6, 0x39C6, 0x39C6, 0x39C6,
  0x2124, 0x0841, 0x1061, 0x2124, 0x4207, 0x5289, 0x52A9, 0x52A9, 0x52A9, 0x52A9, 0x52A9, 0x52A9,
  0x52A9, 0x52A9, 0x5289, 0x3186, 0x3A08, 0x424A, 0x4249, 0x4249, 0x424A, 0x4249, 0x4249, 0x4249,
  0x4249, 0x424A, 0x424A, 0x4249, 0x4249, 0x4249, 0x424A, 0x4249, 0x4249, 0x424A, 0x4249, 0x4249,
  0x4249, 0x4249, 0x4249, 0x4249, 0x4249, 0x4249, 0x4249, 0x4249, 0x4249, 0x4249, 0x4249, 0x424A,
  0x4249, 0x4249, 0x424A, 0x424A, 0x424A, 0x4249, 0x4249, 0x4249, 0x4249, 0x4249, 0x4249, 0x4249,
  0x4249, 0x4249, 0x4249, 0x424A, 0x424A, 0x4249, 0x424A, 0x4249, 0x4249, 0x4249, 0x4249, 0x4249,
  0x4249, 0x4249, 0x4249, 0x4249, 0x4249, 0x4249, 0x4249, 0x4249, 0x424A, 0x4249, 0x4249, 0x4249,
  0x4249, 0x4249, 0x4249, 0x424A, 0x4249, 0x424A, 0x4249, 0x4249, 0x424A, 0x424A, 0x4249, 0x4249,
  0x424A, 0x4249, 0x4249, 0x4249, 0x424A, 0x4249, 0x4249, 0x4249, 0x4249, 0x424A, 0x4249, 0x424A,
  0x4249, 0x4249, 0x424A, 0x4249, 0x4249, 0x4249, 0x4249, 0x4249, 0x4249, 0x4249, 0x424A, 0x424A,
  0x4249, 0x4249, 0x424A, 0x4249, 0x424A, 0x4249, 0x4249, 0x4249, 0x424A, 0x4249, 0x4249, 0x4249,
  0x4249, 0x424A, 0x4249, 0x4249, 0x4249, 0x424A, 0x4249, 0x4249, 0x4249, 0x424A, 0x4249, 0x4249,
  0x4249, 0x424A, 0x4249, 0x4249, 0x424A, 0x424A, 0x4249, 0x424A, 0x424A, 0x4249, 0x4249, 0x424A,
  0x4249, 0x4249, 0x424A, 0x424A, 0x4249, 0x4249, 0x424A, 0x4249, 0x4249, 0x4249, 0x424A, 0x4249,
  0x4249, 0x4249, 0x4249, 0x4249, 0x4249, 0x424A, 0x4249, 0x4249, 0x424A, 0x4249, 0x4249, 0x424A,
  0x4249, 0x4249, 0x424A, 0x4249, 0x424A, 0x4249, 0x4249, 0x424A, 0x424A, 0x4249, 0x4249, 0x424A,
  0x4249, 0x4249, 0x4249, 0x424A, 0x4249, 0x4249, 0x4249, 0x4249, 0x424A, 0x4249, 0x4249, 0x4249,
  0x4249, 0x4249, 0x4249, 0x4249, 0x4249, 0x4249, 0x4249, 0x4249, 0x4249, 0x4249, 0x4249, 0x4249,
  0x4249, 0x4249, 0x4249, 0x4249, 0x4249, 0x4249, 0x4249, 0x4249, 0x4249, 0x4249, 0x4249, 0x4249,
  0x4249, 0x4249, 0x424A, 0x4249, 0x4249, 0x4249, 0x4249, 0x4249, 0x4249, 0x4249, 0x4249, 0x4249,
  0x4249, 0x4249, 0x4249, 0x4249, 0x4249, 0x4249, 0x4249, 0x4249, 0x4249, 0x4249, 0x4249, 0x4249,
  0x4249, 0x4249, 0x4249, 0x4249, 0x4249, 0x4249, 0x4249, 0x4249, 0x4249, 0x4249, 0x424A, 0x4249,
  0x4249, 0x424A, 0x424A, 0x4249, 0x4249, 0x4249, 0x4249, 0x4249, 0x4249, 0x4249, 0x4249, 0x4249,
  0x424A, 0x4249, 0x424A, 0x4249, 0x4249, 0x424A, 0x4249, 0x424A, 0x4249, 0x4249, 0x4249, 0x424A,
  0x424A, 0x4249, 0x4249, 0x4249, 0x4249, 0x4249, 0x4249, 0x4249, 0x424A, 0x424A, 0x4249, 0x424A,
  0x4249, 0x4249, 0x4249, 0x4249, 0x4249, 0x4249, 0x4249, 0x4249, 0x4249, 0x4249, 0x4249, 0x4249,
  0x4249, 0x4249, 0x4249, 0x31A7, 0x3186, 0x4A68, 0x5269, 0x5269, 0x4A48, 0x2924, 0x39E7, 0x5269,
  0x52A9, 0x52A9, 0x52A9, 0x52A9, 0x52A9, 0x52A9, 0x52A9, 0x52A9, 0x52A9, 0x52A9, 0x52A9, 0x4228,
  0x2986, 0x4249, 0x4249, 0x424A, 0x4249, 0x4249, 0x4249, 0x4249, 0x4249, 0x4249, 0x4249, 0x4249,
  0x4249, 0x4249, 0x424A, 0x4249, 0x4249, 0x4249, 0x4249, 0x4249, 0x424A, 0x4249, 0x4249, 0x4249,
  0x424A, 0x424A, 0x4249, 0x4249, 0x424A, 0x4249, 0x4249, 0x4249, 0x424A, 0x4249, 0x4249, 0x4249,
  0x4249, 0x4249, 0x424A, 0x424A, 0x4249, 0x4249, 0x4249, 0x4249, 0x4249, 0x424A, 0x4249, 0x4249,
  0x4249, 0x4249, 0x4249, 0x4249, 0x4249, 0x4249, 0x4249, 0x4249, 0x424A, 0x4249, 0x4249, 0x424A,
  0x4249, 0x4249, 0x4249, 0x4249, 0x4249, 0x4249, 0x4249, 0x424A, 0x4249, 0x4249, 0x4249, 0x4249,
  0x4249, 0x4249, 0x4249, 0x4249, 0x4249, 0x4249, 0x4249, 0x424A, 0x4249, 0x4249, 0x4249, 0x4249,
  0x4249, 0x4249, 0x424A, 0x4249, 0x4249, 0x4249, 0x4249, 0x4249, 0x4249, 0x4249, 0x4249, 0x4249,
  0x4249, 0x4249, 0x424A, 0x4249, 0x4249, 0x4249, 0x424A, 0x4249, 0x4249, 0x4249, 0x4249, 0x4249,
  0x424A, 0x4249, 0x4249, 0x424A, 0x4249, 0x4249, 0x4249, 0x4249, 0x4249, 0x4249, 0x4249, 0x4249,
  0x424A, 0x4249, 0x4249, 0x4249, 0x4249, 0x4249, 0x4249, 0x4249, 0x4249, 0x4249, 0x4249, 0x4249,
  0x4249, 0x4249, 0x4249, 0x4249, 0x4249, 0x4249, 0x4249, 0x4249, 0x4249, 0x4249, 0x4249, 0x4249,
  0x4249, 0x4249, 0x4249, 0x4249, 0x4249, 0x4249, 0x424A, 0x4249, 0x4249, 0x4249, 0x4249, 0x4249,
  0x4249, 0x4249, 0x4249, 0x4249, 0x4249, 0x4249, 0x4249, 0x4249, 0x4249, 0x4249, 0x4249, 0x4249,
  0x4249, 0x4249, 0x4249, 0x4249, 0x4249, 0x4249, 0x4249, 0x4249, 0x4249, 0x4249, 0x4249, 0x4249,
  0x4249, 0x424A, 0x4249, 0x4249, 0x4249, 0x4249, 0x4249, 0x424A, 0x4249, 0x4249, 0x424A, 0x424A,
  0x4249, 0x4249, 0x424A, 0x4249, 0x4249, 0x4249, 0x4249, 0x4249, 0x424A, 0x4249, 0x4249, 0x4249,
  0x424A, 0x4249, 0x4249, 0x4249, 0x424A, 0x424A, 0x4249, 0x4249, 0x424A, 0x4249, 0x4249, 0x4249,
  0x4249, 0x424A, 0x4249, 0x424A, 0x424A, 0x4249, 0x4249, 0x4249, 0x424A, 0x4249, 0x4249, 0x424A,
  0x4249, 0x4249, 0x4249, 0x4249, 0x424A, 0x4249, 0x424A, 0x4249, 0x4249, 0x4249, 0x424A, 0x424A,
  0x4249, 0x4249, 0x4249, 0x424A, 0x4249, 0x4249, 0x4249, 0x4249, 0x4249, 0x4249, 0x4249, 0x4249,
  0x4249, 0x4249, 0x4249, 0x4249, 0x424A, 0x424A, 0x424A, 0x4249, 0x4249, 0x424A, 0x4249, 0x4249,
  0x4249, 0x4249, 0x4249, 0x4249, 0x4249, 0x4249, 0x4249, 0x424A, 0x4249, 0x4249, 0x424A, 0x4249,
  0x4249, 0x4249, 0x4249, 0x4249, 0x4249, 0x424A, 0x4249, 0x4249, 0x424A, 0x4249, 0x424A, 0x4249,
  0x424A, 0x4249, 0x4249, 0x4249, 0x4249, 0x424A, 0x4249, 0x4249, 0x4249, 0x424A, 0x4249, 0x4229,
  0x2965, 0x4A48, 0x52A9, 0x52A9, 0x52A9, 0x5289, 0x52A9, 0x52A9, 0x52A9, 0x52A9, 0x52A9, 0x52A9,
  0x52A9, 0x52A9, 0x52A9, 0x52A9, 0x52A9, 0x52A9, 0x52A9, 0x5289, 0x31A6, 0x39E8, 0x4249, 0x4249,
  0x4249, 0x424A, 0x424A, 0x4249, 0x424A, 0x4249, 0x4249, 0x424A, 0x424A, 0x4249, 0x4249, 0x4249,
  0x424A, 0x4249, 0x4249, 0x4249, 0x4249, 0x4249, 0x424A, 0x4249, 0x4249, 0x4249, 0x4249, 0x4249,
  0x4249, 0x4249, 0x424A, 0x4249, 0x4249, 0x4249, 0x4249, 0x4249, 0x424A, 0x4249, 0x4249, 0x4249,
  0x4249, 0x4249, 0x424A, 0x4249, 0x4249, 0x4249, 0x4249, 0x424A, 0x4249, 0x4249, 0x4249, 0x4249,
  0x4249, 0x424A, 0x424A, 0x4249, 0x4249, 0x424A, 0x4249, 0x4249, 0x4249, 0x4249, 0x424A, 0x4249,
  0x4249, 0x4249, 0x4249, 0x4249, 0x4249, 0x424A, 0x4249, 0x4249, 0x424A, 0x4249, 0x4249, 0x4249,
  0x4249, 0x4249, 0x4249, 0x4249, 0x4249, 0x4249, 0x424A, 0x4249, 0x424A, 0x4249, 0x4249, 0x424A,
  0x4249, 0x424A, 0x4249, 0x4249, 0x424A, 0x4249, 0x4249, 0x424A, 0x4249, 0x4249, 0x4249, 0x424A,
  0x424A, 0x4249, 0x4249, 0x4249, 0x424A, 0x4249, 0x4249, 0x424A, 0x4249, 0x4249, 0x4249, 0x4249,
  0x424A, 0x4249, 0x424A, 0x4249, 0x4249, 0x424A, 0x4249, 0x4249, 0x4249, 0x4249, 0x4249, 0x424A,
  0x4249, 0x4249, 0x424A, 0x424A, 0x4249, 0x4249, 0x424A, 0x4249, 0x4249, 0x4249, 0x4249, 0x4249,
  0x424A, 0x4249, 0x4249, 0x4249, 0x424A, 0x4249, 0x4249, 0x4249, 0x424A, 0x424A, 0x4249, 0x4249,
  0x424A, 0x4249, 0x4249, 0x4249, 0x4249, 0x424A, 0x4249, 0x424A, 0x424A, 0x4249, 0x4249, 0x4249,
  0x424A, 0x4249, 0x4249, 0x424A, 0x4249, 0x4249, 0x4249, 0x4249, 0x424A, 0x4249, 0x424A, 0x4249,
  0x4249, 0x4249, 0x424A, 0x424A, 0x4249, 0x4249, 0x4249, 0x424A, 0x424A, 0x4249, 0x424A, 0x4249,
  0x4249, 0x4249, 0x424A, 0x4249, 0x4249, 0x424A, 0x4249, 0x4249, 0x424A, 0x4249, 0x4249, 0x4249,
  0x424A, 0x424A, 0x4249, 0x4249, 0x424A, 0x4249, 0x4249, 0x4249, 0x4249, 0x424A, 0x424A, 0x4249,
  0x4249, 0x4249, 0x4249, 0x4249, 0x4249, 0x4249, 0x4249, 0x4249, 0x4249, 0x424A, 0x4249, 0x4249,
  0x4249, 0x4249, 0x4249, 0x4249, 0x4249, 0x4249, 0x424A, 0x4249, 0x424A, 0x4249, 0x424A, 0x4249,
  0x4249, 0x424A, 0x4249, 0x4249, 0x424A, 0x4249, 0x4249, 0x4249, 0x4249, 0x4249, 0x424A, 0x4249,
  0x4249, 0x424A, 0x424A, 0x424A, 0x4249, 0x4249, 0x4249, 0x424A, 0x4249, 0x424A, 0x4249, 0x4249,
  0x4249, 0x4249, 0x4249, 0x4249, 0x4249, 0x4249, 0x4249, 0x4249, 0x424A, 0x4249, 0x4249, 0x424A,
  0x4249, 0x424A, 0x4249, 0x4249, 0x4249, 0x4249, 0x4249, 0x424A, 0x424A, 0x424A, 0x4249, 0x424A,
  0x4249, 0x4249, 0x4249, 0x4249, 0x4249, 0x4249, 0x4249, 0x424A, 0x4249, 0x4249, 0x424A, 0x4249,
  0x4249, 0x4249, 0x424A, 0x4249, 0x424A, 0x4249, 0x4249, 0x4249, 0x31C8, 0x31A6, 0x52A9, 0x52A9,
  0x52A9, 0x52A9, 0x52A9, 0x52A9, 0x52AA, 0x52A9, 0x52A9, 0x52A9, 0x52A9, 0x52A9, 0x52A9, 0x52A9,
  0x52A9, 0x52A9, 0x52A9, 0x52A9, 0x4A48, 0x2966, 0x4229, 0x4249, 0x4249, 0x4249, 0x4249, 0x4249,
  0x4249, 0x4249, 0x4249, 0x4249, 0x424A, 0x4249, 0x4249, 0x4249, 0x4249, 0x424A, 0x4249, 0x424A,
  0x424A, 0x4249, 0x4249, 0x424A, 0x4249, 0x4249, 0x424A, 0x424A, 0x4249, 0x4249, 0x424A, 0x4249,
  0x4249, 0x4249, 0x4249, 0x4249, 0x4249, 0x4249, 0x4249, 0x4249, 0x4249, 0x424A, 0x4249, 0x4249,
  0x424A, 0x4249, 0x4249, 0x4249, 0x4249, 0x424A, 0x4249, 0x424A, 0x4249, 0x424A, 0x4249, 0x4249,
  0x4249, 0x4249, 0x424A, 0x424A, 0x4249, 0x4249, 0x424A, 0x4249, 0x4249, 0x424A, 0x4249, 0x424A,
  0x4249, 0x4249, 0x4249, 0x4249, 0x4249, 0x4249, 0x424A, 0x4249, 0x424A, 0x424A, 0x4249, 0x4249,
  0x424A, 0x4249, 0x4249, 0x4249, 0x424A, 0x4249, 0x4249, 0x4249, 0x4249, 0x4249, 0x4249, 0x4249,
  0x4249, 0x4249, 0x4249, 0x424A, 0x4249, 0x424A, 0x4249, 0x4249, 0x4249, 0x4249, 0x4249, 0x4249,
  0x424A, 0x4249, 0x4249, 0x4249, 0x4249, 0x4249, 0x4249, 0x4249, 0x4249, 0x4249, 0x4249, 0x4249,
  0x424A, 0x4249, 0x424A, 0x4249, 0x4249, 0x4249, 0x424A, 0x4249, 0x4249, 0x424A, 0x4249, 0x4249,
  0x424A, 0x4249, 0x4249, 0x4249, 0x424A, 0x424A, 0x4249, 0x4249, 0x424A, 0x4249, 0x4249, 0x4249,
  0x4249, 0x424A, 0x424A, 0x4249, 0x4249, 0x4249, 0x4249, 0x4249, 0x4249, 0x4249, 0x4249, 0x4249,
  0x4249, 0x424A, 0x4249, 0x4249, 0x4249, 0x4249, 0x4249, 0x4249, 0x4249, 0x4249, 0x424A, 0x4249,
  0x424A, 0x4249, 0x424A, 0x4249, 0x4249, 0x424A, 0x4249, 0x4249, 0x424A, 0x4249, 0x4249, 0x4249,
  0x4249, 0x4249, 0x424A, 0x4249, 0x4249, 0x4249, 0x4249, 0x4249, 0x424A, 0x4249, 0x4249, 0x4249,
  0x4249, 0x4249, 0x4249, 0x4249, 0x4249, 0x4249, 0x4249, 0x424A, 0x4249, 0x4249, 0x4249, 0x4249,
  0x4249, 0x4249, 0x4249, 0x424A, 0x4249, 0x4249, 0x4249, 0x4249, 0x424A, 0x4249, 0x4249, 0x4249,
  0x424A, 0x4249, 0x4249, 0x424A, 0x4249, 0x4249, 0x4249, 0x4249, 0x4249, 0x4249, 0x424A, 0x424A,
  0x4249, 0x4249, 0x4249, 0x4249, 0x4249, 0x4249, 0x4249, 0x4249, 0x4249, 0x4249, 0x4249, 0x4249,
  0x4249, 0x4249, 0x4249, 0x4249, 0x424A, 0x4249, 0x4249, 0x4249, 0x4249, 0x4249, 0x4249, 0x4249,
  0x4249, 0x4249, 0x424A, 0x4249, 0x4249, 0x424A, 0x4249, 0x4249, 0x424A, 0x4249, 0x4249, 0x4249,
  0x4249, 0x424A, 0x4249, 0x4249, 0x424A, 0x4249, 0x4249, 0x4249, 0x4249, 0x4249, 0x4249, 0x4249,
  0x424A, 0x4249, 0x4249, 0x4249, 0x4249, 0x4249, 0x4249, 0x4249, 0x4249, 0x4249, 0x4249, 0x4249,
  0x424A, 0x424A, 0x4249, 0x4249, 0x4249, 0x4249, 0x4249, 0x424A, 0x4249, 0x4249, 0x424A, 0x4249,
  0x4249, 0x4249, 0x4249, 0x424A, 0x4229, 0x2986, 0x4A28, 0x52A9, 0x52A9, 0x52A9, 0x52A9, 0x52A9,
  0x52A9, 0x52A9, 0x52A9, 0x52A9, 0x52A9, 0x52A9, 0x52A9, 0x52A9, 0x52A9, 0x52AA, 0x52A9, 0x52A9,
  0x52A9, 0x39C6, 0x31C7, 0x4249, 0x424A, 0x4249, 0x4249, 0x424A, 0x4249, 0x424A, 0x4249, 0x4249,
  0x4249, 0x4249, 0x4249, 0x424A, 0x4249, 0x4249, 0x4249, 0x4249, 0x4249, 0x4249, 0x424A, 0x4249,
  0x4249, 0x4249, 0x4249, 0x4249, 0x4249, 0x4249, 0x4249, 0x4249, 0x4249, 0x424A, 0x424A, 0x4249,
  0x424A, 0x4249, 0x4249, 0x4249, 0x4249, 0x424A, 0x4249, 0x4249, 0x4249, 0x4249, 0x424A, 0x4249,
  0x4249, 0x424A, 0x4249, 0x4249, 0x4249, 0x4249, 0x4249, 0x4249, 0x4249, 0x4249, 0x4249, 0x4249,
  0x4249, 0x4249, 0x4249, 0x4249, 0x4249, 0x4249, 0x4249, 0x424A, 0x4249, 0x4249, 0x424A, 0x4249,
  0x4249, 0x424A, 0x4249, 0x4249, 0x4249, 0x4249, 0x424A, 0x424A, 0x4249, 0x4249, 0x4249, 0x424A,
  0x4249, 0x4249, 0x4249, 0x424A, 0x4249, 0x4249, 0x4249, 0x424A, 0x4249, 0x4249, 0x4249, 0x4249,
  0x4249, 0x4249, 0x4249, 0x424A, 0x4249, 0x4249, 0x4249, 0x4249, 0x4249, 0x4249, 0x4249, 0x424A,
  0x4249, 0x4249, 0x424A, 0x4249, 0x4249, 0x424A, 0x4249, 0x4249, 0x4249, 0x4249, 0x4249, 0x4249,
  0x424A, 0x4249, 0x4249, 0x4249, 0x4249, 0x4249, 0x4249, 0x4249, 0x4249, 0x4249, 0x4249, 0x424A,
  0x4249, 0x4249, 0x4249, 0x4249, 0x4249, 0x4249, 0x4249, 0x424A, 0x4249, 0x4249, 0x4249, 0x4249,
  0x424A, 0x4249, 0x4249, 0x4249, 0x424A, 0x4249, 0x4249, 0x424A, 0x4249, 0x4249, 0x4249, 0x4249,
  0x4249, 0x4249, 0x424A, 0x424A, 0x4249, 0x4249, 0x4249, 0x4249, 0x4249, 0x4249, 0x4249, 0x4249,
  0x4249, 0x4249, 0x4249, 0x4249, 0x4249, 0x4249, 0x4249, 0x4249, 0x424A, 0x4249, 0x4249, 0x4249,
  0x4249, 0x4249, 0x424A, 0x4249, 0x4249, 0x4249, 0x424A, 0x4249, 0x4249, 0x424A, 0x4249, 0x4249,
  0x4249, 0x424A, 0x4249, 0x4249, 0x4249, 0x4249, 0x4249, 0x424A, 0x4249, 0x4249, 0x4249, 0x4249,
  0x4249, 0x424A, 0x4249, 0x4249, 0x4249, 0x4249, 0x424A, 0x4249, 0x424A, 0x424A, 0x4249, 0x4249,
  0x4249, 0x4249, 0x424A, 0x424A, 0x4249, 0x4249, 0x4249, 0x4249, 0x4249, 0x424A, 0x4249, 0x4249,
  0x424A, 0x4249, 0x4249, 0x4249, 0x424A, 0x4249, 0x424A, 0x4249, 0x4249, 0x424A, 0x4249, 0x4249,
  0x4249, 0x4249, 0x424A, 0x424A, 0x4249, 0x4249, 0x4249, 0x4249, 0x4249, 0x4249, 0x4249, 0x4249,
  0x4249, 0x4249, 0x4249, 0x4249, 0x4249, 0x424A, 0x4249, 0x4249, 0x424A, 0x4249, 0x4249, 0x4249,
  0x4249, 0x4249, 0x4249, 0x424A, 0x4249, 0x4249, 0x424A, 0x4249, 0x4249, 0x424A, 0x4249, 0x4249,
  0x4249, 0x4249, 0x4249, 0x4249, 0x4249, 0x4249, 0x424A, 0x4249, 0x4249, 0x4249, 0x4249, 0x4249,
  0x4249, 0x4249, 0x4249, 0x4249, 0x4249, 0x4249, 0x4249, 0x4249, 0x4249, 0x424A, 0x4249, 0x4249,
  0x4249, 0x39E8, 0x3185, 0x5289, 0x52A9, 0x52A9, 0x52A9, 0x52A9, 0x52A9, 0x52A9, 0x52A9, 0x52A9,
  0x52A9, 0x52A9, 0x52A9, 0x52A9, 0x52A9, 0x5289, 0x52A9, 0x52A9, 0x52A9, 0x4A69, 0x2965, 0x4229,
  0x4249, 0x4249, 0x4249, 0x4249, 0x4249, 0x424A, 0x4249, 0x4249, 0x424A, 0x4249, 0x424A, 0x4249,
  0x4249, 0x4249, 0x4249, 0x4249, 0x4249, 0x4249, 0x4249, 0x4249, 0x4249, 0x424A, 0x4249, 0x4249,
  0x424A, 0x4249, 0x4249, 0x4249, 0x4249, 0x424A, 0x4249, 0x4249, 0x4249, 0x4249, 0x424A, 0x4249,
  0x4249, 0x4249, 0x4249, 0x4249, 0x4249, 0x4249, 0x4249, 0x4249, 0x4249, 0x4249, 0x4249, 0x4249,
  0x4249, 0x4249, 0x424A, 0x4249, 0x4249, 0x424A, 0x4249, 0x4249, 0x424A, 0x4249, 0x4249, 0x4249,
  0x424A, 0x424A, 0x4249, 0x4249, 0x4249, 0x4249, 0x424A, 0x4249, 0x4249, 0x4249, 0x4249, 0x4249,
  0x4249, 0x4249, 0x4249, 0x4249, 0x4249, 0x424A, 0x4249, 0x4249, 0x4249, 0x4249, 0x4249, 0x4249,
  0x4249, 0x4249, 0x4249, 0x424A, 0x424A, 0x4249, 0x424A, 0x4249, 0x4249, 0x424A, 0x4249, 0x4249,
  0x4249, 0x4249, 0x424A, 0x424A, 0x4249, 0x4249, 0x4249, 0x4249, 0x4249, 0x424A, 0x4249, 0x4249,
  0x424A, 0x4249, 0x424A, 0x4249, 0x4249, 0x4249, 0x424A, 0x4249, 0x4249, 0x4249, 0x424A, 0x4249,
  0x4249, 0x424A, 0x4249, 0x4249, 0x4249, 0x424A, 0x4249, 0x4249, 0x4249, 0x4249, 0x4249, 0x424A,
  0x4249, 0x4249, 0x4249, 0x4249, 0x4249, 0x424A, 0x4249, 0x4249, 0x4249, 0x4249, 0x424A, 0x4249,
  0x424A, 0x424A, 0x4249, 0x4249, 0x4249, 0x4249, 0x424A, 0x424A, 0x4249, 0x4249, 0x4249, 0x4249,
  0x4249, 0x424A, 0x4249, 0x4249, 0x424A, 0x4249, 0x4249, 0x4249, 0x424A, 0x4249, 0x424A, 0x4249,
  0x4249, 0x424A, 0x4249, 0x4249, 0x4249, 0x4249, 0x424A, 0x424A, 0x4249, 0x4249, 0x424A, 0x4249,
  0x4249, 0x424A, 0x4249, 0x4249, 0x424A, 0x4249, 0x4249, 0x4249, 0x4249, 0x4249, 0x424A, 0x4249,
  0x4249, 0x424A, 0x4249, 0x4249, 0x4249, 0x424A, 0x424A, 0x4249, 0x424A, 0x4249, 0x4249, 0x4249,
  0x424A, 0x4249, 0x4249, 0x4249, 0x4249, 0x4249, 0x4249, 0x4249, 0x4249, 0x4249, 0x4249, 0x4249,
  0x4249, 0x424A, 0x4249, 0x4249, 0x4249, 0x424A, 0x4249, 0x4249, 0x424A, 0x4249, 0x424A, 0x4249,
  0x4249, 0x4249, 0x4249, 0x4249, 0x424A, 0x4249, 0x4249, 0x4249, 0x4249, 0x4249, 0x4249, 0x4249,
  0x4249, 0x424A, 0x4249, 0x424A, 0x424A, 0x4249, 0x424A, 0x4249, 0x4249, 0x4249, 0x424A, 0x4249,
  0x4249, 0x424A, 0x4249, 0x4249, 0x424A, 0x4249, 0x4249, 0x4249, 0x424A, 0x4249, 0x4249, 0x4249,
  0x4249, 0x4249, 0x424A, 0x4249, 0x4249, 0x4249, 0x4249, 0x424A, 0x4249, 0x4249, 0x424A, 0x4249,
  0x4249, 0x424A, 0x4249, 0x424A, 0x4249, 0x4249, 0x4249, 0x424A, 0x4249, 0x424A, 0x424A, 0x4249,
  0x4249, 0x4249, 0x424A, 0x4249, 0x424A, 0x4249, 0x4249, 0x4249, 0x424A, 0x4249, 0x2986, 0x4207,
  0x52A9, 0x52A9, 0x52A9, 0x52A9, 0x52A9, 0x52A9, 0x52A9, 0x52A9, 0x52A9, 0x52A9, 0x52A9, 0x5289,
  0x39E7, 0x2945, 0x4A48, 0x52A9, 0x52A9, 0x52A9, 0x39E7, 0x31A7, 0x4249, 0x4249, 0x4249, 0x4249,
  0x4249, 0x4249, 0x4249, 0x4249, 0x4249, 0x4249, 0x4249, 0x4249, 0x424A, 0x4249, 0x4249, 0x424A,
  0x4249, 0x4249, 0x424A, 0x424A, 0x4249, 0x424A, 0x4249, 0x4249, 0x4249, 0x424A, 0x424A, 0x4249,
  0x4249, 0x4249, 0x4249, 0x424A, 0x4249, 0x4249, 0x424A, 0x4249, 0x424A, 0x4249, 0x4249, 0x4249,
  0x424A, 0x424A, 0x4249, 0x4249, 0x424A, 0x4249, 0x4249, 0x424A, 0x4249, 0x424A, 0x4249, 0x4249,
  0x4249, 0x4249, 0x4249, 0x4249, 0x4249, 0x424A, 0x4249, 0x4249, 0x4249, 0x4249, 0x4249, 0x4249,
  0x4249, 0x4249, 0x4249, 0x4249, 0x424A, 0x4249, 0x4249, 0x424A, 0x4249, 0x4249, 0x4249, 0x4249,
  0x4249, 0x4249, 0x424A, 0x4249, 0x4249, 0x424A, 0x424A, 0x4249, 0x424A, 0x4249, 0x4249, 0x4249,
  0x4249, 0x4249, 0x4249, 0x4249, 0x424A, 0x4249, 0x4249, 0x4249, 0x4249, 0x4249, 0x4249, 0x4249,
  0x4249, 0x424A, 0x4249, 0x424A, 0x4249, 0x4249, 0x4249, 0x4249, 0x4249, 0x4249, 0x4249, 0x4249,
  0x4249, 0x4249, 0x424A, 0x4249, 0x4249, 0x424A, 0x4249, 0x4249, 0x424A, 0x4249, 0x4249, 0x4249,
  0x4249, 0x4249, 0x424A, 0x4249, 0x4249, 0x424A, 0x4249, 0x4249, 0x4249, 0x424A, 0x424A, 0x4249,
  0x424A, 0x4249, 0x4249, 0x4249, 0x424A, 0x4249, 0x4249, 0x4249, 0x4249, 0x4249, 0x4249, 0x4249,
  0x4249, 0x4249, 0x4249, 0x4249, 0x4249, 0x424A, 0x4249, 0x4249, 0x4249, 0x424A, 0x4249, 0x4249,
  0x424A, 0x4249, 0x424A, 0x4249, 0x4249, 0x4249, 0x4249, 0x4249, 0x424A, 0x4249, 0x4249, 0x4249,
  0x4249, 0x4249, 0x4249, 0x4249, 0x4249, 0x4249, 0x4249, 0x4249, 0x4249, 0x4249, 0x4249, 0x4249,
  0x4249, 0x4249, 0x4249, 0x424A, 0x4249, 0x4249, 0x4249, 0x424A, 0x4249, 0x4249, 0x4249, 0x4249,
  0x424A, 0x4249, 0x4249, 0x4249, 0x4249, 0x4249, 0x424A, 0x4249, 0x4249, 0x4249, 0x4249, 0x4249,
  0x4249, 0x4249, 0x4249, 0x4249, 0x424A, 0x4249, 0x4249, 0x4249, 0x4249, 0x4249, 0x4249, 0x4249,
  0x4249, 0x4249, 0x4249, 0x4249, 0x4249, 0x4249, 0x4249, 0x4249, 0x4249, 0x424A, 0x4249, 0x4249,
  0x424A, 0x4249, 0x4249, 0x424A, 0x424A, 0x4249, 0x4249, 0x424A, 0x4249, 0x4249, 0x4249, 0x4249,
  0x4249, 0x424A, 0x4249, 0x4249, 0x424A, 0x424A, 0x4249, 0x424A, 0x4249, 0x4249, 0x4249, 0x4249,
  0x4249, 0x4249, 0x4249, 0x424A, 0x4249, 0x4249, 0x4249, 0x424A, 0x4249, 0x424A, 0x4249, 0x4249,
  0x4249, 0x4249, 0x4249, 0x424A, 0x4249, 0x424A, 0x4249, 0x4249, 0x4249, 0x4249, 0x4249, 0x4249,
  0x424A, 0x4249, 0x4249, 0x424A, 0x4249, 0x4249, 0x4249, 0x4249, 0x4249, 0x424A, 0x4249, 0x4249,
  0x4249, 0x4249, 0x4249, 0x4249, 0x4249, 0x4249, 0x3A08, 0x2965, 0x5289, 0x52A9, 0x52AA, 0x52A9,
  0x52A9, 0x52A9, 0x52A9, 0x52A9, 0x52A9, 0x5289, 0x4227, 0x2945, 0x18E3, 0x10C3, 0x31A6, 0x5289,
  0x52A9, 0x52A9, 0x5289, 0x2965, 0x3A09, 0x424A, 0x4249, 0x4249, 0x424A, 0x4249, 0x4249, 0x4249,
  0x4249, 0x424A, 0x4249, 0x4249, 0x4249, 0x4249, 0x424A, 0x4249, 0x4249, 0x4249, 0x424A, 0x4249,
  0x4249, 0x4249, 0x424A, 0x4249, 0x4249, 0x424A, 0x4249, 0x4249, 0x424A, 0x4249, 0x4249, 0x4249,
  0x4249, 0x4249, 0x4249, 0x4249, 0x4249, 0x4249, 0x4249, 0x424A, 0x4249, 0x4249, 0x4249, 0x4249,
  0x424A, 0x4249, 0x4249, 0x4249, 0x4249, 0x4249, 0x424A, 0x4249, 0x424A, 0x4249, 0x4249, 0x4249,
  0x424A, 0x4249, 0x4249, 0x424A, 0x4249, 0x4249, 0x424A, 0x4249, 0x424A, 0x424A, 0x4249, 0x424A,
  0x4249, 0x4249, 0x424A, 0x4249, 0x4249, 0x424A, 0x4249, 0x4249, 0x424A, 0x4249, 0x4249, 0x4249,
  0x424A, 0x4249, 0x4249, 0x4249, 0x4249, 0x424A, 0x4249, 0x424A, 0x4249, 0x4249, 0x424A, 0x4249,
  0x4249, 0x4249, 0x4249, 0x4249, 0x424A, 0x424A, 0x4249, 0x4249, 0x4249, 0x4249, 0x4249, 0x4249,
  0x4249, 0x4249, 0x4249, 0x4249, 0x4249, 0x4249, 0x4249, 0x424A, 0x4249, 0x4249, 0x4249, 0x4249,
  0x4249, 0x4249, 0x4249, 0x4249, 0x4249, 0x4249, 0x4249, 0x424A, 0x4249, 0x4249, 0x4249, 0x424A,
  0x4249, 0x4249, 0x4249, 0x4249, 0x424A, 0x4249, 0x4249, 0x4249, 0x4249, 0x4249, 0x424A, 0x4249,
  0x4249, 0x4249, 0x4249, 0x4249, 0x4249, 0x4249, 0x4249, 0x4249, 0x424A, 0x4249, 0x4249, 0x4249,
  0x4249, 0x4249, 0x4249, 0x4249, 0x4249, 0x4249, 0x4249, 0x4249, 0x4249, 0x4249, 0x4249, 0x4249,
  0x4249, 0x424A, 0x4249, 0x4249, 0x424A, 0x4249, 0x4249, 0x424A, 0x424A, 0x4249, 0x4249, 0x424A,
  0x4249, 0x424A, 0x4249, 0x424A, 0x4249, 0x4249, 0x4249, 0x424A, 0x424A, 0x4249, 0x424A, 0x4249,
  0x4249, 0x4249, 0x4249, 0x4249, 0x4249, 0x424A, 0x4249, 0x4249, 0x4249, 0x4249, 0x4249, 0x4249,
  0x4249, 0x4249, 0x4249, 0x424A, 0x4249, 0x4249, 0x4249, 0x424A, 0x4249, 0x4249, 0x424A, 0x4249,
  0x424A, 0x4249, 0x424A, 0x4249, 0x424A, 0x4249, 0x424A, 0x4249, 0x424A, 0x4249, 0x4249, 0x4249,
  0x4249, 0x424A, 0x4249, 0x424A, 0x4249, 0x4249, 0x4249, 0x4249, 0x424A, 0x4249, 0x4249, 0x4249,
  0x4249, 0x4249, 0x4249, 0x4249, 0x424A, 0x4249, 0x4249, 0x4249, 0x4249, 0x4249, 0x4249, 0x4249,
  0x4249, 0x4249, 0x4249, 0x4249, 0x4249, 0x4249, 0x424A, 0x4249, 0x424A, 0x4249, 0x4249, 0x424A,
  0x4249, 0x4249, 0x4249, 0x4249, 0x4249, 0x4249, 0x4249, 0x424A, 0x424A, 0x424A, 0x4249, 0x4249,
  0x4249, 0x4249, 0x4249, 0x4249, 0x424A, 0x4249, 0x4249, 0x4249, 0x4249, 0x424A, 0x4249, 0x4249,
  0x4249, 0x4249, 0x4249, 0x4249, 0x424A, 0x4249, 0x4249, 0x4249, 0x424A, 0x4249, 0x4249, 0x4249,
  0x424A, 0x4249, 0x4249, 0x31A6, 0x39E7, 0x52A9, 0x52A9, 0x52A9, 0x52A9, 0x52A9, 0x52A9, 0x5289,
  0x4A48, 0x2965, 0x18E3, 0x18C3, 0x18A3, 0x10A3, 0x18E3, 0x4228, 0x52A9, 0x52A9, 0x52A9, 0x4208,
  0x2986, 0x4249, 0x4249, 0x4249, 0x4249, 0x424A, 0x424A, 0x4249, 0x4249, 0x424A, 0x4249, 0x4249,
  0x4249, 0x424A, 0x4249, 0x424A, 0x4249, 0x4249, 0x4249, 0x4249, 0x4249, 0x4249, 0x4249, 0x4249,
  0x4249, 0x4249, 0x4249, 0x4249, 0x4249, 0x424A, 0x4249, 0x4249, 0x424A, 0x4249, 0x424A, 0x4249,
  0x4249, 0x424A, 0x4249, 0x4249, 0x4249, 0x4249, 0x4249, 0x424A, 0x4249, 0x4249, 0x4249, 0x424A,
  0x4249, 0x4249, 0x4249, 0x4249, 0x4249, 0x424A, 0x4249, 0x4249, 0x4249, 0x4249, 0x4249, 0x4249,
  0x4249, 0x424A, 0x4249, 0x4249, 0x4249, 0x4249, 0x4249, 0x4249, 0x4249, 0x4249, 0x4249, 0x4249,
  0x4249, 0x424A, 0x4249, 0x424A, 0x4249, 0x4249, 0x424A, 0x4249, 0x4249, 0x4249, 0x4249, 0x4249,
  0x4249, 0x4249, 0x4249, 0x4249, 0x4249, 0x4249, 0x4249, 0x4249, 0x4249, 0x424A, 0x424A, 0x4249,
  0x4249, 0x4249, 0x4249, 0x4249, 0x4249, 0x4249, 0x4249, 0x424A, 0x4249, 0x4249, 0x424A, 0x4249,
  0x424A, 0x424A, 0x4249, 0x424A, 0x4249, 0x424A, 0x4249, 0x424A, 0x4249, 0x4249, 0x4249, 0x424A,
  0x424A, 0x4249, 0x424A, 0x4249, 0x4249, 0x4249, 0x4249, 0x4249, 0x4249, 0x424A, 0x4249, 0x4249,
  0x4249, 0x4249, 0x4249, 0x4249, 0x4249, 0x4249, 0x4249, 0x424A, 0x4249, 0x4249, 0x4249, 0x424A,
  0x4249, 0x4249, 0x424A, 0x4249, 0x424A, 0x4249, 0x424A, 0x4249, 0x424A, 0x4249, 0x424A, 0x4249,
  0x424A, 0x4249, 0x4249, 0x4249, 0x4249, 0x424A, 0x4249, 0x424A, 0x4249, 0x4249, 0x4249, 0x4249,
  0x424A, 0x4249, 0x4249, 0x4249, 0x4249, 0x4249, 0x4249, 0x4249, 0x4249, 0x4249, 0x4249, 0x4249,
  0x424A, 0x424A, 0x4249, 0x4249, 0x4249, 0x4249, 0x4249, 0x4249, 0x4249, 0x424A, 0x4249, 0x4249,
  0x4249, 0x4249, 0x4249, 0x424A, 0x4249, 0x4249, 0x4249, 0x424A, 0x4249, 0x424A, 0x4249, 0x4249,
  0x4249, 0x424A, 0x4249, 0x4249, 0x424A, 0x4249, 0x4249, 0x4249, 0x424A, 0x4249, 0x4249, 0x4249,
  0x4249, 0x4249, 0x424A, 0x4249, 0x4249, 0x4249, 0x424A, 0x4249, 0x424A, 0x4249, 0x4249, 0x4249,
  0x4249, 0x4249, 0x4249, 0x4249, 0x4249, 0x4249, 0x4249, 0x4249, 0x424A, 0x4249, 0x4249, 0x4249,
  0x4249, 0x424A, 0x4249, 0x424A, 0x4249, 0x4249, 0x4249, 0x4249, 0x424A, 0x4249, 0x4249, 0x4249,
  0x424A, 0x4249, 0x4249, 0x4249, 0x4249, 0x424A, 0x4249, 0x4249, 0x4249, 0x424A, 0x4249, 0x424A,
  0x4249, 0x4249, 0x4249, 0x4249, 0x4249, 0x4249, 0x424A, 0x4249, 0x4249, 0x4249, 0x424A, 0x4249,
  0x4249, 0x424A, 0x4249, 0x4249, 0x4249, 0x4249, 0x4249, 0x424A, 0x4249, 0x4249, 0x4249, 0x424A,
  0x4249, 0x424A, 0x4249, 0x424A, 0x4249, 0x4249, 0x4249, 0x424A, 0x4249, 0x424A, 0x4249, 0x3A29,
  0x2965, 0x4A68, 0x52A9, 0x52A9, 0x52A9, 0x52A9, 0x4A48, 0x3185, 0x10A2, 0x1081, 0x1082, 0x10A3,
  0x18A3, 0x10C3, 0x18C3, 0x3185, 0x5289, 0x52A9, 0x52A9, 0x5289, 0x31A6, 0x3A08, 0x4249, 0x424A,
  0x4249, 0x4249, 0x4249, 0x4249, 0x4249, 0x4249, 0x4249, 0x4249, 0x4249, 0x4249, 0x4249, 0x4249,
  0x4249, 0x4249, 0x424A, 0x4249, 0x4249, 0x4249, 0x4249, 0x4249, 0x424A, 0x4249, 0x4249, 0x4249,
  0x4249, 0x4249, 0x4249, 0x4249, 0x424A, 0x4249, 0x4249, 0x4249, 0x4249, 0x4249, 0x4249, 0x424A,
  0x4249, 0x4249, 0x4249, 0x424A, 0x4249, 0x4249, 0x4249, 0x4249, 0x424A, 0x4249, 0x424A, 0x4249,
  0x4249, 0x4249, 0x4249, 0x4249, 0x424A, 0x4249, 0x4249, 0x4249, 0x4249, 0x424A, 0x4249, 0x4249,
  0x4249, 0x4249, 0x4249, 0x424A, 0x4249, 0x424A, 0x4249, 0x4249, 0x4249, 0x4249, 0x4249, 0x4249,
  0x4249, 0x4249, 0x4249, 0x4249, 0x4249, 0x4249, 0x4249, 0x4249, 0x424A, 0x4249, 0x424A, 0x4249,
  0x4249, 0x424A, 0x4249, 0x424A, 0x4249, 0x4249, 0x4249, 0x4249, 0x4249, 0x424A, 0x424A, 0x4249,
  0x424A, 0x4249, 0x4249, 0x424A, 0x4249, 0x4249, 0x4249, 0x4249, 0x4249, 0x4249, 0x4249, 0x424A,
  0x4249, 0x4249, 0x4249, 0x4249, 0x424A, 0x424A, 0x4249, 0x4249, 0x4249, 0x4249, 0x4249, 0x4249,
  0x4249, 0x424A, 0x4249, 0x4249, 0x4249, 0x4249, 0x4249, 0x424A, 0x4249, 0x4249, 0x4249, 0x424A,
  0x4249, 0x424A, 0x4249, 0x4249, 0x4249, 0x424A, 0x4249, 0x4249, 0x424A, 0x4249, 0x4249, 0x4249,
  0x424A, 0x4249, 0x4249, 0x4249, 0x4249, 0x4249, 0x424A, 0x4249, 0x4249, 0x4249, 0x424A, 0x4249,
  0x424A, 0x4249, 0x4249, 0x4249, 0x4249, 0x4249, 0x4249, 0x4249, 0x4249, 0x4249, 0x4249, 0x4249,
  0x424A, 0x4249, 0x4249, 0x4249, 0x4249, 0x4249, 0x4249, 0x4249, 0x4249, 0x4249, 0x4249, 0x4249,
  0x424A, 0x4249, 0x4249, 0x424A, 0x4249, 0x424A, 0x4249, 0x4249, 0x4249, 0x4249, 0x424A, 0x4249,
  0x4249, 0x4249, 0x424A, 0x4249, 0x424A, 0x4249, 0x4249, 0x4249, 0x4249, 0x4249, 0x4249, 0x4249,
  0x424A, 0x4249, 0x4249, 0x4249, 0x4249, 0x4249, 0x4249, 0x4249, 0x4249, 0x4249, 0x4249, 0x4249,
  0x4249, 0x424A, 0x4249, 0x4249, 0x4249, 0x4249, 0x4249, 0x424A, 0x4249, 0x4249, 0x424A, 0x4249,
  0x4249, 0x424A, 0x4249, 0x4249, 0x424A, 0x4249, 0x4249, 0x424A, 0x4249, 0x4249, 0x424A, 0x4249,
  0x4249, 0x4249, 0x424A, 0x4249, 0x4249, 0x4249, 0x424A, 0x4249, 0x424A, 0x4249, 0x4249, 0x4249,
  0x4249, 0x4249, 0x4249, 0x4249, 0x4249, 0x4249, 0x4249, 0x4249, 0x4249, 0x4249, 0x424A, 0x4249,
  0x4249, 0x4249, 0x4249, 0x4249, 0x4249, 0x4249, 0x424A, 0x4249, 0x4249, 0x424A, 0x4249, 0x424A,
  0x4249, 0x4249, 0x4249, 0x4249, 0x424A, 0x4249, 0x424A, 0x4249, 0x4249, 0x4249, 0x4249, 0x4249,
  0x424A, 0x4249, 0x424A, 0x4249, 0x4249, 0x424A, 0x4249, 0x4249, 0x31C7, 0x39C6, 0x5289, 0x52AA,
  0x52A9, 0x5289, 0x2124, 0x1061, 0x1082, 0x1082, 0x10A2, 0x18C3, 0x10C3, 0x2104, 0x39C6, 0x4A69,
  0x52A9, 0x52A9, 0x52A9, 0x52A9, 0x4A48, 0x2986, 0x4229, 0x4249, 0x4249, 0x4249, 0x4249, 0x4249,
  0x4249, 0x424A, 0x4249, 0x424A, 0x4249, 0x4249, 0x424A, 0x4249, 0x4249, 0x4249, 0x4249, 0x424A,
  0x4249, 0x424A, 0x424A, 0x4249, 0x4249, 0x4249, 0x424A, 0x424A, 0x4249, 0x424A, 0x4249, 0x4249,
  0x4249, 0x4249, 0x424A, 0x4249, 0x4249, 0x4249, 0x424A, 0x4249, 0x424A, 0x4249, 0x424A, 0x4249,
  0x4249, 0x4249, 0x424A, 0x4249, 0x4249, 0x4249, 0x4249, 0x4249, 0x4249, 0x4249, 0x424A, 0x424A,
  0x4249, 0x4249, 0x424A, 0x4249, 0x424A, 0x4249, 0x4249, 0x4249, 0x4249, 0x424A, 0x4249, 0x4249,
  0x4249, 0x4249, 0x4249, 0x424A, 0x4249, 0x4249, 0x4249, 0x424A, 0x4249, 0x4249, 0x4249, 0x4249,
  0x424A, 0x424A, 0x4249, 0x4249, 0x424A, 0x4249, 0x4249, 0x424A, 0x4249, 0x424A, 0x4249, 0x4249,
  0x4249, 0x424A, 0x4249, 0x424A, 0x4249, 0x4249, 0x4249, 0x4249, 0x4249, 0x4249, 0x4249, 0x4249,
  0x4249, 0x4249, 0x4249, 0x424A, 0x4249, 0x4249, 0x4249, 0x4249, 0x4249, 0x4249, 0x4249, 0x4249,
  0x4249, 0x4249, 0x4249, 0x4249, 0x424A, 0x4249, 0x4249, 0x424A, 0x4249, 0x424A, 0x4249, 0x4249,
  0x4249, 0x4249, 0x424A, 0x4249, 0x4249, 0x4249, 0x424A, 0x4249, 0x424A, 0x4249, 0x4249, 0x4249,
  0x4249, 0x4249, 0x4249, 0x4249, 0x424A, 0x4249, 0x4249, 0x4249, 0x4249, 0x4249, 0x4249, 0x4249,
  0x4249, 0x4249, 0x4249, 0x4249, 0x4249, 0x424A, 0x4249, 0x4249, 0x4249, 0x4249, 0x4249, 0x424A,
  0x4249, 0x4249, 0x424A, 0x4249, 0x4249, 0x424A, 0x4249, 0x4249, 0x424A, 0x4249, 0x4249, 0x424A,
  0x424A, 0x4249, 0x424A, 0x4249, 0x4249, 0x4249, 0x4249, 0x4249, 0x4249, 0x4249, 0x424A, 0x4249,
  0x4249, 0x4249, 0x4249, 0x424A, 0x4249, 0x4249, 0x424A, 0x4249, 0x4249, 0x424A, 0x4249, 0x4249,
  0x4249, 0x4249, 0x4249, 0x424A, 0x424A, 0x4249, 0x4249, 0x4249, 0x4249, 0x4249, 0x424A, 0x4249,
  0x424A, 0x4249, 0x4249, 0x424A, 0x4249, 0x4249, 0x424A, 0x4249, 0x4249, 0x4249, 0x4249, 0x4249,
  0x424A, 0x424A, 0x4249, 0x4249, 0x4249, 0x4249, 0x424A, 0x4249, 0x4249, 0x4249, 0x4249, 0x424A,
  0x4249, 0x4249, 0x424A, 0x4249, 0x4249, 0x4249, 0x4249, 0x4249, 0x4249, 0x424A, 0x4249, 0x4249,
  0x4249, 0x4249, 0x4249, 0x4249, 0x4249, 0x4249, 0x424A, 0x4249, 0x4249, 0x4249, 0x4249, 0x4249,
  0x424A, 0x4249, 0x4249, 0x424A, 0x4249, 0x4249, 0x4249, 0x424A, 0x4249, 0x4249, 0x4249, 0x424A,
  0x4249, 0x4249, 0x4249, 0x4249, 0x4249, 0x4249, 0x4249, 0x4249, 0x4249, 0x424A, 0x4249, 0x4249,
  0x424A, 0x4249, 0x4249, 0x4249, 0x4249, 0x4249, 0x4249, 0x4249, 0x4249, 0x4249, 0x4249, 0x4249,
  0x4249, 0x4249, 0x4249, 0x4249, 0x4229, 0x2965, 0x4A48, 0x52A9, 0x52A9, 0x52A9, 0x39E6, 0x1061,
  0x0882, 0x1081, 0x0862, 0x18C3, 0x3186, 0x4A48, 0x52A9, 0x52A9, 0x52A9, 0x52A9, 0x52A9, 0x52A9,
  0x4A68, 0x2145, 0x31E8, 0x424A, 0x424A, 0x4249, 0x424A, 0x424A, 0x4249, 0x4249, 0x4249, 0x4249,
  0x4249, 0x4249, 0x4249, 0x4249, 0x4249, 0x424A, 0x4249, 0x4249, 0x4249, 0x4249, 0x4249, 0x4249,
  0x4249, 0x424A, 0x4249, 0x4249, 0x4249, 0x4249, 0x4249, 0x4249, 0x4249, 0x4249, 0x424A, 0x4249,
  0x4249, 0x424A, 0x4249, 0x4249, 0x4249, 0x4249, 0x4249, 0x4249, 0x4249, 0x4249, 0x4249, 0x424A,
  0x4249, 0x4249, 0x4249, 0x424A, 0x4249, 0x4249, 0x424A, 0x4249, 0x4249, 0x4249, 0x4249, 0x4249,
  0x4249, 0x424A, 0x4249, 0x4249, 0x424A, 0x4249, 0x4249, 0x4249, 0x424A, 0x4249, 0x4249, 0x424A,
  0x4249, 0x4249, 0x4249, 0x4249, 0x424A, 0x4249, 0x424A, 0x4249, 0x4249, 0x4249, 0x4249, 0x4249,
  0x424A, 0x4249, 0x4249, 0x4249, 0x4249, 0x4249, 0x4249, 0x424A, 0x4249, 0x4249, 0x4249, 0x4249,
  0x4249, 0x4249, 0x424A, 0x4249, 0x4249, 0x424A, 0x424A, 0x4249, 0x424A, 0x4249, 0x4249, 0x4249,
  0x4249, 0x424A, 0x4249, 0x4249, 0x424A, 0x4249, 0x424A, 0x4249, 0x4249, 0x4249, 0x4249, 0x4249,
  0x4249, 0x4249, 0x424A, 0x4249, 0x4249, 0x4249, 0x4249, 0x424A, 0x4249, 0x4249, 0x424A, 0x4249,
  0x4249, 0x424A, 0x4249, 0x4249, 0x4249, 0x4249, 0x4249, 0x424A, 0x424A, 0x4249, 0x4249, 0x4249,
  0x4249, 0x4249, 0x424A, 0x4249, 0x424A, 0x4249, 0x4249, 0x424A, 0x4249, 0x4249, 0x424A, 0x4249,
  0x4249, 0x4249, 0x4249, 0x4249, 0x424A, 0x424A, 0x4249, 0x4249, 0x4249, 0x4249, 0x424A, 0x4249,
  0x4249, 0x4249, 0x4249, 0x424A, 0x4249, 0x4249, 0x424A, 0x4249, 0x4249, 0x4249, 0x424A, 0x4249,
  0x424A, 0x4249, 0x4249, 0x4249, 0x424A, 0x4249, 0x4249, 0x4249, 0x424A, 0x4249, 0x4249, 0x4249,
  0x424A, 0x4249, 0x4249, 0x4249, 0x4249, 0x4249, 0x4249, 0x4249, 0x4249, 0x424A, 0x4249, 0x4249,
  0x4249, 0x4249, 0x424A, 0x4249, 0x4249, 0x4249, 0x4249, 0x4249, 0x4249, 0x4249, 0x4249, 0x424A,
  0x4249, 0x4249, 0x4249, 0x4249, 0x4249, 0x4249, 0x4249, 0x4249, 0x4249, 0x4249, 0x4249, 0x424A,
  0x4249, 0x4249, 0x4249, 0x4249, 0x4249, 0x4249, 0x4249, 0x424A, 0x4249, 0x4249, 0x4249, 0x4249,
  0x424A, 0x4249, 0x4249, 0x424A, 0x4249, 0x4249, 0x424A, 0x4249, 0x424A, 0x424A, 0x424A, 0x4249,
  0x4249, 0x4249, 0x424A, 0x4249, 0x424A, 0x424A, 0x424A, 0x4249, 0x424A, 0x4249, 0x4249, 0x4249,
  0x424A, 0x4249, 0x4249, 0x4249, 0x424A, 0x4249, 0x4249, 0x4249, 0x424A, 0x424A, 0x4249, 0x424A,
  0x4249, 0x4249, 0x4249, 0x4249, 0x4249, 0x424A, 0x4249, 0x4249, 0x4249, 0x4249, 0x4249, 0x4249,
  0x4249, 0x424A, 0x4249, 0x424A, 0x4249, 0x4249, 0x4249, 0x4249, 0x4249, 0x424A, 0x4249, 0x424A,
  0x4249, 0x39E8, 0x31A6, 0x5289, 0x52A9, 0x52A9, 0x5289, 0x2124, 0x08A1, 0x1081, 0x2944, 0x4228,
  0x52A9, 0x52A9, 0x52A9, 0x52A9, 0x52A9, 0x52A9, 0x5289, 0x4207, 0x2924, 0x18C3, 0x2145, 0x4229,
  0x4249, 0x4249, 0x4249, 0x4249, 0x4249, 0x4249, 0x4249, 0x424A, 0x4249, 0x4249, 0x424A, 0x424A,
  0x4249, 0x4249, 0x4249, 0x4249, 0x424A, 0x4249, 0x4249, 0x4249, 0x424A, 0x4249, 0x4249, 0x4249,
  0x4249, 0x4249, 0x424A, 0x4249, 0x4249, 0x424A, 0x4249, 0x4249, 0x424A, 0x4249, 0x4249, 0x4249,
  0x424A, 0x4249, 0x4249, 0x4249, 0x424A, 0x4249, 0x4249, 0x4249, 0x4249, 0x424A, 0x4249, 0x4249,
  0x4249, 0x4249, 0x4249, 0x4249, 0x4249, 0x424A, 0x4249, 0x4249, 0x4249, 0x4249, 0x4249, 0x4249,
  0x4249, 0x4249, 0x4249, 0x4249, 0x4249, 0x424A, 0x4249, 0x4249, 0x4249, 0x4249, 0x424A, 0x4249,
  0x4249, 0x4249, 0x424A, 0x4249, 0x4249, 0x4249, 0x4249, 0x4249, 0x4249, 0x4249, 0x4249, 0x4249,
  0x4249, 0x4249, 0x4249, 0x4249, 0x4249, 0x4249, 0x4249, 0x4249, 0x424A, 0x4249, 0x4249, 0x4249,
  0x4249, 0x4249, 0x4249, 0x4249, 0x424A, 0x4249, 0x4249, 0x4249, 0x4249, 0x4249, 0x424A, 0x4249,
  0x4249, 0x4249, 0x424A, 0x4249, 0x424A, 0x4249, 0x4249, 0x4249, 0x424A, 0x4249, 0x4249, 0x4249,
  0x424A, 0x4249, 0x4249, 0x4249, 0x424A, 0x4249, 0x4249, 0x4249, 0x4249, 0x4249, 0x4249, 0x4249,
  0x4249, 0x424A, 0x4249, 0x4249, 0x4249, 0x4249, 0x424A, 0x4249, 0x4249, 0x4249, 0x4249, 0x4249,
  0x4249, 0x4249, 0x4249, 0x424A, 0x4249, 0x4249, 0x4249, 0x4249, 0x4249, 0x4249, 0x4249, 0x4249,
  0x4249, 0x4249, 0x4249, 0x424A, 0x4249, 0x4249, 0x4249, 0x4249, 0x4249, 0x4249, 0x4249, 0x424A,
  0x4249, 0x4249, 0x4249, 0x4249, 0x4249, 0x4249, 0x424A, 0x4249, 0x4249, 0x424A, 0x4249, 0x4249,
  0x4249, 0x4249, 0x4249, 0x4249, 0x4249, 0x4249, 0x4249, 0x4249, 0x4249, 0x4249, 0x4249, 0x4249,
  0x4249, 0x424A, 0x4249, 0x424A, 0x4249, 0x4249, 0x424A, 0x4249, 0x4249, 0x4249, 0x4249, 0x4249,
  0x424A, 0x4249, 0x4249, 0x4249, 0x424A, 0x4249, 0x4249, 0x4249, 0x4249, 0x4249, 0x424A, 0x4249,
  0x4249, 0x424A, 0x4249, 0x424A, 0x4249, 0x4249, 0x4249, 0x4249, 0x4249, 0x4249, 0x424A, 0x424A,
  0x4249, 0x4249, 0x4249, 0x4249, 0x4249, 0x4249, 0x424A, 0x4249, 0x4249, 0x4249, 0x424A, 0x4249,
  0x4249, 0x4249, 0x4249, 0x4249, 0x4249, 0x4249, 0x4249, 0x4249, 0x4249, 0x4249, 0x4249, 0x4249,
  0x4249, 0x4249, 0x4249, 0x4249, 0x4249, 0x4249, 0x4249, 0x4249, 0x424A, 0x4249, 0x4249, 0x4249,
  0x4249, 0x4249, 0x424A, 0x4249, 0x4249, 0x4249, 0x4249, 0x4249, 0x424A, 0x4249, 0x4249, 0x4249,
  0x4249, 0x4249, 0x424A, 0x4249, 0x424A, 0x4249, 0x4249, 0x4249, 0x424A, 0x4249, 0x4249, 0x4249,
  0x4249, 0x424A, 0x424A, 0x4249, 0x4249, 0x4249, 0x4249, 0x4249, 0x4249, 0x4249, 0x2966, 0x4A28,
  0x52A9, 0x52A9, 0x52A9, 0x4207, 0x2103, 0x41E7, 0x5289, 0x52A9, 0x52A9, 0x52A9, 0x5AA9, 0x736C,
  0x7BEF, 0x4248, 0x2965, 0x18C4, 0x10A3, 0x10A3, 0x10C3, 0x31A7, 0x4249, 0x4249, 0x4249, 0x4249,
  0x4249, 0x4249, 0x4249, 0x4249, 0x424A, 0x4249, 0x4249, 0x4249, 0x4249, 0x4249, 0x424A, 0x4249,
  0x4249, 0x4249, 0x424A, 0x4249, 0x424A, 0x4249, 0x4249, 0x4249, 0x4249, 0x4249, 0x4249, 0x424A,
  0x4249, 0x4249, 0x4249, 0x4249, 0x4249, 0x4249, 0x4249, 0x4249, 0x4249, 0x424A, 0x4249, 0x4249,
  0x4249, 0x4249, 0x4249, 0x4249, 0x4249, 0x424A, 0x424A, 0x4249, 0x4249, 0x424A, 0x4249, 0x4249,
  0x4249, 0x4249, 0x424A, 0x4249, 0x424A, 0x4249, 0x424A, 0x424A, 0x4249, 0x4249, 0x4249, 0x424A,
  0x424A, 0x4249, 0x4249, 0x4249, 0x4249, 0x4249, 0x424A, 0x4249, 0x4249, 0x4249, 0x4249, 0x4249,
  0x4249, 0x424A, 0x4249, 0x4249, 0x424A, 0x4249, 0x424A, 0x4249, 0x424A, 0x424A, 0x4249, 0x4249,
  0x4249, 0x424A, 0x4249, 0x424A, 0x4249, 0x4249, 0x424A, 0x424A, 0x4249, 0x4249, 0x4249, 0x4249,
  0x4249, 0x424A, 0x4249, 0x4249, 0x4249, 0x424A, 0x4249, 0x4249, 0x4249, 0x4249, 0x424A, 0x4249,
  0x4249, 0x424A, 0x4249, 0x4249, 0x4249, 0x4249, 0x4249, 0x4249, 0x4249, 0x4249, 0x4249, 0x4249,
  0x4249, 0x4249, 0x4249, 0x4249, 0x4249, 0x424A, 0x4249, 0x424A, 0x4249, 0x4249, 0x424A, 0x4249,
  0x4249, 0x4249, 0x4249, 0x4249, 0x424A, 0x4249, 0x4249, 0x4249, 0x424A, 0x4249, 0x4249, 0x4249,
  0x4249, 0x4249, 0x424A, 0x4249, 0x4249, 0x424A, 0x4249, 0x424A, 0x4249, 0x4249, 0x4249, 0x4249,
  0x4249, 0x4249, 0x424A, 0x424A, 0x4249, 0x4249, 0x4249, 0x4249, 0x4249, 0x4249, 0x424A, 0x4249,
  0x4249, 0x4249, 0x4249, 0x4249, 0x4249, 0x4249, 0x4249, 0x424A, 0x424A, 0x4249, 0x424A, 0x4249,
  0x4249, 0x424A, 0x4249, 0x4249, 0x4249, 0x424A, 0x4249, 0x4249, 0x424A, 0x4249, 0x4249, 0x424A,
  0x4249, 0x4249, 0x4249, 0x424A, 0x4249, 0x424A, 0x4249, 0x4249, 0x424A, 0x4249, 0x424A, 0x4249,
  0x424A, 0x4249, 0x4249, 0x4249, 0x424A, 0x4249, 0x424A, 0x4249, 0x4249, 0x424A, 0x4249, 0x4249,
  0x4249, 0x4249, 0x4249, 0x424A, 0x4249, 0x4249, 0x4249, 0x4249, 0x424A, 0x4249, 0x4249, 0x4249,
  0x424A, 0x4249, 0x4249, 0x4249, 0x4249, 0x4249, 0x4249, 0x4249, 0x424A, 0x424A, 0x4249, 0x4249,
  0x4249, 0x4249, 0x424A, 0x4249, 0x4249, 0x4249, 0x424A, 0x4249, 0x4249, 0x4249, 0x4249, 0x4249,
  0x4249, 0x4249, 0x424A, 0x4249, 0x4249, 0x4249, 0x4249, 0x424A, 0x4249, 0x4249, 0x424A, 0x4249,
  0x4249, 0x4249, 0x4249, 0x4249, 0x4249, 0x4249, 0x424A, 0x424A, 0x4249, 0x4249, 0x4249, 0x4249,
  0x4249, 0x424A, 0x4249, 0x424A, 0x4249, 0x4249, 0x424A, 0x4249, 0x4249, 0x4249, 0x4249, 0x4249,
  0x424A, 0x4249, 0x424A, 0x4249, 0x4249, 0x424A, 0x3A08, 0x2965, 0x5289, 0x52A9, 0x52A9, 0x52A9,
  0x5289, 0x52A9, 0x52A9, 0x52A9, 0x5AA9, 0x6B0A, 0x836B, 0x9B8D, 0xAD34, 0x526A, 0x10C3, 0x10A3,
  0x10C3, 0x10C3, 0x18A3, 0x2105, 0x3A29, 0x424A, 0x4249, 0x424A, 0x424A, 0x4249, 0x424A, 0x4249,
  0x4249, 0x4249, 0x4249, 0x4249, 0x4249, 0x4249, 0x4249, 0x424A, 0x4249, 0x4249, 0x424A, 0x4249,
  0x4249, 0x4249, 0x424A, 0x424A, 0x4249, 0x4249, 0x424A, 0x4249, 0x4249, 0x4249, 0x4249, 0x4249,
  0x424A, 0x424A, 0x4249, 0x4249, 0x4249, 0x4249, 0x4249, 0x4249, 0x424A, 0x424A, 0x4249, 0x4249,
  0x4249, 0x4249, 0x4249, 0x4249, 0x4249, 0x4249, 0x424A, 0x4249, 0x4249, 0x4249, 0x424A, 0x4249,
  0x4249, 0x4249, 0x4249, 0x4249, 0x4249, 0x424A, 0x4249, 0x4249, 0x4249, 0x4249, 0x4249, 0x424A,
  0x4249, 0x4249, 0x4249, 0x4249, 0x4249, 0x424A, 0x424A, 0x4249, 0x4249, 0x424A, 0x4249, 0x4249,
  0x424A, 0x4249, 0x4249, 0x4249, 0x4249, 0x4249, 0x4249, 0x424A, 0x4249, 0x4249, 0x4249, 0x4249,
  0x4249, 0x4249, 0x4249, 0x4249, 0x4249, 0x424A, 0x4249, 0x4249, 0x4249, 0x4249, 0x424A, 0x4249,
  0x424A, 0x4249, 0x4249, 0x4249, 0x4249, 0x4249, 0x4249, 0x4249, 0x4249, 0x4249, 0x4249, 0x424A,
  0x424A, 0x4249, 0x424A, 0x4249, 0x4249, 0x424A, 0x4249, 0x4249, 0x4249, 0x424A, 0x4249, 0x4249,
  0x424A, 0x4249, 0x4249, 0x424A, 0x4249, 0x4249, 0x4249, 0x424A, 0x4249, 0x424A, 0x4249, 0x4249,
  0x424A, 0x4249, 0x424A, 0x4249, 0x424A, 0x4249, 0x4249, 0x4249, 0x424A, 0x4249, 0x424A, 0x4249,
  0x4249, 0x424A, 0x4249, 0x4249, 0x4249, 0x4249, 0x4249, 0x424A, 0x4249, 0x4249, 0x4249, 0x4249,
  0x424A, 0x4249, 0x4249, 0x4249, 0x424A, 0x4249, 0x4249, 0x4249, 0x4249, 0x424A, 0x4249, 0x424A,
  0x4249, 0x4249, 0x4249, 0x4249, 0x4249, 0x4249, 0x4249, 0x424A, 0x4249, 0x424A, 0x4249, 0x4249,
  0x424A, 0x4249, 0x4249, 0x424A, 0x4249, 0x4249, 0x4249, 0x4249, 0x4249, 0x4249, 0x4249, 0x4249,
  0x4249, 0x4249, 0x4249, 0x4249, 0x4249, 0x4249, 0x4249, 0x4249, 0x424A, 0x4249, 0x4249, 0x4249,
  0x4249, 0x4249, 0x4249, 0x4249, 0x4249, 0x4249, 0x4249, 0x4249, 0x4249, 0x424A, 0x4249, 0x4249,
  0x4249, 0x4249, 0x4249, 0x4249, 0x424A, 0x4249, 0x4249, 0x4249, 0x424A, 0x4249, 0x424A, 0x4249,
  0x4249, 0x424A, 0x424A, 0x4249, 0x4249, 0x4249, 0x4249, 0x4249, 0x424A, 0x4249, 0x4249, 0x424A,
  0x4249, 0x4249, 0x4249, 0x4249, 0x4249, 0x424A, 0x424A, 0x4249, 0x4249, 0x4249, 0x4249, 0x4249,
  0x4249, 0x4249, 0x424A, 0x4249, 0x4249, 0x4249, 0x4249, 0x4249, 0x4249, 0x424A, 0x4249, 0x4249,
  0x4249, 0x4249, 0x4249, 0x4249, 0x4249, 0x4249, 0x4249, 0x4249, 0x4249, 0x4249, 0x4249, 0x4249,
  0x4249, 0x4249, 0x4249, 0x4249, 0x4249, 0x424A, 0x4249, 0x424A, 0x4249, 0x4249, 0x4249, 0x4249,
  0x4249, 0x4249, 0x4249, 0x2986, 0x4207, 0x52A9, 0x52A9, 0x52A9, 0x52A9, 0x52A9, 0x52A9, 0x5AEA,
  0x7B6C, 0x93C9, 0xA4AD, 0x9B2A, 0xA4B1, 0x8C71, 0x2124, 0x10C3, 0x18C3, 0x10A3, 0x10A3, 0x10A3,
  0x31A7, 0x4249, 0x4249, 0x4249, 0x4249, 0x4249, 0x4249, 0x4249, 0x424A, 0x4249, 0x4249, 0x424A,
  0x424A, 0x424A, 0x4249, 0x4249, 0x4249, 0x4249, 0x4249, 0x4249, 0x4249, 0x4249, 0x4249, 0x4249,
  0x4249, 0x424A, 0x4249, 0x4249, 0x4249, 0x4249, 0x424A, 0x4249, 0x4249, 0x4249, 0x424A, 0x4249,
  0x4249, 0x424A, 0x424A, 0x4249, 0x4249, 0x4249, 0x4249, 0x4249, 0x424A, 0x4249, 0x4249, 0x4249,
  0x4249, 0x4249, 0x4249, 0x424A, 0x4249, 0x4249, 0x4249, 0x4249, 0x4249, 0x4249, 0x4249, 0x4249,
  0x4249, 0x4249, 0x4249, 0x4249, 0x4249, 0x4249, 0x424A, 0x4249, 0x4249, 0x424A, 0x4249, 0x424A,
  0x4249, 0x4249, 0x4249, 0x4249, 0x424A, 0x4249, 0x4249, 0x4249, 0x4249, 0x4249, 0x4249, 0x4249,
  0x4249, 0x4249, 0x4249, 0x4249, 0x4249, 0x4249, 0x424A, 0x4249, 0x4249, 0x4249, 0x4249, 0x4249,
  0x4249, 0x424A, 0x4249, 0x424A, 0x4249, 0x4249, 0x4249, 0x4249, 0x4249, 0x4249, 0x4249, 0x424A,
  0x4249, 0x424A, 0x4249, 0x424A, 0x4249, 0x4249, 0x4249, 0x4249, 0x4249, 0x4249, 0x4249, 0x424A,
  0x4249, 0x424A, 0x4249, 0x4249, 0x424A, 0x4249, 0x4249, 0x424A, 0x4249, 0x4249, 0x4249, 0x4249,
  0x4249, 0x4249, 0x4249, 0x4249, 0x4249, 0x4249, 0x4249, 0x4249, 0x4249, 0x4249, 0x4249, 0x4249,
  0x424A, 0x4249, 0x4249, 0x4249, 0x4249, 0x4249, 0x4249, 0x4249, 0x4249, 0x4249, 0x4249, 0x4249,
  0x4249, 0x424A, 0x4249, 0x4249, 0x4249, 0x4249, 0x4249, 0x4249, 0x424A, 0x4249, 0x4249, 0x4249,
  0x424A, 0x4249, 0x424A, 0x4249, 0x4249, 0x4249, 0x4249, 0x4249, 0x4249, 0x424A, 0x4249, 0x4249,
  0x4249, 0x4249, 0x4249, 0x4249, 0x4249, 0x4249, 0x4249, 0x4249, 0x4249, 0x4249, 0x4249, 0x4249,
  0x4249, 0x4249, 0x424A, 0x4249, 0x424A, 0x4249, 0x4249, 0x4249, 0x424A, 0x424A, 0x4249, 0x424A,
  0x4249, 0x4249, 0x4249, 0x4249, 0x4249, 0x4249, 0x424A, 0x4249, 0x4249, 0x4249, 0x4249, 0x424A,
  0x4249, 0x4249, 0x4249, 0x424A, 0x4249, 0x4249, 0x4249, 0x424A, 0x4249, 0x424A, 0x4249, 0x4249,
  0x4249, 0x424A, 0x4249, 0x4249, 0x4249, 0x4249, 0x4249, 0x4249, 0x424A, 0x4249, 0x4249, 0x4249,
  0x4249, 0x424A, 0x4249, 0x424A, 0x4249, 0x424A, 0x4249, 0x4249, 0x4249, 0x424A, 0x424A, 0x4249,
  0x4249, 0x4249, 0x4249, 0x424A, 0x4249, 0x424A, 0x4249, 0x424A, 0x4249, 0x4249, 0x4249, 0x4249,
  0x424A, 0x424A, 0x4249, 0x4249, 0x4249, 0x4249, 0x424A, 0x4249, 0x4249, 0x424A, 0x4249, 0x4249,
  0x424A, 0x4249, 0x424A, 0x4249, 0x4249, 0x4249, 0x424A, 0x4249, 0x4249, 0x424A, 0x4249, 0x4249,
  0x4249, 0x4249, 0x4249, 0x4249, 0x424A, 0x4249, 0x424A, 0x4249, 0x4249, 0x4249, 0x4249, 0x3A09,
  0x2965, 0x5289, 0x52A9, 0x52A9, 0x52A9, 0x52A9, 0x52A9, 0x62EB, 0x9410, 0x9BC9, 0xA46B, 0xA42C,
  0x9B4C, 0xAD34, 0x5AEB, 0x18A3, 0x10C3, 0x10C3, 0x10A3, 0x10C3, 0x1904, 0x3A08, 0x424A, 0x4249,
  0x4249, 0x424A, 0x4249, 0x4249, 0x4249, 0x4249, 0x4249, 0x4249, 0x4249, 0x4249, 0x4249, 0x4249,
  0x4249, 0x4249, 0x424A, 0x4249, 0x4249, 0x424A, 0x4249, 0x4249, 0x4249, 0x4249, 0x4249, 0x4249,
  0x424A, 0x424A, 0x4249, 0x4249, 0x4249, 0x4249, 0x4249, 0x4249, 0x424A, 0x4249, 0x4249, 0x4249,
  0x424A, 0x4249, 0x4249, 0x424A, 0x4249, 0x424A, 0x4249, 0x424A, 0x424A, 0x4249, 0x4249, 0x424A,
  0x4249, 0x4249, 0x4249, 0x4249, 0x424A, 0x4249, 0x4249, 0x424A, 0x4249, 0x424A, 0x4249, 0x424A,
  0x4249, 0x4249, 0x4249, 0x4249, 0x4249, 0x4249, 0x4249, 0x4249, 0x4249, 0x4249, 0x424A, 0x4249,
  0x4249, 0x4249, 0x424A, 0x4249, 0x424A, 0x4249, 0x4249, 0x424A, 0x424A, 0x424A, 0x4249, 0x4249,
  0x424A, 0x4249, 0x4249, 0x424A, 0x4249, 0x424A, 0x4249, 0x424A, 0x4249, 0x4249, 0x4249, 0x4249,
  0x424A, 0x4249, 0x4249, 0x4249, 0x4249, 0x424A, 0x4249, 0x4249, 0x4249, 0x4249, 0x4249, 0x4249,
  0x4249, 0x424A, 0x4249, 0x4249, 0x4249, 0x4249, 0x4249, 0x4249, 0x4249, 0x4249, 0x4249, 0x4249,
  0x4249, 0x4249, 0x4249, 0x4249, 0x4249, 0x4249, 0x424A, 0x4249, 0x424A, 0x4249, 0x4249, 0x4249,
  0x424A, 0x424A, 0x4249, 0x424A, 0x4249, 0x4249, 0x4249, 0x4249, 0x4249, 0x4249, 0x424A, 0x4249,
  0x4249, 0x4249, 0x4249, 0x424A, 0x4249, 0x4249, 0x4249, 0x424A, 0x4249, 0x4249, 0x4249, 0x424A,
  0x4249, 0x424A, 0x4249, 0x4249, 0x4249, 0x424A, 0x4249, 0x4249, 0x4249, 0x4249, 0x4249, 0x4249,
  0x4249, 0x4249, 0x424A, 0x4249, 0x4249, 0x4249, 0x4249, 0x424A, 0x4249, 0x4249, 0x4249, 0x4249,
  0x424A, 0x4249, 0x4249, 0x424A, 0x4249, 0x4249, 0x4249, 0x4249, 0x4249, 0x4249, 0x4249, 0x4249,
  0x4249, 0x424A, 0x4249, 0x4249, 0x4249, 0x4249, 0x4249, 0x4249, 0x4249, 0x424A, 0x424A, 0x4249,
  0x4249, 0x4249, 0x4249, 0x424A, 0x4249, 0x424A, 0x4249, 0x4249, 0x4249, 0x424A, 0x424A, 0x4249,
  0x4249, 0x4249, 0x4249, 0x4249, 0x424A, 0x4249, 0x4249, 0x4249, 0x4249, 0x4249, 0x4249, 0x424A,
  0x4249, 0x4249, 0x424A, 0x4249, 0x4249, 0x4249, 0x4249, 0x4249, 0x4249, 0x4249, 0x4249, 0x4249,
  0x4249, 0x4249, 0x4249, 0x4249, 0x4249, 0x4249, 0x4249, 0x4249, 0x4249, 0x424A, 0x4249, 0x4249,
  0x4249, 0x4249, 0x4249, 0x4249, 0x4249, 0x424A, 0x4249, 0x4249, 0x4249, 0x4249, 0x4249, 0x424A,
  0x4249, 0x4249, 0x4249, 0x424A, 0x424A, 0x4249, 0x4249, 0x424A, 0x4249, 0x4249, 0x4249, 0x424A,
  0x4249, 0x424A, 0x4249, 0x424A, 0x4249, 0x4249, 0x424A, 0x4249, 0x4249, 0x4249, 0x4249, 0x4249,
  0x4249, 0x4249, 0x4249, 0x4249, 0x4249, 0x424A, 0x424A, 0x4249, 0x31A7, 0x39C6, 0x52A9, 0x52A9,
  0x52A9, 0x5289, 0x4228, 0x2965, 0x7B4E, 0x9BEE, 0x9BE8, 0xA4AD, 0x9B6A, 0xA450, 0x9CD2, 0x2965,
  0x18C3, 0x18C3, 0x10A3, 0x18C3, 0x1083, 0x2966, 0x4249, 0x4249, 0x4249, 0x424A, 0x4249, 0x4249,
  0x424A, 0x4249, 0x4249, 0x4249, 0x4249, 0x4249, 0x4249, 0x424A, 0x424A, 0x4249, 0x4249, 0x424A,
  0x4249, 0x4249, 0x4249, 0x4249, 0x424A, 0x4249, 0x4249, 0x4249, 0x4249, 0x4249, 0x4249, 0x424A,
  0x4249, 0x4249, 0x4249, 0x4249, 0x4249, 0x4249, 0x4249, 0x4249, 0x4249, 0x424A, 0x4249, 0x4249,
  0x4249, 0x4249, 0x4249, 0x4249, 0x4249, 0x4249, 0x424A, 0x4249, 0x4249, 0x424A, 0x4249, 0x424A,
  0x4249, 0x424A, 0x4249, 0x4249, 0x4249, 0x4249, 0x4249, 0x4249, 0x424A, 0x424A, 0x4249, 0x4249,
  0x424A, 0x4249, 0x4249, 0x4249, 0x424A, 0x4249, 0x4249, 0x4249, 0x4249, 0x424A, 0x4249, 0x4249,
  0x424A, 0x4249, 0x4249, 0x4249, 0x4249, 0x4249, 0x4249, 0x4249, 0x4249, 0x4249, 0x4249, 0x4249,
  0x424A, 0x4249, 0x4249, 0x4249, 0x424A, 0x4249, 0x4249, 0x4249, 0x424A, 0x4249, 0x4249, 0x424A,
  0x4249, 0x4249, 0x4249, 0x424A, 0x4249, 0x4249, 0x424A, 0x4249, 0x4249, 0x4249, 0x4249, 0x424A,
  0x4249, 0x4249, 0x4249, 0x4249, 0x424A, 0x4249, 0x4249, 0x424A, 0x4249, 0x4249, 0x4249, 0x4249,
  0x4249, 0x4249, 0x4249, 0x4249, 0x4249, 0x424A, 0x4249, 0x4249, 0x4249, 0x4249, 0x4249, 0x4249,
  0x4249, 0x424A, 0x424A, 0x4249, 0x4249, 0x4249, 0x4249, 0x424A, 0x4249, 0x424A, 0x4249, 0x4249,
  0x4249, 0x424A, 0x424A, 0x4249, 0x4249, 0x4249, 0x4249, 0x4249, 0x424A, 0x4249, 0x4249, 0x4249,
  0x4249, 0x4249, 0x4249, 0x424A, 0x4249, 0x4249, 0x424A, 0x4249, 0x4249, 0x4249, 0x424A, 0x4249,
  0x424A, 0x4249, 0x424A, 0x4249, 0x4249, 0x4249, 0x424A, 0x4249, 0x4249, 0x4249, 0x4249, 0x4249,
  0x4249, 0x4249, 0x424A, 0x424A, 0x4249, 0x424A, 0x424A, 0x4249, 0x4249, 0x4249, 0x4249, 0x424A,
  0x4249, 0x4249, 0x4249, 0x4249, 0x4249, 0x4249, 0x4249, 0x4249, 0x4249, 0x4249, 0x4249, 0x4249,
  0x424A, 0x4249, 0x4249, 0x4249, 0x4249, 0x4249, 0x4249, 0x4249, 0x424A, 0x4249, 0x424A, 0x4249,
  0x4249, 0x4249, 0x4249, 0x4249, 0x4249, 0x4249, 0x424A, 0x4249, 0x4249, 0x4249, 0x4249, 0x4249,
  0x4249, 0x424A, 0x4249, 0x4249, 0x4249, 0x4249, 0x424A, 0x4249, 0x4249, 0x4249, 0x4249, 0x424A,
  0x4249, 0x4249, 0x4249, 0x4249, 0x4249, 0x4249, 0x4249, 0x4249, 0x4249, 0x4249, 0x4249, 0x424A,
  0x4249, 0x4249, 0x4249, 0x4249, 0x424A, 0x4249, 0x4249, 0x4249, 0x4249, 0x4249, 0x4249, 0x4249,
  0x4249, 0x4249, 0x4249, 0x4249, 0x4249, 0x424A, 0x4249, 0x4249, 0x4249, 0x4249, 0x4249, 0x4249,
  0x4249, 0x4249, 0x4249, 0x4249, 0x424A, 0x4249, 0x4249, 0x424A, 0x4249, 0x4249, 0x424A, 0x424A,
  0x4249, 0x4249, 0x4249, 0x4249, 0x4229, 0x2965, 0x4A68, 0x52A9, 0x4248, 0x2965, 0x18E3, 0x10C3,
  0x41E8, 0x93F0, 0x9BCA, 0x9C4A, 0xA44C, 0x9B2B, 0xAD34, 0x6B6D, 0x18A3, 0x10C3, 0x10A3, 0x18A3,
  0x10C3, 0x18E4, 0x39E8, 0x424A, 0x4249, 0x4249, 0x4249, 0x4249, 0x4249, 0x4249, 0x4249, 0x424A,
  0x4249, 0x424A, 0x4249, 0x4249, 0x4249, 0x4249, 0x4249, 0x4249, 0x4249, 0x424A, 0x4249, 0x4249,
  0x4249, 0x424A, 0x4249, 0x4249, 0x4249, 0x4249, 0x4249, 0x424A, 0x4249, 0x4249, 0x424A, 0x4249,
  0x424A, 0x424A, 0x4249, 0x4249, 0x4249, 0x424A, 0x4249, 0x4249, 0x4249, 0x4249, 0x4249, 0x4249,
  0x4249, 0x424A, 0x4249, 0x4249, 0x4249, 0x4249, 0x4249, 0x4249, 0x4249, 0x4249, 0x4249, 0x424A,
  0x4249, 0x424A, 0x4249, 0x4249, 0x424A, 0x4249, 0x4249, 0x4249, 0x4249, 0x424A, 0x4249, 0x4249,
  0x4249, 0x424A, 0x4249, 0x4249, 0x4249, 0x4249, 0x4249, 0x4249, 0x4249, 0x4249, 0x424A, 0x4249,
  0x4249, 0x4249, 0x424A, 0x4249, 0x4249, 0x4249, 0x424A, 0x4249, 0x4249, 0x4249, 0x4249, 0x4249,
  0x4249, 0x4249, 0x4249, 0x4249, 0x4249, 0x4249, 0x4249, 0x4249, 0x4249, 0x4249, 0x424A, 0x4249,
  0x4249, 0x4249, 0x424A, 0x4249, 0x424A, 0x4249, 0x424A, 0x4249, 0x4249, 0x4249, 0x424A, 0x4249,
  0x4249, 0x4249, 0x4249, 0x4249, 0x4249, 0x4249, 0x424A, 0x424A, 0x4249, 0x424A, 0x424A, 0x4249,
  0x4249, 0x4249, 0x4249, 0x424A, 0x4249, 0x4249, 0x4249, 0x4249, 0x4249, 0x4249, 0x4249, 0x4249,
  0x4249, 0x4249, 0x4249, 0x4249, 0x424A, 0x4249, 0x4249, 0x4249, 0x4249, 0x4249, 0x4249, 0x4249,
  0x424A, 0x4249, 0x424A, 0x4249, 0x4249, 0x4249, 0x4249, 0x4249, 0x4249, 0x4249, 0x424A, 0x4249,
  0x4249, 0x4249, 0x4249, 0x4249, 0x4249, 0x4249, 0x4249, 0x4249, 0x4249, 0x4249, 0x424A, 0x4249,
  0x4249, 0x4249, 0x424A, 0x4249, 0x4249, 0x424A, 0x4249, 0x424A, 0x4249, 0x4249, 0x4249, 0x4249,
  0x4249, 0x4249, 0x4249, 0x4249, 0x4249, 0x4249, 0x424A, 0x4249, 0x4249, 0x424A, 0x4249, 0x424A,
  0x424A, 0x4249, 0x424A, 0x4249, 0x424A, 0x424A, 0x4249, 0x4249, 0x4249, 0x4249, 0x4249, 0x424A,
  0x4249, 0x4249, 0x424A, 0x4249, 0x4249, 0x4249, 0x4249, 0x4249, 0x4249, 0x424A, 0x424A, 0x4249,
  0x424A, 0x424A, 0x4249, 0x4249, 0x4249, 0x424A, 0x4249, 0x4249, 0x4249, 0x4249, 0x4249, 0x424A,
  0x424A, 0x4249, 0x424A, 0x4249, 0x4249, 0x4249, 0x424A, 0x4249, 0x4249, 0x4249, 0x4249, 0x424A,
  0x4249, 0x4249, 0x424A, 0x4249, 0x4249, 0x4249, 0x4249, 0x424A, 0x4249, 0x4249, 0x4249, 0x4249,
  0x4249, 0x4249, 0x4249, 0x424A, 0x424A, 0x4249, 0x4249, 0x424A, 0x4249, 0x4249, 0x424A, 0x4249,
  0x4249, 0x4249, 0x4249, 0x4249, 0x4249, 0x424A, 0x424A, 0x4249, 0x424A, 0x4249, 0x4249, 0x4249,
  0x424A, 0x4249, 0x4249, 0x4249, 0x4249, 0x4249, 0x4249, 0x4249, 0x424A, 0x4249, 0x4249, 0x4249,
  0x4249, 0x31C8, 0x2985, 0x3186, 0x18E3, 0x10A3, 0x18C3, 0x10C3, 0x18E3, 0x6B0D, 0x9C0F, 0x9BC8,
  0xA4AD, 0x9B8B, 0xA40F, 0xA4F3, 0x39C7, 0x10C3, 0x18C3, 0x18E5, 0x10E5, 0x18C3, 0x2145, 0x4229,
  0x4249, 0x4249, 0x4249, 0x424A, 0x424A, 0x4249, 0x4249, 0x424A, 0x4249, 0x4249, 0x4249, 0x4249,
  0x4249, 0x4249, 0x4249, 0x4249, 0x4249, 0x4249, 0x4249, 0x424A, 0x4249, 0x4249, 0x424A, 0x4249,
  0x424A, 0x4249, 0x4249, 0x4249, 0x4249, 0x424A, 0x4249, 0x4249, 0x424A, 0x4249, 0x4249, 0x424A,
  0x4249, 0x4249, 0x4249, 0x4249, 0x424A, 0x4249, 0x424A, 0x4249, 0x4249, 0x4249, 0x4249, 0x4249,
  0x424A, 0x4249, 0x4249, 0x4249, 0x4249, 0x4249, 0x4249, 0x4249, 0x4249, 0x4249, 0x4249, 0x4249,
  0x4249, 0x4249, 0x4249, 0x424A, 0x4249, 0x4249, 0x4249, 0x424A, 0x4249, 0x424A, 0x4249, 0x4249,
  0x424A, 0x4249, 0x4249, 0x424A, 0x4249, 0x4249, 0x4249, 0x4249, 0x4249, 0x4249, 0x4249, 0x4249,
  0x4249, 0x4249, 0x4249, 0x4249, 0x424A, 0x4249, 0x4249, 0x424A, 0x4249, 0x424A, 0x4249, 0x424A,
  0x424A, 0x4249, 0x424A, 0x4249, 0x4249, 0x4249, 0x4249, 0x424A, 0x4249, 0x4249, 0x4249, 0x4249,
  0x4249, 0x4249, 0x424A, 0x4249, 0x4249, 0x4249, 0x424A, 0x4249, 0x4249, 0x424A, 0x4249, 0x424A,
  0x4249, 0x4249, 0x4249, 0x4249, 0x4249, 0x4249, 0x4249, 0x4249, 0x4249, 0x4249, 0x424A, 0x4249,
  0x4249, 0x424A, 0x4249, 0x424A, 0x424A, 0x4249, 0x424A, 0x4249, 0x424A, 0x424A, 0x4249, 0x4249,
  0x4249, 0x4249, 0x4249, 0x424A, 0x4249, 0x4249, 0x424A, 0x4249, 0x4249, 0x4249, 0x4249, 0x4249,
  0x4249, 0x424A, 0x424A, 0x4249, 0x424A, 0x424A, 0x4249, 0x4249, 0x4249, 0x424A, 0x4249, 0x4249,
  0x4249, 0x4249, 0x4249, 0x4249, 0x4249, 0x4249, 0x424A, 0x4249, 0x4249, 0x4249, 0x4249, 0x4249,
  0x4249, 0x4249, 0x424A, 0x4249, 0x4249, 0x4249, 0x424A, 0x4249, 0x4249, 0x4249, 0x4249, 0x424A,
  0x424A, 0x4249, 0x4249, 0x4249, 0x4249, 0x4249, 0x4249, 0x4249, 0x4249, 0x424A, 0x4249, 0x4249,
  0x4249, 0x4249, 0x4249, 0x4249, 0x424A, 0x4249, 0x4249, 0x4249, 0x424A, 0x4249, 0x4249, 0x4249,
  0x4249, 0x424A, 0x4249, 0x4249, 0x4249, 0x4249, 0x4249, 0x4249, 0x4249, 0x4249, 0x4249, 0x4249,
  0x4249, 0x4249, 0x424A, 0x4249, 0x4249, 0x424A, 0x4249, 0x4249, 0x4249, 0x4249, 0x4249, 0x4249,
  0x424A, 0x4249, 0x424A, 0x4249, 0x4249, 0x424A, 0x4249, 0x424A, 0x4249, 0x4249, 0x4249, 0x424A,
  0x424A, 0x4249, 0x4249, 0x4249, 0x424A, 0x4249, 0x424A, 0x4249, 0x424A, 0x4249, 0x4249, 0x4249,
  0x4249, 0x4249, 0x424A, 0x4249, 0x4249, 0x424A, 0x4249, 0x4249, 0x424A, 0x4249, 0x424A, 0x4249,
  0x4249, 0x4249, 0x4249, 0x4249, 0x4249, 0x4249, 0x4249, 0x424A, 0x4249, 0x4249, 0x4249, 0x424A,
  0x4249, 0x4249, 0x4249, 0x4249, 0x4249, 0x4249, 0x424A, 0x4249, 0x4249, 0x4229, 0x2965, 0x10A3,
  0x10A3, 0x10A3, 0x18C3, 0x10A3, 0x10A3, 0x3986, 0x8BF0, 0x9BCB, 0x9C09, 0xA48D, 0x9B2A, 0xACF3,
  0x7BCF, 0x18E6, 0x29AC, 0x3A2F, 0x320E, 0x1906, 0x18E4, 0x39E8, 0x4249, 0x4249, 0x424A, 0x4249,
  0x4249, 0x4249, 0x4249, 0x4249, 0x4249, 0x4249, 0x424A, 0x4249, 0x424A, 0x424A, 0x4249, 0x424A,
  0x424A, 0x4249, 0x4249, 0x4249, 0x4249, 0x4249, 0x4249, 0x4249, 0x4249, 0x4249, 0x4249, 0x4249,
  0x4249, 0x4249, 0x4249, 0x4249, 0x4249, 0x4249, 0x4249, 0x4249, 0x4249, 0x424A, 0x4249, 0x4249,
  0x4249, 0x424A, 0x4249, 0x4249, 0x424A, 0x4249, 0x4249, 0x4249, 0x4249, 0x424A, 0x424A, 0x4249,
  0x424A, 0x4249, 0x4249, 0x4249, 0x4249, 0x424A, 0x4249, 0x424A, 0x4249, 0x4249, 0x4249, 0x4249,
  0x4249, 0x4249, 0x424A, 0x4249, 0x4249, 0x4249, 0x4249, 0x4249, 0x424A, 0x4249, 0x4249, 0x424A,
  0x424A, 0x4249, 0x4249, 0x424A, 0x4249, 0x4249, 0x424A, 0x4249, 0x424A, 0x424A, 0x4249, 0x4249,
  0x424A, 0x4249, 0x4249, 0x4249, 0x4249, 0x4249, 0x4249, 0x4249, 0x4249, 0x4249, 0x4249, 0x4249,
  0x4249, 0x4249, 0x4249, 0x4249, 0x4249, 0x4249, 0x4249, 0x4249, 0x4249, 0x4249, 0x424A, 0x4249,
  0x4249, 0x4249, 0x4249, 0x4249, 0x4249, 0x4249, 0x424A, 0x4249, 0x4249, 0x4249, 0x424A, 0x4249,
  0x4249, 0x4249, 0x4249, 0x424A, 0x424A, 0x4249, 0x4249, 0x4249, 0x4249, 0x4249, 0x4249, 0x4249,
  0x4249, 0x424A, 0x4249, 0x4249, 0x4249, 0x4249, 0x4249, 0x4249, 0x424A, 0x4249, 0x4249, 0x4249,
  0x424A, 0x4249, 0x4249, 0x4249, 0x4249, 0x424A, 0x4249, 0x4249, 0x4249, 0x4249, 0x4249, 0x4249,
  0x4249, 0x4249, 0x4249, 0x4249, 0x4249, 0x4249, 0x424A, 0x4249, 0x4249, 0x4249, 0x424A, 0x424A,
  0x4249, 0x4249, 0x4249, 0x4249, 0x4249, 0x424A, 0x4249, 0x4249, 0x424A, 0x4249, 0x4249, 0x4249,
  0x4249, 0x424A, 0x4249, 0x4249, 0x424A, 0x4249, 0x4249, 0x4249, 0x4249, 0x4249, 0x424A, 0x4249,
  0x4249, 0x4249, 0x4249, 0x4249, 0x4249, 0x4249, 0x4249, 0x4249, 0x4249, 0x4249, 0x4249, 0x424A,
  0x4249, 0x4249, 0x4249, 0x424A, 0x4249, 0x4249, 0x4249, 0x424A, 0x4249, 0x424A, 0x4249, 0x4249,
  0x424A, 0x424A, 0x4249, 0x4249, 0x4249, 0x4249, 0x424A, 0x4249, 0x4249, 0x4249, 0x424A, 0x4249,
  0x4249, 0x4249, 0x4249, 0x4249, 0x424A, 0x4249, 0x4249, 0x424A, 0x4249, 0x4249, 0x4249, 0x4249,
  0x4249, 0x424A, 0x4249, 0x4249, 0x4249, 0x4249, 0x4249, 0x4249, 0x4249, 0x4249, 0x4249, 0x4249,
  0x424A, 0x4249, 0x4249, 0x4249, 0x4249, 0x4249, 0x424A, 0x4249, 0x4249, 0x424A, 0x4249, 0x4249,
  0x4249, 0x4249, 0x4249, 0x424A, 0x4249, 0x4249, 0x424A, 0x4249, 0x424A, 0x4249, 0x4249, 0x424A,
  0x4249, 0x4249, 0x424A, 0x4249, 0x4249, 0x4249, 0x4249, 0x4249, 0x4249, 0x424A, 0x4249, 0x4249,
  0x4249, 0x4249, 0x4249, 0x424A, 0x4249, 0x424A, 0x39E8, 0x18E4, 0x10C3, 0x18C3, 0x10C3, 0x10A3,
  0x10C3, 0x10A3, 0x62AB, 0x9C10, 0x9BC8, 0xA48C, 0x9BCB, 0x9BAE, 0x8452, 0x424F, 0x4271, 0x4271,
  0x4271, 0x31ED, 0x39E9, 0x4A69, 0x5289, 0x4A69, 0x4A69, 0x4249, 0x4249, 0x4249, 0x424A, 0x4249,
  0x424A, 0x4249, 0x4249, 0x4249, 0x4249, 0x4249, 0x4249, 0x4249, 0x4249, 0x4249, 0x4249, 0x424A,
  0x4249, 0x4249, 0x424A, 0x4249, 0x4249, 0x424A, 0x424A, 0x424A, 0x4249, 0x4249, 0x4249, 0x4249,
  0x424A, 0x4249, 0x4249, 0x4249, 0x4249, 0x4249, 0x4249, 0x4249, 0x424A, 0x4249, 0x4249, 0x4249,
  0x4249, 0x424A, 0x424A, 0x4249, 0x4249, 0x4249, 0x4249, 0x4249, 0x424A, 0x4249, 0x424A, 0x4249,
  0x4249, 0x4249, 0x424A, 0x4249, 0x4249, 0x4249, 0x424A, 0x424A, 0x4249, 0x424A, 0x4249, 0x424A,
  0x4249, 0x4249, 0x4249, 0x424A, 0x4249, 0x4249, 0x4249, 0x4249, 0x4249, 0x424A, 0x4249, 0x4249,
  0x4249, 0x4249, 0x424A, 0x4249, 0x4249, 0x4249, 0x4249, 0x4249, 0x4249, 0x4249, 0x424A, 0x424A,
  0x4249, 0x4249, 0x4249, 0x4249, 0x4249, 0x4249, 0x4249, 0x424A, 0x4249, 0x424A, 0x4249, 0x424A,
  0x4249, 0x4249, 0x424A, 0x424A, 0x4249, 0x4249, 0x4249, 0x4249, 0x4249, 0x424A, 0x4249, 0x4249,
  0x424A, 0x4249, 0x4249, 0x4249, 0x4249, 0x424A, 0x4249, 0x4249, 0x424A, 0x4249, 0x4249, 0x4249,
  0x4249, 0x4249, 0x424A, 0x4249, 0x4249, 0x4249, 0x4249, 0x4249, 0x4249, 0x4249, 0x4249, 0x4249,
  0x4249, 0x4249, 0x4249, 0x424A, 0x4249, 0x4249, 0x4249, 0x424A, 0x4249, 0x4249, 0x4249, 0x424A,
  0x4249, 0x424A, 0x4249, 0x4249, 0x424A, 0x424A, 0x4249, 0x4249, 0x4249, 0x4249, 0x424A, 0x4249,
  0x4249, 0x4249, 0x424A, 0x4249, 0x4249, 0x4249, 0x4249, 0x4249, 0x4249, 0x424A, 0x4249, 0x4249,
  0x424A, 0x4249, 0x424A, 0x4249, 0x4249, 0x4249, 0x4249, 0x4249, 0x4249, 0x4249, 0x4249, 0x4249,
  0x4249, 0x4249, 0x424A, 0x4249, 0x4249, 0x4249, 0x4249, 0x424A, 0x424A, 0x4249, 0x4249, 0x4249,
  0x424A, 0x4249, 0x4249, 0x424A, 0x424A, 0x4249, 0x4249, 0x4249, 0x4249, 0x4249, 0x4249, 0x4249,
  0x4249, 0x4249, 0x4249, 0x4249, 0x4249, 0x4249, 0x4249, 0x4249, 0x424A, 0x4249, 0x4249, 0x424A,
  0x4249, 0x4249, 0x4249, 0x4249, 0x4249, 0x4249, 0x4249, 0x4249, 0x4249, 0x4249, 0x4249, 0x4249,
  0x4249, 0x4249, 0x4249, 0x4249, 0x424A, 0x4249, 0x4249, 0x4249, 0x424A, 0x4249, 0x4249, 0x4249,
  0x424A, 0x4249, 0x424A, 0x4249, 0x4249, 0x4249, 0x424A, 0x4249, 0x4249, 0x4249, 0x4249, 0x424A,
  0x4249, 0x4249, 0x424A, 0x4249, 0x4249, 0x4249, 0x4249, 0x4249, 0x424A, 0x4249, 0x4249, 0x4249,
  0x4249, 0x4249, 0x4249, 0x4249, 0x4249, 0x4249, 0x4249, 0x4249, 0x424A, 0x4249, 0x4249, 0x4249,
  0x424A, 0x4249, 0x424A, 0x4249, 0x424A, 0x4249, 0x4249, 0x424A, 0x4249, 0x424A, 0x4249, 0x4249,
  0x4249, 0x4249, 0x4229, 0x2966, 0x18C3, 0x10A3, 0x10A3, 0x10C3, 0x18C3, 0x10C3, 0x2945, 0x83AF,
  0x9BED, 0x9BE9, 0x8C0E, 0x5A8F, 0x4A91, 0x4291, 0x4271, 0x4271, 0x4291, 0x4271, 0x4270, 0x4A6E,
  0x5289, 0x5289, 0x5289, 0x4A89, 0x4A69, 0x4A69, 0x4269, 0x4249, 0x4249, 0x4249, 0x424A, 0x4249,
  0x4249, 0x4249, 0x4249, 0x4249, 0x4249, 0x4249, 0x4249, 0x4249, 0x4249, 0x4249, 0x424A, 0x4249,
  0x4249, 0x4249, 0x4249, 0x4249, 0x4249, 0x4249, 0x424A, 0x4249, 0x4249, 0x4249, 0x424A, 0x4249,
  0x424A, 0x4249, 0x4249, 0x4249, 0x4249, 0x4249, 0x4249, 0x4249, 0x4249, 0x4249, 0x4249, 0x4249,
  0x4249, 0x4249, 0x4249, 0x4249, 0x4249, 0x4249, 0x4249, 0x424A, 0x4249, 0x424A, 0x4249, 0x4249,
  0x4249, 0x424A, 0x4249, 0x4249, 0x4249, 0x4249, 0x4249, 0x4249, 0x4249, 0x4249, 0x4249, 0x4249,
  0x4249, 0x4249, 0x4249, 0x4249, 0x4249, 0x4249, 0x4249, 0x424A, 0x4249, 0x4249, 0x4249, 0x4249,
  0x4249, 0x4249, 0x4249, 0x4249, 0x4249, 0x4249, 0x4249, 0x4249, 0x4249, 0x424A, 0x424A, 0x4249,
  0x4249, 0x424A, 0x424A, 0x4249, 0x4249, 0x4249, 0x4249, 0x4249, 0x4249, 0x4249, 0x4249, 0x4249,
  0x4249, 0x424A, 0x4249, 0x4249, 0x424A, 0x4249, 0x424A, 0x4249, 0x4249, 0x4249, 0x4249, 0x4249,
  0x4249, 0x4249, 0x4249, 0x4249, 0x4249, 0x4249, 0x424A, 0x4249, 0x4249, 0x4249, 0x4249, 0x424A,
  0x424A, 0x4249, 0x4249, 0x4249, 0x424A, 0x4249, 0x4249, 0x424A, 0x424A, 0x4249, 0x4249, 0x4249,
  0x4249, 0x4249, 0x4249, 0x4249, 0x4249, 0x4249, 0x4249, 0x4249, 0x4249, 0x4249, 0x4249, 0x4249,
  0x424A, 0x4249, 0x4249, 0x424A, 0x4249, 0x4249, 0x4249, 0x4249, 0x4249, 0x4249, 0x4249, 0x4249,
  0x424A, 0x4249, 0x424A, 0x4249, 0x4249, 0x424A, 0x4249, 0x4249, 0x4249, 0x4249, 0x4249, 0x4249,
  0x424A, 0x424A, 0x4249, 0x4249, 0x424A, 0x4249, 0x424A, 0x4249, 0x424A, 0x4249, 0x4249, 0x4249,
  0x424A, 0x4249, 0x4249, 0x4249, 0x4249, 0x424A, 0x4249, 0x4249, 0x4249, 0x4249, 0x4249, 0x424A,
  0x4249, 0x4249, 0x4249, 0x4249, 0x424A, 0x4249, 0x4249, 0x424A, 0x4249, 0x4249, 0x4249, 0x4249,
  0x424A, 0x4249, 0x424A, 0x4249, 0x4249, 0x4249, 0x4249, 0x4249, 0x424A, 0x4249, 0x424A, 0x4249,
  0x4249, 0x424A, 0x424A, 0x4249, 0x4249, 0x424A, 0x424A, 0x4249, 0x4249, 0x4249, 0x424A, 0x4249,
  0x4249, 0x4249, 0x424A, 0x4249, 0x4249, 0x4249, 0x4249, 0x4249, 0x424A, 0x4249, 0x4249, 0x424A,
  0x4249, 0x4249, 0x4249, 0x424A, 0x4249, 0x4249, 0x424A, 0x4249, 0x4249, 0x4249, 0x4249, 0x4249,
  0x4249, 0x424A, 0x4249, 0x424A, 0x4249, 0x4249, 0x4249, 0x424A, 0x4249, 0x424A, 0x4249, 0x4249,
  0x4249, 0x4249, 0x424A, 0x4249, 0x4249, 0x4249, 0x4249, 0x4249, 0x424A, 0x4249, 0x4249, 0x4249,
  0x4249, 0x4249, 0x424A, 0x4249, 0x4249, 0x4249, 0x4249, 0x4249, 0x424A, 0x4249, 0x4249, 0x3A09,
  0x1904, 0x10A3, 0x10A3, 0x18C3, 0x10A3, 0x10A3, 0x18A3, 0x526A, 0x8BB0, 0x6ACE, 0x4A91, 0x4291,
  0x4271, 0x4291, 0x4291, 0x52F1, 0x6352, 0x6B92, 0x6B92, 0x6371, 0x630D, 0x5ACA, 0x5289, 0x5289,
  0x5289, 0x5289, 0x5289, 0x5289, 0x4A69, 0x4A69, 0x4249, 0x4249, 0x4249, 0x424A, 0x4249, 0x424A,
  0x4249, 0x4249, 0x424A, 0x4249, 0x424A, 0x4249, 0x4249, 0x4249, 0x4249, 0x4249, 0x4249, 0x4249,
  0x4249, 0x424A, 0x4249, 0x4249, 0x424A, 0x4249, 0x4249, 0x4249, 0x4249, 0x424A, 0x4249, 0x424A,
  0x4249, 0x4249, 0x424A, 0x4249, 0x4249, 0x4249, 0x424A, 0x4249, 0x4249, 0x424A, 0x4249, 0x4249,
  0x424A, 0x4249, 0x4249, 0x4249, 0x4249, 0x4249, 0x424A, 0x4249, 0x4249, 0x4249, 0x4249, 0x4249,
  0x4249, 0x424A, 0x4249, 0x4249, 0x4249, 0x424A, 0x4249, 0x424A, 0x4249, 0x424A, 0x4249, 0x424A,
  0x4249, 0x4249, 0x4249, 0x424A, 0x4249, 0x4249, 0x424A, 0x4249, 0x4249, 0x4249, 0x424A, 0x4249,
  0x4249, 0x424A, 0x4249, 0x4249, 0x4249, 0x4249, 0x4249, 0x4249, 0x4249, 0x4249, 0x4249, 0x4249,
  0x4249, 0x4249, 0x4249, 0x4249, 0x424A, 0x4249, 0x424A, 0x4249, 0x4249, 0x424A, 0x4249, 0x4249,
  0x4249, 0x4249, 0x4249, 0x4249, 0x424A, 0x424A, 0x4249, 0x4249, 0x424A, 0x4249, 0x424A, 0x4249,
  0x424A, 0x4249, 0x4249, 0x4249, 0x424A, 0x4249, 0x4249, 0x4249, 0x4249, 0x424A, 0x4249, 0x4249,
  0x4249, 0x4249, 0x4249, 0x424A, 0x4249, 0x4249, 0x4249, 0x4249, 0x424A, 0x4249, 0x4249, 0x424A,
  0x4249, 0x4249, 0x4249, 0x4249, 0x424A, 0x4249, 0x424A, 0x4249, 0x4249, 0x4249, 0x4249, 0x4249,
  0x424A, 0x4249, 0x424A, 0x4249, 0x4249, 0x424A, 0x424A, 0x4249, 0x4249, 0x4249, 0x4249, 0x4249,
  0x4249, 0x424A, 0x4249, 0x4249, 0x4249, 0x4249, 0x424A, 0x4249, 0x4249, 0x4249, 0x4249, 0x4249,
  0x424A, 0x4249, 0x4249, 0x4249, 0x4249, 0x424A, 0x4249, 0x4249, 0x4249, 0x4249, 0x4249, 0x4249,
  0x4249, 0x4249, 0x424A, 0x424A, 0x4249, 0x4249, 0x4249, 0x4249, 0x4249, 0x4249, 0x424A, 0x4249,
  0x424A, 0x4249, 0x4249, 0x4249, 0x4249, 0x424A, 0x424A, 0x4249, 0x4249, 0x4249, 0x4249, 0x4249,
  0x4249, 0x4249, 0x4249, 0x4249, 0x4249, 0x4249, 0x424A, 0x4249, 0x4249, 0x4249, 0x4249, 0x4249,
  0x4249, 0x424A, 0x4249, 0x4249, 0x4249, 0x4249, 0x424A, 0x4249, 0x4249, 0x4249, 0x4249, 0x4249,
  0x4249, 0x424A, 0x4249, 0x424A, 0x4249, 0x4249, 0x4249, 0x4249, 0x4249, 0x424A, 0x4249, 0x424A,
  0x4249, 0x4249, 0x4249, 0x424A, 0x4249, 0x4249, 0x4249, 0x4249, 0x424A, 0x4249, 0x4249, 0x4249,
  0x4249, 0x424A, 0x424A, 0x4249, 0x4249, 0x4249, 0x4249, 0x4249, 0x424A, 0x4249, 0x4249, 0x4249,
  0x4249, 0x4249, 0x424A, 0x4249, 0x4249, 0x4249, 0x4249, 0x424A, 0x4249, 0x4249, 0x4249, 0x4249,
  0x4249, 0x424A, 0x4249, 0x4249, 0x4249, 0x4249, 0x4249, 0x4249, 0x31A7, 0x18C3, 0x18C3, 0x10A3,
  0x10A3, 0x10C3, 0x2127, 0x31CD, 0x4A91, 0x4271, 0x4291, 0x4291, 0x52D1, 0x73D2, 0x94D4, 0xAD55,
  0xB596, 0xB5B6, 0xB5B6, 0xB5B6, 0xAD75, 0xA534, 0x8C71, 0x6B6D, 0x52A9, 0x5289, 0x5289, 0x5269,
  0x5289, 0x5289, 0x5289, 0x5289, 0x528A, 0x4A49, 0x4249, 0x424A, 0x4249, 0x4249, 0x424A, 0x4249,
  0x4249, 0x4249, 0x4249, 0x424A, 0x4249, 0x424A, 0x424A, 0x4249, 0x424A, 0x4249, 0x4249, 0x4249,
  0x4249, 0x4249, 0x424A, 0x4249, 0x4249, 0x4249, 0x4249, 0x424A, 0x4249, 0x4249, 0x424A, 0x4249,
  0x424A, 0x4249, 0x4249, 0x4249, 0x4249, 0x424A, 0x424A, 0x4249, 0x4249, 0x4249, 0x424A, 0x4249,
  0x4249, 0x4249, 0x4249, 0x4249, 0x424A, 0x4249, 0x4249, 0x4249, 0x4249, 0x4249, 0x424A, 0x4249,
  0x4249, 0x424A, 0x4249, 0x4249, 0x4249, 0x4249, 0x424A, 0x4249, 0x4249, 0x424A, 0x4249, 0x4249,
  0x4249, 0x4249, 0x4249, 0x4249, 0x424A, 0x4249, 0x4249, 0x4249, 0x424A, 0x4249, 0x4249, 0x424A,
  0x4249, 0x4249, 0x4249, 0x424A, 0x424A, 0x4249, 0x4249, 0x4249, 0x424A, 0x424A, 0x4249, 0x424A,
  0x4249, 0x4249, 0x4249, 0x4249, 0x4249, 0x424A, 0x4249, 0x4249, 0x4249, 0x4249, 0x424A, 0x4249,
  0x4249, 0x4249, 0x4249, 0x4249, 0x424A, 0x4249, 0x4249, 0x4249, 0x4249, 0x424A, 0x4249, 0x4249,
  0x4249, 0x4249, 0x4249, 0x4249, 0x4249, 0x4249, 0x424A, 0x424A, 0x4249, 0x4249, 0x4249, 0x4249,
  0x4249, 0x4249, 0x424A, 0x4249, 0x424A, 0x4249, 0x4249, 0x4249, 0x4249, 0x424A, 0x424A, 0x4249,
  0x4249, 0x4249, 0x4249, 0x4249, 0x4249, 0x4249, 0x4249, 0x4249, 0x4249, 0x4249, 0x424A, 0x4249,
  0x4249, 0x4249, 0x4249, 0x4249, 0x4249, 0x4249, 0x4249, 0x4249, 0x424A, 0x4249, 0x4249, 0x424A,
  0x4249, 0x424A, 0x4249, 0x4249, 0x424A, 0x4249, 0x4249, 0x4249, 0x4249, 0x4249, 0x424A, 0x4249,
  0x4249, 0x424A, 0x4249, 0x4249, 0x424A, 0x4249, 0x424A, 0x4249, 0x4249, 0x4249, 0x4249, 0x4249,
  0x4249, 0x4249, 0x424A, 0x424A, 0x4249, 0x4249, 0x424A, 0x4249, 0x4249, 0x4249, 0x4249, 0x4249,
  0x424A, 0x4249, 0x4249, 0x4249, 0x4249, 0x4249, 0x424A, 0x4249, 0x4249, 0x424A, 0x424A, 0x4249,
  0x4249, 0x4249, 0x4249, 0x4249, 0x424A, 0x4249, 0x4249, 0x4249, 0x4249, 0x4249, 0x4249, 0x4249,
  0x4249, 0x424A, 0x4249, 0x4249, 0x424A, 0x4249, 0x424A, 0x4249, 0x4249, 0x4249, 0x4249, 0x4249,
  0x4249, 0x4249, 0x424A, 0x4249, 0x4249, 0x4249, 0x4249, 0x4249, 0x4249, 0x4249, 0x4249, 0x4249,
  0x4249, 0x424A, 0x4249, 0x4249, 0x4249, 0x4249, 0x4249, 0x4249, 0x4249, 0x4249, 0x4249, 0x4249,
  0x4249, 0x4249, 0x4249, 0x424A, 0x4249, 0x424A, 0x4249, 0x4249, 0x424A, 0x424A, 0x4249, 0x4249,
  0x4249, 0x4249, 0x4249, 0x4249, 0x4249, 0x4249, 0x424A, 0x4249, 0x4249, 0x4249, 0x4249, 0x424A,
  0x424A, 0x4249, 0x4249, 0x424A, 0x4229, 0x2105, 0x10C3, 0x10A3, 0x18C3, 0x216A, 0x3A30, 0x4271,
  0x4291, 0x4271, 0x4AB1, 0x73D2, 0xA535, 0xB5B6, 0xBDD6, 0xBDD6, 0xBDF6, 0xBDF6, 0xBDD6, 0xBDF6,
  0xBDD6, 0xBDD6, 0xBDD6, 0xB595, 0x94B2, 0x634C, 0x5289, 0x5289, 0x5289, 0x62EB, 0x842F, 0x7BCE,
  0x6B4C, 0x52AA, 0x4229, 0x4249, 0x4249, 0x424A, 0x4249, 0x4249, 0x424A, 0x4249, 0x4249, 0x4249,
  0x4249, 0x4249, 0x4249, 0x4249, 0x4249, 0x424A, 0x4249, 0x424A, 0x4249, 0x4249, 0x4249, 0x4249,
  0x424A, 0x4249, 0x4249, 0x4249, 0x4249, 0x4249, 0x4249, 0x4249, 0x4249, 0x424A, 0x4249, 0x4249,
  0x4249, 0x4249, 0x4249, 0x4249, 0x424A, 0x4249, 0x4249, 0x4249, 0x4249, 0x4249, 0x4249, 0x424A,
  0x4249, 0x4249, 0x424A, 0x4249, 0x4249, 0x4249, 0x4249, 0x424A, 0x4249, 0x4249, 0x4249, 0x4249,
  0x4249, 0x4249, 0x4249, 0x4249, 0x4249, 0x424A, 0x4249, 0x4249, 0x4249, 0x424A, 0x4249, 0x4249,
  0x4249, 0x4249, 0x424A, 0x4249, 0x4249, 0x424A, 0x4249, 0x4249, 0x4249, 0x424A, 0x4249, 0x4249,
  0x4249, 0x4249, 0x4249, 0x4249, 0x4249, 0x4249, 0x4249, 0x4249, 0x4249, 0x4249, 0x4249, 0x4249,
  0x424A, 0x4249, 0x4249, 0x424A, 0x4249, 0x424A, 0x4249, 0x4249, 0x424A, 0x4249, 0x4249, 0x4249,
  0x4249, 0x4249, 0x424A, 0x4249, 0x4249, 0x424A, 0x4249, 0x4249, 0x424A, 0x4249, 0x424A, 0x4249,
  0x4249, 0x4249, 0x4249, 0x4249, 0x4249, 0x4249, 0x424A, 0x424A, 0x4249, 0x4249, 0x424A, 0x4249,
  0x4249, 0x4249, 0x4249, 0x4249, 0x424A, 0x4249, 0x4249, 0x4249, 0x4249, 0x4249, 0x424A, 0x4249,
  0x4249, 0x424A, 0x424A, 0x4249, 0x4249, 0x4249, 0x4249, 0x4249, 0x424A, 0x4249, 0x4249, 0x4249,
  0x4249, 0x4249, 0x424A, 0x4249, 0x4249, 0x4249, 0x4249, 0x4249, 0x4249, 0x4249, 0x4249, 0x4249,
  0x4249, 0x4249, 0x4249, 0x4249, 0x4249, 0x4249, 0x4249, 0x4249, 0x4249, 0x4249, 0x4249, 0x4249,
  0x424A, 0x4249, 0x4249, 0x424A, 0x4249, 0x4249, 0x4249, 0x4249, 0x4249, 0x4249, 0x4249, 0x4249,
  0x4249, 0x4249, 0x4249, 0x4249, 0x4249, 0x424A, 0x4249, 0x4249, 0x4249, 0x4249, 0x4249, 0x4249,
  0x424A, 0x4249, 0x4249, 0x4249, 0x4249, 0x4249, 0x4249, 0x424A, 0x4249, 0x4249, 0x4249, 0x4249,
  0x4249, 0x4249, 0x424A, 0x424A, 0x4249, 0x4249, 0x4249, 0x4249, 0x424A, 0x4249, 0x4249, 0x4249,
  0x4249, 0x4249, 0x4249, 0x424A, 0x4249, 0x4249, 0x4249, 0x4249, 0x424A, 0x4249, 0x4249, 0x424A,
  0x4249, 0x424A, 0x4249, 0x4249, 0x4249, 0x4249, 0x424A, 0x424A, 0x4249, 0x4249, 0x4249, 0x4249,
  0x424A, 0x4249, 0x4249, 0x424A, 0x4249, 0x4249, 0x424A, 0x4249, 0x4249, 0x4249, 0x424A, 0x4249,
  0x4249, 0x4249, 0x4249, 0x4249, 0x4249, 0x4249, 0x424A, 0x4249, 0x4249, 0x424A, 0x4249, 0x424A,
  0x4249, 0x4249, 0x4249, 0x4249, 0x424A, 0x4249, 0x4249, 0x4249, 0x424A, 0x4249, 0x4249, 0x4249,
  0x4249, 0x31C7, 0x10C3, 0x18C3, 0x18C4, 0x31EE, 0x4271, 0x4291, 0x4271, 0x52F1, 0x8C94, 0xB5B6,
  0xBDD6, 0xBDD6, 0xBDF6, 0xBDF6, 0xBDD6, 0xBDF6, 0xBDD6, 0xBDF6, 0xBDD6, 0xBDF6, 0xBDD6, 0xBDD6,
  0xBDD6, 0xAD55, 0x8410, 0x738D, 0x630B, 0x9491, 0x6B6D, 0x5289, 0x5269, 0x4A68, 0x4208, 0x4228,
  0x4249, 0x4249, 0x4249, 0x4249, 0x4249, 0x4249, 0x424A, 0x424A, 0x4249, 0x4249, 0x4249, 0x4249,
  0x4249, 0x4249, 0x4249, 0x4249, 0x424A, 0x4249, 0x4249, 0x4249, 0x4249, 0x424A, 0x4249, 0x4249,
  0x4249, 0x4249, 0x4249, 0x4249, 0x424A, 0x4249, 0x424A, 0x4249, 0x4249, 0x424A, 0x4249, 0x4249,
  0x4249, 0x424A, 0x4249, 0x4249, 0x424A, 0x424A, 0x4249, 0x4249, 0x4249, 0x4249, 0x424A, 0x4249,
  0x424A, 0x424A, 0x4249, 0x4249, 0x4249, 0x4249, 0x424A, 0x424A, 0x4249, 0x424A, 0x4249, 0x4249,
  0x4249, 0x4249, 0x4249, 0x4249, 0x4249, 0x424A, 0x4249, 0x4249, 0x4249, 0x424A, 0x4249, 0x4249,
  0x4249, 0x4249, 0x4249, 0x4249, 0x4249, 0x4249, 0x4249, 0x4249, 0x4249, 0x4249, 0x4249, 0x4249,
  0x4249, 0x424A, 0x4249, 0x4249, 0x4249, 0x4249, 0x424A, 0x4249, 0x4249, 0x4249, 0x4249, 0x4249,
  0x4249, 0x4249, 0x4249, 0x4249, 0x4249, 0x4249, 0x4249, 0x4249, 0x4249, 0x4249, 0x4249, 0x4249,
  0x4249, 0x4249, 0x4249, 0x4249, 0x424A, 0x4249, 0x4249, 0x424A, 0x4249, 0x4249, 0x4249, 0x4249,
  0x4249, 0x4249, 0x4249, 0x4249, 0x4249, 0x4249, 0x4249, 0x4249, 0x4249, 0x424A, 0x4249, 0x4249,
  0x4249, 0x4249, 0x4249, 0x4249, 0x424A, 0x4249, 0x4249, 0x4249, 0x4249, 0x4249, 0x4249, 0x424A,
  0x4249, 0x4249, 0x4249, 0x4249, 0x4249, 0x4249, 0x424A, 0x424A, 0x424A, 0x4249, 0x424A, 0x4249,
  0x4249, 0x4249, 0x424A, 0x4249, 0x4249, 0x4249, 0x4249, 0x424A, 0x4249, 0x424A, 0x4249, 0x424A,
  0x424A, 0x4249, 0x4249, 0x4249, 0x4249, 0x424A, 0x4249, 0x4249, 0x4249, 0x4249, 0x4249, 0x424A,
  0x4249, 0x4249, 0x424A, 0x424A, 0x4249, 0x4249, 0x4249, 0x4249, 0x4249, 0x424A, 0x4249, 0x4249,
  0x4249, 0x4249, 0x424A, 0x4249, 0x424A, 0x4249, 0x4249, 0x424A, 0x4249, 0x4249, 0x4249, 0x424A,
  0x424A, 0x4249, 0x4249, 0x4249, 0x4249, 0x424A, 0x424A, 0x4249, 0x4249, 0x4249, 0x4249, 0x4249,
  0x424A, 0x4249, 0x4249, 0x424A, 0x4249, 0x4249, 0x424A, 0x4249, 0x4249, 0x4249, 0x4249, 0x4249,
  0x4249, 0x4249, 0x424A, 0x4249, 0x4249, 0x4249, 0x424A, 0x4249, 0x4249, 0x4249, 0x4249, 0x4249,
  0x4249, 0x424A, 0x4249, 0x4249, 0x4249, 0x4249, 0x424A, 0x4249, 0x4249, 0x424A, 0x424A, 0x4249,
  0x4249, 0x4249, 0x4249, 0x4249, 0x4249, 0x4249, 0x424A, 0x4249, 0x4249, 0x424A, 0x4249, 0x424A,
  0x4249, 0x4249, 0x424A, 0x4249, 0x4249, 0x4249, 0x4249, 0x424A, 0x4249, 0x424A, 0x4249, 0x4249,
  0x4249, 0x424A, 0x4249, 0x4249, 0x4249, 0x4249, 0x4249, 0x424A, 0x4249, 0x4229, 0x2145, 0x10A3,
  0x18C4, 0x29AB, 0x4271, 0x4271, 0x52F1, 0x94D4, 0xBDD6, 0xBDD6, 0xBDD6, 0xBDD6, 0xBDD6, 0xBDD6,
  0xBDD6, 0xBDD6, 0xBDD6, 0xBDF6, 0xBDD6, 0xBDD6, 0xBDF6, 0xBDD6, 0xBDD6, 0xBDD6, 0xB5B6, 0xB595,
  0xAD75, 0x8430, 0x4A68, 0x4A48, 0x4A68, 0x4A68, 0x4A68, 0x39E7, 0x4249, 0x424A, 0x4249, 0x424A,
  0x4249, 0x4249, 0x4249, 0x4249, 0x4249, 0x4249, 0x424A, 0x4249, 0x424A, 0x4249, 0x4249, 0x4249,
  0x4249, 0x4249, 0x4249, 0x4249, 0x424A, 0x4249, 0x4249, 0x4249, 0x424A, 0x424A, 0x4249, 0x4249,
  0x4249, 0x4249, 0x4249, 0x4249, 0x4249, 0x4249, 0x424A, 0x4249, 0x4249, 0x4249, 0x4249, 0x4249,
  0x4249, 0x4249, 0x4249, 0x4249, 0x4249, 0x424A, 0x4249, 0x4249, 0x4249, 0x4249, 0x4249, 0x424A,
  0x4249, 0x4249, 0x4249, 0x4249, 0x4249, 0x4249, 0x424A, 0x424A, 0x4249, 0x424A, 0x4249, 0x424A,
  0x4249, 0x4249, 0x4249, 0x4249, 0x424A, 0x4249, 0x4249, 0x4249, 0x4249, 0x424A, 0x4249, 0x424A,
  0x4249, 0x4249, 0x424A, 0x424A, 0x4249, 0x424A, 0x4249, 0x424A, 0x4249, 0x424A, 0x4249, 0x4249,
  0x424A, 0x4249, 0x424A, 0x4249, 0x4249, 0x4249, 0x424A, 0x4249, 0x4249, 0x4249, 0x4249, 0x424A,
  0x4249, 0x424A, 0x4249, 0x424A, 0x424A, 0x4249, 0x4249, 0x4249, 0x4249, 0x424A, 0x4249, 0x4249,
  0x4249, 0x4249, 0x4249, 0x424A, 0x4249, 0x4249, 0x424A, 0x424A, 0x4249, 0x4249, 0x4249, 0x4249,
  0x4249, 0x424A, 0x4249, 0x4249, 0x4249, 0x4249, 0x424A, 0x4249, 0x424A, 0x4249, 0x4249, 0x424A,
  0x4249, 0x4249, 0x4249, 0x424A, 0x424A, 0x4249, 0x4249, 0x4249, 0x4249, 0x424A, 0x424A, 0x4249,
  0x4249, 0x4249, 0x4249, 0x4249, 0x4249, 0x4249, 0x4249, 0x4249, 0x4249, 0x424A, 0x4249, 0x4249,
  0x424A, 0x4249, 0x4249, 0x4249, 0x424A, 0x4249, 0x4249, 0x4249, 0x4249, 0x4249, 0x424A, 0x424A,
  0x4249, 0x4249, 0x424A, 0x4249, 0x4249, 0x424A, 0x4249, 0x4249, 0x4249, 0x4249, 0x4249, 0x4249,
  0x4249, 0x4249, 0x424A, 0x424A, 0x4249, 0x4249, 0x4249, 0x4249, 0x424A, 0x4249, 0x4249, 0x4249,
  0x4249, 0x4249, 0x4249, 0x4249, 0x4249, 0x424A, 0x4249, 0x4249, 0x4249, 0x4249, 0x4249, 0x4249,
  0x4249, 0x424A, 0x4249, 0x4249, 0x4249, 0x424A, 0x4249, 0x4249, 0x4249, 0x4249, 0x424A, 0x4249,
  0x4249, 0x4249, 0x4249, 0x4249, 0x424A, 0x4249, 0x4249, 0x424A, 0x4249, 0x4249, 0x424A, 0x424A,
  0x4249, 0x4249, 0x4249, 0x4249, 0x424A, 0x4249, 0x4249, 0x424A, 0x4249, 0x4249, 0x4249, 0x4249,
  0x4249, 0x424A, 0x4249, 0x4249, 0x4249, 0x4249, 0x4249, 0x4249, 0x4249, 0x4249, 0x424A, 0x4249,
  0x4249, 0x4249, 0x4249, 0x4249, 0x4249, 0x4249, 0x4249, 0x4249, 0x4249, 0x4249, 0x4249, 0x4249,
  0x424A, 0x4249, 0x4249, 0x4249, 0x4249, 0x4249, 0x4249, 0x424A, 0x4249, 0x4249, 0x4249, 0x4249,
  0x424A, 0x4249, 0x424A, 0x4249, 0x4249, 0x424A, 0x39E8, 0x18C4, 0x18E3, 0x31AA, 0x4271, 0x4AD1,
  0x94B4, 0xBDD6, 0xBDD6, 0xBDD6, 0xBDF6, 0xBDF6, 0xBDD6, 0xBDD6, 0xBDF6, 0xBDD6, 0xBDD6, 0xBDF6,
  0xBDD6, 0xBDF6, 0xBDD6, 0xBDD6, 0xBDD6, 0xBDD6, 0xBDD6, 0xB5B6, 0xAD75, 0x738D, 0x4A68, 0x4A68,
  0x5269, 0x4A69, 0x4A68, 0x39E7, 0x4249, 0x4249, 0x4249, 0x4249, 0x4249, 0x4249, 0x4249, 0x4249,
  0x4249, 0x424A, 0x4249, 0x4249, 0x4249, 0x4249, 0x4249, 0x4249, 0x4249, 0x424A, 0x424A, 0x4249,
  0x4249, 0x4249, 0x4249, 0x4249, 0x424A, 0x4249, 0x4249, 0x4249, 0x4249, 0x424A, 0x4249, 0x4249,
  0x4249, 0x4249, 0x4249, 0x4249, 0x4249, 0x424A, 0x4249, 0x4249, 0x4249, 0x424A, 0x424A, 0x4249,
  0x4249, 0x4249, 0x4249, 0x4249, 0x4249, 0x4249, 0x4249, 0x4249, 0x4249, 0x4249, 0x4249, 0x4249,
  0x4249, 0x4249, 0x4249, 0x4249, 0x4249, 0x4249, 0x4249, 0x424A, 0x4249, 0x424A, 0x4249, 0x4249,
  0x4249, 0x4249, 0x4249, 0x424A, 0x4249, 0x4249, 0x4249, 0x4249, 0x4249, 0x4249, 0x4249, 0x4249,
  0x4249, 0x4249, 0x424A, 0x4249, 0x4249, 0x4249, 0x4249, 0x4249, 0x4249, 0x4249, 0x4249, 0x4249,
  0x4249, 0x424A, 0x4249, 0x4249, 0x424A, 0x4249, 0x4249, 0x4249, 0x424A, 0x4249, 0x4249, 0x4249,
  0x4249, 0x4249, 0x424A, 0x424A, 0x4249, 0x4249, 0x424A, 0x4249, 0x4249, 0x424A, 0x4249, 0x4249,
  0x4249, 0x4249, 0x4249, 0x4249, 0x4249, 0x4249, 0x424A, 0x424A, 0x4249, 0x4249, 0x4249, 0x4249,
  0x424A, 0x4249, 0x4249, 0x4249, 0x4249, 0x4249, 0x4249, 0x4249, 0x4249, 0x424A, 0x4249, 0x4249,
  0x4249, 0x4249, 0x4249, 0x4249, 0x4249, 0x424A, 0x4249, 0x4249, 0x4249, 0x424A, 0x4249, 0x4249,
  0x4249, 0x424A, 0x4249, 0x4249, 0x424A, 0x4249, 0x4249, 0x4249, 0x424A, 0x4249, 0x4249, 0x4249,
  0x4249, 0x4249, 0x4249, 0x424A, 0x4249, 0x4249, 0x4249, 0x4249, 0x424A, 0x4249, 0x4249, 0x4249,
  0x4249, 0x4249, 0x4249, 0x4249, 0x424A, 0x4249, 0x424A, 0x4249, 0x424A, 0x4249, 0x4249, 0x4249,
  0x4249, 0x4249, 0x4249, 0x424A, 0x4249, 0x4249, 0x424A, 0x4249, 0x4249, 0x424A, 0x4249, 0x4249,
  0x4249, 0x4249, 0x4249, 0x4249, 0x4249, 0x424A, 0x4249, 0x4249, 0x4249, 0x4249, 0x424A, 0x4249,
  0x424A, 0x424A, 0x4249, 0x4249, 0x4249, 0x4249, 0x4249, 0x424A, 0x4249, 0x4249, 0x4249, 0x424A,
  0x4249, 0x4249, 0x4249, 0x424A, 0x4249, 0x4249, 0x4249, 0x4249, 0x4249, 0x4249, 0x4249, 0x4249,
  0x424A, 0x4249, 0x4249, 0x4249, 0x4249, 0x424A, 0x4249, 0x4249, 0x424A, 0x4249, 0x4249, 0x4249,
  0x424A, 0x424A, 0x4249, 0x4249, 0x4249, 0x424A, 0x424A, 0x4249, 0x4249, 0x424A, 0x424A, 0x4249,
  0x4249, 0x4249, 0x4249, 0x424A, 0x4249, 0x4249, 0x4249, 0x4249, 0x424A, 0x4249, 0x4249, 0x4249,
  0x4249, 0x4249, 0x424A, 0x4249, 0x4249, 0x4249, 0x424A, 0x4249, 0x4249, 0x4249, 0x4249, 0x4249,
  0x4249, 0x4249, 0x4249, 0x31C6, 0x4228, 0x424D, 0x4291, 0x7C13, 0xB5B6, 0xBDD6, 0xBDD6, 0xBDD6,
  0xBDD6, 0xBDD6, 0xBDF6, 0xBDD6, 0xBDD6, 0xBDD6, 0xBDD6, 0xBDD6, 0xBDD6, 0xBDD6, 0xBDD6, 0xBDF6,
  0xBDF6, 0xBDF6, 0xBDF6, 0xBDD6, 0xAD95, 0x738E, 0x4A68, 0x4A69, 0x5269, 0x5289, 0x4A68, 0x31A6,
  0x4229, 0x424A, 0x4249, 0x4249, 0x4249, 0x4249, 0x424A, 0x4249, 0x424A, 0x4249, 0x4249, 0x4249,
  0x4249, 0x424A, 0x424A, 0x4249, 0x4249, 0x4249, 0x4249, 0x4249, 0x4249, 0x4249, 0x424A, 0x4249,
  0x4249, 0x4249, 0x4249, 0x424A, 0x4249, 0x4249, 0x424A, 0x424A, 0x4249, 0x4249, 0x4249, 0x4249,
  0x424A, 0x4249, 0x4249, 0x424A, 0x4249, 0x4249, 0x4249, 0x4249, 0x424A, 0x4249, 0x424A, 0x4249,
  0x4249, 0x424A, 0x424A, 0x4249, 0x424A, 0x4249, 0x4249, 0x424A, 0x424A, 0x4249, 0x4249, 0x4249,
  0x4249, 0x4249, 0x4249, 0x4249, 0x4249, 0x4249, 0x4249, 0x424A, 0x4249, 0x424A, 0x4249, 0x4249,
  0x4249, 0x4249, 0x424A, 0x4249, 0x4249, 0x4249, 0x4249, 0x4249, 0x4249, 0x424A, 0x4249, 0x4249,
  0x4249, 0x4249, 0x424A, 0x4249, 0x4249, 0x424A, 0x4249, 0x4249, 0x424A, 0x4249, 0x4249, 0x4249,
  0x424A, 0x4249, 0x4249, 0x4249, 0x4249, 0x4249, 0x4249, 0x424A, 0x4249, 0x4249, 0x4249, 0x4249,
  0x424A, 0x4249, 0x4249, 0x4249, 0x4249, 0x4249, 0x4249, 0x4249, 0x424A, 0x4249, 0x424A, 0x4249,
  0x424A, 0x4249, 0x4249, 0x4249, 0x4249, 0x4249, 0x4249, 0x424A, 0x4249, 0x4249, 0x424A, 0x4249,
  0x4249, 0x424A, 0x4249, 0x4249, 0x4249, 0x4249, 0x4249, 0x4249, 0x4249, 0x424A, 0x4249, 0x4249,
  0x4249, 0x4249, 0x424A, 0x4249, 0x424A, 0x424A, 0x4249, 0x4249, 0x4249, 0x4249, 0x4249, 0x4249,
  0x424A, 0x4249, 0x4249, 0x4249, 0x4249, 0x4249, 0x4249, 0x4249, 0x424A, 0x4249, 0x4249, 0x4249,
  0x4249, 0x4249, 0x424A, 0x4249, 0x4249, 0x4249, 0x4249, 0x424A, 0x4249, 0x424A, 0x4249, 0x4249,
  0x4249, 0x4249, 0x4249, 0x4249, 0x4249, 0x4249, 0x4249, 0x4249, 0x4249, 0x424A, 0x4249, 0x4249,
  0x4249, 0x4249, 0x4249, 0x4249, 0x424A, 0x4249, 0x4249, 0x4249, 0x424A, 0x424A, 0x4249, 0x4249,
  0x4249, 0x424A, 0x4249, 0x4249, 0x4249, 0x4249, 0x4249, 0x4249, 0x4249, 0x4249, 0x4249, 0x424A,
  0x424A, 0x4249, 0x4249, 0x4249, 0x424A, 0x4249, 0x4249, 0x4249, 0x4249, 0x424A, 0x4249, 0x4249,
  0x4249, 0x4249, 0x4249, 0x4249, 0x4249, 0x4249, 0x424A, 0x4249, 0x4249, 0x4249, 0x424A, 0x4249,
  0x4249, 0x4249, 0x4249, 0x424A, 0x4249, 0x4249, 0x4249, 0x4249, 0x4249, 0x4249, 0x4249, 0x424A,
  0x4249, 0x4249, 0x4249, 0x424A, 0x4249, 0x4249, 0x4249, 0x4249, 0x424A, 0x4249, 0x4249, 0x4249,
  0x4249, 0x4249, 0x424A, 0x424A, 0x4249, 0x4249, 0x4249, 0x424A, 0x4249, 0x4249, 0x4249, 0x4249,
  0x424A, 0x4249, 0x4249, 0x4249, 0x4249, 0x424A, 0x4249, 0x424A, 0x4249, 0x4249, 0x424A, 0x4A69,
  0x5289, 0x4A6C, 0x5B11, 0xAD55, 0xBDD6, 0xBDD6, 0xBDD6, 0xBDF6, 0xBDD6, 0xBDF6, 0xBDD6, 0xBDF6,
  0xBDF6, 0xBDD6, 0xBDD6, 0xBDF6, 0xBDD6, 0xBDF6, 0xBDF6, 0xBDD6, 0xBDD6, 0xBDD6, 0xBDD6, 0xBDD6,
  0xBDD6, 0x9492, 0x5289, 0x4A68, 0x5269, 0x4A68, 0x4A28, 0x39A6, 0x39E8, 0x4249, 0x4249, 0x4249,
  0x424A, 0x4249, 0x4249, 0x424A, 0x4249, 0x4249, 0x424A, 0x4249, 0x4249, 0x4249, 0x4249, 0x4249,
  0x424A, 0x4249, 0x4249, 0x424A, 0x4249, 0x424A, 0x4249, 0x4249, 0x4249, 0x4249, 0x4249, 0x424A,
  0x4249, 0x4249, 0x4249, 0x4249, 0x4249, 0x424A, 0x424A, 0x4249, 0x4249, 0x4249, 0x4249, 0x424A,
  0x4249, 0x4249, 0x4249, 0x4249, 0x4249, 0x4249, 0x4249, 0x4249, 0x4249, 0x4249, 0x4249, 0x4249,
  0x4249, 0x4249, 0x424A, 0x4249, 0x4249, 0x4249, 0x424A, 0x4249, 0x4249, 0x424A, 0x4249, 0x4249,
  0x4249, 0x4249, 0x4249, 0x4249, 0x424A, 0x4249, 0x4249, 0x4249, 0x4249, 0x424A, 0x4249, 0x4249,
  0x424A, 0x424A, 0x4249, 0x4249, 0x4249, 0x4249, 0x4249, 0x4249, 0x4249, 0x4249, 0x424A, 0x4249,
  0x4249, 0x4249, 0x4249, 0x4249, 0x424A, 0x4249, 0x4249, 0x4249, 0x4249, 0x4249, 0x4249, 0x4249,
  0x424A, 0x4249, 0x4249, 0x4249, 0x4249, 0x4249, 0x424A, 0x4249, 0x4249, 0x4249, 0x4249, 0x424A,
  0x4249, 0x424A, 0x4249, 0x4249, 0x4249, 0x4249, 0x4249, 0x4249, 0x4249, 0x4249, 0x4249, 0x4249,
  0x4249, 0x424A, 0x4249, 0x4249, 0x4249, 0x4249, 0x4249, 0x4249, 0x424A, 0x4249, 0x4249, 0x4249,
  0x424A, 0x424A, 0x4249, 0x4249, 0x4249, 0x424A, 0x4249, 0x4249, 0x4249, 0x4249, 0x4249, 0x4249,
  0x4249, 0x4249, 0x4249, 0x424A, 0x4249, 0x4249, 0x4249, 0x4249, 0x4249, 0x4249, 0x424A, 0x4249,
  0x4249, 0x4249, 0x424A, 0x4249, 0x424A, 0x4249, 0x4249, 0x424A, 0x4249, 0x4249, 0x4249, 0x4249,
  0x4249, 0x4249, 0x4249, 0x4249, 0x4249, 0x4249, 0x4249, 0x4249, 0x424A, 0x4249, 0x4249, 0x4249,
  0x424A, 0x4249, 0x424A, 0x424A, 0x4249, 0x4249, 0x424A, 0x4249, 0x424A, 0x4249, 0x4249, 0x4249,
  0x424A, 0x4249, 0x4249, 0x4249, 0x4249, 0x4249, 0x4249, 0x424A, 0x4249, 0x4249, 0x424A, 0x4249,
  0x424A, 0x424A, 0x4249, 0x4249, 0x4249, 0x4249, 0x4249, 0x424A, 0x4249, 0x424A, 0x4249, 0x4249,
  0x4249, 0x4249, 0x4249, 0x4249, 0x4249, 0x4249, 0x4249, 0x4249, 0x424A, 0x4249, 0x4249, 0x424A,
  0x424A, 0x4249, 0x424A, 0x424A, 0x4249, 0x4249, 0x424A, 0x4249, 0x424A, 0x4249, 0x4249, 0x4249,
  0x4249, 0x4249, 0x424A, 0x4249, 0x424A, 0x4249, 0x4249, 0x4249, 0x4249, 0x4249, 0x4249, 0x424A,
  0x4249, 0x4249, 0x4249, 0x4249, 0x424A, 0x4249, 0x424A, 0x424A, 0x4249, 0x424A, 0x4249, 0x4249,
  0x4249, 0x4249, 0x4249, 0x424A, 0x4249, 0x4249, 0x424A, 0x4249, 0x4249, 0x4249, 0x4249, 0x4249,
  0x4249, 0x4249, 0x4249, 0x4249, 0x4249, 0x4249, 0x4249, 0x5289, 0x5269, 0x528A, 0x8432, 0xBDD6,
  0xBDD6, 0xBDF6, 0xBDD6, 0xBDF6, 0xBDF6, 0xBDD6, 0xBDD6, 0xBDD6, 0xBDD6, 0xBDD6, 0xBDF6, 0xBDD6,
  0xBDD6, 0xBDD6, 0xBDD6, 0xBDD6, 0xBDF6, 0xBDF6, 0xBDF6, 0xBDF6, 0xBDD6, 0xAD75, 0x8C51, 0x6B6D,
  0x5AEB, 0x738E, 0x7BCE, 0x39C6, 0x3A07, 0x4249, 0x424A, 0x4249, 0x424A, 0x4249, 0x4249, 0x4249,
  0x4249, 0x4249, 0x4249, 0x424A, 0x4249, 0x4249, 0x4249, 0x4249, 0x4249, 0x4249, 0x424A, 0x4249,
  0x4249, 0x4249, 0x4249, 0x4249, 0x4249, 0x424A, 0x424A, 0x4249, 0x4249, 0x4249, 0x424A, 0x4249,
  0x4249, 0x4249, 0x4249, 0x4249, 0x4249, 0x424A, 0x4249, 0x4249, 0x4249, 0x4249, 0x424A, 0x4249,
  0x4249, 0x4249, 0x424A, 0x4249, 0x424A, 0x4249, 0x4249, 0x4249, 0x4249, 0x4249, 0x4249, 0x4249,
  0x4249, 0x4249, 0x4249, 0x424A, 0x4249, 0x4249, 0x424A, 0x4249, 0x4249, 0x424A, 0x4249, 0x4249,
  0x4249, 0x4249, 0x424A, 0x4249, 0x424A, 0x4249, 0x4249, 0x4249, 0x4249, 0x4249, 0x424A, 0x4249,
  0x4249, 0x424A, 0x424A, 0x4249, 0x424A, 0x4249, 0x424A, 0x4249, 0x4249, 0x4249, 0x4249, 0x4249,
  0x4249, 0x4249, 0x424A, 0x4249, 0x4249, 0x4249, 0x424A, 0x4249, 0x424A, 0x4249, 0x4249, 0x424A,
  0x4249, 0x4249, 0x4249, 0x4249, 0x4249, 0x4249, 0x4249, 0x4249, 0x4249, 0x4249, 0x4249, 0x4249,
  0x424A, 0x4249, 0x4249, 0x4249, 0x424A, 0x4249, 0x424A, 0x424A, 0x4249, 0x4249, 0x424A, 0x4249,
  0x424A, 0x4249, 0x4249, 0x4249, 0x424A, 0x4249, 0x4249, 0x4249, 0x4249, 0x4249, 0x4249, 0x424A,
  0x4249, 0x4249, 0x424A, 0x4249, 0x424A, 0x424A, 0x4249, 0x4249, 0x4249, 0x4249, 0x4249, 0x424A,
  0x4249, 0x424A, 0x424A, 0x4249, 0x4249, 0x4249, 0x4249, 0x424A, 0x4249, 0x4249, 0x424A, 0x4249,
  0x4249, 0x4249, 0x424A, 0x4249, 0x424A, 0x4249, 0x4249, 0x424A, 0x4249, 0x424A, 0x4249, 0x4249,
  0x424A, 0x4249, 0x4249, 0x424A, 0x424A, 0x4249, 0x4249, 0x424A, 0x4249, 0x4249, 0x4249, 0x4249,
  0x4249, 0x4249, 0x424A, 0x4249, 0x4249, 0x4249, 0x4249, 0x4249, 0x4249, 0x4249, 0x4249, 0x4249,
  0x4249, 0x4249, 0x4249, 0x4249, 0x4249, 0x4249, 0x4249, 0x4249, 0x4249, 0x4249, 0x4249, 0x4249,
  0x4249, 0x4249, 0x4249, 0x4249, 0x4249, 0x4249, 0x424A, 0x4249, 0x424A, 0x424A, 0x4249, 0x424A,
  0x4249, 0x424A, 0x4249, 0x4249, 0x4249, 0x424A, 0x4249, 0x4249, 0x4249, 0x4249, 0x4249, 0x4249,
  0x4249, 0x4249, 0x4249, 0x4249, 0x4249, 0x4249, 0x424A, 0x4249, 0x424A, 0x4249, 0x4249, 0x4249,
  0x4249, 0x4249, 0x424A, 0x4249, 0x4249, 0x4249, 0x4249, 0x4249, 0x4249, 0x4249, 0x4249, 0x4249,
  0x424A, 0x4249, 0x4249, 0x4249, 0x4249, 0x4249, 0x4249, 0x4249, 0x424A, 0x4249, 0x424A, 0x4249,
  0x4249, 0x4249, 0x424A, 0x4249, 0x424A, 0x4249, 0x424A, 0x424A, 0x4249, 0x4249, 0x424A, 0x4249,
  0x424A, 0x4249, 0x4A49, 0x5289, 0x5289, 0x5ACB, 0xA534, 0xBDD6, 0xBDD6, 0xBDD6, 0xBDD6, 0xBDD6,
  0xBDD6, 0xBDF6, 0xBDD6, 0xBDD6, 0xBDF6, 0xBDD6, 0xBDF6, 0xBDD6, 0xBDD6, 0xBDF6, 0xBDD6, 0xBDD6,
  0xBDF6, 0xBDD6, 0xBDD6, 0xBDD6, 0xBDF6, 0xBDD6, 0xA514, 0xB5B5, 0xC617, 0xD678, 0xCE78, 0x7BCE,
  0x4A49, 0x4249, 0x4249, 0x4249, 0x4249, 0x4249, 0x424A, 0x4249, 0x424A, 0x4249, 0x4249, 0x4249,
  0x424A, 0x4249, 0x4249, 0x424A, 0x4249, 0x4249, 0x4249, 0x4249, 0x4249, 0x4249, 0x4249, 0x4249,
  0x424A, 0x4249, 0x4249, 0x4249, 0x4249, 0x4249, 0x4249, 0x4249, 0x4249, 0x4249, 0x424A, 0x4249,
  0x4249, 0x4249, 0x424A, 0x4249, 0x424A, 0x4249, 0x4249, 0x4249, 0x424A, 0x4249, 0x424A, 0x4249,
  0x4249, 0x4249, 0x424A, 0x4249, 0x424A, 0x4249, 0x4249, 0x4249, 0x4249, 0x4249, 0x4249, 0x4249,
  0x4249, 0x4249, 0x4249, 0x4249, 0x424A, 0x4249, 0x4249, 0x424A, 0x424A, 0x4249, 0x4249, 0x4249,
  0x4249, 0x4249, 0x4249, 0x4249, 0x4249, 0x4249, 0x4249, 0x4249, 0x4249, 0x4249, 0x4249, 0x4249,
  0x4249, 0x4249, 0x4249, 0x4249, 0x4249, 0x424A, 0x424A, 0x4249, 0x4249, 0x4249, 0x4249, 0x424A,
  0x4249, 0x4249, 0x424A, 0x4249, 0x4249, 0x4249, 0x424A, 0x4249, 0x424A, 0x4249, 0x4249, 0x424A,
  0x4249, 0x424A, 0x4249, 0x4249, 0x424A, 0x4249, 0x4249, 0x424A, 0x424A, 0x4249, 0x4249, 0x424A,
  0x4249, 0x4249, 0x4249, 0x4249, 0x4249, 0x4249, 0x424A, 0x4249, 0x4249, 0x4249, 0x4249, 0x4249,
  0x4249, 0x4249, 0x4249, 0x4249, 0x4249, 0x4249, 0x4249, 0x4249, 0x4249, 0x4249, 0x4249, 0x4249,
  0x4249, 0x4249, 0x4249, 0x4249, 0x4249, 0x4249, 0x4249, 0x4249, 0x4249, 0x4249, 0x424A, 0x4249,
  0x4249, 0x4249, 0x424A, 0x4249, 0x4249, 0x4249, 0x4249, 0x4249, 0x4249, 0x4249, 0x4249, 0x4249,
  0x4249, 0x4249, 0x4249, 0x4249, 0x424A, 0x4249, 0x4249, 0x424A, 0x424A, 0x4249, 0x4249, 0x4249,
  0x4249, 0x4249, 0x4249, 0x424A, 0x4249, 0x4249, 0x4249, 0x4249, 0x4249, 0x4249, 0x4249, 0x4249,
  0x4249, 0x424A, 0x4249, 0x4249, 0x4249, 0x4249, 0x424A, 0x424A, 0x4249, 0x424A, 0x4249, 0x424A,
  0x424A, 0x4249, 0x4249, 0x4249, 0x4249, 0x4249, 0x424A, 0x4249, 0x424A, 0x4249, 0x4249, 0x4249,
  0x4249, 0x4249, 0x4249, 0x4249, 0x4249, 0x4249, 0x4249, 0x4249, 0x4249, 0x4249, 0x424A, 0x4249,
  0x4249, 0x4249, 0x4249, 0x4249, 0x4249, 0x4249, 0x4249, 0x4249, 0x4249, 0x424A, 0x4249, 0x4249,
  0x4249, 0x424A, 0x4249, 0x4249, 0x4249, 0x4249, 0x4249, 0x424A, 0x4249, 0x4249, 0x4249, 0x424A,
  0x4249, 0x4249, 0x4249, 0x424A, 0x424A, 0x4249, 0x424A, 0x4249, 0x4249, 0x4249, 0x4249, 0x4249,
  0x4249, 0x424A, 0x4249, 0x4249, 0x4249, 0x4249, 0x4249, 0x4249, 0x4249, 0x4249, 0x4249, 0x4249,
  0x4249, 0x4249, 0x4249, 0x4249, 0x4249, 0x4249, 0x4249, 0x4249, 0x4249, 0x4249, 0x4A69, 0x5269,
  0x5289, 0x6B6D, 0xB595, 0xBDD6, 0xBDF6, 0xBDD6, 0xBDF6, 0xBDD6, 0xBDF6, 0xBDD6, 0xBDF6, 0xBDD6,
  0xBDF6, 0xBDD6, 0xBDF6, 0xBDD6, 0xBDD6, 0xBDF6, 0xBDD6, 0xBDD6, 0xBDD6, 0xBDD6, 0xBDD6, 0xBDD6,
  0xBDD6, 0xBDD6, 0xAD54, 0xBDF6, 0xDED9, 0xDED9, 0xDED9, 0xC617, 0x632C, 0x4249, 0x4249, 0x4249,
  0x424A, 0x4249, 0x4249, 0x4249, 0x4249, 0x4249, 0x4249, 0x4249, 0x424A, 0x424A, 0x4249, 0x4249,
  0x4249, 0x4249, 0x4249, 0x424A, 0x4249, 0x4249, 0x424A, 0x4249, 0x4249, 0x4249, 0x4249, 0x4249,
  0x424A, 0x4249, 0x424A, 0x424A, 0x4249, 0x4249, 0x4249, 0x424A, 0x4249, 0x4249, 0x4249, 0x4249,
  0x4249, 0x424A, 0x4249, 0x424A, 0x4249, 0x4249, 0x4249, 0x424A, 0x4249, 0x4249, 0x4249, 0x4249,
  0x424A, 0x4249, 0x424A, 0x4249, 0x424A, 0x4249, 0x424A, 0x4249, 0x4249, 0x424A, 0x4249, 0x424A,
  0x4249, 0x4249, 0x4249, 0x4249, 0x4249, 0x4249, 0x4249, 0x4249, 0x4249, 0x424A, 0x4249, 0x424A,
  0x4249, 0x424A, 0x424A, 0x4249, 0x424A, 0x4249, 0x4249, 0x424A, 0x4249, 0x4249, 0x4249, 0x424A,
  0x4249, 0x4249, 0x424A, 0x4249, 0x4249, 0x4249, 0x424A, 0x4249, 0x4249, 0x4249, 0x4249, 0x4249,
  0x4249, 0x4249, 0x4249, 0x4249, 0x4249, 0x4249, 0x4249, 0x4249, 0x424A, 0x4249, 0x4249, 0x424A,
  0x424A, 0x4249, 0x4249, 0x4249, 0x4249, 0x4249, 0x4249, 0x424A, 0x4249, 0x4249, 0x4249, 0x4249,
  0x4249, 0x4249, 0x4249, 0x4249, 0x4249, 0x424A, 0x4249, 0x4249, 0x4249, 0x4249, 0x424A, 0x424A,
  0x4249, 0x424A, 0x4249, 0x424A, 0x424A, 0x4249, 0x4249, 0x4249, 0x4249, 0x4249, 0x424A, 0x4249,
  0x424A, 0x4249, 0x4249, 0x4249, 0x4249, 0x4249, 0x4249, 0x4249, 0x4249, 0x424A, 0x4249, 0x4249,
  0x424A, 0x4249, 0x4249, 0x4249, 0x4249, 0x4249, 0x424A, 0x4249, 0x424A, 0x4249, 0x424A, 0x4249,
  0x4249, 0x4249, 0x4249, 0x4249, 0x4249, 0x4249, 0x4249, 0x4249, 0x4249, 0x4249, 0x4249, 0x4249,
  0x4249, 0x4249, 0x424A, 0x4249, 0x4249, 0x4249, 0x4249, 0x424A, 0x4249, 0x4249, 0x424A, 0x424A,
  0x4249, 0x4249, 0x4249, 0x4249, 0x4249, 0x4249, 0x424A, 0x4249, 0x4249, 0x4249, 0x424A, 0x4249,
  0x4249, 0x4249, 0x4249, 0x4249, 0x424A, 0x424A, 0x4249, 0x4249, 0x424A, 0x4249, 0x4249, 0x4249,
  0x4249, 0x424A, 0x4249, 0x4249, 0x424A, 0x4249, 0x4249, 0x424A, 0x4249, 0x424A, 0x4249, 0x424A,
  0x4249, 0x4249, 0x424A, 0x424A, 0x4249, 0x4249, 0x424A, 0x4249, 0x4249, 0x4249, 0x4249, 0x4249,
  0x424A, 0x424A, 0x4249, 0x4249, 0x4249, 0x4249, 0x4249, 0x4249, 0x424A, 0x4249, 0x4249, 0x4249,
  0x4249, 0x4249, 0x424A, 0x4249, 0x4249, 0x424A, 0x4249, 0x4249, 0x424A, 0x4249, 0x4249, 0x4249,
  0x4249, 0x4249, 0x424A, 0x4249, 0x4249, 0x424A, 0x4249, 0x4249, 0x424A, 0x4249, 0x424A, 0x4249,
  0x4249, 0x424A, 0x4249, 0x4249, 0x4249, 0x4249, 0x4A69, 0x5289, 0x5289, 0x7BEF, 0xB5B6, 0xBDD6,
  0xBDD6, 0xBDD6, 0xBDD6, 0xBDF6, 0xBDD6, 0xBDD6, 0xBDF6, 0xBDD6, 0xBDD6, 0xBDD6, 0xBDF6, 0xBDF6,
  0xBDD6, 0xBDF6, 0xBDF6, 0xBDD6, 0xBDD6, 0xBDF6, 0xBDD6, 0xBDF6, 0xBDD6, 0xBDD6, 0xAD75, 0xB595,
  0xD6B9, 0xDED9, 0xDED9, 0xDED9, 0xA513, 0x4A6A, 0x4249, 0x4249, 0x4249, 0x4249, 0x424A, 0x4249,
  0x4249, 0x424A, 0x4249, 0x4249, 0x4249, 0x4249, 0x4249, 0x4249, 0x4249, 0x424A, 0x4249, 0x4249,
  0x4249, 0x4249, 0x424A, 0x4249, 0x424A, 0x4249, 0x4249, 0x424A, 0x4249, 0x4249, 0x4249, 0x4249,
  0x424A, 0x4249, 0x4249, 0x4249, 0x4249, 0x424A, 0x4249, 0x4249, 0x4249, 0x424A, 0x4249, 0x4249,
  0x4249, 0x4249, 0x4249, 0x4249, 0x4249, 0x424A, 0x4249, 0x4249, 0x4249, 0x4249, 0x4249, 0x4249,
  0x4249, 0x4249, 0x4249, 0x424A, 0x4249, 0x4249, 0x4249, 0x4249, 0x4249, 0x4249, 0x424A, 0x4249,
  0x4249, 0x424A, 0x4249, 0x4249, 0x424A, 0x4249, 0x424A, 0x4249, 0x4249, 0x4249, 0x4249, 0x4249,
  0x4249, 0x4249, 0x4249, 0x4249, 0x424A, 0x4249, 0x4249, 0x4249, 0x4249, 0x4249, 0x4249, 0x4249,
  0x4249, 0x424A, 0x4249, 0x4249, 0x424A, 0x4249, 0x4249, 0x4249, 0x4249, 0x4249, 0x424A, 0x4249,
  0x424A, 0x4249, 0x424A, 0x4249, 0x4249, 0x4249, 0x4249, 0x4249, 0x4249, 0x4249, 0x4249, 0x4249,
  0x4249, 0x4249, 0x4249, 0x4249, 0x4249, 0x4249, 0x424A, 0x4249, 0x4249, 0x4249, 0x4249, 0x424A,
  0x4249, 0x4249, 0x424A, 0x424A, 0x4249, 0x4249, 0x4249, 0x4249, 0x4249, 0x4249, 0x424A, 0x4249,
  0x4249, 0x4249, 0x424A, 0x4249, 0x4249, 0x4249, 0x4249, 0x4249, 0x424A, 0x424A, 0x4249, 0x4249,
  0x424A, 0x4249, 0x4249, 0x4249, 0x424A, 0x4249, 0x4249, 0x4249, 0x4249, 0x424A, 0x4249, 0x4249,
  0x424A, 0x424A, 0x4249, 0x4249, 0x4249, 0x4249, 0x4249, 0x4249, 0x424A, 0x4249, 0x4249, 0x4249,
  0x4249, 0x424A, 0x4249, 0x424A, 0x4249, 0x4249, 0x424A, 0x4249, 0x4249, 0x424A, 0x4249, 0x424A,
  0x4249, 0x424A, 0x424A, 0x4249, 0x4249, 0x4249, 0x4249, 0x4249, 0x4249, 0x4249, 0x4249, 0x424A,
  0x4249, 0x4249, 0x4249, 0x4249, 0x4249, 0x4249, 0x424A, 0x4249, 0x4249, 0x424A, 0x4249, 0x4249,
  0x4249, 0x4249, 0x4249, 0x4249, 0x424A, 0x4249, 0x424A, 0x4249, 0x4249, 0x4249, 0x4249, 0x4249,
  0x4249, 0x4249, 0x4249, 0x4249, 0x4249, 0x4249, 0x424A, 0x4249, 0x4249, 0x4249, 0x4249, 0x4249,
  0x4249, 0x4249, 0x4249, 0x4249, 0x4249, 0x4249, 0x4249, 0x4249, 0x4249, 0x4249, 0x4249, 0x4249,
  0x4249, 0x4249, 0x424A, 0x4249, 0x4249, 0x4249, 0x4249, 0x4249, 0x4249, 0x4249, 0x4249, 0x4249,
  0x4249, 0x4249, 0x424A, 0x4249, 0x4249, 0x4249, 0x4249, 0x424A, 0x4249, 0x424A, 0x4249, 0x4249,
  0x424A, 0x4249, 0x424A, 0x4249, 0x4249, 0x4249, 0x4249, 0x4249, 0x4249, 0x4249, 0x4249, 0x424A,
  0x424A, 0x4249, 0x5269, 0x5289, 0x5289, 0x8430, 0xBDD6, 0xBDD6, 0xBDF6, 0xBDF6, 0xBDF6, 0xBDD6,
  0xBDD6, 0xBDD6, 0xBDF6, 0xBDF6, 0xBDD6, 0xBDD6, 0xBDD6, 0xBDF6, 0xBDD6, 0xBDF6, 0xBDD6, 0xBDD6,
  0xBDD6, 0xBDF6, 0xBDF6, 0xBDF6, 0xBDD6, 0xBDD6, 0xB595, 0xA534, 0xD699, 0xDED9, 0xDED9, 0xDED9,
  0xCE78, 0x6B6D, 0x424A, 0x424A, 0x4249, 0x4249, 0x4249, 0x4249, 0x424A, 0x424A, 0x4249, 0x4249,
  0x4249, 0x4249, 0x4249, 0x424A, 0x4249, 0x424A, 0x4249, 0x4249, 0x4249, 0x4249, 0x4249, 0x4249,
  0x4249, 0x4249, 0x424A, 0x4249, 0x4249, 0x4249, 0x4249, 0x4249, 0x4249, 0x4249, 0x4249, 0x4249,
  0x4249, 0x424A, 0x4249, 0x4249, 0x4249, 0x424A, 0x4249, 0x4249, 0x424A, 0x4249, 0x424A, 0x4249,
  0x4249, 0x4249, 0x4249, 0x4249, 0x424A, 0x4249, 0x4249, 0x4249, 0x424A, 0x4249, 0x424A, 0x4249,
  0x4249, 0x424A, 0x4249, 0x4249, 0x4249, 0x4249, 0x424A, 0x4249, 0x4249, 0x4249, 0x424A, 0x4249,
  0x4249, 0x4249, 0x4249, 0x4249, 0x4249, 0x424A, 0x4249, 0x4249, 0x424A, 0x4249, 0x4249, 0x4249,
  0x4249, 0x424A, 0x4249, 0x4249, 0x424A, 0x4249, 0x4249, 0x4249, 0x424A, 0x4249, 0x4249, 0x4249,
  0x4249, 0x424A, 0x4249, 0x4249, 0x424A, 0x424A, 0x4249, 0x4249, 0x4249, 0x4249, 0x4249, 0x4249,
  0x424A, 0x4249, 0x4249, 0x4249, 0x4249, 0x424A, 0x4249, 0x424A, 0x4249, 0x4249, 0x424A, 0x4249,
  0x4249, 0x424A, 0x4249, 0x424A, 0x4249, 0x424A, 0x424A, 0x4249, 0x4249, 0x4249, 0x4249, 0x4249,
  0x4249, 0x4249, 0x4249, 0x424A, 0x4249, 0x4249, 0x4249, 0x4249, 0x4249, 0x4249, 0x424A, 0x4249,
  0x4249, 0x424A, 0x4249, 0x4249, 0x4249, 0x4249, 0x4249, 0x4249, 0x4249, 0x424A, 0x4249, 0x4249,
  0x4249, 0x424A, 0x4249, 0x4249, 0x4249, 0x424A, 0x4249, 0x4249, 0x424A, 0x4249, 0x4249, 0x4249,
  0x4249, 0x424A, 0x4249, 0x4249, 0x4249, 0x4249, 0x424A, 0x424A, 0x4249, 0x4249, 0x424A, 0x4249,
  0x4249, 0x424A, 0x4249, 0x424A, 0x4249, 0x4249, 0x4249, 0x4249, 0x4249, 0x4249, 0x4249, 0x4249,
  0x424A, 0x4249, 0x4249, 0x4249, 0x424A, 0x424A, 0x4249, 0x4249, 0x4249, 0x4249, 0x4249, 0x4249,
  0x4249, 0x4249, 0x4249, 0x4249, 0x424A, 0x4249, 0x4249, 0x4249, 0x4249, 0x4249, 0x424A, 0x4249,
  0x4249, 0x4249, 0x4249, 0x4249, 0x424A, 0x4249, 0x4249, 0x424A, 0x4249, 0x4249, 0x4249, 0x424A,
  0x424A, 0x4249, 0x4249, 0x4249, 0x4249, 0x4249, 0x424A, 0x4249, 0x4249, 0x4249, 0x4249, 0x4249,
  0x424A, 0x4249, 0x424A, 0x4249, 0x424A, 0x4249, 0x4249, 0x4249, 0x424A, 0x4249, 0x4249, 0x4249,
  0x4249, 0x4249, 0x424A, 0x424A, 0x4249, 0x4249, 0x424A, 0x4249, 0x4249, 0x4249, 0x4249, 0x4249,
  0x4249, 0x424A, 0x424A, 0x4249, 0x4249, 0x4249, 0x4249, 0x4249, 0x4249, 0x4249, 0x4249, 0x4249,
  0x4249, 0x424A, 0x4249, 0x4249, 0x424A, 0x4249, 0x4249, 0x424A, 0x4249, 0x4A69, 0x5289, 0x5289,
  0x5289, 0x8C50, 0xBDD6, 0xBDD6, 0xBDF6, 0xBDD6, 0xBDD6, 0xBDF6, 0xBDD6, 0xBDD6, 0xBDF6, 0xBDD6,
  0xBDD6, 0xBDF6, 0xBDD6, 0xBDD6, 0xBDD6, 0xBDD6, 0xBDD6, 0xBDD6, 0xBDF6, 0xBDF6, 0xBDD6, 0xBDD6,
  0xBDD6, 0xBDF6, 0xB595, 0xA514, 0xCE58, 0xDED9, 0xDED9, 0xDED9, 0xDED9, 0xA513, 0x4249, 0x4249,
  0x4249, 0x4249, 0x4249, 0x4249, 0x4249, 0x4249, 0x4249, 0x4249, 0x424A, 0x4249, 0x424A, 0x4249,
  0x4249, 0x4249, 0x4249, 0x4249, 0x424A, 0x4249, 0x4249, 0x4249, 0x424A, 0x4249, 0x424A, 0x4249,
  0x4249, 0x424A, 0x424A, 0x4249, 0x4249, 0x4249, 0x424A, 0x4249, 0x4249, 0x4249, 0x4249, 0x424A,
  0x4249, 0x4249, 0x4249, 0x4249, 0x4249, 0x4249, 0x4249, 0x424A, 0x4249, 0x4249, 0x4249, 0x4249,
  0x424A, 0x4249, 0x424A, 0x424A, 0x4249, 0x4249, 0x4249, 0x4249, 0x4249, 0x4249, 0x424A, 0x4249,
  0x424A, 0x4249, 0x4249, 0x4249, 0x424A, 0x4249, 0x4249, 0x4249, 0x4249, 0x4249, 0x4249, 0x4249,
  0x424A, 0x4249, 0x4249, 0x4249, 0x424A, 0x4249, 0x424A, 0x424A, 0x4249, 0x4249, 0x424A, 0x4249,
  0x4249, 0x424A, 0x4249, 0x4249, 0x4249, 0x424A, 0x4249, 0x4249, 0x4249, 0x424A, 0x4249, 0x4249,
  0x424A, 0x4249, 0x4249, 0x4249, 0x4249, 0x424A, 0x4249, 0x4249, 0x4249, 0x4249, 0x424A, 0x424A,
  0x4249, 0x4249, 0x424A, 0x4249, 0x4249, 0x424A, 0x4249, 0x424A, 0x4249, 0x4249, 0x4249, 0x4249,
  0x4249, 0x4249, 0x4249, 0x4249, 0x424A, 0x4249, 0x4249, 0x4249, 0x424A, 0x424A, 0x4249, 0x4249,
  0x4249, 0x4249, 0x4249, 0x4249, 0x4249, 0x4249, 0x4249, 0x4249, 0x424A, 0x4249, 0x4249, 0x4249,
  0x4249, 0x4249, 0x424A, 0x4249, 0x4249, 0x424A, 0x4249, 0x4249, 0x4249, 0x4249, 0x4249, 0x4249,
  0x4249, 0x4249, 0x4249, 0x4249, 0x4249, 0x424A, 0x4249, 0x4249, 0x4249, 0x424A, 0x4249, 0x4249,
  0x424A, 0x4249, 0x4249, 0x4249, 0x4249, 0x4249, 0x424A, 0x4249, 0x4249, 0x4249, 0x4249, 0x4249,
  0x4249, 0x4249, 0x424A, 0x4249, 0x4249, 0x4249, 0x4249, 0x4249, 0x4249, 0x4249, 0x424A, 0x4249,
  0x4249, 0x4249, 0x424A, 0x4249, 0x4249, 0x424A, 0x4249, 0x424A, 0x424A, 0x4249, 0x4249, 0x4249,
  0x4249, 0x4249, 0x424A, 0x4249, 0x4249, 0x4249, 0x4249, 0x4249, 0x424A, 0x4249, 0x4249, 0x4249,
  0x424A, 0x4249, 0x4249, 0x424A, 0x4249, 0x4249, 0x424A, 0x4249, 0x4249, 0x4249, 0x4249, 0x424A,
  0x4249, 0x424A, 0x4249, 0x4249, 0x4249, 0x424A, 0x424A, 0x4249, 0x424A, 0x4249, 0x4249, 0x4249,
  0x4249, 0x4249, 0x424A, 0x4249, 0x4249, 0x4249, 0x424A, 0x424A, 0x4249, 0x4249, 0x4249, 0x4249,
  0x4249, 0x424A, 0x4249, 0x4249, 0x4249, 0x424A, 0x4249, 0x4249, 0x4249, 0x4249, 0x4249, 0x4249,
  0x4249, 0x4249, 0x4249, 0x4249, 0x4249, 0x4249, 0x4249, 0x4249, 0x4249, 0x4249, 0x4249, 0x4249,
  0x4249, 0x4249, 0x4249, 0x4249, 0x4249, 0x4A69, 0x5289, 0x5289, 0x52AA, 0x94B2, 0xBDD6, 0xBDD6,
  0xBDD6, 0xBDF6, 0xBDD6, 0xBDD6, 0xBDF6, 0xBDD6, 0xBDD6, 0xBDF6, 0xBDD6, 0xBDF6, 0xBDF6, 0xBDD6,
  0xBDD6, 0xBDF6, 0xBDD6, 0xBDD6, 0xBDD6, 0xBDD6, 0xBDD6, 0xBDD6, 0xBDF6, 0xBDD6, 0xB575, 0xA514,
  0xCE37, 0xDED9, 0xDED9, 0xDED9, 0xDED9, 0xC617, 0x5AEB, 0x4249, 0x4249, 0x424A, 0x424A, 0x4249,
  0x4249, 0x4249, 0x4249, 0x4249, 0x4249, 0x4249, 0x4249, 0x4249, 0x4249, 0x4249, 0x424A, 0x4249,
  0x424A, 0x4249, 0x424A, 0x4249, 0x4249, 0x4249, 0x4249, 0x4249, 0x4249, 0x4249, 0x4249, 0x4249,
  0x4249, 0x424A, 0x4249, 0x424A, 0x424A, 0x4249, 0x4249, 0x4249, 0x424A, 0x4249, 0x4249, 0x4249,
  0x424A, 0x4249, 0x4249, 0x4249, 0x4249, 0x424A, 0x4249, 0x4249, 0x4249, 0x4249, 0x4249, 0x4249,
  0x4249, 0x4249, 0x424A, 0x4249, 0x424A, 0x4249, 0x4249, 0x4249, 0x4249, 0x424A, 0x4249, 0x4249,
  0x4249, 0x4249, 0x4249, 0x424A, 0x4249, 0x424A, 0x4249, 0x4249, 0x4249, 0x4249, 0x4249, 0x4249,
  0x4249, 0x4249, 0x4249, 0x4249, 0x4249, 0x4249, 0x4249, 0x4249, 0x4249, 0x424A, 0x4249, 0x4249,
  0x4249, 0x4249, 0x4249, 0x4249, 0x4249, 0x4249, 0x4249, 0x4249, 0x4249, 0x424A, 0x4249, 0x4249,
  0x4249, 0x424A, 0x4249, 0x4249, 0x424A, 0x4249, 0x4249, 0x4249, 0x4249, 0x4249, 0x424A, 0x4249,
  0x4249, 0x4249, 0x4249, 0x4249, 0x4249, 0x4249, 0x424A, 0x4249, 0x4249, 0x4249, 0x4249, 0x4249,
  0x4249, 0x4249, 0x424A, 0x4249, 0x4249, 0x4249, 0x424A, 0x4249, 0x4249, 0x424A, 0x4249, 0x424A,
  0x424A, 0x4249, 0x4249, 0x4249, 0x4249, 0x4249, 0x424A, 0x4249, 0x4249, 0x4249, 0x4249, 0x4249,
  0x4249, 0x4249, 0x424A, 0x4249, 0x4249, 0x424A, 0x424A, 0x4249, 0x4249, 0x4249, 0x4249, 0x4249,
  0x4249, 0x4249, 0x4249, 0x424A, 0x4249, 0x4249, 0x4249, 0x424A, 0x4249, 0x4249, 0x4249, 0x4249,
  0x424A, 0x4249, 0x4249, 0x4249, 0x4249, 0x424A, 0x4249, 0x4249, 0x4249, 0x424A, 0x4249, 0x4249,
  0x424A, 0x4249, 0x424A, 0x4249, 0x4249, 0x4249, 0x424A, 0x4249, 0x4249, 0x4249, 0x4249, 0x4249,
  0x4249, 0x424A, 0x4249, 0x4249, 0x4249, 0x424A, 0x4249, 0x4249, 0x4249, 0x4249, 0x4249, 0x4249,
  0x424A, 0x424A, 0x4249, 0x4249, 0x424A, 0x4249, 0x4249, 0x4249, 0x4249, 0x4249, 0x4249, 0x4249,
  0x4249, 0x4249, 0x4249, 0x4249, 0x4249, 0x4249, 0x424A, 0x4249, 0x4249, 0x4249, 0x4249, 0x424A,
  0x424A, 0x4249, 0x4249, 0x4249, 0x4249, 0x4249, 0x424A, 0x4249, 0x4249, 0x4249, 0x4249, 0x4249,
  0x4249, 0x424A, 0x4249, 0x4249, 0x4249, 0x4249, 0x424A, 0x4249, 0x4249, 0x4249, 0x4249, 0x424A,
  0x4249, 0x4249, 0x424A, 0x4249, 0x4249, 0x4249, 0x4249, 0x4249, 0x424A, 0x424A, 0x4249, 0x424A,
  0x4249, 0x424A, 0x4249, 0x424A, 0x4249, 0x4249, 0x424A, 0x4249, 0x424A, 0x424A, 0x4249, 0x4249,
  0x4249, 0x5269, 0x5289, 0x5269, 0x6B4C, 0xB575, 0xB5B6, 0xBDD6, 0xBDD6, 0xBDD6, 0xBDD6, 0xBDD6,
  0xBDD6, 0xBDD6, 0xBDD6, 0xBDD6, 0xBDD6, 0xBDF6, 0xBDD6, 0xBDF6, 0xBDD6, 0xBDF6, 0xBDD6, 0xBDD6,
  0xBDF6, 0xBDD6, 0xBDD6, 0xBDD6, 0xBDD6, 0xBDD6, 0xAD74, 0xA514, 0xC637, 0xDED9, 0xDED9, 0xDED9,
  0xDED9, 0xD6B9, 0x7BEF, 0x4249, 0x424A, 0x4249, 0x4249, 0x4249, 0x424A, 0x4249, 0x424A, 0x424A,
  0x4249, 0x4249, 0x4249, 0x4249, 0x4249, 0x424A, 0x4249, 0x4249, 0x4249, 0x4249, 0x4249, 0x4249,
  0x4249, 0x4249, 0x4249, 0x4249, 0x4249, 0x4249, 0x4249, 0x4249, 0x4249, 0x4249, 0x4249, 0x4249,
  0x4249, 0x4249, 0x4249, 0x4249, 0x424A, 0x4249, 0x4249, 0x4249, 0x424A, 0x4249, 0x4249, 0x4249,
  0x4249, 0x4249, 0x424A, 0x4249, 0x4249, 0x424A, 0x4249, 0x4249, 0x4249, 0x4249, 0x4249, 0x4249,
  0x4249, 0x4249, 0x4249, 0x424A, 0x4249, 0x4249, 0x4249, 0x4249, 0x4249, 0x4249, 0x4249, 0x4249,
  0x424A, 0x4249, 0x424A, 0x4249, 0x424A, 0x4249, 0x4249, 0x4249, 0x424A, 0x4249, 0x4249, 0x4249,
  0x424A, 0x4249, 0x4249, 0x4249, 0x4249, 0x4249, 0x424A, 0x4249, 0x4249, 0x424A, 0x424A, 0x4249,
  0x4249, 0x4249, 0x4249, 0x4249, 0x4249, 0x4249, 0x4249, 0x424A, 0x4249, 0x4249, 0x4249, 0x424A,
  0x4249, 0x4249, 0x4249, 0x4249, 0x424A, 0x4249, 0x4249, 0x4249, 0x4249, 0x424A, 0x4249, 0x4249,
  0x4249, 0x424A, 0x4249, 0x4249, 0x424A, 0x4249, 0x424A, 0x4249, 0x4249, 0x4249, 0x424A, 0x4249,
  0x4249, 0x4249, 0x4249, 0x4249, 0x4249, 0x424A, 0x4249, 0x4249, 0x4249, 0x424A, 0x4249, 0x4249,
  0x4249, 0x4249, 0x4249, 0x4249, 0x424A, 0x424A, 0x4249, 0x4249, 0x424A, 0x4249, 0x4249, 0x4249,
  0x4249, 0x4249, 0x4249, 0x4249, 0x424A, 0x424A, 0x4249, 0x424A, 0x424A, 0x4249, 0x4249, 0x4249,
  0x4249, 0x4249, 0x4249, 0x4249, 0x4249, 0x424A, 0x4249, 0x4249, 0x4249, 0x4249, 0x4249, 0x424A,
  0x4249, 0x424A, 0x4249, 0x4249, 0x424A, 0x4249, 0x4249, 0x4249, 0x4249, 0x4249, 0x4249, 0x424A,
  0x4249, 0x4249, 0x4249, 0x4249, 0x4249, 0x424A, 0x424A, 0x424A, 0x4249, 0x4249, 0x4249, 0x4249,
  0x4249, 0x424A, 0x4249, 0x4249, 0x424A, 0x4249, 0x4249, 0x424A, 0x4249, 0x4249, 0x4249, 0x4249,
  0x4249, 0x4249, 0x4249, 0x4249, 0x4249, 0x424A, 0x4249, 0x4249, 0x424A, 0x4249, 0x4249, 0x4249,
  0x424A, 0x4249, 0x4249, 0x4249, 0x4249, 0x4249, 0x4249, 0x4249, 0x4249, 0x4249, 0x424A, 0x4249,
  0x4249, 0x4249, 0x4249, 0x424A, 0x4249, 0x4249, 0x4249, 0x424A, 0x4249, 0x4249, 0x4249, 0x4249,
  0x4249, 0x4249, 0x424A, 0x4249, 0x4249, 0x424A, 0x4249, 0x4249, 0x4249, 0x4249, 0x4249, 0x424A,
  0x4249, 0x424A, 0x4249, 0x4249, 0x4249, 0x4249, 0x4249, 0x4249, 0x4249, 0x4249, 0x424A, 0x4249,
  0x4249, 0x4249, 0x424A, 0x4249, 0x4249, 0x4249, 0x4249, 0x4249, 0x4A69, 0x5289, 0x5289, 0x5289,
  0x8C2F, 0xC617, 0xB5B5, 0xBDD6, 0xBDF6, 0xBDD6, 0xBDD6, 0xBDF6, 0xBDD6, 0xBDF6, 0xBDD6, 0xBDF6,
  0xBDF6, 0xBDD6, 0xBDF6, 0xBDD6, 0xBDD6, 0xBDD6, 0xBDD6, 0xBDD6, 0xBDF6, 0xBDD6, 0xBDD6, 0xBDD6,
  0xBDD6, 0xBDD6, 0xA534, 0xA534, 0xCE58, 0xDED9, 0xDED9, 0xDED9, 0xDED9, 0xDED9, 0x9CD2, 0x4249,
  0x4249, 0x4249, 0x4249, 0x4249, 0x4249, 0x4249, 0x4249, 0x4249, 0x4249, 0x424A, 0x424A, 0x4249,
  0x4249, 0x4249, 0x4249, 0x424A, 0x4249, 0x424A, 0x4249, 0x4249, 0x424A, 0x4249, 0x4249, 0x4249,
  0x424A, 0x4249, 0x424A, 0x4249, 0x424A, 0x4249, 0x4249, 0x4249, 0x4249, 0x424A, 0x4249, 0x4249,
  0x4249, 0x4249, 0x4249, 0x424A, 0x4249, 0x4249, 0x424A, 0x4249, 0x424A, 0x4249, 0x4249, 0x4249,
  0x424A, 0x4249, 0x4249, 0x424A, 0x424A, 0x4249, 0x4249, 0x4249, 0x4249, 0x4249, 0x4249, 0x4249,
  0x4249, 0x424A, 0x424A, 0x4249, 0x424A, 0x4249, 0x424A, 0x4249, 0x4249, 0x4249, 0x4249, 0x4249,
  0x4249, 0x424A, 0x4249, 0x4249, 0x4249, 0x4249, 0x4249, 0x4249, 0x424A, 0x4249, 0x424A, 0x4249,
  0x424A, 0x4249, 0x4249, 0x4249, 0x4249, 0x4249, 0x4249, 0x4249, 0x424A, 0x424A, 0x4249, 0x424A,
  0x424A, 0x4249, 0x4249, 0x4249, 0x4249, 0x4249, 0x4249, 0x4249, 0x4249, 0x424A, 0x4249, 0x4249,
  0x4249, 0x4249, 0x4249, 0x424A, 0x4249, 0x424A, 0x4249, 0x4249, 0x424A, 0x4249, 0x4249, 0x4249,
  0x4249, 0x4249, 0x4249, 0x424A, 0x4249, 0x4249, 0x4249, 0x4249, 0x4249, 0x424A, 0x424A, 0x424A,
  0x4249, 0x4249, 0x4249, 0x4249, 0x4249, 0x424A, 0x4249, 0x4249, 0x424A, 0x4249, 0x4249, 0x424A,
  0x4249, 0x4249, 0x4249, 0x4249, 0x4249, 0x4249, 0x4249, 0x424A, 0x4249, 0x4249, 0x4249, 0x4249,
  0x4249, 0x4249, 0x4249, 0x4249, 0x4249, 0x4249, 0x424A, 0x4249, 0x4249, 0x424A, 0x4249, 0x4249,
  0x4249, 0x4249, 0x4249, 0x424A, 0x4249, 0x4249, 0x4249, 0x424A, 0x4249, 0x4249, 0x4249, 0x4249,
  0x4249, 0x4249, 0x4249, 0x424A, 0x424A, 0x4249, 0x4249, 0x4249, 0x4249, 0x4249, 0x4249, 0x424A,
  0x4249, 0x4249, 0x4249, 0x4249, 0x4249, 0x4249, 0x424A, 0x4249, 0x4249, 0x4249, 0x4249, 0x4249,
  0x4249, 0x424A, 0x4249, 0x4249, 0x424A, 0x4249, 0x4249, 0x424A, 0x4249, 0x424A, 0x4249, 0x4249,
  0x424A, 0x4249, 0x4249, 0x4249, 0x424A, 0x4249, 0x4249, 0x424A, 0x4249, 0x4249, 0x424A, 0x424A,
  0x4249, 0x424A, 0x4249, 0x4249, 0x4249, 0x4249, 0x4249, 0x4249, 0x4249, 0x4249, 0x424A, 0x4249,
  0x4249, 0x4249, 0x424A, 0x4249, 0x4249, 0x4249, 0x4249, 0x4249, 0x424A, 0x4249, 0x424A, 0x4249,
  0x4249, 0x4249, 0x4249, 0x4249, 0x4249, 0x4249, 0x4249, 0x4249, 0x4249, 0x4249, 0x4249, 0x424A,
  0x4249, 0x4249, 0x424A, 0x4249, 0x4249, 0x4249, 0x4249, 0x4249, 0x4249, 0x4249, 0x4249, 0x4249,
  0x4249, 0x4249, 0x4249, 0x4249, 0x4A69, 0x5289, 0x5ACA, 0x630B, 0x9CD2, 0xBDD6, 0xAD75, 0xBDD6,
  0xBDF6, 0xBDD6, 0xBDF6, 0xBDF6, 0xBDD6, 0xBDD6, 0xBDD6, 0xBDF6, 0xBDD6, 0xBDD6, 0xBDD6, 0xBDD6,
  0xBDD6, 0xBDD6, 0xBDF6, 0xBDD6, 0xBDD6, 0xBDF6, 0xBDF6, 0xBDF6, 0xBDD6, 0xBDB6, 0xA513, 0xAD54,
  0xCE78, 0xDED9, 0xDED9, 0xDED9, 0xDED9, 0xDED9, 0xB595, 0x4A6A, 0x424A, 0x4249, 0x4249, 0x424A,
  0x4249, 0x4249, 0x4249, 0x4249, 0x4249, 0x4249, 0x4249, 0x4249, 0x4249, 0x424A, 0x4249, 0x4249,
  0x4249, 0x4249, 0x4249, 0x4249, 0x424A, 0x424A, 0x4249, 0x424A, 0x4249, 0x4249, 0x4249, 0x424A,
  0x4249, 0x424A, 0x4249, 0x4249, 0x4249, 0x4249, 0x4249, 0x4249, 0x424A, 0x4249, 0x4249, 0x4249,
  0x4249, 0x424A, 0x4249, 0x4249, 0x4249, 0x4249, 0x424A, 0x4249, 0x4249, 0x4249, 0x4249, 0x4249,
  0x4249, 0x424A, 0x4249, 0x4249, 0x424A, 0x4249, 0x424A, 0x4249, 0x4249, 0x4249, 0x4249, 0x4249,
  0x4249, 0x4249, 0x4249, 0x4249, 0x424A, 0x4249, 0x4249, 0x4249, 0x4249, 0x4249, 0x4249, 0x424A,
  0x424A, 0x4249, 0x4249, 0x424A, 0x4249, 0x4249, 0x4249, 0x4249, 0x4249, 0x4249, 0x4249, 0x424A,
  0x4249, 0x4249, 0x4249, 0x4249, 0x4249, 0x4249, 0x4249, 0x4249, 0x4249, 0x4249, 0x424A, 0x4249,
  0x4249, 0x424A, 0x4249, 0x4249, 0x4249, 0x4249, 0x4249, 0x424A, 0x4249, 0x4249, 0x4249, 0x424A,
  0x4249, 0x4249, 0x4249, 0x4249, 0x4249, 0x4249, 0x4249, 0x424A, 0x424A, 0x4249, 0x4249, 0x4249,
  0x4249, 0x4249, 0x4249, 0x424A, 0x4249, 0x4249, 0x4249, 0x4249, 0x4249, 0x4249, 0x424A, 0x4249,
  0x4249, 0x4249, 0x4249, 0x4249, 0x4249, 0x424A, 0x4249, 0x4249, 0x424A, 0x4249, 0x4249, 0x424A,
  0x4249, 0x424A, 0x4249, 0x4249, 0x4249, 0x424A, 0x4249, 0x4249, 0x4249, 0x424A, 0x4249, 0x4249,
  0x4249, 0x4249, 0x4249, 0x4249, 0x4249, 0x424A, 0x4249, 0x424A, 0x4249, 0x4249, 0x4249, 0x4249,
  0x424A, 0x4249, 0x4249, 0x4249, 0x4249, 0x424A, 0x4249, 0x424A, 0x4249, 0x4249, 0x424A, 0x4249,
  0x4249, 0x4249, 0x4249, 0x424A, 0x4249, 0x4249, 0x4249, 0x4249, 0x4249, 0x4249, 0x4249, 0x4249,
  0x4249, 0x4249, 0x4249, 0x4249, 0x4249, 0x4249, 0x424A, 0x4249, 0x4249, 0x4249, 0x4249, 0x4249,
  0x4249, 0x4249, 0x4249, 0x4249, 0x4249, 0x4249, 0x4249, 0x424A, 0x4249, 0x4249, 0x4249, 0x4249,
  0x4249, 0x4249, 0x424A, 0x4249, 0x4249, 0x4249, 0x4249, 0x4249, 0x4249, 0x424A, 0x4249, 0x424A,
  0x4249, 0x4249, 0x424A, 0x4249, 0x4249, 0x4249, 0x4249, 0x4249, 0x4249, 0x4249, 0x4249, 0x4249,
  0x4249, 0x424A, 0x424A, 0x4249, 0x4249, 0x4249, 0x4249, 0x4249, 0x4249, 0x4249, 0x424A, 0x424A,
  0x4249, 0x4249, 0x424A, 0x4249, 0x424A, 0x4249, 0x4249, 0x4249, 0x4249, 0x4249, 0x424A, 0x4249,
  0x4249, 0x424A, 0x4249, 0x4249, 0x424A, 0x424A, 0x4249, 0x4249, 0x4249, 0x424A, 0x424A, 0x4249,
  0x5289, 0x6B4C, 0x9470, 0x8C50, 0x9CF2, 0xB595, 0xAD54, 0xBDD6, 0xBDF6, 0xBDD6, 0xBDD6, 0xBDD6,
  0xBDF6, 0xBDD6, 0xBDD6, 0xBDD6, 0xBDD6, 0xBDF6, 0xBDD6, 0xBDD6, 0xBDF6, 0xBDD6, 0xBDF6, 0xBDF6,
  0xBDD6, 0xBDD6, 0xBDD6, 0xBDD6, 0xBDD6, 0xB575, 0xA4F3, 0xAD75, 0xD6B9, 0xDED9, 0xDED9, 0xDED9,
  0xDED9, 0xDED9, 0xBDF6, 0x4A8A, 0x4249, 0x4249, 0x4249, 0x4249, 0x4249, 0x424A, 0x4249, 0x424A,
  0x4249, 0x4249, 0x4249, 0x4249, 0x424A, 0x4249, 0x4249, 0x4249, 0x424A, 0x4249, 0x4249, 0x4249,
  0x4249, 0x4249, 0x4249, 0x4249, 0x4249, 0x4249, 0x4249, 0x4249, 0x4249, 0x4249, 0x4249, 0x4249,
  0x424A, 0x4249, 0x424A, 0x4249, 0x4249, 0x4249, 0x4249, 0x4249, 0x4249, 0x4249, 0x4249, 0x424A,
  0x4249, 0x4249, 0x4249, 0x4249, 0x4249, 0x424A, 0x424A, 0x4249, 0x4249, 0x4249, 0x4249, 0x424A,
  0x4249, 0x4249, 0x4249, 0x424A, 0x4249, 0x4249, 0x4249, 0x424A, 0x4249, 0x424A, 0x4249, 0x4249,
  0x4249, 0x424A, 0x4249, 0x4249, 0x4249, 0x424A, 0x4249, 0x4249, 0x4249, 0x4249, 0x4249, 0x4249,
  0x4249, 0x424A, 0x4249, 0x424A, 0x4249, 0x424A, 0x4249, 0x4249, 0x4249, 0x424A, 0x4249, 0x4249,
  0x4249, 0x424A, 0x4249, 0x4249, 0x4249, 0x4249, 0x4249, 0x4249, 0x4249, 0x424A, 0x4249, 0x424A,
  0x4249, 0x4249, 0x4249, 0x4249, 0x424A, 0x4249, 0x4249, 0x4249, 0x4249, 0x424A, 0x4249, 0x424A,
  0x4249, 0x4249, 0x424A, 0x4249, 0x4249, 0x4249, 0x4249, 0x424A, 0x4249, 0x4249, 0x4249, 0x4249,
  0x4249, 0x4249, 0x4249, 0x4249, 0x4249, 0x4249, 0x4249, 0x4249, 0x4249, 0x4249, 0x424A, 0x4249,
  0x4249, 0x4249, 0x4249, 0x4249, 0x4249, 0x4249, 0x4249, 0x4249, 0x4249, 0x4249, 0x424A, 0x4249,
  0x4249, 0x4249, 0x424A, 0x4249, 0x4249, 0x4249, 0x4249, 0x4249, 0x4249, 0x424A, 0x4249, 0x4249,
  0x424A, 0x4249, 0x4249, 0x424A, 0x4249, 0x424A, 0x4249, 0x4249, 0x424A, 0x4249, 0x4249, 0x4249,
  0x4249, 0x424A, 0x4249, 0x4249, 0x4249, 0x424A, 0x4249, 0x4249, 0x4249, 0x4249, 0x4249, 0x4249,
  0x424A, 0x4249, 0x424A, 0x424A, 0x4249, 0x424A, 0x4249, 0x424A, 0x4249, 0x424A, 0x4249, 0x424A,
  0x424A, 0x4249, 0x4249, 0x424A, 0x4249, 0x4249, 0x4249, 0x4249, 0x424A, 0x4249, 0x424A, 0x4249,
  0x4249, 0x424A, 0x4249, 0x424A, 0x4249, 0x4249, 0x424A, 0x4249, 0x4249, 0x4249, 0x4249, 0x4249,
  0x4249, 0x4249, 0x4249, 0x4249, 0x4249, 0x4249, 0x4249, 0x4249, 0x4249, 0x4249, 0x424A, 0x4249,
  0x424A, 0x4249, 0x4249, 0x4249, 0x4249, 0x424A, 0x4249, 0x4249, 0x4249, 0x4249, 0x424A, 0x4249,
  0x4249, 0x424A, 0x4249, 0x4249, 0x424A, 0x4249, 0x4249, 0x424A, 0x4249, 0x4249, 0x4249, 0x424A,
  0x4249, 0x4249, 0x424A, 0x4249, 0x4249, 0x4249, 0x424A, 0x4249, 0x424A, 0x4249, 0x4249, 0x4249,
  0x4249, 0x4249, 0x4249, 0x4249, 0x424A, 0x4249, 0x424A, 0x4249, 0x632B, 0x7BEE, 0x5ACA, 0x5289,
  0x52A9, 0x738D, 0xA513, 0xAD75, 0xBDD6, 0xBDD6, 0xBDF6, 0xBDD6, 0xBDD6, 0xBDD6, 0xBDD6, 0xBDF6,
  0xBDF6, 0xBDD6, 0xBDF6, 0xBDF6, 0xBDF6, 0xBDD6, 0xBDD6, 0xBDD6, 0xBDD6, 0xBDF6, 0xBDF6, 0xBDD6,
  0xBDD6, 0xA513, 0xA514, 0xBDD6, 0xDED9, 0xDED9, 0xDED9, 0xDED9, 0xDED9, 0xDED9, 0xC617, 0x52AB,
  0x424A, 0x4249, 0x424A, 0x4249, 0x4249, 0x4249, 0x4249, 0x4249, 0x424A, 0x4249, 0x4249, 0x424A,
  0x4249, 0x4249, 0x4249, 0x4249, 0x4249, 0x4249, 0x4249, 0x424A, 0x4249, 0x4249, 0x4249, 0x4249,
  0x424A, 0x4249, 0x4249, 0x424A, 0x4249, 0x4249, 0x424A, 0x4249, 0x4249, 0x4249, 0x4249, 0x4249,
  0x424A, 0x4249, 0x424A, 0x424A, 0x4249, 0x4249, 0x4249, 0x4249, 0x4249, 0x424A, 0x4249, 0x4249,
  0x4249, 0x4249, 0x4249, 0x4249, 0x4249, 0x424A, 0x4249, 0x4249, 0x4249, 0x424A, 0x4249, 0x4249,
  0x4249, 0x4249, 0x4249, 0x4249, 0x4249, 0x424A, 0x4249, 0x4249, 0x4249, 0x4249, 0x424A, 0x424A,
  0x4249, 0x4249, 0x4249, 0x424A, 0x4249, 0x4249, 0x424A, 0x424A, 0x4249, 0x4249, 0x4249, 0x4249,
  0x4249, 0x4249, 0x424A, 0x4249, 0x4249, 0x4249, 0x424A, 0x4249, 0x4249, 0x4249, 0x4249, 0x4249,
  0x4249, 0x424A, 0x4249, 0x4249, 0x424A, 0x4249, 0x4249, 0x424A, 0x4249, 0x424A, 0x4249, 0x4249,
  0x424A, 0x4249, 0x4249, 0x4249, 0x4249, 0x424A, 0x4249, 0x4249, 0x4249, 0x424A, 0x4249, 0x4249,
  0x4249, 0x4249, 0x4249, 0x4249, 0x424A, 0x4249, 0x424A, 0x424A, 0x4249, 0x424A, 0x4249, 0x424A,
  0x4249, 0x424A, 0x4249, 0x424A, 0x424A, 0x4249, 0x4249, 0x424A, 0x4249, 0x4249, 0x4249, 0x4249,
  0x424A, 0x4249, 0x424A, 0x4249, 0x4249, 0x4249, 0x424A, 0x4249, 0x4249, 0x4249, 0x424A, 0x4249,
  0x4249, 0x424A, 0x4249, 0x424A, 0x424A, 0x4249, 0x4249, 0x4249, 0x4249, 0x4249, 0x4249, 0x4249,
  0x4249, 0x4249, 0x4249, 0x4249, 0x4249, 0x424A, 0x4249, 0x424A, 0x4249, 0x4249, 0x4249, 0x4249,
  0x4249, 0x4249, 0x4249, 0x4249, 0x424A, 0x4249, 0x4249, 0x4249, 0x4249, 0x4249, 0x4249, 0x4249,
  0x4249, 0x4249, 0x424A, 0x4249, 0x4249, 0x4249, 0x4249, 0x4249, 0x424A, 0x4249, 0x4249, 0x4249,
  0x4249, 0x424A, 0x4249, 0x4249, 0x4249, 0x4249, 0x4249, 0x424A, 0x4249, 0x4249, 0x4249, 0x4249,
  0x4249, 0x4249, 0x424A, 0x4249, 0x424A, 0x424A, 0x4249, 0x4249, 0x4249, 0x424A, 0x4249, 0x424A,
  0x4249, 0x4249, 0x4249, 0x424A, 0x4249, 0x4249, 0x4249, 0x4249, 0x4249, 0x4249, 0x424A, 0x424A,
  0x4249, 0x4249, 0x424A, 0x4249, 0x4249, 0x4249, 0x4249, 0x4249, 0x4249, 0x424A, 0x4249, 0x4249,
  0x4249, 0x4249, 0x4249, 0x4249, 0x4249, 0x424A, 0x4249, 0x4249, 0x4249, 0x4249, 0x4249, 0x4249,
  0x424A, 0x4249, 0x4249, 0x4249, 0x4249, 0x4249, 0x4249, 0x4249, 0x4249, 0x424A, 0x4249, 0x4249,
  0x4249, 0x4249, 0x4249, 0x4A69, 0x6B6C, 0x52A9, 0x4A68, 0x4A48, 0x4A68, 0x5269, 0x7BEF, 0xA534,
  0xB5B5, 0xBDD6, 0xBDF6, 0xBDF6, 0xBDF6, 0xBDD6, 0xBDF6, 0xBDD6, 0xBDD6, 0xBDD6, 0xBDD6, 0xBDF6,
  0xBDD6, 0xBDF6, 0xBDD6, 0xBDF6, 0xBDD6, 0xBDD6, 0xBDD6, 0xBDD6, 0xAD54, 0xA4F3, 0xAD34, 0xCE58,
  0xDED9, 0xDED9, 0xDED9, 0xDED9, 0xDED9, 0xDED9, 0xC617, 0x52AB, 0x4249, 0x4249, 0x4249, 0x4249,
  0x424A, 0x4249, 0x424A, 0x4249, 0x4249, 0x4249, 0x424A, 0x4249, 0x4249, 0x4249, 0x4249, 0x424A,
  0x4249, 0x4249, 0x424A, 0x4249, 0x4249, 0x4249, 0x424A, 0x4249, 0x4249, 0x4249, 0x4249, 0x4249,
  0x4249, 0x4249, 0x424A, 0x4249, 0x4249, 0x4249, 0x4249, 0x424A, 0x4249, 0x4249, 0x4249, 0x4249,
  0x4249, 0x424A, 0x424A, 0x4249, 0x4249, 0x424A, 0x4249, 0x4249, 0x424A, 0x424A, 0x4249, 0x4249,
  0x4249, 0x4249, 0x4249, 0x4249, 0x4249, 0x4249, 0x4249, 0x424A, 0x4249, 0x424A, 0x4249, 0x4249,
  0x4249, 0x4249, 0x4249, 0x4249, 0x4249, 0x4249, 0x4249, 0x4249, 0x4249, 0x4249, 0x4249, 0x4249,
  0x4249, 0x424A, 0x4249, 0x4249, 0x4249, 0x4249, 0x424A, 0x4249, 0x4249, 0x4249, 0x424A, 0x4249,
  0x4249, 0x4249, 0x424A, 0x4249, 0x4249, 0x424A, 0x4249, 0x424A, 0x424A, 0x4249, 0x4249, 0x4249,
  0x4249, 0x4249, 0x4249, 0x4249, 0x4249, 0x4249, 0x4249, 0x4249, 0x4249, 0x424A, 0x4249, 0x424A,
  0x4249, 0x4249, 0x4249, 0x4249, 0x4249, 0x4249, 0x4249, 0x4249, 0x424A, 0x4249, 0x4249, 0x4249,
  0x4249, 0x4249, 0x4249, 0x4249, 0x4249, 0x4249, 0x424A, 0x4249, 0x4249, 0x4249, 0x4249, 0x4249,
  0x424A, 0x4249, 0x4249, 0x4249, 0x4249, 0x424A, 0x4249, 0x4249, 0x4249, 0x4249, 0x4249, 0x424A,
  0x424A, 0x4249, 0x4249, 0x4249, 0x4249, 0x424A, 0x4249, 0x4249, 0x4249, 0x424A, 0x4249, 0x4249,
  0x4249, 0x424A, 0x4249, 0x4249, 0x4249, 0x4249, 0x4249, 0x424A, 0x424A, 0x4249, 0x4249, 0x424A,
  0x4249, 0x4249, 0x4249, 0x4249, 0x4249, 0x4249, 0x4249, 0x424A, 0x4249, 0x4249, 0x4249, 0x4249,
  0x4249, 0x4249, 0x424A, 0x4249, 0x4249, 0x4249, 0x4249, 0x4249, 0x4249, 0x4249, 0x4249, 0x4249,
  0x4249, 0x424A, 0x4249, 0x4249, 0x4249, 0x4249, 0x4249, 0x4249, 0x424A, 0x4249, 0x424A, 0x4249,
  0x4249, 0x4249, 0x4249, 0x424A, 0x4249, 0x4249, 0x4249, 0x424A, 0x4249, 0x4249, 0x4249, 0x4249,
  0x4249, 0x4249, 0x4249, 0x4249, 0x4249, 0x424A, 0x4249, 0x424A, 0x4249, 0x4249, 0x4249, 0x4249,
  0x4249, 0x4249, 0x4249, 0x4249, 0x4249, 0x4249, 0x4249, 0x4249, 0x4249, 0x424A, 0x4249, 0x424A,
  0x4249, 0x424A, 0x4249, 0x4249, 0x4249, 0x424A, 0x4249, 0x4249, 0x424A, 0x4249, 0x4249, 0x4249,
  0x4249, 0x4249, 0x4249, 0x4249, 0x424A, 0x4249, 0x424A, 0x4249, 0x4249, 0x4249, 0x4249, 0x424A,
  0x4249, 0x424A, 0x4249, 0x424A, 0x424A, 0x4249, 0x4249, 0x4249, 0x424A, 0x4249, 0x4249, 0x4A6A,
  0x5AEA, 0x4A68, 0x4A48, 0x5269, 0x5269, 0x4A68, 0x630B, 0xAD74, 0xAD54, 0xBDD6, 0xBDF6, 0xBDD6,
  0xBDD6, 0xBDF6, 0xBDD6, 0xBDD6, 0xBDF6, 0xBDD6, 0xBDD6, 0xBDD6, 0xBDD6, 0xBDF6, 0xBDF6, 0xBDD6,
  0xBDD6, 0xBDD6, 0xBDD6, 0xB595, 0x9CF3, 0xA534, 0xB5B6, 0xDEB9, 0xDED9, 0xDED9, 0xDED9, 0xDED9,
  0xDED9, 0xDED9, 0xBDF6, 0x52AB, 0x4249, 0x4249, 0x4249, 0x4249, 0x4249, 0x4249, 0x4249, 0x4249,
  0x424A, 0x4249, 0x424A, 0x4249, 0x4249, 0x4249, 0x424A, 0x4249, 0x4249, 0x4249, 0x4249, 0x4249,
  0x4249, 0x424A, 0x4249, 0x4249, 0x424A, 0x4249, 0x424A, 0x4249, 0x4249, 0x424A, 0x4249, 0x4249,
  0x4249, 0x4249, 0x424A, 0x4249, 0x4249, 0x4249, 0x4249, 0x4249, 0x4249, 0x4249, 0x4249, 0x4249,
  0x4249, 0x4249, 0x4249, 0x424A, 0x4249, 0x4249, 0x4249, 0x4249, 0x424A, 0x4249, 0x4249, 0x424A,
  0x4249, 0x4249, 0x4249, 0x4249, 0x4249, 0x4249, 0x4249, 0x4249, 0x4249, 0x424A, 0x424A, 0x4249,
  0x424A, 0x4249, 0x4249, 0x424A, 0x4249, 0x4249, 0x424A, 0x4249, 0x4249, 0x4249, 0x4249, 0x4249,
  0x4249, 0x424A, 0x4249, 0x4249, 0x424A, 0x4249, 0x4249, 0x4249, 0x4249, 0x424A, 0x4249, 0x4249,
  0x4249, 0x424A, 0x4249, 0x4249, 0x4249, 0x424A, 0x4249, 0x4249, 0x4249, 0x4249, 0x4249, 0x424A,
  0x424A, 0x4249, 0x4249, 0x424A, 0x4249, 0x4249, 0x4249, 0x4249, 0x4249, 0x4249, 0x4249, 0x424A,
  0x4249, 0x4249, 0x4249, 0x4249, 0x4249, 0x4249, 0x424A, 0x4249, 0x4249, 0x4249, 0x4249, 0x4249,
  0x4249, 0x4249, 0x4249, 0x4249, 0x4249, 0x424A, 0x4249, 0x4249, 0x4249, 0x4249, 0x4249, 0x4249,
  0x424A, 0x4249, 0x424A, 0x4249, 0x4249, 0x4249, 0x4249, 0x424A, 0x4249, 0x4249, 0x424A, 0x4249,
  0x4249, 0x4249, 0x424A, 0x4249, 0x4249, 0x4249, 0x4249, 0x4249, 0x4249, 0x4249, 0x4249, 0x4249,
  0x424A, 0x4249, 0x4249, 0x4249, 0x4249, 0x4249, 0x424A, 0x4249, 0x4249, 0x4249, 0x424A, 0x4249,
  0x424A, 0x424A, 0x4249, 0x424A, 0x4249, 0x424A, 0x4249, 0x4249, 0x424A, 0x4249, 0x4249, 0x424A,
  0x4249, 0x4249, 0x424A, 0x4249, 0x424A, 0x4249, 0x4249, 0x4249, 0x4249, 0x4249, 0x4249, 0x4249,
  0x4249, 0x424A, 0x4249, 0x4249, 0x4249, 0x4249, 0x4249, 0x4249, 0x4249, 0x424A, 0x4249, 0x4249,
  0x4249, 0x424A, 0x4249, 0x4249, 0x4249, 0x4249, 0x4249, 0x4249, 0x4249, 0x424A, 0x4249, 0x4249,
  0x4249, 0x4249, 0x4249, 0x4249, 0x4249, 0x424A, 0x4249, 0x424A, 0x4249, 0x4249, 0x424A, 0x424A,
  0x4249, 0x4249, 0x4249, 0x4249, 0x4249, 0x4249, 0x4249, 0x4249, 0x424A, 0x4249, 0x4249, 0x4249,
  0x4249, 0x4249, 0x4249, 0x4249, 0x4249, 0x424A, 0x4249, 0x4249, 0x424A, 0x4249, 0x424A, 0x4249,
  0x4249, 0x4249, 0x4249, 0x4249, 0x424A, 0x4249, 0x4249, 0x424A, 0x4249, 0x4249, 0x4249, 0x4249,
  0x4249, 0x4249, 0x4249, 0x4249, 0x424A, 0x4249, 0x4249, 0x4A6A, 0x52AA, 0x4A48, 0x4A68, 0x5289,
  0x5269, 0x5289, 0x630B, 0xB595, 0xB5B5, 0xAD54, 0xBDB6, 0xBDD6, 0xBDF6, 0xBDD6, 0xBDD6, 0xBDD6,
  0xBDD6, 0xBDD6, 0xBDD6, 0xBDD6, 0xBDD6, 0xBDD6, 0xBDD6, 0xBDD6, 0xBDD6, 0xBDD6, 0xB595, 0x9CF3,
  0xA514, 0xAD55, 0xD678, 0xDED9, 0xDED9, 0xDED9, 0xDED9, 0xDED9, 0xDED9, 0xDED9, 0xB5B5, 0x4A6A,
  0x424A, 0x424A, 0x4249, 0x4249, 0x424A, 0x4249, 0x4249, 0x424A, 0x4249, 0x4249, 0x4249, 0x4249,
  0x4249, 0x4249, 0x424A, 0x4249, 0x4249, 0x4249, 0x4249, 0x424A, 0x4249, 0x4249, 0x4249, 0x4249,
  0x4249, 0x4249, 0x4249, 0x4249, 0x4249, 0x4249, 0x4249, 0x4249, 0x424A, 0x4249, 0x4249, 0x4249,
  0x4249, 0x424A, 0x4249, 0x424A, 0x4249, 0x4249, 0x4249, 0x4249, 0x424A, 0x4249, 0x4249, 0x4249,
  0x4249, 0x4249, 0x4249, 0x424A, 0x4249, 0x4249, 0x424A, 0x4249, 0x424A, 0x424A, 0x4249, 0x4249,
  0x4249, 0x424A, 0x424A, 0x4249, 0x4249, 0x4249, 0x4249, 0x424A, 0x4249, 0x4249, 0x4249, 0x424A,
  0x4249, 0x4249, 0x4249, 0x4249, 0x4249, 0x424A, 0x4249, 0x4249, 0x4249, 0x424A, 0x4249, 0x4249,
  0x4249, 0x4249, 0x424A, 0x4249, 0x4249, 0x4249, 0x424A, 0x4249, 0x4249, 0x4249, 0x4249, 0x4249,
  0x4249, 0x4249, 0x4249, 0x4249, 0x424A, 0x4249, 0x4249, 0x4249, 0x4249, 0x4249, 0x424A, 0x4249,
  0x4249, 0x4249, 0x424A, 0x4249, 0x424A, 0x424A, 0x4249, 0x424A, 0x4249, 0x424A, 0x4249, 0x4249,
  0x424A, 0x4249, 0x4249, 0x424A, 0x4249, 0x4249, 0x424A, 0x4249, 0x424A, 0x4249, 0x4249, 0x4249,
  0x4249, 0x4249, 0x4249, 0x4249, 0x4249, 0x424A, 0x4249, 0x4249, 0x4249, 0x4249, 0x4249, 0x4249,
  0x4249, 0x424A, 0x4249, 0x4249, 0x4249, 0x4249, 0x424A, 0x4249, 0x4249, 0x4249, 0x4249, 0x4249,
  0x4249, 0x4249, 0x4249, 0x4249, 0x4249, 0x4249, 0x424A, 0x4249, 0x424A, 0x4249, 0x4249, 0x4249,
  0x424A, 0x4249, 0x4249, 0x4249, 0x4249, 0x4249, 0x4249, 0x4249, 0x4249, 0x4249, 0x4249, 0x4249,
  0x4249, 0x4249, 0x424A, 0x424A, 0x4249, 0x4249, 0x4249, 0x4249, 0x4249, 0x424A, 0x4249, 0x4249,
  0x4249, 0x424A, 0x4249, 0x4249, 0x4249, 0x424A, 0x4249, 0x424A, 0x4249, 0x4249, 0x4249, 0x4249,
  0x424A, 0x4249, 0x4249, 0x4249, 0x424A, 0x424A, 0x4249, 0x4249, 0x4249, 0x4249, 0x4249, 0x4249,
  0x424A, 0x4249, 0x4249, 0x424A, 0x4249, 0x4249, 0x424A, 0x4249, 0x424A, 0x4249, 0x424A, 0x4249,
  0x4249, 0x4249, 0x4249, 0x4249, 0x424A, 0x4249, 0x4249, 0x4249, 0x4249, 0x4249, 0x4249, 0x424A,
  0x424A, 0x4249, 0x4249, 0x4249, 0x4249, 0x4249, 0x4249, 0x424A, 0x4249, 0x4249, 0x424A, 0x4249,
  0x4249, 0x4249, 0x4249, 0x4249, 0x4249, 0x4249, 0x4249, 0x4249, 0x4249, 0x4249, 0x4249, 0x424A,
  0x4249, 0x4249, 0x4249, 0x4249, 0x4249, 0x424A, 0x4249, 0x4249, 0x4249, 0x424A, 0x4249, 0x424A,
  0x4249, 0x4249, 0x4249, 0x4249, 0x4229, 0x4207, 0x4A68, 0x5289, 0x5269, 0x4A69, 0x8C51, 0xCE58,
  0xD6B9, 0xC5F6, 0xA533, 0xB5B5, 0xBDD6, 0xBDD6, 0xBDD6, 0xBDD6, 0xBDD6, 0xBDD6, 0xBDF6, 0xBDF6,
  0xBDD6, 0xBDD6, 0xBDD6, 0xBDD6, 0xBDD6, 0xAD74, 0x9CF3, 0xA514, 0xAD54, 0xC637, 0xDED9, 0xDED9,
  0xDED9, 0xDED9, 0xDED9, 0xDED9, 0xDED9, 0xDED9, 0xA513, 0x424A, 0x4249, 0x4249, 0x4249, 0x424A,
  0x4249, 0x4249, 0x4249, 0x4249, 0x4249, 0x4249, 0x424A, 0x4249, 0x424A, 0x424A, 0x4249, 0x4249,
  0x424A, 0x4249, 0x424A, 0x4249, 0x4249, 0x424A, 0x4249, 0x4249, 0x424A, 0x4249, 0x4249, 0x4249,
  0x424A, 0x4249, 0x4249, 0x4249, 0x424A, 0x4249, 0x4249, 0x4249, 0x424A, 0x4249, 0x4249, 0x4249,
  0x424A, 0x424A, 0x4249, 0x424A, 0x4249, 0x4249, 0x4249, 0x424A, 0x4249, 0x4249, 0x4249, 0x4249,
  0x4249, 0x4249, 0x4249, 0x4249, 0x4249, 0x4249, 0x4249, 0x424A, 0x4249, 0x4249, 0x4249, 0x424A,
  0x4249, 0x4249, 0x4249, 0x4249, 0x4249, 0x4249, 0x4249, 0x4249, 0x4249, 0x4249, 0x4249, 0x4249,
  0x424A, 0x4249, 0x424A, 0x4249, 0x4249, 0x4249, 0x4249, 0x4249, 0x4249, 0x4249, 0x424A, 0x4249,
  0x4249, 0x4249, 0x4249, 0x4249, 0x4249, 0x4249, 0x4249, 0x4249, 0x4249, 0x4249, 0x424A, 0x4249,
  0x424A, 0x4249, 0x4249, 0x4249, 0x424A, 0x4249, 0x4249, 0x4249, 0x4249, 0x4249, 0x4249, 0x4249,
  0x4249, 0x4249, 0x4249, 0x4249, 0x4249, 0x4249, 0x424A, 0x424A, 0x4249, 0x4249, 0x4249, 0x4249,
  0x4249, 0x424A, 0x4249, 0x4249, 0x4249, 0x424A, 0x4249, 0x4249, 0x4249, 0x424A, 0x4249, 0x424A,
  0x4249, 0x4249, 0x4249, 0x4249, 0x424A, 0x4249, 0x4249, 0x4249, 0x424A, 0x424A, 0x4249, 0x4249,
  0x424A, 0x4249, 0x4249, 0x4249, 0x4249, 0x424A, 0x4249, 0x4249, 0x424A, 0x4249, 0x424A, 0x4249,
  0x4249, 0x424A, 0x4249, 0x4249, 0x4249, 0x4249, 0x4249, 0x424A, 0x4249, 0x4249, 0x4249, 0x424A,
  0x424A, 0x4249, 0x4249, 0x4249, 0x424A, 0x4249, 0x4249, 0x4249, 0x424A, 0x4249, 0x4249, 0x4249,
  0x4249, 0x4249, 0x424A, 0x4249, 0x4249, 0x4249, 0x4249, 0x4249, 0x4249, 0x4249, 0x4249, 0x4249,
  0x4249, 0x424A, 0x4249, 0x4249, 0x424A, 0x4249, 0x4249, 0x4249, 0x424A, 0x4249, 0x424A, 0x4249,
  0x4249, 0x4249, 0x4249, 0x4249, 0x4249, 0x4249, 0x424A, 0x4249, 0x424A, 0x4249, 0x4249, 0x4249,
  0x4249, 0x4249, 0x4249, 0x4249, 0x4249, 0x4249, 0x4249, 0x4249, 0x424A, 0x4249, 0x4249, 0x4249,
  0x424A, 0x4249, 0x4249, 0x4249, 0x4249, 0x424A, 0x4249, 0x424A, 0x4249, 0x4249, 0x4249, 0x4249,
  0x4249, 0x424A, 0x4249, 0x424A, 0x4249, 0x4249, 0x4249, 0x4249, 0x4249, 0x4249, 0x424A, 0x424A,
  0x4249, 0x4249, 0x4249, 0x424A, 0x4249, 0x4249, 0x4249, 0x4249, 0x4249, 0x4249, 0x424A, 0x4249,
  0x4249, 0x4249, 0x424A, 0x4249, 0x424A, 0x4249, 0x4249, 0x4249, 0x4249, 0x4249, 0x4249, 0x4249,
  0x4249, 0x3A08, 0x39E7, 0x4228, 0x5289, 0x8C50, 0xCE58, 0xDED9, 0xDED9, 0xDEB9, 0xBDF6, 0xA513,
  0xAD54, 0xB5B5, 0xBDD6, 0xBDD6, 0xBDF6, 0xBDD6, 0xBDF6, 0xBDD6, 0xBDD6, 0xBDD6, 0xBDD6, 0xB595,
  0xA513, 0x9CD2, 0xA514, 0xAD54, 0xC617, 0xDEB9, 0xDED9, 0xDED9, 0xDED9, 0xDED9, 0xDED9, 0xDED9,
  0xDED9, 0xD6B9, 0x8430, 0x4249, 0x4249, 0x4249, 0x4249, 0x4249, 0x4249, 0x4249, 0x4249, 0x4249,
  0x424A, 0x4249, 0x4249, 0x4249, 0x4249, 0x4249, 0x4249, 0x4249, 0x4249, 0x4249, 0x4249, 0x4249,
  0x4249, 0x4249, 0x4249, 0x424A, 0x4249, 0x4249, 0x424A, 0x4249, 0x424A, 0x4249, 0x4249, 0x4249,
  0x4249, 0x424A, 0x4249, 0x4249, 0x4249, 0x4249, 0x4249, 0x4249, 0x4249, 0x4249, 0x4249, 0x4249,
  0x4249, 0x424A, 0x4249, 0x4249, 0x4249, 0x4249, 0x424A, 0x4249, 0x4249, 0x4249, 0x4249, 0x4249,
  0x4249, 0x4249, 0x4249, 0x4249, 0x4249, 0x4249, 0x4249, 0x424A, 0x4249, 0x4249, 0x4249, 0x424A,
  0x4249, 0x4249, 0x424A, 0x424A, 0x4249, 0x4249, 0x424A, 0x424A, 0x4249, 0x4249, 0x4249, 0x4249,
  0x4249, 0x424A, 0x4249, 0x4249, 0x424A, 0x4249, 0x4249, 0x4249, 0x4249, 0x424A, 0x4249, 0x4249,
  0x424A, 0x4249, 0x424A, 0x4249, 0x4249, 0x424A, 0x4249, 0x4249, 0x4249, 0x4249, 0x4249, 0x424A,
  0x4249, 0x4249, 0x4249, 0x424A, 0x424A, 0x4249, 0x4249, 0x4249, 0x424A, 0x4249, 0x4249, 0x4249,
  0x424A, 0x4249, 0x4249, 0x4249, 0x4249, 0x4249, 0x424A, 0x4249, 0x4249, 0x4249, 0x4249, 0x4249,
  0x4249, 0x4249, 0x4249, 0x4249, 0x4249, 0x424A, 0x4249, 0x4249, 0x424A, 0x4249, 0x4249, 0x4249,
  0x424A, 0x4249, 0x424A, 0x4249, 0x4249, 0x4249, 0x4249, 0x4249, 0x4249, 0x4249, 0x4249, 0x4249,
  0x424A, 0x4249, 0x4249, 0x4249, 0x4249, 0x4249, 0x424A, 0x4249, 0x424A, 0x4249, 0x4249, 0x4249,
  0x4249, 0x424A, 0x4249, 0x424A, 0x4249, 0x4249, 0x4249, 0x4249, 0x4249, 0x4249, 0x4249, 0x424A,
  0x4249, 0x4249, 0x424A, 0x4249, 0x4249, 0x4249, 0x4249, 0x4249, 0x4249, 0x424A, 0x4249, 0x424A,
  0x4249, 0x4249, 0x4249, 0x424A, 0x4249, 0x4249, 0x424A, 0x424A, 0x4249, 0x4249, 0x4249, 0x4249,
  0x4249, 0x4249, 0x424A, 0x4249, 0x4249, 0x4249, 0x424A, 0x4249, 0x4249, 0x4249, 0x4249, 0x424A,
  0x4249, 0x4249, 0x4249, 0x4249, 0x4249, 0x4249, 0x424A, 0x4249, 0x4249, 0x424A, 0x4249, 0x4249,
  0x4249, 0x4249, 0x424A, 0x4249, 0x4249, 0x4249, 0x4249, 0x424A, 0x4249, 0x4249, 0x424A, 0x424A,
  0x4249, 0x4249, 0x4249, 0x4249, 0x4249, 0x4249, 0x424A, 0x424A, 0x4249, 0x4249, 0x4249, 0x4249,
  0x4249, 0x4249, 0x4249, 0x4249, 0x424A, 0x4249, 0x4249, 0x4249, 0x4249, 0x4249, 0x4249, 0x4249,
  0x4249, 0x424A, 0x424A, 0x4249, 0x4249, 0x4249, 0x4249, 0x424A, 0x4249, 0x4249, 0x4249, 0x4249,
  0x4249, 0x424A, 0x4249, 0x4249, 0x4249, 0x424A, 0x424A, 0x4249, 0x4249, 0x4249, 0x4208, 0x41E7,
  0x4A69, 0xBDB5, 0xDED9, 0xDED9, 0xDED9, 0xDED9, 0xDED9, 0xC637, 0xAD34, 0x9CF2, 0xA533, 0xAD74,
  0xB595, 0xB5B5, 0xB5B5, 0xB5B5, 0xB595, 0xAD54, 0xA513, 0x9CD2, 0xA513, 0xA534, 0xAD75, 0xC637,
  0xDED9, 0xDED9, 0xDED9, 0xDED9, 0xDED9, 0xDED9, 0xDED9, 0xDED9, 0xDED9, 0xCE58, 0x632C, 0x4249,
  0x4249, 0x4249, 0x4249, 0x4249, 0x4249, 0x424A, 0x424A, 0x4249, 0x4249, 0x4249, 0x424A, 0x4249,
  0x4249, 0x4249, 0x4249, 0x4249, 0x424A, 0x4249, 0x4249, 0x424A, 0x4249, 0x4249, 0x4249, 0x4249,
  0x4249, 0x424A, 0x4249, 0x4249, 0x4249, 0x4249, 0x424A, 0x424A, 0x4249, 0x4249, 0x4249, 0x424A,
  0x4249, 0x4249, 0x424A, 0x4249, 0x4249, 0x4249, 0x4249, 0x4249, 0x4249, 0x4249, 0x4249, 0x424A,
  0x4249, 0x4249, 0x424A, 0x4249, 0x4249, 0x424A, 0x424A, 0x4249, 0x424A, 0x424A, 0x4249, 0x424A,
  0x4249, 0x4249, 0x4249, 0x4249, 0x4249, 0x4249, 0x4249, 0x4249, 0x4249, 0x424A, 0x4249, 0x424A,
  0x4249, 0x4249, 0x4249, 0x4249, 0x4249, 0x4249, 0x4249, 0x4249, 0x424A, 0x4249, 0x4249, 0x424A,
  0x4249, 0x4249, 0x4249, 0x4249, 0x424A, 0x4249, 0x4249, 0x4249, 0x4249, 0x4249, 0x424A, 0x4249,
  0x424A, 0x4249, 0x4249, 0x4249, 0x4249, 0x424A, 0x4249, 0x424A, 0x4249, 0x4249, 0x4249, 0x4249,
  0x4249, 0x4249, 0x4249, 0x424A, 0x4249, 0x4249, 0x424A, 0x4249, 0x4249, 0x4249, 0x4249, 0x4249,
  0x4249, 0x424A, 0x4249, 0x424A, 0x4249, 0x4249, 0x4249, 0x424A, 0x4249, 0x4249, 0x424A, 0x424A,
  0x4249, 0x4249, 0x4249, 0x4249, 0x4249, 0x4249, 0x424A, 0x4249, 0x4249, 0x4249, 0x424A, 0x4249,
  0x4249, 0x4249, 0x4249, 0x424A, 0x4249, 0x4249, 0x424A, 0x4249, 0x4249, 0x4249, 0x424A, 0x4249,
  0x4249, 0x424A, 0x4249, 0x4249, 0x4249, 0x4249, 0x4249, 0x4249, 0x424A, 0x4249, 0x4249, 0x4249,
  0x4249, 0x4249, 0x4249, 0x424A, 0x4249, 0x4249, 0x424A, 0x4249, 0x4249, 0x4249, 0x4249, 0x4249,
  0x4249, 0x4249, 0x4249, 0x4249, 0x424A, 0x4249, 0x4249, 0x4249, 0x4249, 0x424A, 0x424A, 0x4249,
  0x4249, 0x4249, 0x4249, 0x4249, 0x4249, 0x4249, 0x4249, 0x4249, 0x4249, 0x424A, 0x4249, 0x4249,
  0x4249, 0x4249, 0x4249, 0x4249, 0x4249, 0x4249, 0x4249, 0x4249, 0x424A, 0x4249, 0x424A, 0x4249,
  0x4249, 0x424A, 0x4249, 0x4249, 0x424A, 0x4249, 0x4249, 0x4249, 0x424A, 0x424A, 0x4249, 0x424A,
  0x4249, 0x4249, 0x424A, 0x4249, 0x4249, 0x4249, 0x4249, 0x424A, 0x4249, 0x4249, 0x4249, 0x4249,
  0x4249, 0x424A, 0x4249, 0x4249, 0x4249, 0x4249, 0x4249, 0x4249, 0x4249, 0x424A, 0x4249, 0x4249,
  0x424A, 0x4249, 0x4249, 0x4249, 0x4249, 0x424A, 0x4249, 0x4249, 0x4249, 0x424A, 0x4249, 0x4249,
  0x4249, 0x424A, 0x4249, 0x4249, 0x4249, 0x4249, 0x424A, 0x4249, 0x4249, 0x4249, 0x4249, 0x4249,
  0x4249, 0x424A, 0x4249, 0x4249, 0x4249, 0x424A, 0x4249, 0x4248, 0x4207, 0x9CB1, 0xDEB9, 0xDED9,
  0xDED9, 0xDED9, 0xDED9, 0xDED9, 0xD698, 0xBDD6, 0xAD34, 0x9CF3, 0x9CD2, 0x9CD2, 0x9CD2, 0x9CF2,
  0x9CD3, 0xA4F3, 0xA514, 0xA534, 0xAD54, 0xBDD6, 0xD698, 0xDED9, 0xDED9, 0xDED9, 0xDED9, 0xDED9,
  0xDED9, 0xDED9, 0xDED9, 0xDED9, 0xDED9, 0xAD74, 0x4A6A, 0x424A, 0x424A, 0x4249, 0x424A, 0x424A,
  0x4249, 0x4249, 0x4249, 0x4249, 0x424A, 0x4249, 0x4249, 0x4249, 0x4249, 0x424A, 0x424A, 0x4249,
  0x4249, 0x424A, 0x4249, 0x4249, 0x424A, 0x4249, 0x4249, 0x424A, 0x4249, 0x4249, 0x4249, 0x424A,
  0x4249, 0x4249, 0x4249, 0x424A, 0x4249, 0x4249, 0x4249, 0x424A, 0x4249, 0x4249, 0x4249, 0x4249,
  0x4249, 0x424A, 0x4249, 0x4249, 0x424A, 0x4249, 0x4249, 0x424A, 0x4249, 0x4249, 0x4249, 0x4249,
  0x4249, 0x424A, 0x4249, 0x4249, 0x4249, 0x4249, 0x4249, 0x424A, 0x424A, 0x4249, 0x4249, 0x424A,
  0x4249, 0x4249, 0x424A, 0x4249, 0x4249, 0x4249, 0x4249, 0x4249, 0x4249, 0x4249, 0x4249, 0x424A,
  0x4249, 0x424A, 0x4249, 0x4249, 0x424A, 0x4249, 0x4249, 0x4249, 0x4249, 0x4249, 0x424A, 0x4249,
  0x4249, 0x4249, 0x424A, 0x4249, 0x4249, 0x424A, 0x4249, 0x4249, 0x4249, 0x4249, 0x4249, 0x4249,
  0x424A, 0x4249, 0x4249, 0x4249, 0x4249, 0x4249, 0x4249, 0x424A, 0x4249, 0x4249, 0x424A, 0x4249,
  0x4249, 0x4249, 0x4249, 0x4249, 0x4249, 0x4249, 0x4249, 0x4249, 0x424A, 0x4249, 0x4249, 0x4249,
  0x4249, 0x424A, 0x424A, 0x4249, 0x4249, 0x4249, 0x4249, 0x4249, 0x4249, 0x4249, 0x4249, 0x4249,
  0x4249, 0x424A, 0x4249, 0x4249, 0x4249, 0x4249, 0x4249, 0x4249, 0x4249, 0x4249, 0x4249, 0x4249,
  0x424A, 0x424A, 0x4249, 0x4249, 0x4249, 0x4249, 0x4249, 0x4249, 0x4249, 0x4249, 0x4249, 0x424A,
  0x4249, 0x4249, 0x424A, 0x4249, 0x4249, 0x4249, 0x4249, 0x4249, 0x424A, 0x4249, 0x424A, 0x4249,
  0x424A, 0x4249, 0x4249, 0x4249, 0x4249, 0x4249, 0x424A, 0x4249, 0x424A, 0x424A, 0x4249, 0x424A,
  0x4249, 0x4249, 0x4249, 0x4249, 0x4249, 0x4249, 0x4249, 0x424A, 0x4249, 0x4249, 0x424A, 0x4249,
  0x4249, 0x424A, 0x4249, 0x424A, 0x4249, 0x4249, 0x4249, 0x424A, 0x4249, 0x4249, 0x4249, 0x4249,
  0x424A, 0x4249, 0x424A, 0x4249, 0x4249, 0x4249, 0x4249, 0x4249, 0x4249, 0x424A, 0x4249, 0x4249,
  0x4249, 0x4249, 0x4249, 0x424A, 0x4249, 0x4249, 0x4249, 0x4249, 0x4249, 0x4249, 0x4249, 0x4249,
  0x4249, 0x4249, 0x4249, 0x4249, 0x4249, 0x424A, 0x4249, 0x4249, 0x424A, 0x4249, 0x4249, 0x4249,
  0x4249, 0x4249, 0x424A, 0x4249, 0x424A, 0x4249, 0x4249, 0x424A, 0x4249, 0x4249, 0x424A, 0x4249,
  0x4249, 0x424A, 0x4249, 0x4249, 0x4249, 0x4249, 0x4249, 0x4249, 0x424A, 0x4249, 0x4249, 0x424A,
  0x4249, 0x424A, 0x4249, 0x4249, 0x4249, 0x4249, 0x424A, 0x4249, 0x4249, 0x4249, 0x4249, 0x4249,
  0x4249, 0x4249, 0x4249, 0x4249, 0x4A49, 0x6B4C, 0xCE58, 0xDED9, 0xDED9, 0xDED9, 0xDED9, 0xDED9,
  0xDED9, 0xDED9, 0xD698, 0xC617, 0xB595, 0xAD75, 0xAD54, 0xAD54, 0xAD54, 0xAD75, 0xB5B5, 0xC617,
  0xD678, 0xDEB9, 0xDED9, 0xDED9, 0xDED9, 0xDED9, 0xDED9, 0xDED9, 0xDED9, 0xDED9, 0xDED9, 0xDED9,
  0xD698, 0x7BCF, 0x4249, 0x4249, 0x4249, 0x4249, 0x4249, 0x4249, 0x4249, 0x4249, 0x4249, 0x4249,
  0x4249, 0x424A, 0x4249, 0x4249, 0x4249, 0x4249, 0x4249, 0x4249, 0x4249, 0x4249, 0x4249, 0x4249,
  0x4249, 0x424A, 0x4249, 0x4249, 0x424A, 0x4249, 0x4249, 0x4249, 0x4249, 0x4249, 0x4249, 0x4249,
  0x4249, 0x4249, 0x424A, 0x4249, 0x4249, 0x4249, 0x4249, 0x424A, 0x424A, 0x4249, 0x424A, 0x424A,
  0x4249, 0x4249, 0x4249, 0x4249, 0x4249, 0x4249, 0x424A, 0x4249, 0x424A, 0x4249, 0x4249, 0x4249,
  0x424A, 0x4249, 0x4249, 0x4249, 0x4249, 0x4249, 0x4249, 0x424A, 0x4249, 0x4249, 0x424A, 0x4249,
  0x4249, 0x4249, 0x424A, 0x4249, 0x4249, 0x424A, 0x4249, 0x4249, 0x4249, 0x4249, 0x424A, 0x4249,
  0x4249, 0x4249, 0x424A, 0x4249, 0x424A, 0x424A, 0x4249, 0x4249, 0x4249, 0x4249, 0x4249, 0x4249,
  0x4249, 0x4249, 0x4249, 0x424A, 0x4249, 0x4249, 0x424A, 0x4249, 0x4249, 0x4249, 0x4249, 0x4249,
  0x424A, 0x4249, 0x424A, 0x4249, 0x424A, 0x4249, 0x4249, 0x4249, 0x4249, 0x4249, 0x424A, 0x4249,
  0x424A, 0x424A, 0x4249, 0x424A, 0x4249, 0x4249, 0x4249, 0x4249, 0x4249, 0x4249, 0x4249, 0x424A,
  0x4249, 0x4249, 0x424A, 0x4249, 0x4249, 0x424A, 0x4249, 0x424A, 0x4249, 0x4249, 0x4249, 0x424A,
  0x4249, 0x4249, 0x4249, 0x4249, 0x424A, 0x4249, 0x424A, 0x4249, 0x4249, 0x4249, 0x4249, 0x4249,
  0x4249, 0x424A, 0x424A, 0x4249, 0x4249, 0x4249, 0x4249, 0x4249, 0x4249, 0x424A, 0x4249, 0x424A,
  0x4249, 0x4249, 0x424A, 0x4249, 0x4249, 0x4249, 0x4249, 0x4249, 0x4249, 0x4249, 0x424A, 0x424A,
  0x4249, 0x4249, 0x4249, 0x4249, 0x4249, 0x4249, 0x4249, 0x4249, 0x4249, 0x424A, 0x4249, 0x4249,
  0x4249, 0x4249, 0x4249, 0x4249, 0x4249, 0x4249, 0x424A, 0x4249, 0x4249, 0x4249, 0x424A, 0x4249,
  0x4249, 0x424A, 0x4249, 0x4249, 0x4249, 0x4249, 0x424A, 0x4249, 0x4249, 0x4249, 0x4249, 0x4249,
  0x4249, 0x424A, 0x4249, 0x4249, 0x4249, 0x4249, 0x4249, 0x4249, 0x4249, 0x4249, 0x4249, 0x424A,
  0x4249, 0x4249, 0x4249, 0x4249, 0x4249, 0x4249, 0x424A, 0x4249, 0x4249, 0x424A, 0x424A, 0x4249,
  0x4249, 0x4249, 0x424A, 0x4249, 0x4249, 0x4249, 0x4249, 0x424A, 0x4249, 0x4249, 0x4249, 0x4249,
  0x4249, 0x4249, 0x4249, 0x4249, 0x4249, 0x4249, 0x4249, 0x4249, 0x4249, 0x4249, 0x4249, 0x424A,
  0x4249, 0x424A, 0x4249, 0x424A, 0x4249, 0x4249, 0x4249, 0x4249, 0x4249, 0x4249, 0x4249, 0x4249,
  0x4249, 0x424A, 0x424A, 0x4249, 0x4249, 0x424A, 0x424A, 0x4249, 0x424A, 0x4249, 0x4249, 0x424A,
  0x4249, 0x4A6A, 0xA4F3, 0xDED9, 0xDED9, 0xDED9, 0xDED9, 0xDED9, 0xDED9, 0xDED9, 0xDED9, 0xDED9,
  0xDEB9, 0xD6B9, 0xD699, 0xD698, 0xD699, 0xD6B9, 0xDEB9, 0xDED9, 0xDED9, 0xDED9, 0xDED9, 0xDED9,
  0xDED9, 0xDED9, 0xDED9, 0xDED9, 0xDED9, 0xDED9, 0xDED9, 0xDED9, 0xB595, 0x52AB, 0x4249, 0x4249,
  0x4249, 0x4249, 0x4249, 0x4249, 0x4249, 0x4249, 0x424A, 0x4249, 0x4249, 0x4249, 0x424A, 0x4249,
  0x424A, 0x4249, 0x4249, 0x4249, 0x424A, 0x4249, 0x4249, 0x4249, 0x4249, 0x4249, 0x4249, 0x4249,
  0x4249, 0x424A, 0x4249, 0x4249, 0x4249, 0x424A, 0x4249, 0x424A, 0x4249, 0x4249, 0x4249, 0x4249,
  0x424A, 0x4249, 0x4249, 0x4249, 0x4249, 0x4249, 0x4249, 0x4249, 0x4249, 0x4249, 0x4249, 0x424A,
  0x424A, 0x4249, 0x4249, 0x4249, 0x4249, 0x4249, 0x4249, 0x4249, 0x4249, 0x4249, 0x4249, 0x4249,
  0x424A, 0x4249, 0x4249, 0x424A, 0x4249, 0x4249, 0x4249, 0x4249, 0x4249, 0x4249, 0x4249, 0x4249,
  0x4249, 0x424A, 0x4249, 0x4249, 0x4249, 0x424A, 0x4249, 0x4249, 0x4249, 0x4249, 0x4249, 0x4249,
  0x4249, 0x4249, 0x4249, 0x4249, 0x4249, 0x424A, 0x424A, 0x4249, 0x4249, 0x4249, 0x4249, 0x4249,
  0x4249, 0x424A, 0x4249, 0x424A, 0x4249, 0x4249, 0x424A, 0x4249, 0x4249, 0x4249, 0x4249, 0x4249,
  0x4249, 0x4249, 0x424A, 0x424A, 0x4249, 0x4249, 0x4249, 0x4249, 0x4249, 0x4249, 0x4249, 0x4249,
  0x4249, 0x424A, 0x4249, 0x4249, 0x4249, 0x4249, 0x4249, 0x4249, 0x4249, 0x4249, 0x424A, 0x4249,
  0x4249, 0x4249, 0x424A, 0x4249, 0x4249, 0x424A, 0x4249, 0x4249, 0x4249, 0x4249, 0x424A, 0x4249,
  0x4249, 0x4249, 0x4249, 0x4249, 0x4249, 0x4249, 0x4249, 0x424A, 0x4249, 0x4249, 0x4249, 0x4249,
  0x424A, 0x424A, 0x4249, 0x4249, 0x424A, 0x4249, 0x4249, 0x4249, 0x4249, 0x4249, 0x4249, 0x424A,
  0x4249, 0x4249, 0x4249, 0x4249, 0x4249, 0x4249, 0x4249, 0x4249, 0x4249, 0x4249, 0x4249, 0x4249,
  0x4249, 0x424A, 0x4249, 0x4249, 0x4249, 0x4249, 0x424A, 0x4249, 0x4249, 0x4249, 0x4249, 0x4249,
  0x4249, 0x4249, 0x4249, 0x4249, 0x4249, 0x4249, 0x4249, 0x4249, 0x4249, 0x4249, 0x4249, 0x424A,
  0x424A, 0x4249, 0x4249, 0x424A, 0x4249, 0x4249, 0x4249, 0x4249, 0x4249, 0x4249, 0x424A, 0x4249,
  0x4249, 0x4249, 0x4249, 0x424A, 0x424A, 0x4249, 0x424A, 0x4249, 0x4249, 0x4249, 0x424A, 0x4249,
  0x4249, 0x4249, 0x424A, 0x4249, 0x4249, 0x4249, 0x4249, 0x4249, 0x4249, 0x4249, 0x4249, 0x4249,
  0x4249, 0x4249, 0x424A, 0x4249, 0x424A, 0x4249, 0x4249, 0x424A, 0x4249, 0x4249, 0x4249, 0x424A,
  0x424A, 0x4249, 0x4249, 0x424A, 0x4249, 0x424A, 0x4249, 0x4249, 0x4249, 0x4249, 0x4249, 0x4249,
  0x4249, 0x4249, 0x424A, 0x424A, 0x4249, 0x4249, 0x424A, 0x4249, 0x4249, 0x4249, 0x4249, 0x4249,
  0x4249, 0x4249, 0x4249, 0x4249, 0x4249, 0x424A, 0x4249, 0x4249, 0x4249, 0x4249, 0x632C, 0xC5F6,
  0xDED9, 0xDED9, 0xDED9, 0xDED9, 0xDED9, 0xDED9, 0xDED9, 0xDED9, 0xDED9, 0xDED9, 0xDED9, 0xDED9,
  0xDED9, 0xDED9, 0xDED9, 0xDED9, 0xDED9, 0xDED9, 0xDED9, 0xDED9, 0xDED9, 0xDED9, 0xDED9, 0xDED9,
  0xDED9, 0xDED9, 0xDED9, 0xCE58, 0x738E, 0x424A, 0x424A, 0x4249, 0x424A, 0x424A, 0x4249, 0x424A,
  0x424A, 0x4249, 0x4249, 0x4249, 0x424A, 0x4249, 0x4249, 0x4249, 0x4249, 0x424A, 0x4249, 0x424A,
  0x4249, 0x4249, 0x4249, 0x4249, 0x424A, 0x424A, 0x424A, 0x4249, 0x4249, 0x4249, 0x4249, 0x424A,
  0x4249, 0x424A, 0x4249, 0x4249, 0x4249, 0x424A, 0x4249, 0x4249, 0x4249, 0x424A, 0x424A, 0x4249,
  0x4249, 0x4249, 0x4249, 0x4249, 0x424A, 0x4249, 0x4249, 0x4249, 0x4249, 0x4249, 0x4249, 0x4249,
  0x4249, 0x424A, 0x4249, 0x4249, 0x4249, 0x424A, 0x4249, 0x424A, 0x4249, 0x4249, 0x4249, 0x4249,
  0x4249, 0x4249, 0x424A, 0x4249, 0x424A, 0x4249, 0x424A, 0x4249, 0x4249, 0x4249, 0x424A, 0x4249,
  0x4249, 0x424A, 0x4249, 0x4249, 0x424A, 0x4249, 0x4249, 0x424A, 0x4249, 0x4249, 0x4249, 0x424A,
  0x4249, 0x4249, 0x4249, 0x4249, 0x424A, 0x424A, 0x4249, 0x4249, 0x424A, 0x4249, 0x4249, 0x4249,
  0x4249, 0x4249, 0x4249, 0x424A, 0x4249, 0x4249, 0x4249, 0x4249, 0x4249, 0x4249, 0x4249, 0x4249,
  0x4249, 0x4249, 0x4249, 0x4249, 0x4249, 0x424A, 0x4249, 0x4249, 0x4249, 0x4249, 0x424A, 0x4249,
  0x4249, 0x4249, 0x4249, 0x4249, 0x4249, 0x4249, 0x4249, 0x4249, 0x4249, 0x4249, 0x4249, 0x4249,
  0x4249, 0x4249, 0x4249, 0x424A, 0x424A, 0x4249, 0x4249, 0x424A, 0x4249, 0x4249, 0x4249, 0x4249,
  0x424A, 0x4249, 0x4249, 0x4249, 0x4249, 0x4249, 0x4249, 0x4249, 0x4249, 0x4249, 0x4249, 0x4249,
  0x4249, 0x4249, 0x4249, 0x4249, 0x424A, 0x4249, 0x424A, 0x4249, 0x424A, 0x4249, 0x4249, 0x424A,
  0x4249, 0x424A, 0x4249, 0x4249, 0x424A, 0x4249, 0x424A, 0x424A, 0x4249, 0x4249, 0x4249, 0x424A,
  0x4249, 0x4249, 0x4249, 0x4249, 0x424A, 0x424A, 0x424A, 0x4249, 0x424A, 0x4249, 0x4249, 0x424A,
  0x4249, 0x4249, 0x4249, 0x4249, 0x424A, 0x4249, 0x4249, 0x4249, 0x4249, 0x4249, 0x4249, 0x4249,
  0x4249, 0x424A, 0x424A, 0x4249, 0x424A, 0x4249, 0x424A, 0x4249, 0x4249, 0x424A, 0x4249, 0x424A,
  0x4249, 0x4249, 0x4249, 0x4249, 0x4249, 0x4249, 0x424A, 0x4249, 0x424A, 0x4249, 0x4249, 0x4249,
  0x424A, 0x4249, 0x4249, 0x424A, 0x424A, 0x4249, 0x4249, 0x4249, 0x4249, 0x424A, 0x4249, 0x4249,
  0x4249, 0x424A, 0x4249, 0x4249, 0x424A, 0x4249, 0x4249, 0x4249, 0x4249, 0x4249, 0x4249, 0x4249,
  0x4249, 0x4249, 0x4249, 0x424A, 0x4249, 0x424A, 0x4249, 0x4249, 0x424A, 0x4249, 0x4249, 0x4249,
  0x4249, 0x4249, 0x4249, 0x4249, 0x4249, 0x424A, 0x4249, 0x4249, 0x4249, 0x4249, 0x4249, 0x424A,
  0x4249, 0x4249, 0x4249, 0x4249, 0x424A, 0x4249, 0x424A, 0x7C0F, 0xD678, 0xDED9, 0xDED9, 0xDED9,
  0xDED9, 0xDED9, 0xDED9, 0xDED9, 0xDED9, 0xDED9, 0xDED9, 0xDED9, 0xDED9, 0xDED9, 0xDED9, 0xDED9,
  0xDED9, 0xDED9, 0xDED9, 0xDED9, 0xDED9, 0xDED9, 0xDED9, 0xDED9, 0xDED9, 0xDED9, 0xD6B9, 0x94B1,
  0x426A, 0x4249, 0x4249, 0x4249, 0x4249, 0x4249, 0x4249, 0x4249, 0x4249, 0x4249, 0x424A, 0x4249,
  0x4249, 0x4249, 0x4249, 0x4249, 0x4249, 0x4249, 0x4249, 0x4249, 0x4249, 0x424A, 0x424A, 0x4249,
  0x4249, 0x4249, 0x4249, 0x4249, 0x4249, 0x424A, 0x4249, 0x4249, 0x4249, 0x4249, 0x4249, 0x4249,
  0x4249, 0x424A, 0x4249, 0x4249, 0x424A, 0x4249, 0x4249, 0x4249, 0x424A, 0x4249, 0x4249, 0x4249,
  0x4249, 0x424A, 0x4249, 0x4249, 0x4249, 0x4249, 0x424A, 0x4249, 0x4249, 0x424A, 0x4249, 0x424A,
  0x4249, 0x4249, 0x4249, 0x4249, 0x4249, 0x4249, 0x424A, 0x4249, 0x4249, 0x424A, 0x4249, 0x4249,
  0x4249, 0x424A, 0x4249, 0x4249, 0x4249, 0x4249, 0x4249, 0x4249, 0x424A, 0x4249, 0x4249, 0x4249,
  0x424A, 0x4249, 0x4249, 0x4249, 0x424A, 0x4249, 0x4249, 0x4249, 0x4249, 0x4249, 0x4249, 0x4249,
  0x4249, 0x4249, 0x4249, 0x4249, 0x4249, 0x4249, 0x4249, 0x4249, 0x424A, 0x4249, 0x424A, 0x4249,
  0x424A, 0x4249, 0x4249, 0x424A, 0x4249, 0x424A, 0x4249, 0x4249, 0x424A, 0x4249, 0x424A, 0x424A,
  0x4249, 0x4249, 0x4249, 0x424A, 0x4249, 0x4249, 0x4249, 0x4249, 0x424A, 0x424A, 0x424A, 0x4249,
  0x424A, 0x4249, 0x4249, 0x424A, 0x4249, 0x4249, 0x4249, 0x4249, 0x424A, 0x4249, 0x4249, 0x4249,
  0x4249, 0x4249, 0x4249, 0x4249, 0x4249, 0x424A, 0x424A, 0x4249, 0x4249, 0x424A, 0x4249, 0x4249,
  0x424A, 0x424A, 0x4249, 0x4249, 0x4249, 0x424A, 0x4249, 0x4249, 0x424A, 0x4249, 0x4249, 0x4249,
  0x4249, 0x4249, 0x4249, 0x4249, 0x4249, 0x4249, 0x424A, 0x4249, 0x4249, 0x4249, 0x4249, 0x4249,
  0x424A, 0x4249, 0x4249, 0x4249, 0x4249, 0x4249, 0x424A, 0x4249, 0x4249, 0x424A, 0x4249, 0x4249,
  0x4249, 0x4249, 0x4249, 0x4249, 0x4249, 0x4249, 0x424A, 0x424A, 0x4249, 0x4249, 0x424A, 0x4249,
  0x424A, 0x424A, 0x4249, 0x4249, 0x4249, 0x424A, 0x4249, 0x4249, 0x4249, 0x4249, 0x4249, 0x4249,
  0x4249, 0x4249, 0x4249, 0x4249, 0x424A, 0x4249, 0x4249, 0x4249, 0x4249, 0x4249, 0x4249, 0x424A,
  0x4249, 0x4249, 0x4249, 0x4249, 0x4249, 0x4249, 0x4249, 0x4249, 0x4249, 0x4249, 0x4249, 0x4249,
  0x4249, 0x424A, 0x424A, 0x4249, 0x4249, 0x4249, 0x4249, 0x4249, 0x4249, 0x4249, 0x4249, 0x4249,
  0x4249, 0x424A, 0x4249, 0x424A, 0x4249, 0x424A, 0x4249, 0x424A, 0x4249, 0x4249, 0x4249, 0x4249,
  0x424A, 0x4249, 0x4249, 0x4249, 0x4249, 0x4249, 0x4249, 0x424A, 0x4249, 0x424A, 0x4249, 0x424A,
  0x4249, 0x4249, 0x424A, 0x4249, 0x424A, 0x4249, 0x424A, 0x4249, 0x4249, 0x424A, 0x424A, 0x4249,
  0x4249, 0x424A, 0x4249, 0x426A, 0x9491, 0xD699, 0xDED9, 0xDED9, 0xDED9, 0xDED9, 0xDED9, 0xDED9,
  0xDED9, 0xDED9, 0xDED9, 0xDED9, 0xDED9, 0xDED9, 0xDED9, 0xDED9, 0xDED9, 0xDED9, 0xDED9, 0xDED9,
  0xDED9, 0xDED9, 0xDED9, 0xDED9, 0xDED9, 0xDEB9, 0xA534, 0x4A8A, 0x4249, 0x424A, 0x4249, 0x4249,
  0x4249, 0x4249, 0x4249, 0x424A, 0x4249, 0x4249, 0x4249, 0x4249, 0x424A, 0x424A, 0x4249, 0x4249,
  0x4249, 0x424A, 0x4249, 0x424A, 0x4249, 0x4249, 0x4249, 0x4249, 0x4249, 0x4249, 0x4249, 0x4249,
  0x4249, 0x424A, 0x4249, 0x4249, 0x4249, 0x4249, 0x424A, 0x4249, 0x4249, 0x424A, 0x4249, 0x4249,
  0x4249, 0x4249, 0x4249, 0x4249, 0x4249, 0x4249, 0x424A, 0x4249, 0x4249, 0x424A, 0x4249, 0x4249,
  0x4249, 0x424A, 0x4249, 0x4249, 0x4249, 0x4249, 0x4249, 0x4249, 0x424A, 0x4249, 0x4249, 0x424A,
  0x4249, 0x424A, 0x4249, 0x424A, 0x4249, 0x4249, 0x424A, 0x4249, 0x4249, 0x4249, 0x424A, 0x4249,
  0x4249, 0x424A, 0x4249, 0x4249, 0x4249, 0x4249, 0x4249, 0x4249, 0x4249, 0x4249, 0x4249, 0x4249,
  0x4249, 0x424A, 0x4249, 0x4249, 0x424A, 0x424A, 0x4249, 0x4249, 0x4249, 0x424A, 0x4249, 0x4249,
  0x424A, 0x4249, 0x4249, 0x4249, 0x4249, 0x4249, 0x4249, 0x4249, 0x4249, 0x4249, 0x424A, 0x4249,
  0x4249, 0x4249, 0x4249, 0x4249, 0x424A, 0x4249, 0x4249, 0x4249, 0x4249, 0x4249, 0x424A, 0x4249,
  0x4249, 0x424A, 0x4249, 0x4249, 0x4249, 0x4249, 0x4249, 0x4249, 0x4249, 0x4249, 0x424A, 0x424A,
  0x4249, 0x4249, 0x424A, 0x4249, 0x424A, 0x424A, 0x4249, 0x4249, 0x4249, 0x424A, 0x4249, 0x4249,
  0x4249, 0x4249, 0x4249, 0x4249, 0x4249, 0x424A, 0x4249, 0x4249, 0x4249, 0x424A, 0x4249, 0x4249,
  0x4249, 0x424A, 0x4249, 0x4249, 0x4249, 0x424A, 0x4249, 0x4249, 0x424A, 0x424A, 0x4249, 0x4249,
  0x4249, 0x4249, 0x424A, 0x4249, 0x4249, 0x4249, 0x4249, 0x4249, 0x4249, 0x4249, 0x4249, 0x4249,
  0x4249, 0x424A, 0x4249, 0x4249, 0x4249, 0x4249, 0x424A, 0x4249, 0x4249, 0x4249, 0x4249, 0x424A,
  0x4249, 0x4249, 0x4249, 0x4249, 0x4249, 0x4249, 0x424A, 0x4249, 0x4249, 0x4249, 0x4249, 0x4249,
  0x424A, 0x4249, 0x4249, 0x424A, 0x4249, 0x4249, 0x4249, 0x4249, 0x424A, 0x4249, 0x424A, 0x4249,
  0x4249, 0x4249, 0x4249, 0x4249, 0x4249, 0x424A, 0x4249, 0x4249, 0x4249, 0x424A, 0x4249, 0x4249,
  0x4249, 0x4249, 0x424A, 0x4249, 0x424A, 0x424A, 0x4249, 0x4249, 0x4249, 0x4249, 0x4249, 0x4249,
  0x424A, 0x4249, 0x424A, 0x4249, 0x4249, 0x4249, 0x4249, 0x424A, 0x4249, 0x4249, 0x4249, 0x4249,
  0x4249, 0x4249, 0x424A, 0x4249, 0x4249, 0x424A, 0x4249, 0x4249, 0x4249, 0x4249, 0x424A, 0x4249,
  0x4249, 0x4249, 0x424A, 0x4249, 0x4249, 0x4249, 0x4249, 0x4249, 0x4249, 0x4249, 0x424A, 0x4249,
  0x4249, 0x424A, 0x4249, 0x4249, 0x4249, 0x4249, 0x4249, 0x4249, 0x4249, 0x4249, 0x4249, 0x4249,
  0x4A8A, 0x9CD2, 0xD699, 0xDED9, 0xDED9, 0xDED9, 0xDED9, 0xDED9, 0xDED9, 0xDED9, 0xDED9, 0xDED9,
  0xDED9, 0xDED9, 0xDED9, 0xDED9, 0xDED9, 0xDED9, 0xDED9, 0xDED9, 0xDED9, 0xDED9, 0xDED9, 0xDED9,
  0xDEB9, 0xAD54, 0x52CB, 0x4249, 0x4249, 0x4249, 0x4249, 0x424A, 0x4249, 0x4249, 0x4249, 0x424A,
  0x4249, 0x4249, 0x4249, 0x4249, 0x4249, 0x4249, 0x4249, 0x424A, 0x4249, 0x4249, 0x4249, 0x4249,
  0x4249, 0x4249, 0x4249, 0x4249, 0x4249, 0x424A, 0x424A, 0x4249, 0x4249, 0x4249, 0x4249, 0x4249,
  0x4249, 0x424A, 0x4249, 0x4249, 0x4249, 0x4249, 0x4249, 0x4249, 0x424A, 0x4249, 0x424A, 0x4249,
  0x4249, 0x424A, 0x4249, 0x4249, 0x424A, 0x4249, 0x4249, 0x4249, 0x4249, 0x4249, 0x4249, 0x424A,
  0x4249, 0x4249, 0x4249, 0x4249, 0x424A, 0x4249, 0x4249, 0x4249, 0x4249, 0x4249, 0x4249, 0x4249,
  0x4249, 0x4249, 0x4249, 0x4249, 0x4249, 0x4249, 0x4249, 0x4249, 0x4249, 0x4249, 0x4249, 0x4249,
  0x4249, 0x424A, 0x4249, 0x424A, 0x4249, 0x424A, 0x4249, 0x4249, 0x4249, 0x424A, 0x4249, 0x4249,
  0x4249, 0x424A, 0x4249, 0x4249, 0x4249, 0x424A, 0x4249, 0x4249, 0x4249, 0x424A, 0x4249, 0x4249,
  0x424A, 0x424A, 0x4249, 0x4249, 0x4249, 0x4249, 0x424A, 0x4249, 0x4249, 0x4249, 0x4249, 0x4249,
  0x4249, 0x4249, 0x4249, 0x4249, 0x4249, 0x424A, 0x4249, 0x4249, 0x4249, 0x4249, 0x424A, 0x4249,
  0x4249, 0x4249, 0x4249, 0x424A, 0x4249, 0x4249, 0x4249, 0x4249, 0x4249, 0x4249, 0x424A, 0x4249,
  0x4249, 0x4249, 0x4249, 0x4249, 0x424A, 0x4249, 0x4249, 0x424A, 0x4249, 0x4249, 0x4249, 0x4249,
  0x4249, 0x4249, 0x4249, 0x424A, 0x4249, 0x4249, 0x4249, 0x424A, 0x4249, 0x424A, 0x4249, 0x4249,
  0x4249, 0x4249, 0x424A, 0x4249, 0x4249, 0x4249, 0x4249, 0x4249, 0x424A, 0x4249, 0x4249, 0x4249,
  0x424A, 0x424A, 0x4249, 0x4249, 0x4249, 0x4249, 0x4249, 0x424A, 0x4249, 0x4249, 0x424A, 0x4249,
  0x4249, 0x4249, 0x424A, 0x4249, 0x4249, 0x4249, 0x4249, 0x4249, 0x424A, 0x4249, 0x4249, 0x4249,
  0x4249, 0x424A, 0x4249, 0x4249, 0x4249, 0x4249, 0x4249, 0x424A, 0x4249, 0x4249, 0x4249, 0x424A,
  0x4249, 0x424A, 0x4249, 0x424A, 0x4249, 0x4249, 0x4249, 0x4249, 0x4249, 0x4249, 0x4249, 0x424A,
  0x4249, 0x4249, 0x424A, 0x4249, 0x4249, 0x4249, 0x4249, 0x4249, 0x424A, 0x4249, 0x4249, 0x4249,
  0x4249, 0x4249, 0x4249, 0x4249, 0x4249, 0x4249, 0x4249, 0x4249, 0x4249, 0x4249, 0x4249, 0x424A,
  0x4249, 0x4249, 0x424A, 0x4249, 0x4249, 0x4249, 0x424A, 0x4249, 0x4249, 0x4249, 0x4249, 0x4249,
  0x4249, 0x4249, 0x424A, 0x424A, 0x4249, 0x4249, 0x4249, 0x4249, 0x424A, 0x4249, 0x4249, 0x4249,
  0x4249, 0x4249, 0x424A, 0x424A, 0x4249, 0x4249, 0x4249, 0x4249, 0x4249, 0x4249, 0x4249, 0x4249,
  0x4249, 0x424A, 0x4249, 0x4249, 0x4249, 0x424A, 0x4249, 0x424A, 0x4249, 0x4A8A, 0x8C71, 0xCE78,
  0xDED9, 0xDED9, 0xDED9, 0xDED9, 0xDED9, 0xDED9, 0xDED9, 0xDED9, 0xDED9, 0xDED9, 0xDED9, 0xDED9,
  0xDED9, 0xDED9, 0xDED9, 0xDED9, 0xDEB9, 0xC617, 0xBDD5, 0xCE78, 0xD699, 0x7BEF, 0x4249, 0x424A,
  0x424A, 0x4249, 0x4249, 0x424A, 0x4249, 0x4249, 0x424A, 0x4249, 0x4249, 0x4249, 0x424A, 0x4249,
  0x4249, 0x4249, 0x4249, 0x424A, 0x4249, 0x4249, 0x4249, 0x4249, 0x424A, 0x4249, 0x424A, 0x4249,
  0x424A, 0x4249, 0x4249, 0x4249, 0x4249, 0x424A, 0x424A, 0x424A, 0x4249, 0x4249, 0x424A, 0x4249,
  0x4249, 0x4249, 0x4249, 0x4249, 0x4249, 0x4249, 0x4249, 0x424A, 0x4249, 0x4249, 0x4249, 0x4249,
  0x4249, 0x4249, 0x424A, 0x4249, 0x4249, 0x424A, 0x4249, 0x4249, 0x4249, 0x424A, 0x4249, 0x4249,
  0x4249, 0x424A, 0x4249, 0x4249, 0x424A, 0x4249, 0x424A, 0x4249, 0x4249, 0x424A, 0x4249, 0x424A,
  0x424A, 0x4249, 0x4249, 0x424A, 0x4249, 0x4249, 0x424A, 0x4249, 0x4249, 0x4249, 0x4249, 0x4249,
  0x4249, 0x4249, 0x4249, 0x424A, 0x4249, 0x4249, 0x4249, 0x424A, 0x4249, 0x4249, 0x4249, 0x424A,
  0x4249, 0x424A, 0x4249, 0x4249, 0x4249, 0x4249, 0x424A, 0x4249, 0x4249, 0x4249, 0x4249, 0x4249,
  0x424A, 0x4249, 0x4249, 0x4249, 0x424A, 0x424A, 0x4249, 0x4249, 0x4249, 0x4249, 0x4249, 0x424A,
  0x4249, 0x4249, 0x424A, 0x4249, 0x4249, 0x4249, 0x424A, 0x4249, 0x4249, 0x4249, 0x4249, 0x4249,
  0x424A, 0x4249, 0x4249, 0x4249, 0x4249, 0x424A, 0x4249, 0x4249, 0x4249, 0x4249, 0x4249, 0x424A,
  0x4249, 0x4249, 0x4249, 0x424A, 0x4249, 0x424A, 0x4249, 0x424A, 0x4249, 0x4249, 0x4249, 0x4249,
  0x4249, 0x4249, 0x4249, 0x4249, 0x4249, 0x4249, 0x4249, 0x4249, 0x424A, 0x4249, 0x4249, 0x4249,
  0x4249, 0x4249, 0x424A, 0x4249, 0x424A, 0x4249, 0x4249, 0x4249, 0x4249, 0x4249, 0x4249, 0x424A,
  0x4249, 0x424A, 0x4249, 0x424A, 0x4249, 0x4249, 0x4249, 0x4249, 0x4249, 0x424A, 0x4249, 0x4249,
  0x424A, 0x4249, 0x4249, 0x4249, 0x4249, 0x4249, 0x4249, 0x424A, 0x4249, 0x4249, 0x4249, 0x4249,
  0x4249, 0x424A, 0x4249, 0x4249, 0x4249, 0x4249, 0x4249, 0x4249, 0x4249, 0x4249, 0x4249, 0x4249,
  0x4249, 0x4249, 0x424A, 0x4249, 0x424A, 0x424A, 0x4249, 0x4249, 0x4249, 0x4249, 0x424A, 0x4249,
  0x4249, 0x424A, 0x4249, 0x4249, 0x4249, 0x424A, 0x4249, 0x4249, 0x4249, 0x4249, 0x424A, 0x424A,
  0x4249, 0x424A, 0x424A, 0x4249, 0x424A, 0x4249, 0x4249, 0x4249, 0x424A, 0x4249, 0x424A, 0x4249,
  0x4249, 0x4249, 0x424A, 0x4249, 0x4249, 0x424A, 0x4249, 0x424A, 0x4249, 0x4249, 0x4249, 0x4249,
  0x4249, 0x4249, 0x4249, 0x424A, 0x4249, 0x4249, 0x4249, 0x4249, 0x4249, 0x4249, 0x4249, 0x4249,
  0x4249, 0x4249, 0x424A, 0x4249, 0x4249, 0x4249, 0x4249, 0x4249, 0x424A, 0x4249, 0x4249, 0x4249,
  0x4249, 0x4249, 0x424A, 0x4249, 0x4249, 0x4249, 0x4249, 0x73AE, 0xBDD6, 0xD6B9, 0xDED9, 0xDED9,
  0xDED9, 0xDED9, 0xDED9, 0xDED9, 0xDED9, 0xDED9, 0xDED9, 0xDED9, 0xDED9, 0xDED9, 0xDED9, 0xDED9,
  0xBDD5, 0x5289, 0x31C7, 0x840F, 0xD698, 0xB595, 0x4A8A, 0x4249, 0x424A, 0x4249, 0x4249, 0x4249,
  0x4249, 0x424A, 0x4249, 0x4249, 0x4249, 0x4249, 0x424A, 0x4249, 0x4249, 0x4249, 0x4249, 0x424A,
  0x4249, 0x4249, 0x424A, 0x424A, 0x4249, 0x4249, 0x4249, 0x4249, 0x4249, 0x4249, 0x4249, 0x424A,
  0x4249, 0x4249, 0x4249, 0x4249, 0x4249, 0x4249, 0x4249, 0x4249, 0x424A, 0x4249, 0x424A, 0x424A,
  0x4249, 0x4249, 0x4249, 0x4249, 0x4249, 0x424A, 0x4249, 0x424A, 0x4249, 0x4249, 0x424A, 0x424A,
  0x4249, 0x4249, 0x4249, 0x4249, 0x4249, 0x4249, 0x4249, 0x4249, 0x4249, 0x4249, 0x4249, 0x4249,
  0x4249, 0x4249, 0x4249, 0x4249, 0x4249, 0x4249, 0x4249, 0x4249, 0x4249, 0x4249, 0x4249, 0x4249,
  0x424A, 0x4249, 0x4249, 0x4249, 0x4249, 0x424A, 0x4249, 0x4249, 0x424A, 0x4249, 0x424A, 0x4249,
  0x4249, 0x4249, 0x4249, 0x4249, 0x4249, 0x4249, 0x4249, 0x4249, 0x4249, 0x4249, 0x4249, 0x4249,
  0x424A, 0x4249, 0x4249, 0x4249, 0x4249, 0x4249, 0x424A, 0x4249, 0x424A, 0x4249, 0x4249, 0x4249,
  0x4249, 0x4249, 0x4249, 0x424A, 0x4249, 0x424A, 0x4249, 0x424A, 0x4249, 0x4249, 0x4249, 0x4249,
  0x4249, 0x424A, 0x4249, 0x4249, 0x424A, 0x4249, 0x4249, 0x4249, 0x4249, 0x4249, 0x4249, 0x424A,
  0x4249, 0x4249, 0x4249, 0x4249, 0x4249, 0x424A, 0x4249, 0x4249, 0x4249, 0x4249, 0x4249, 0x4249,
  0x4249, 0x4249, 0x4249, 0x4249, 0x4249, 0x4249, 0x424A, 0x4249, 0x4249, 0x424A, 0x424A, 0x4249,
  0x4249, 0x4249, 0x424A, 0x424A, 0x4249, 0x4249, 0x424A, 0x4249, 0x424A, 0x4249, 0x4249, 0x4249,
  0x4249, 0x424A, 0x4249, 0x4249, 0x424A, 0x4249, 0x4249, 0x4249, 0x4249, 0x4249, 0x4249, 0x4249,
  0x4249, 0x4249, 0x424A, 0x4249, 0x4249, 0x4249, 0x4249, 0x4249, 0x4249, 0x4249, 0x4249, 0x424A,
  0x4249, 0x4249, 0x4249, 0x4249, 0x4249, 0x424A, 0x424A, 0x4249, 0x424A, 0x4249, 0x4249, 0x4249,
  0x424A, 0x4249, 0x424A, 0x4249, 0x4249, 0x424A, 0x4249, 0x424A, 0x4249, 0x424A, 0x4249, 0x4249,
  0x4249, 0x4249, 0x424A, 0x4249, 0x4249, 0x4249, 0x4249, 0x4249, 0x4249, 0x4249, 0x424A, 0x4249,
  0x4249, 0x4249, 0x424A, 0x4249, 0x4249, 0x4249, 0x4249, 0x4249, 0x4249, 0x4249, 0x4249, 0x424A,
  0x4249, 0x4249, 0x4249, 0x4249, 0x4249, 0x4249, 0x424A, 0x4249, 0x4249, 0x4249, 0x424A, 0x4249,
  0x4249, 0x4249, 0x4249, 0x4249, 0x4249, 0x4249, 0x4249, 0x424A, 0x424A, 0x4249, 0x4249, 0x424A,
  0x4249, 0x424A, 0x4249, 0x4249, 0x424A, 0x4249, 0x424A, 0x4249, 0x4249, 0x424A, 0x4249, 0x424A,
  0x4249, 0x4249, 0x424A, 0x4249, 0x4249, 0x424A, 0x4249, 0x424A, 0x4249, 0x4249, 0x4249, 0x4249,
  0x424A, 0x4249, 0x4249, 0x4249, 0x4228, 0x8C50, 0xC616, 0xD6B9, 0xDED9, 0xDED9, 0xDED9, 0xDED9,
  0xDED9, 0xDED9, 0xDED9, 0xDED9, 0xDED9, 0xDED9, 0xDED9, 0xDED9, 0x9491, 0x3185, 0x2945, 0x4AAA,
  0xC617, 0xC617, 0x52AB, 0x4249, 0x4249, 0x4249, 0x4249, 0x4249, 0x4249, 0x4249, 0x4249, 0x4249,
  0x4249, 0x4249, 0x4249, 0x4249, 0x4249, 0x4249, 0x4249, 0x4249, 0x4249, 0x4249, 0x4249, 0x4249,
  0x4249, 0x424A, 0x4249, 0x4249, 0x424A, 0x4249, 0x4249, 0x4249, 0x4249, 0x424A, 0x4249, 0x4249,
  0x424A, 0x4249, 0x4249, 0x4249, 0x424A, 0x4249, 0x4249, 0x4249, 0x4249, 0x4249, 0x4249, 0x4249,
  0x4249, 0x4249, 0x424A, 0x4249, 0x4249, 0x4249, 0x4249, 0x4249, 0x4249, 0x424A, 0x4249, 0x424A,
  0x4249, 0x424A, 0x4249, 0x424A, 0x4249, 0x4249, 0x4249, 0x4249, 0x424A, 0x4249, 0x4249, 0x424A,
  0x424A, 0x4249, 0x4249, 0x4249, 0x4249, 0x4249, 0x424A, 0x4249, 0x4249, 0x424A, 0x4249, 0x4249,
  0x424A, 0x4249, 0x424A, 0x4249, 0x4249, 0x4249, 0x4249, 0x4249, 0x4249, 0x4249, 0x424A, 0x4249,
  0x4249, 0x424A, 0x424A, 0x4249, 0x4249, 0x4249, 0x424A, 0x424A, 0x4249, 0x4249, 0x424A, 0x4249,
  0x424A, 0x4249, 0x4249, 0x4249, 0x4249, 0x424A, 0x4249, 0x4249, 0x424A, 0x4249, 0x4249, 0x4249,
  0x4249, 0x4249, 0x4249, 0x4249, 0x4249, 0x4249, 0x424A, 0x4249, 0x4249, 0x4249, 0x4249, 0x4249,
  0x4249, 0x4249, 0x4249, 0x424A, 0x4249, 0x4249, 0x4249, 0x4249, 0x4249, 0x424A, 0x424A, 0x4249,
  0x424A, 0x4249, 0x4249, 0x4249, 0x424A, 0x4249, 0x424A, 0x4249, 0x4249, 0x424A, 0x4249, 0x424A,
  0x424A, 0x4249, 0x4249, 0x4249, 0x4249, 0x4249, 0x4249, 0x4249, 0x424A, 0x4249, 0x4249, 0x4249,
  0x4249, 0x4249, 0x4249, 0x4249, 0x4249, 0x4249, 0x4249, 0x424A, 0x4249, 0x4249, 0x4249, 0x4249,
  0x4249, 0x424A, 0x424A, 0x4249, 0x4249, 0x424A, 0x4249, 0x4249, 0x4249, 0x4249, 0x4249, 0x424A,
  0x4249, 0x4249, 0x4249, 0x424A, 0x424A, 0x4249, 0x424A, 0x4249, 0x4249, 0x4249, 0x424A, 0x4249,
  0x4249, 0x4249, 0x4249, 0x4249, 0x4249, 0x4249, 0x424A, 0x4249, 0x4249, 0x4249, 0x424A, 0x4249,
  0x4249, 0x4249, 0x4249, 0x4249, 0x4249, 0x4249, 0x4249, 0x424A, 0x4249, 0x4249, 0x4249, 0x4249,
  0x424A, 0x4249, 0x4249, 0x4249, 0x4249, 0x4249, 0x424A, 0x4249, 0x424A, 0x4249, 0x4249, 0x4249,
  0x424A, 0x424A, 0x4249, 0x424A, 0x4249, 0x4249, 0x4249, 0x4249, 0x4249, 0x4249, 0x424A, 0x4249,
  0x4249, 0x4249, 0x4249, 0x4249, 0x4249, 0x4249, 0x4249, 0x4249, 0x4249, 0x4249, 0x4249, 0x4249,
  0x424A, 0x4249, 0x4249, 0x4249, 0x4249, 0x4249, 0x4249, 0x4249, 0x4249, 0x4249, 0x4249, 0x4249,
  0x4249, 0x4249, 0x4249, 0x4249, 0x4249, 0x4249, 0x4249, 0x424A, 0x4249, 0x4249, 0x424A, 0x4249,
  0x4249, 0x4249, 0x4249, 0x4249, 0x4249, 0x424A, 0x4249, 0x4249, 0x4249, 0x4249, 0x4249, 0x4249,
  0x2986, 0x39C6, 0x5269, 0x7BCE, 0xAD54, 0xC637, 0xD698, 0xD6B9, 0xDEB9, 0xDED9, 0xDEB9, 0xD6B9,
  0xD698, 0xCE37, 0xBDD5, 0xD699, 0xAD54, 0x4207, 0x2966, 0x6B6D, 0xCE58, 0xBDD6, 0x4A8A, 0x424A,
  0x4249, 0x4249, 0x424A, 0x424A, 0x4249, 0x4249, 0x424A, 0x4249, 0x424A, 0x4249, 0x424A, 0x4249,
  0x424A, 0x424A, 0x4249, 0x424A, 0x4249, 0x4249, 0x4249, 0x4249, 0x4249, 0x4249, 0x424A, 0x4249,
  0x4249, 0x4249, 0x4249, 0x424A, 0x424A, 0x4249, 0x4249, 0x4249, 0x4249, 0x4249, 0x4249, 0x4249,
  0x4249, 0x4249, 0x4249, 0x4249, 0x4249, 0x424A, 0x4249, 0x4249, 0x424A, 0x4249, 0x4249, 0x4249,
  0x4249, 0x4249, 0x4249, 0x4249, 0x4249, 0x4249, 0x424A, 0x4249, 0x4249, 0x4249, 0x4249, 0x4249,
  0x424A, 0x424A, 0x4249, 0x4249, 0x424A, 0x4249, 0x4249, 0x4249, 0x4249, 0x4249, 0x424A, 0x424A,
  0x4249, 0x4249, 0x424A, 0x4249, 0x4249, 0x4249, 0x424A, 0x4249, 0x4249, 0x4249, 0x4249, 0x4249,
  0x4249, 0x424A, 0x4249, 0x4249, 0x424A, 0x4249, 0x4249, 0x4249, 0x4249, 0x4249, 0x4249, 0x4249,
  0x424A, 0x4249, 0x4249, 0x4249, 0x4249, 0x4249, 0x4249, 0x4249, 0x4249, 0x4249, 0x4249, 0x424A,
  0x4249, 0x4249, 0x4249, 0x4249, 0x4249, 0x424A, 0x424A, 0x4249, 0x4249, 0x424A, 0x4249, 0x4249,
  0x4249, 0x4249, 0x4249, 0x424A, 0x4249, 0x4249, 0x4249, 0x424A, 0x424A, 0x4249, 0x424A, 0x4249,
  0x4249, 0x4249, 0x424A, 0x4249, 0x4249, 0x4249, 0x4249, 0x4249, 0x4249, 0x4249, 0x424A, 0x4249,
  0x4249, 0x4249, 0x424A, 0x4249, 0x4249, 0x4249, 0x4249, 0x4249, 0x424A, 0x4249, 0x4249, 0x424A,
  0x4249, 0x424A, 0x4249, 0x4249, 0x4249, 0x4249, 0x4249, 0x4249, 0x4249, 0x424A, 0x4249, 0x424A,
  0x4249, 0x4249, 0x4249, 0x424A, 0x4249, 0x4249, 0x4249, 0x424A, 0x4249, 0x4249, 0x4249, 0x4249,
  0x4249, 0x4249, 0x4249, 0x424A, 0x4249, 0x4249, 0x4249, 0x424A, 0x4249, 0x4249, 0x4249, 0x4249,
  0x4249, 0x4249, 0x4249, 0x4249, 0x424A, 0x4249, 0x4249, 0x4249, 0x424A, 0x4249, 0x4249, 0x424A,
  0x4249, 0x4249, 0x4249, 0x4249, 0x4249, 0x4249, 0x4249, 0x4249, 0x4249, 0x4249, 0x4249, 0x4249,
  0x4249, 0x4249, 0x4249, 0x4249, 0x4249, 0x424A, 0x4249, 0x4249, 0x4249, 0x424A, 0x4249, 0x4249,
  0x424A, 0x4249, 0x4249, 0x4249, 0x424A, 0x4249, 0x4249, 0x424A, 0x4249, 0x4249, 0x4249, 0x4249,
  0x4249, 0x4249, 0x4249, 0x4249, 0x424A, 0x4249, 0x4249, 0x4249, 0x424A, 0x4249, 0x4249, 0x424A,
  0x424A, 0x4249, 0x424A, 0x4249, 0x4249, 0x424A, 0x424A, 0x4249, 0x4249, 0x4249, 0x424A, 0x4249,
  0x4249, 0x424A, 0x4249, 0x4249, 0x4249, 0x424A, 0x4249, 0x4249, 0x424A, 0x4249, 0x4249, 0x4249,
  0x424A, 0x4249, 0x4249, 0x4249, 0x4249, 0x4249, 0x4249, 0x4249, 0x4249, 0x424A, 0x4249, 0x4249,
  0x4249, 0x424A, 0x4249, 0x4249, 0x424A, 0x4249, 0x4249, 0x4249, 0x2986, 0x4A28, 0x4A48, 0x39E7,
  0x41E7, 0x5289, 0x632C, 0x7BCE, 0x8C30, 0x8C50, 0x8C50, 0x7BEE, 0x6B4C, 0x5289, 0x4A49, 0xB595,
  0xD6B9, 0xAD74, 0x9CD2, 0xC617, 0xD698, 0x8450, 0x424A, 0x4249, 0x424A, 0x4249, 0x4249, 0x424A,
  0x4249, 0x4249, 0x4249, 0x4249, 0x424A, 0x4249, 0x4249, 0x4249, 0x4249, 0x4249, 0x4249, 0x4249,
  0x4249, 0x424A, 0x4249, 0x4249, 0x424A, 0x4249, 0x4249, 0x4249, 0x424A, 0x424A, 0x4249, 0x4249,
  0x4249, 0x4249, 0x4249, 0x424A, 0x424A, 0x4249, 0x4249, 0x424A, 0x4249, 0x424A, 0x4249, 0x424A,
  0x4249, 0x4249, 0x424A, 0x4249, 0x4249, 0x4249, 0x4249, 0x4249, 0x424A, 0x4249, 0x424A, 0x424A,
  0x4249, 0x4249, 0x4249, 0x4249, 0x424A, 0x4249, 0x4249, 0x424A, 0x4249, 0x4249, 0x424A, 0x4249,
  0x4249, 0x424A, 0x4249, 0x4249, 0x4249, 0x4249, 0x424A, 0x4249, 0x4249, 0x4249, 0x4249, 0x4249,
  0x4249, 0x4249, 0x4249, 0x4249, 0x4249, 0x4249, 0x424A, 0x4249, 0x424A, 0x4249, 0x4249, 0x4249,
  0x424A, 0x4249, 0x4249, 0x424A, 0x4249, 0x424A, 0x4249, 0x4249, 0x4249, 0x4249, 0x4249, 0x4249,
  0x4249, 0x424A, 0x4249, 0x424A, 0x4249, 0x4249, 0x4249, 0x424A, 0x4249, 0x4249, 0x4249, 0x424A,
  0x4249, 0x4249, 0x4249, 0x4249, 0x4249, 0x4249, 0x4249, 0x424A, 0x4249, 0x4249, 0x4249, 0x424A,
  0x4249, 0x4249, 0x4249, 0x4249, 0x4249, 0x4249, 0x4249, 0x4249, 0x424A, 0x4249, 0x4249, 0x4249,
  0x424A, 0x4249, 0x4249, 0x424A, 0x4249, 0x4249, 0x4249, 0x4249, 0x4249, 0x4249, 0x4249, 0x4249,
  0x4249, 0x4249, 0x4249, 0x4249, 0x4249, 0x4249, 0x4249, 0x424A, 0x4249, 0x4249, 0x4249, 0x4249,
  0x4249, 0x424A, 0x4249, 0x4249, 0x424A, 0x4249, 0x4249, 0x4249, 0x4249, 0x424A, 0x4249, 0x4249,
  0x4249, 0x4249, 0x424A, 0x4249, 0x4249, 0x4249, 0x424A, 0x4249, 0x424A, 0x4249, 0x4249, 0x424A,
  0x4249, 0x4249, 0x4249, 0x4249, 0x4249, 0x424A, 0x424A, 0x4249, 0x424A, 0x4249, 0x4249, 0x4249,
  0x4249, 0x4249, 0x424A, 0x4249, 0x4249, 0x4249, 0x4249, 0x4249, 0x4249, 0x4249, 0x424A, 0x4249,
  0x4249, 0x424A, 0x4249, 0x4249, 0x4249, 0x424A, 0x424A, 0x4249, 0x4249, 0x424A, 0x4249, 0x4249,
  0x4249, 0x424A, 0x4249, 0x4249, 0x4249, 0x4249, 0x424A, 0x4249, 0x4249, 0x4249, 0x4249, 0x4249,
  0x4249, 0x4249, 0x4249, 0x4249, 0x4249, 0x4249, 0x4249, 0x4249, 0x424A, 0x424A, 0x4249, 0x424A,
  0x4249, 0x4249, 0x4249, 0x424A, 0x4249, 0x4249, 0x4249, 0x4249, 0x4249, 0x4249, 0x4249, 0x4249,
  0x4249, 0x4249, 0x424A, 0x4249, 0x4249, 0x4249, 0x4249, 0x4249, 0x4249, 0x424A, 0x4249, 0x4249,
  0x4249, 0x424A, 0x4249, 0x4249, 0x4249, 0x424A, 0x4249, 0x4249, 0x4249, 0x4249, 0x4249, 0x4249,
  0x424A, 0x4249, 0x4249, 0x424A, 0x4249, 0x4249, 0x4249, 0x424A, 0x4249, 0x4249, 0x4249, 0x4249,
  0x4249, 0x424A, 0x424A, 0x4249, 0x2966, 0x4A48, 0x5289, 0x5269, 0x4A48, 0x4207, 0x39E6, 0x39C6,
  0x31A6, 0x39A6, 0x39A6, 0x31A6, 0x39A6, 0x31A6, 0x31A6, 0x5ACA, 0xB595, 0xD678, 0xD699, 0xCE57,
  0x9CD2, 0x4A8A, 0x424A, 0x4249, 0x4249, 0x424A, 0x4249, 0x4249, 0x4249, 0x4249, 0x424A, 0x4249,
  0x4249, 0x4249, 0x4249, 0x4249, 0x4249, 0x424A, 0x4249, 0x4249, 0x424A, 0x4249, 0x424A, 0x4249,
  0x4249, 0x4249, 0x4249, 0x4249, 0x4249, 0x4249, 0x4249, 0x424A, 0x4249, 0x4249, 0x4249, 0x4249,
  0x4249, 0x4249, 0x424A, 0x4249, 0x4249, 0x424A, 0x4249, 0x4249, 0x4249, 0x4249, 0x4249, 0x4249,
  0x4249, 0x424A, 0x4249, 0x4249, 0x4249, 0x4249, 0x4249, 0x424A, 0x4249, 0x4249, 0x4249, 0x4249,
  0x424A, 0x4249, 0x4249, 0x4249, 0x4249, 0x4249, 0x4249, 0x4249, 0x4249, 0x4249, 0x4249, 0x4249,
  0x424A, 0x4249, 0x4249, 0x4249, 0x424A, 0x4249, 0x4249, 0x424A, 0x4249, 0x4249, 0x424A, 0x4249,
  0x4249, 0x424A, 0x4249, 0x4249, 0x4249, 0x4249, 0x4249, 0x4249, 0x4249, 0x4249, 0x4249, 0x424A,
  0x4249, 0x4249, 0x4249, 0x4249, 0x4249, 0x424A, 0x4249, 0x4249, 0x424A, 0x4249, 0x4249, 0x4249,
  0x4249, 0x424A, 0x4249, 0x4249, 0x4249, 0x4249, 0x424A, 0x4249, 0x4249, 0x4249, 0x424A, 0x4249,
  0x424A, 0x4249, 0x4249, 0x424A, 0x4249, 0x4249, 0x4249, 0x4249, 0x4249, 0x424A, 0x424A, 0x4249,
  0x424A, 0x4249, 0x4249, 0x4249, 0x4249, 0x4249, 0x424A, 0x4249, 0x4249, 0x4249, 0x4249, 0x4249,
  0x4249, 0x4249, 0x424A, 0x4249, 0x4249, 0x424A, 0x4249, 0x4249, 0x4249, 0x424A, 0x424A, 0x4249,
  0x424A, 0x4249, 0x4249, 0x4249, 0x4249, 0x4249, 0x4249, 0x424A, 0x4249, 0x424A, 0x4249, 0x4249,
  0x4249, 0x4249, 0x424A, 0x4249, 0x4249, 0x4249, 0x4249, 0x424A, 0x4249, 0x4249, 0x4249, 0x4249,
  0x4249, 0x4249, 0x4249, 0x4249, 0x424A, 0x4249, 0x4249, 0x4249, 0x424A, 0x4249, 0x4249, 0x4249,
  0x4249, 0x4249, 0x4249, 0x4249, 0x4249, 0x4249, 0x424A, 0x424A, 0x4249, 0x4249, 0x4249, 0x4249,
  0x4249, 0x424A, 0x4249, 0x4249, 0x424A, 0x4249, 0x4249, 0x4249, 0x4249, 0x4249, 0x424A, 0x4249,
  0x4249, 0x4249, 0x424A, 0x4249, 0x4249, 0x424A, 0x4249, 0x4249, 0x4249, 0x424A, 0x4249, 0x4249,
  0x4249, 0x4249, 0x4249, 0x4249, 0x424A, 0x4249, 0x424A, 0x4249, 0x4249, 0x4249, 0x424A, 0x4249,
  0x4249, 0x424A, 0x4249, 0x4249, 0x4249, 0x4249, 0x4249, 0x4249, 0x4249, 0x4249, 0x4249, 0x4249,
  0x4249, 0x4249, 0x424A, 0x4249, 0x4249, 0x4249, 0x4249, 0x424A, 0x4249, 0x4249, 0x4249, 0x4249,
  0x4249, 0x4249, 0x424A, 0x4249, 0x4249, 0x4249, 0x4249, 0x424A, 0x4249, 0x4249, 0x424A, 0x4249,
  0x4249, 0x4249, 0x4249, 0x424A, 0x424A, 0x4249, 0x4249, 0x4249, 0x424A, 0x4249, 0x4249, 0x4249,
  0x424A, 0x4249, 0x424A, 0x4249, 0x4249, 0x4249, 0x424A, 0x4249, 0x4249, 0x4249, 0x4249, 0x4249,
  0x2986, 0x4A48, 0x5289, 0x5289, 0x5289, 0x5289, 0x4A69, 0x4A48, 0x4A28, 0x4227, 0x4207, 0x4207,
  0x4207, 0x4228, 0x4A28, 0x4A68, 0x52AA, 0x630B, 0x6B4C, 0x5B0C, 0x4A6A, 0x4249, 0x4249, 0x4249,
  0x4249, 0x4249, 0x4249, 0x4249, 0x4249, 0x424A, 0x4249, 0x4249, 0x4249, 0x4249, 0x424A, 0x4249,
  0x4249, 0x424A, 0x4249, 0x4249, 0x4249, 0x4249, 0x4249, 0x4249, 0x4249, 0x4249, 0x424A, 0x4249,
  0x4249, 0x4249, 0x4249, 0x4249, 0x4249, 0x4249, 0x4249, 0x4249, 0x4249, 0x4249, 0x424A, 0x4249,
  0x4249, 0x4249, 0x4249, 0x4249, 0x4249, 0x424A, 0x424A, 0x4249, 0x4249, 0x424A, 0x4249, 0x424A,
  0x4249, 0x4249, 0x4249, 0x4249, 0x4249, 0x424A, 0x424A, 0x4249, 0x4249, 0x424A, 0x4249, 0x424A,
  0x4249, 0x4249, 0x424A, 0x424A, 0x4249, 0x4249, 0x424A, 0x4249, 0x424A, 0x4249, 0x4249, 0x4249,
  0x424A, 0x4249, 0x4249, 0x4249, 0x4249, 0x424A, 0x4249, 0x4249, 0x4249, 0x424A, 0x4249, 0x4249,
  0x4249, 0x424A, 0x424A, 0x4249, 0x424A, 0x4249, 0x4249, 0x4249, 0x4249, 0x4249, 0x4249, 0x424A,
  0x4249, 0x424A, 0x4249, 0x4249, 0x4249, 0x4249, 0x424A, 0x4249, 0x4249, 0x4249, 0x4249, 0x424A,
  0x4249, 0x4249, 0x4249, 0x4249, 0x4249, 0x4249, 0x4249, 0x4249, 0x424A, 0x4249, 0x4249, 0x4249,
  0x424A, 0x4249, 0x4249, 0x4249, 0x4249, 0x4249, 0x4249, 0x4249, 0x4249, 0x4249, 0x424A, 0x424A,
  0x4249, 0x4249, 0x4249, 0x4249, 0x4249, 0x424A, 0x4249, 0x4249, 0x424A, 0x4249, 0x4249, 0x4249,
  0x4249, 0x4249, 0x424A, 0x4249, 0x4249, 0x4249, 0x424A, 0x4249, 0x4249, 0x4249, 0x424A, 0x4249,
  0x4249, 0x4249, 0x4249, 0x4249, 0x4249, 0x4249, 0x4249, 0x424A, 0x4249, 0x4249, 0x4249, 0x4249,
  0x4249, 0x4249, 0x4249, 0x4249, 0x424A, 0x4249, 0x4249, 0x424A, 0x4249, 0x4249, 0x424A, 0x4249,
  0x4249, 0x4249, 0x424A, 0x4249, 0x4249, 0x4249, 0x424A, 0x424A, 0x4249, 0x4249, 0x4249, 0x4249,
  0x4249, 0x4249, 0x4249, 0x4249, 0x4249, 0x424A, 0x4249, 0x424A, 0x4249, 0x4249, 0x4249, 0x4249,
  0x4249, 0x424A, 0x4249, 0x4249, 0x4249, 0x4249, 0x4249, 0x424A, 0x4249, 0x4249, 0x4249, 0x4249,
  0x4249, 0x4249, 0x4249, 0x4249, 0x4249, 0x424A, 0x4249, 0x4249, 0x424A, 0x4249, 0x4249, 0x424A,
  0x4249, 0x4249, 0x4249, 0x4249, 0x4249, 0x424A, 0x424A, 0x4249, 0x4249, 0x424A, 0x4249, 0x4249,
  0x424A, 0x4249, 0x4249, 0x424A, 0x4249, 0x424A, 0x4249, 0x424A, 0x4249, 0x4249, 0x4249, 0x4249,
  0x424A, 0x4249, 0x4249, 0x424A, 0x4249, 0x4249, 0x4249, 0x424A, 0x4249, 0x424A, 0x4249, 0x4249,
  0x4249, 0x4249, 0x424A, 0x4249, 0x4249, 0x4249, 0x4249, 0x4249, 0x4249, 0x4249, 0x424A, 0x4249,
  0x4249, 0x4249, 0x4249, 0x424A, 0x4249, 0x4249, 0x424A, 0x4249, 0x4249, 0x4249, 0x4249, 0x4249,
  0x4249, 0x424A, 0x4249, 0x424A, 0x4249, 0x4249, 0x4249, 0x4249, 0x2966, 0x4A48, 0x5289, 0x5289,
  0x5289, 0x5289, 0x5289, 0x5289, 0x5289, 0x5269, 0x5289, 0x5289, 0x5289, 0x5289, 0x5289, 0x5289,
  0x5289, 0x4207, 0x2965, 0x4249, 0x4249, 0x424A, 0x4249, 0x4249, 0x424A, 0x4249, 0x4249, 0x424A,
  0x4249, 0x4249, 0x4249, 0x424A, 0x4249, 0x424A, 0x4249, 0x4249, 0x4249, 0x4249, 0x4249, 0x4249,
  0x424A, 0x4249, 0x4249, 0x424A, 0x424A, 0x4249, 0x4249, 0x4249, 0x424A, 0x424A, 0x4249, 0x4249,
  0x4249, 0x424A, 0x424A, 0x4249, 0x424A, 0x4249, 0x4249, 0x4249, 0x4249, 0x424A, 0x4249, 0x4249,
  0x424A, 0x4249, 0x4249, 0x4249, 0x4249, 0x4249, 0x4249, 0x4249, 0x424A, 0x4249, 0x4249, 0x424A,
  0x4249, 0x4249, 0x4249, 0x4249, 0x4249, 0x4249, 0x4249, 0x4249, 0x4249, 0x4249, 0x4249, 0x4249,
  0x4249, 0x4249, 0x4249, 0x4249, 0x4249, 0x4249, 0x424A, 0x4249, 0x4249, 0x4249, 0x4249, 0x424A,
  0x4249, 0x4249, 0x4249, 0x4249, 0x4249, 0x4249, 0x424A, 0x4249, 0x4249, 0x4249, 0x4249, 0x4249,
  0x4249, 0x4249, 0x424A, 0x4249, 0x4249, 0x4249, 0x4249, 0x4249, 0x4249, 0x4249, 0x4249, 0x424A,
  0x4249, 0x4249, 0x4249, 0x4249, 0x4249, 0x4249, 0x4249, 0x4249, 0x424A, 0x4249, 0x4249, 0x424A,
  0x4249, 0x4249, 0x424A, 0x4249, 0x4249, 0x4249, 0x424A, 0x4249, 0x4249, 0x4249, 0x424A, 0x424A,
  0x4249, 0x4249, 0x4249, 0x4249, 0x4249, 0x4249, 0x4249, 0x4249, 0x4249, 0x424A, 0x4249, 0x424A,
  0x4249, 0x4249, 0x4249, 0x4249, 0x4249, 0x424A, 0x4249, 0x4249, 0x4249, 0x4249, 0x4249, 0x424A,
  0x4249, 0x4249, 0x4249, 0x4249, 0x4249, 0x4249, 0x424A, 0x4249, 0x424A, 0x4249, 0x424A, 0x424A,
  0x4249, 0x4249, 0x4249, 0x4249, 0x4249, 0x4249, 0x424A, 0x4249, 0x424A, 0x424A, 0x4249, 0x4249,
  0x4249, 0x4249, 0x4249, 0x4249, 0x4249, 0x4249, 0x4249, 0x424A, 0x4249, 0x4249, 0x4249, 0x4249,
  0x4249, 0x4249, 0x4249, 0x4249, 0x4249, 0x4249, 0x424A, 0x424A, 0x4249, 0x4249, 0x424A, 0x4249,
  0x4249, 0x4249, 0x4249, 0x4249, 0x4249, 0x4249, 0x424A, 0x4249, 0x4249, 0x4249, 0x424A, 0x424A,
  0x424A, 0x4249, 0x424A, 0x4249, 0x4249, 0x4249, 0x4249, 0x4249, 0x424A, 0x4249, 0x424A, 0x4249,
  0x4249, 0x424A, 0x4249, 0x4249, 0x424A, 0x424A, 0x4249, 0x4249, 0x4249, 0x4249, 0x424A, 0x4249,
  0x4249, 0x4249, 0x4249, 0x4249, 0x4249, 0x4249, 0x4249, 0x4249, 0x424A, 0x4249, 0x4249, 0x4249,
  0x4249, 0x4249, 0x4249, 0x4249, 0x4249, 0x4249, 0x4249, 0x4249, 0x4249, 0x424A, 0x4249, 0x4249,
  0x4249, 0x4249, 0x424A, 0x4249, 0x4249, 0x4249, 0x4249, 0x424A, 0x4249, 0x4249, 0x4249, 0x424A,
  0x4249, 0x4249, 0x4249, 0x424A, 0x4249, 0x424A, 0x4249, 0x4249, 0x4249, 0x4249, 0x4249, 0x4249,
  0x4249, 0x4249, 0x4249, 0x4249, 0x424A, 0x4249, 0x4249, 0x4249, 0x4249, 0x424A, 0x4249, 0x4249,
  0x4249, 0x4249, 0x4249, 0x4249, 0x2986, 0x4A48, 0x5289, 0x5289, 0x5289, 0x5289, 0x5289, 0x5289,
  0x5289, 0x5289, 0x5289, 0x5289, 0x5269, 0x5289, 0x5289, 0x5289, 0x5289, 0x4A28, 0x2966, 0x4249,
  0x4249, 0x4249, 0x4249, 0x4249, 0x4249, 0x4249, 0x4249, 0x4249, 0x424A, 0x4249, 0x4249, 0x4249,
  0x4249, 0x4249, 0x424A, 0x4249, 0x424A, 0x4249, 0x4249, 0x4249, 0x4249, 0x424A, 0x4249, 0x4249,
  0x4249, 0x4249, 0x4249, 0x4249, 0x4249, 0x4249, 0x4249, 0x424A, 0x4249, 0x4249, 0x4249, 0x4249,
  0x4249, 0x4249, 0x4249, 0x4249, 0x4249, 0x4249, 0x424A, 0x4249, 0x4249, 0x4249, 0x4249, 0x424A,
  0x4249, 0x4249, 0x4249, 0x4249, 0x4249, 0x424A, 0x4249, 0x4249, 0x4249, 0x4249, 0x4249, 0x4249,
  0x4249, 0x424A, 0x4249, 0x4249, 0x4249, 0x424A, 0x4249, 0x4249, 0x4249, 0x424A, 0x4249, 0x4249,
  0x4249, 0x4249, 0x4249, 0x4249, 0x4249, 0x4249, 0x424A, 0x4249, 0x4249, 0x4249, 0x4249, 0x424A,
  0x4249, 0x4249, 0x4249, 0x4249, 0x4249, 0x4249, 0x424A, 0x4249, 0x4249, 0x4249, 0x424A, 0x4249,
  0x424A, 0x4249, 0x424A, 0x424A, 0x4249, 0x4249, 0x4249, 0x4249, 0x4249, 0x4249, 0x424A, 0x4249,
  0x424A, 0x424A, 0x4249, 0x4249, 0x4249, 0x4249, 0x4249, 0x4249, 0x4249, 0x4249, 0x4249, 0x424A,
  0x4249, 0x4249, 0x4249, 0x4249, 0x4249, 0x4249, 0x4249, 0x4249, 0x4249, 0x4249, 0x424A, 0x424A,
  0x4249, 0x4249, 0x424A, 0x4249, 0x4249, 0x4249, 0x4249, 0x4249, 0x4249, 0x4249, 0x424A, 0x4249,
  0x4249, 0x4249, 0x424A, 0x424A, 0x424A, 0x4249, 0x424A, 0x4249, 0x4249, 0x4249, 0x4249, 0x4249,
  0x4249, 0x4249, 0x4249, 0x424A, 0x4249, 0x4249, 0x4249, 0x424A, 0x4249, 0x4249, 0x4249, 0x424A,
  0x4249, 0x4249, 0x4249, 0x4249, 0x4249, 0x4249, 0x4249, 0x4249, 0x424A, 0x4249, 0x4249, 0x424A,
  0x424A, 0x4249, 0x4249, 0x424A, 0x4249, 0x4249, 0x4249, 0x4249, 0x424A, 0x4249, 0x4249, 0x4249,
  0x424A, 0x4249, 0x4249, 0x4249, 0x424A, 0x4249, 0x424A, 0x4249, 0x4249, 0x424A, 0x4249, 0x424A,
  0x4249, 0x4249, 0x424A, 0x4249, 0x4249, 0x4249, 0x4249, 0x4249, 0x4249, 0x4249, 0x4249, 0x4249,
  0x4249, 0x424A, 0x4249, 0x424A, 0x4249, 0x4249, 0x4249, 0x4249, 0x4249, 0x4249, 0x4249, 0x4249,
  0x4249, 0x4249, 0x4249, 0x4249, 0x424A, 0x4249, 0x4249, 0x4249, 0x424A, 0x4249, 0x424A, 0x4249,
  0x4249, 0x4249, 0x4249, 0x4249, 0x4249, 0x4249, 0x4249, 0x424A, 0x424A, 0x4249, 0x424A, 0x4249,
  0x4249, 0x424A, 0x4249, 0x4249, 0x424A, 0x4249, 0x4249, 0x4249, 0x424A, 0x4249, 0x4249, 0x424A,
  0x424A, 0x4249, 0x4249, 0x4249, 0x424A, 0x4249, 0x4249, 0x4249, 0x4249, 0x4249, 0x4A49, 0x4A49,
  0x4A49, 0x4A29, 0x4A49, 0x4A49, 0x4A49, 0x4A29, 0x4A29, 0x4A49, 0x4A49, 0x4A49, 0x4A49, 0x4A49,
  0x4A49, 0x4A29, 0x4A49, 0x4A49, 0x4A49, 0x4A29, 0x4A29, 0x4A49, 0x4A49, 0x4A49, 0x5249, 0x4A49,
  0x3966, 0x5228, 0x5A69, 0x5A89, 0x5A89, 0x5A89, 0x5A89, 0x5A89, 0x5A89, 0x5A89, 0x5A89, 0x5A89,
  0x5A89, 0x5A89, 0x5A69, 0x5A89, 0x5A68, 0x5228, 0x3965, 0x4A29, 0x4A29, 0x5229, 0x4A29, 0x4A49,
  0x4A49, 0x4A29, 0x4A49, 0x4A29, 0x4A29, 0x4A29, 0x4A49, 0x4A49, 0x4A29, 0x4A29, 0x4A49, 0x4A49,
  0x4A49, 0x4A29, 0x4A49, 0x4A29, 0x4A49, 0x4A49, 0x4A49, 0x4A49, 0x4249, 0x4249, 0x4249, 0x424A,
  0x4249, 0x424A, 0x4249, 0x4249, 0x4249, 0x4249, 0x4249, 0x424A, 0x4249, 0x424A, 0x424A, 0x4249,
  0x4249, 0x4249, 0x424A, 0x4249, 0x4249, 0x4249, 0x424A, 0x4249, 0x4249, 0x4249, 0x424A, 0x4249,
  0x424A, 0x4249, 0x4249, 0x4249, 0x424A, 0x424A, 0x4249, 0x4249, 0x424A, 0x4249, 0x4249, 0x4249,
  0x4249, 0x4249, 0x424A, 0x4249, 0x4249, 0x424A, 0x4249, 0x4249, 0x4249, 0x424A, 0x424A, 0x4249,
  0x4249, 0x4249, 0x4249, 0x4249, 0x424A, 0x4249, 0x4249, 0x424A, 0x4249, 0x4249, 0x4249, 0x424A,
  0x4249, 0x4249, 0x4249, 0x4249, 0x4249, 0x4249, 0x4249, 0x424A, 0x4249, 0x4249, 0x4249, 0x424A,
  0x4249, 0x4249, 0x4249, 0x424A, 0x4249, 0x4249, 0x4249, 0x4249, 0x4249, 0x4249, 0x4249, 0x4249,
  0x424A, 0x4249, 0x4249, 0x424A, 0x424A, 0x4249, 0x4249, 0x424A, 0x4249, 0x4249, 0x4249, 0x4249,
  0x424A, 0x4249, 0x4249, 0x4249, 0x424A, 0x4249, 0x4249, 0x4249, 0x424A, 0x4249, 0x424A, 0x4249,
  0x4249, 0x424A, 0x4249, 0x424A, 0x4249, 0x4249, 0x424A, 0x4249, 0x4249, 0x4249, 0x4249, 0x4249,
  0x4249, 0x4249, 0x4249, 0x4249, 0x4249, 0x424A, 0x4249, 0x424A, 0x424A, 0x4249, 0x4249, 0x4249,
  0x4249, 0x4249, 0x4249, 0x4249, 0x4249, 0x4249, 0x424A, 0x4249, 0x424A, 0x4249, 0x424A, 0x4249,
  0x4249, 0x424A, 0x4249, 0x4249, 0x4249, 0x4249, 0x424A, 0x4249, 0x4249, 0x4249, 0x4249, 0x4249,
  0x4249, 0x4249, 0x4249, 0x424A, 0x4249, 0x4249, 0x4249, 0x424A, 0x4249, 0x4249, 0x4249, 0x4249,
  0x4249, 0x4249, 0x4249, 0x4249, 0x4249, 0x4249, 0x4249, 0x4249, 0x4249, 0x424A, 0x4249, 0x4249,
  0x4249, 0x4249, 0x424A, 0x4249, 0x4249, 0x424A, 0x4249, 0x4249, 0x4249, 0x424A, 0x4249, 0x4249,
  0x4249, 0x4249, 0x4249, 0x424A, 0x4249, 0x4249, 0x424A, 0x4249, 0x4249, 0x4249, 0x4249, 0x4249,
  0x4249, 0x424A, 0x4249, 0x4249, 0x4249, 0x4249, 0x4249, 0x424A, 0x4249, 0x4249, 0x424A, 0x4249,
  0x424A, 0x4249, 0x4249, 0x4249, 0x4249, 0x4249, 0x4249, 0x424A, 0x4249, 0x424A, 0x4249, 0x4249,
  0x4249, 0x4249, 0x4249, 0x424A, 0x4249, 0x4249, 0x4249, 0x4249, 0x4249, 0x4249, 0x4249, 0x4249,
  0x4249, 0x424A, 0x4249, 0x4249, 0x4249, 0x59E8, 0x7186, 0x7166, 0x7945, 0x8145, 0x8125, 0x8945,
  0x8925, 0x8925, 0x9125, 0x9124, 0x9125, 0x9905, 0x9925, 0x9904, 0x9924, 0xA125, 0xA125, 0xA125,
  0xA125, 0xA125, 0xA145, 0xA925, 0xA925, 0xA925, 0xA945, 0xA945, 0xA924, 0xA985, 0xB1C6, 0xB207,
  0xB248, 0xBAA9, 0xC32B, 0xC36C, 0xCB8D, 0xC36C, 0xC30B, 0xBAAA, 0xBA68, 0xB227, 0xB207, 0xB1C6,
  0xB1A6, 0xA985, 0xA924, 0xA945, 0xA945, 0xA945, 0xA945, 0xA145, 0xA125, 0xA125, 0xA125, 0xA125,
  0xA125, 0x9905, 0x9925, 0x9905, 0x9924, 0x9105, 0x9105, 0x9125, 0x8905, 0x8925, 0x8924, 0x8124,
  0x8125, 0x7945, 0x7125, 0x7145, 0x6965, 0x5208, 0x4249, 0x4249, 0x4249, 0x4249, 0x4249, 0x4249,
  0x424A, 0x4249, 0x424A, 0x4249, 0x4249, 0x4249, 0x4249, 0x424A, 0x4249, 0x4249, 0x4249, 0x4249,
  0x4249, 0x4249, 0x4249, 0x424A, 0x4249, 0x4249, 0x4249, 0x424A, 0x4249, 0x4249, 0x4249, 0x4249,
  0x4249, 0x4249, 0x4249, 0x4249, 0x4249, 0x4249, 0x4249, 0x424A, 0x4249, 0x4249, 0x4249, 0x4249,
  0x4249, 0x4249, 0x424A, 0x424A, 0x4249, 0x4249, 0x4249, 0x4249, 0x4249, 0x424A, 0x4249, 0x4249,
  0x4249, 0x4249, 0x4249, 0x4249, 0x424A, 0x424A, 0x4249, 0x4249, 0x424A, 0x4249, 0x424A, 0x4249,
  0x424A, 0x4249, 0x4249, 0x4249, 0x4249, 0x4249, 0x4249, 0x4249, 0x4249, 0x4249, 0x424A, 0x4249,
  0x424A, 0x4249, 0x424A, 0x4249, 0x4249, 0x424A, 0x4249, 0x4249, 0x4249, 0x4249, 0x424A, 0x4249,
  0x4249, 0x4249, 0x4249, 0x4249, 0x4249, 0x4249, 0x4249, 0x424A, 0x4249, 0x4249, 0x4249, 0x424A,
  0x4249, 0x4249, 0x4249, 0x4249, 0x4249, 0x4249, 0x4249, 0x4249, 0x4249, 0x4249, 0x4249, 0x4249,
  0x4249, 0x424A, 0x4249, 0x4249, 0x4249, 0x4249, 0x424A, 0x4249, 0x4249, 0x424A, 0x4249, 0x4249,
  0x4249, 0x424A, 0x4249, 0x4249, 0x4249, 0x424A, 0x4249, 0x4249, 0x424A, 0x4249, 0x4249, 0x4249,
  0x424A, 0x4249, 0x4249, 0x4249, 0x4249, 0x4249, 0x4249, 0x4249, 0x4249, 0x4249, 0x424A, 0x424A,
  0x4249, 0x4249, 0x4249, 0x4249, 0x424A, 0x4249, 0x4249, 0x4249, 0x424A, 0x424A, 0x4249, 0x4249,
  0x4249, 0x4249, 0x4249, 0x424A, 0x4249, 0x4249, 0x424A, 0x4249, 0x4249, 0x424A, 0x4249, 0x424A,
  0x4249, 0x4249, 0x424A, 0x4249, 0x4249, 0x4249, 0x4249, 0x4249, 0x424A, 0x4249, 0x4249, 0x4249,
  0x4249, 0x4249, 0x4249, 0x4249, 0x424A, 0x4249, 0x4249, 0x4249, 0x4249, 0x4249, 0x4249, 0x424A,
  0x4249, 0x4249, 0x4249, 0x4249, 0x4249, 0x424A, 0x4249, 0x4249, 0x4249, 0x4249, 0x4249, 0x424A,
  0x4249, 0x4249, 0x4249, 0x4249, 0x4249, 0x4249, 0x424A, 0x4249, 0x4249, 0x4249, 0x424A, 0x4249,
  0x4249, 0x4249, 0x4249, 0x4249, 0x4249, 0x4249, 0x4249, 0x4249, 0x4249, 0x424A, 0x4249, 0x4249,
  0x4249, 0x4249, 0x424A, 0x4249, 0x4249, 0x4249, 0x424A, 0x4249, 0x4249, 0x424A, 0x4249, 0x424A,
  0x4249, 0x61C7, 0x7924, 0x80E3, 0x88A3, 0x88A2, 0x9082, 0x9061, 0x9881, 0x9861, 0xA042, 0xA081,
  0xA062, 0xA841, 0xA841, 0xA862, 0xA842, 0xB041, 0xB062, 0xB081, 0xB042, 0xB061, 0xB8A2, 0xB861,
  0xB8A2, 0xB8C3, 0xB8C2, 0xB8C3, 0xB904, 0xC124, 0xC165, 0xC1E6, 0xCA28, 0xCACA, 0xD34C, 0xDBAD,
  0xDBED, 0xDBAD, 0xD32B, 0xD2CA, 0xCA68, 0xCA07, 0xC1C6, 0xC185, 0xC145, 0xC104, 0xB8E3, 0xB8E3,
  0xB8C2, 0xB8A2, 0xB8A2, 0xB861, 0xB882, 0xB062, 0xB081, 0xB041, 0xB061, 0xB022, 0xA861, 0xA840,
  0xA861, 0xA040, 0xA061, 0xA040, 0x9800, 0x9821, 0x9041, 0x9022, 0x8861, 0x8861, 0x80A1, 0x78C2,
  0x70E3, 0x51E7, 0x4249, 0x4249, 0x424A, 0x4249, 0x4249, 0x424A, 0x4249, 0x4249, 0x4249, 0x4249,
  0x4249, 0x4249, 0x4249, 0x4249, 0x4249, 0x424A, 0x4249, 0x4249, 0x424A, 0x4249, 0x4249, 0x4249,
  0x4249, 0x4249, 0x424A, 0x4249, 0x4249, 0x4249, 0x4249, 0x424A, 0x4249, 0x4249, 0x424A, 0x424A,
  0x4249, 0x4249, 0x424A, 0x4249, 0x4249, 0x4249, 0x4249, 0x424A, 0x4249, 0x4249, 0x4249, 0x4249,
  0x4249, 0x4249, 0x4249, 0x424A, 0x424A, 0x4249, 0x4249, 0x4249, 0x4249, 0x424A, 0x4249, 0x4249,
  0x4249, 0x4249, 0x4249, 0x4249, 0x4249, 0x4249, 0x4249, 0x4249, 0x4249, 0x424A, 0x4249, 0x4249,
  0x424A, 0x4249, 0x4249, 0x4249, 0x424A, 0x4249, 0x4249, 0x4249, 0x4249, 0x4249, 0x4249, 0x4249,
  0x4249, 0x4249, 0x424A, 0x424A, 0x4249, 0x4249, 0x4249, 0x4249, 0x424A, 0x4249, 0x4249, 0x4249,
  0x424A, 0x424A, 0x4249, 0x4249, 0x4249, 0x4249, 0x4249, 0x424A, 0x4249, 0x4249, 0x424A, 0x4249,
  0x4249, 0x424A, 0x4249, 0x424A, 0x4249, 0x4249, 0x424A, 0x4249, 0x4249, 0x4249, 0x4249, 0x4249,
  0x424A, 0x4249, 0x4249, 0x4249, 0x4249, 0x4249, 0x4249, 0x4249, 0x424A, 0x4249, 0x4249, 0x4249,
  0x4249, 0x4249, 0x4249, 0x4249, 0x4249, 0x424A, 0x4249, 0x4249, 0x4249, 0x4249, 0x424A, 0x4249,
  0x4249, 0x4249, 0x4249, 0x424A, 0x4249, 0x424A, 0x4249, 0x4249, 0x4249, 0x4249, 0x4249, 0x424A,
  0x4249, 0x4249, 0x424A, 0x424A, 0x4249, 0x4249, 0x4249, 0x424A, 0x4249, 0x4249, 0x4249, 0x4249,
  0x4249, 0x4249, 0x4249, 0x424A, 0x4249, 0x4249, 0x4249, 0x4249, 0x424A, 0x4249, 0x4249, 0x4249,
  0x4249, 0x424A, 0x424A, 0x4249, 0x4249, 0x4249, 0x4249, 0x424A, 0x4249, 0x4249, 0x4249, 0x424A,
  0x4249, 0x4249, 0x4249, 0x424A, 0x424A, 0x424A, 0x4249, 0x4249, 0x4249, 0x424A, 0x4249, 0x4249,
  0x4249, 0x4249, 0x424A, 0x4249, 0x4249, 0x424A, 0x4249, 0x4249, 0x4249, 0x424A, 0x4249, 0x424A,
  0x4249, 0x424A, 0x4249, 0x4249, 0x4249, 0x4249, 0x424A, 0x4249, 0x4249, 0x424A, 0x4249, 0x4249,
  0x4249, 0x4249, 0x424A, 0x4249, 0x424A, 0x4249, 0x4249, 0x4249, 0x424A, 0x4249, 0x4249, 0x4249,
  0x4249, 0x4249, 0x424A, 0x4249, 0x4249, 0x4249, 0x4249, 0x424A, 0x4249, 0x61C7, 0x7944, 0x8104,
  0x88C2, 0x8882, 0x9062, 0x9082, 0x9841, 0x9842, 0xA041, 0xA061, 0xA062, 0xA882, 0xA821, 0xA862,
  0xA861, 0xB081, 0xB082, 0xB042, 0xB062, 0xB081, 0xB882, 0xB8A2, 0xB882, 0xB8A2, 0xB8A3, 0xB8E3,
  0xB903, 0xC144, 0xC185, 0xC1C6, 0xCA48, 0xCACA, 0xD34B, 0xDBAD, 0xDBCE, 0xDBAD, 0xD32B, 0xD2CA,
  0xCA68, 0xCA07, 0xC1C6, 0xC185, 0xC144, 0xC124, 0xB8E3, 0xB8C2, 0xB8C2, 0xB8A2, 0xB8A2, 0xB8A2,
  0xB881, 0xB042, 0xB042, 0xB060, 0xB062, 0xB041, 0xA821, 0xA860, 0xA840, 0xA021, 0xA021, 0xA061,
  0x9840, 0x9821, 0x9861, 0x9040, 0x8821, 0x8861, 0x8082, 0x78A2, 0x6902, 0x51E7, 0x4249, 0x4249,
  0x424A, 0x4249, 0x4249, 0x4249, 0x424A, 0x4249, 0x4249, 0x4249, 0x4249, 0x424A, 0x424A, 0x4249,
  0x4249, 0x4249, 0x4249, 0x4249, 0x4249, 0x4249, 0x4249, 0x424A, 0x4249, 0x4249, 0x4249, 0x4249,
  0x424A, 0x4249, 0x4249, 0x4249, 0x424A, 0x4249, 0x4249, 0x4249, 0x4249, 0x4249, 0x4249, 0x4249,
  0x424A, 0x4249, 0x4249, 0x4249, 0x4249, 0x424A, 0x4249, 0x4249, 0x424A, 0x4249, 0x4249, 0x4249,
  0x4249, 0x4249, 0x4249, 0x424A, 0x4249, 0x4249, 0x424A, 0x4249, 0x4249, 0x4249, 0x424A, 0x4249,
  0x4249, 0x4249, 0x424A, 0x4249, 0x4249, 0x4249, 0x4249, 0x4249, 0x4249, 0x424A, 0x4249, 0x4249,
  0x4249, 0x4249, 0x424A, 0x4249, 0x4249, 0x4249, 0x4249, 0x424A, 0x4249, 0x424A, 0x4249, 0x4249,
  0x4249, 0x4249, 0x4249, 0x424A, 0x4249, 0x4249, 0x424A, 0x424A, 0x4249, 0x4249, 0x4249, 0x424A,
  0x4249, 0x4249, 0x4249, 0x4249, 0x4249, 0x4249, 0x4249, 0x424A, 0x4249, 0x4249, 0x4249, 0x4249,
  0x424A, 0x4249, 0x4249, 0x4249, 0x4249, 0x424A, 0x424A, 0x4249, 0x4249, 0x4249, 0x4249, 0x424A,
  0x4249, 0x4249, 0x4249, 0x424A, 0x4249, 0x4249, 0x4249, 0x424A, 0x424A, 0x4249, 0x4249, 0x4249,
  0x424A, 0x4249, 0x4249, 0x424A, 0x4249, 0x4249, 0x424A, 0x4249, 0x4249, 0x424A, 0x4249, 0x4249,
  0x4249, 0x4249, 0x4249, 0x4249, 0x4249, 0x424A, 0x4249, 0x4249, 0x4249, 0x4249, 0x4249, 0x4249,
  0x4249, 0x4249, 0x4249, 0x4249, 0x424A, 0x4249, 0x4249, 0x424A, 0x4249, 0x424A, 0x4249, 0x4249,
  0x424A, 0x4249, 0x4249, 0x4249, 0x4249, 0x4249, 0x4249, 0x424A, 0x4249, 0x4249, 0x4249, 0x4249,
  0x4249, 0x424A, 0x4249, 0x424A, 0x4249, 0x4249, 0x424A, 0x4249, 0x4249, 0x4249, 0x4249, 0x4249,
  0x4249, 0x4249, 0x4249, 0x4249, 0x4249, 0x4249, 0x424A, 0x4249, 0x424A, 0x4249, 0x424A, 0x4249,
  0x4249, 0x424A, 0x4249, 0x424A, 0x4249, 0x4249, 0x4249, 0x4249, 0x4249, 0x4249, 0x4249, 0x4249,
  0x424A, 0x4249, 0x424A, 0x4249, 0x4249, 0x4249, 0x424A, 0x424A, 0x4249, 0x4249, 0x4249, 0x4249,
  0x424A, 0x4249, 0x4249, 0x4249, 0x4249, 0x424A, 0x4249, 0x4249, 0x424A, 0x424A, 0x4249, 0x4249,
  0x4249, 0x4249, 0x4249, 0x4249, 0x4249, 0x61C7, 0x7924, 0x80E3, 0x88A3, 0x8862, 0x9081, 0x9082,
  0x9862, 0x9861, 0xA082, 0xA041, 0xA041, 0xA821, 0xA861, 0xA881, 0xA822, 0xB041, 0xB061, 0xB061,
  0xB042, 0xB082, 0xB862, 0xB862, 0xB862, 0xB8A3, 0xB8C2, 0xB8E3, 0xC103, 0xC144, 0xC185, 0xC1C6,
  0xCA28, 0xCACA, 0xD34B, 0xDBCD, 0xDBCD, 0xDBAD, 0xD32B, 0xD2CA, 0xCA68, 0xCA07, 0xC1C6, 0xC185,
  0xC164, 0xC124, 0xB8E3, 0xB8E3, 0xB8A2, 0xB8A2, 0xB8A2, 0xB882, 0xB881, 0xB082, 0xB061, 0xB081,
  0xB041, 0xB060, 0xA841, 0xA861, 0xA821, 0xA000, 0xA020, 0xA001, 0x9840, 0x9860, 0x9041, 0x9081,
  0x8841, 0x8882, 0x8081, 0x78A2, 0x7103, 0x51E7, 0x4249, 0x4249, 0x4249, 0x4249, 0x4249, 0x4249,
  0x424A, 0x4249, 0x4249, 0x424A, 0x4249, 0x4249, 0x4249, 0x4249, 0x4249, 0x424A, 0x4249, 0x4249,
  0x424A, 0x4249, 0x4249, 0x4249, 0x4249, 0x4249, 0x4249, 0x424A, 0x4249, 0x4249, 0x424A, 0x4249,
  0x4249, 0x424A, 0x4249, 0x4249, 0x4249, 0x424A, 0x4249, 0x424A, 0x4249, 0x4249, 0x4249, 0x4249,
  0x4249, 0x4249, 0x424A, 0x4249, 0x4249, 0x4249, 0x4249, 0x4249, 0x4249, 0x4249, 0x4249, 0x424A,
  0x4249, 0x4249, 0x4249, 0x4249, 0x424A, 0x4249, 0x4249, 0x424A, 0x4249, 0x424A, 0x4249, 0x4249,
  0x424A, 0x4249, 0x4249, 0x4249, 0x424A, 0x4249, 0x4249, 0x424A, 0x4249, 0x4249, 0x424A, 0x4249,
  0x4249, 0x424A, 0x4249, 0x4249, 0x4249, 0x4249, 0x4249, 0x4249, 0x4249, 0x424A, 0x4249, 0x4249,
  0x4249, 0x4249, 0x4249, 0x4249, 0x4249, 0x4249, 0x4249, 0x4249, 0x424A, 0x4249, 0x4249, 0x424A,
  0x4249, 0x424A, 0x4249, 0x4249, 0x424A, 0x4249, 0x4249, 0x4249, 0x4249, 0x4249, 0x4249, 0x424A,
  0x4249, 0x4249, 0x4249, 0x4249, 0x4249, 0x424A, 0x4249, 0x424A, 0x4249, 0x4249, 0x424A, 0x4249,
  0x4249, 0x4249, 0x4249, 0x4249, 0x4249, 0x4249, 0x424A, 0x4249, 0x424A, 0x4249, 0x4249, 0x4249,
  0x4249, 0x4249, 0x4249, 0x4249, 0x4249, 0x4249, 0x4249, 0x424A, 0x4249, 0x4249, 0x424A, 0x4249,
  0x4249, 0x424A, 0x4249, 0x4249, 0x424A, 0x4249, 0x4249, 0x4249, 0x4249, 0x424A, 0x4249, 0x4249,
  0x4249, 0x424A, 0x4249, 0x4249, 0x4249, 0x4249, 0x424A, 0x4249, 0x4249, 0x4249, 0x4249, 0x4249,
  0x424A, 0x4249, 0x4249, 0x424A, 0x4249, 0x4249, 0x424A, 0x4249, 0x4249, 0x4249, 0x4249, 0x4249,
  0x4249, 0x4249, 0x4249, 0x4249, 0x4249, 0x424A, 0x4249, 0x4249, 0x4249, 0x4249, 0x424A, 0x4249,
  0x4249, 0x4249, 0x4249, 0x4249, 0x4249, 0x4249, 0x4249, 0x4249, 0x4249, 0x424A, 0x4249, 0x4249,
  0x4249, 0x4249, 0x4249, 0x424A, 0x4249, 0x4249, 0x424A, 0x4249, 0x4249, 0x4249, 0x4249, 0x4249,
  0x4249, 0x424A, 0x4249, 0x4249, 0x4249, 0x4249, 0x424A, 0x4249, 0x4249, 0x4249, 0x4249, 0x4249,
  0x4249, 0x424A, 0x4249, 0x4249, 0x4249, 0x4249, 0x4249, 0x4249, 0x424A, 0x4249, 0x424A, 0x4249,
  0x4249, 0x61E7, 0x7924, 0x80E3, 0x88C3, 0x8882, 0x9081, 0x9082, 0x9842, 0x9881, 0xA081, 0xA042,
  0xA061, 0xA842, 0xA861, 0xA841, 0xA842, 0xB082, 0xB061, 0xB061, 0xB042, 0xB081, 0xB862, 0xB881,
  0xB8A2, 0xB8C2, 0xB8A3, 0xB8E3, 0xC103, 0xC124, 0xC165, 0xC1E6, 0xCA48, 0xCAAA, 0xD34C, 0xDBCD,
  0xDBEE, 0xDBAD, 0xD32B, 0xD2CA, 0xCA68, 0xCA07, 0xC1C6, 0xC185, 0xC144, 0xC104, 0xB903, 0xB8C3,
  0xB8C2, 0xB882, 0xB882, 0xB862, 0xB862, 0xB041, 0xB062, 0xB041, 0xB021, 0xB061, 0xA841, 0xA860,
  0xA821, 0xA041, 0xA060, 0xA041, 0x9821, 0x9801, 0x9041, 0x9040, 0x8861, 0x8882, 0x8082, 0x78C2,
  0x7102, 0x51E7, 0x424A, 0x4249, 0x4249, 0x4249, 0x4249, 0x424A, 0x4249, 0x4249, 0x4249, 0x4249,
  0x4249, 0x4249, 0x424A, 0x4249, 0x4249, 0x424A, 0x4249, 0x4249, 0x4249, 0x4249, 0x4249, 0x424A,
  0x4249, 0x424A, 0x424A, 0x4249, 0x4249, 0x424A, 0x4249, 0x4249, 0x4249, 0x424A, 0x4249, 0x4249,
  0x4249, 0x4249, 0x4249, 0x4249, 0x4249, 0x424A, 0x4249, 0x424A, 0x4249, 0x4249, 0x4249, 0x4249,
  0x424A, 0x4249, 0x4249, 0x424A, 0x424A, 0x4249, 0x4249, 0x4249, 0x4249, 0x4249, 0x424A, 0x4249,
  0x424A, 0x4249, 0x4249, 0x4249, 0x4249, 0x4249, 0x4249, 0x4249, 0x4249, 0x4249, 0x424A, 0x4249,
  0x424A, 0x4249, 0x4249, 0x4249, 0x4249, 0x4249, 0x4249, 0x4249, 0x4249, 0x4249, 0x4249, 0x424A,
  0x4249, 0x4249, 0x424A, 0x4249, 0x4249, 0x424A, 0x4249, 0x4249, 0x424A, 0x4249, 0x4249, 0x4249,
  0x4249, 0x424A, 0x4249, 0x4249, 0x4249, 0x424A, 0x4249, 0x4249, 0x4249, 0x4249, 0x424A, 0x4249,
  0x4249, 0x4249, 0x4249, 0x4249, 0x424A, 0x4249, 0x4249, 0x424A, 0x4249, 0x4249, 0x424A, 0x4249,
  0x4249, 0x4249, 0x4249, 0x4249, 0x4249, 0x4249, 0x4249, 0x4249, 0x4249, 0x424A, 0x4249, 0x4249,
  0x424A, 0x4249, 0x4249, 0x4249, 0x4249, 0x4249, 0x4249, 0x4249, 0x424A, 0x4249, 0x4249, 0x4249,
  0x424A, 0x4249, 0x424A, 0x4249, 0x4249, 0x4249, 0x4249, 0x4249, 0x4249, 0x4249, 0x4249, 0x4249,
  0x4249, 0x4249, 0x4249, 0x4249, 0x4249, 0x424A, 0x4249, 0x4249, 0x4249, 0x424A, 0x4249, 0x4249,
  0x4249, 0x4249, 0x4249, 0x4249, 0x4249, 0x424A, 0x4249, 0x424A, 0x4249, 0x4249, 0x4249, 0x4249,
  0x4249, 0x4249, 0x4249, 0x4249, 0x424A, 0x4249, 0x424A, 0x424A, 0x4249, 0x4249, 0x424A, 0x4249,
  0x4249, 0x424A, 0x4249, 0x424A, 0x4249, 0x4249, 0x4249, 0x4249, 0x4249, 0x424A, 0x4249, 0x4249,
  0x4249, 0x4249, 0x4249, 0x4249, 0x4249, 0x4249, 0x4249, 0x4249, 0x4249, 0x424A, 0x424A, 0x4249,
  0x4249, 0x424A, 0x4249, 0x4249, 0x424A, 0x4249, 0x424A, 0x4249, 0x4249, 0x4249, 0x4249, 0x4249,
  0x4249, 0x4249, 0x4249, 0x4249, 0x4249, 0x4249, 0x424A, 0x424A, 0x4249, 0x4249, 0x424A, 0x4249,
  0x4249, 0x424A, 0x4249, 0x4249, 0x4249, 0x4249, 0x4249, 0x4249, 0x4249, 0x61C7, 0x7924, 0x80E4,
  0x88A3, 0x88A2, 0x9062, 0x90A2, 0x9861, 0x9861, 0xA042, 0xA021, 0xA061, 0xA822, 0xA842, 0xA862,
  0xA861, 0xB042, 0xB042, 0xB082, 0xB081, 0xB062, 0xB882, 0xB8A2, 0xB8A2, 0xB8A2, 0xB8A2, 0xB8C3,
  0xB904, 0xC144, 0xC185, 0xC1C6, 0xCA28, 0xCAC9, 0xD34C, 0xDBAD, 0xDBCD, 0xDBAD, 0xD32B, 0xCACA,
  0xCA68, 0xCA07, 0xC1C6, 0xC185, 0xC144, 0xC124, 0xB8E3, 0xB8C3, 0xB8C2, 0xB8A2, 0xB8A2, 0xB8A2,
  0xB881, 0xB062, 0xB081, 0xB082, 0xB041, 0xB062, 0xA821, 0xA841, 0xA801, 0xA060, 0xA041, 0xA001,
  0x9821, 0x9821, 0x9061, 0x9020, 0x8861, 0x8861, 0x80A1, 0x78A2, 0x6903, 0x51E7, 0x4249, 0x4249,
  0x424A, 0x424A, 0x4249, 0x4249, 0x4249, 0x4249, 0x424A, 0x4249, 0x4249, 0x4249, 0x4249, 0x4249,
  0x4249, 0x4249, 0x4249, 0x4249, 0x424A, 0x424A, 0x4249, 0x4249, 0x4249, 0x424A, 0x4249, 0x4249,
  0x4249, 0x4249, 0x4249, 0x4249, 0x4249, 0x4249, 0x4249, 0x424A, 0x4249, 0x424A, 0x4249, 0x4249,
  0x4249, 0x4249, 0x4249, 0x4249, 0x4249, 0x424A, 0x4249, 0x4249, 0x4249, 0x424A, 0x4249, 0x4249,
  0x4249, 0x424A, 0x4249, 0x4249, 0x424A, 0x4249, 0x4249, 0x4249, 0x4249, 0x4249, 0x4249, 0x4249,
  0x4249, 0x424A, 0x4249, 0x4249, 0x424A, 0x4249, 0x4249, 0x4249, 0x4249, 0x4249, 0x4249, 0x4249,
  0x424A, 0x4249, 0x4249, 0x4249, 0x424A, 0x4249, 0x424A, 0x4249, 0x4249, 0x4249, 0x4249, 0x4249,
  0x4249, 0x4249, 0x4249, 0x4249, 0x4249, 0x4249, 0x4249, 0x4249, 0x4249, 0x424A, 0x4249, 0x4249,
  0x4249, 0x424A, 0x4249, 0x4249, 0x4249, 0x4249, 0x4249, 0x4249, 0x4249, 0x424A, 0x4249, 0x424A,
  0x4249, 0x4249, 0x4249, 0x4249, 0x4249, 0x4249, 0x4249, 0x4249, 0x424A, 0x4249, 0x424A, 0x424A,
  0x4249, 0x4249, 0x424A, 0x4249, 0x4249, 0x424A, 0x4249, 0x424A, 0x4249, 0x424A, 0x4249, 0x4249,
  0x4249, 0x424A, 0x4249, 0x4249, 0x4249, 0x424A, 0x4249, 0x4249, 0x4249, 0x4249, 0x4249, 0x4249,
  0x4249, 0x424A, 0x4249, 0x4249, 0x4249, 0x4249, 0x424A, 0x424A, 0x4249, 0x424A, 0x424A, 0x424A,
  0x4249, 0x4249, 0x424A, 0x4249, 0x4249, 0x4249, 0x4249, 0x4249, 0x424A, 0x4249, 0x424A, 0x4249,
  0x4249, 0x424A, 0x4249, 0x4249, 0x4249, 0x4249, 0x4249, 0x4249, 0x4249, 0x424A, 0x4249, 0x4249,
  0x4249, 0x4249, 0x4249, 0x4249, 0x4249, 0x4249, 0x424A, 0x4249, 0x4249, 0x4249, 0x4249, 0x4249,
  0x424A, 0x4249, 0x4249, 0x424A, 0x4249, 0x4249, 0x424A, 0x4249, 0x424A, 0x424A, 0x4249, 0x4249,
  0x424A, 0x4249, 0x4249, 0x424A, 0x4249, 0x4249, 0x4249, 0x4249, 0x4249, 0x4249, 0x4249, 0x4249,
  0x4249, 0x4249, 0x4249, 0x4249, 0x424A, 0x4249, 0x4249, 0x424A, 0x4249, 0x424A, 0x4249, 0x424A,
  0x4249, 0x4249, 0x4249, 0x4249, 0x4249, 0x4249, 0x4249, 0x4249, 0x4249, 0x424A, 0x4249, 0x4249,
  0x4249, 0x4249, 0x424A, 0x4249, 0x4249, 0x61C7, 0x7944, 0x80E3, 0x88C3, 0x88A2, 0x9082, 0x9081,
  0x9881, 0x9862, 0xA041, 0xA062, 0xA041, 0xA861, 0xA861, 0xA881, 0xA821, 0xB061, 0xB061, 0xB042,
  0xB062, 0xB082, 0xB861, 0xB862, 0xB862, 0xB8A3, 0xB8C3, 0xB8C3, 0xB903, 0xC124, 0xC165, 0xC1C6,
  0xCA48, 0xCACA, 0xD34B, 0xDBAD, 0xDBCD, 0xDBAD, 0xD32B, 0xD2CA, 0xCA68, 0xCA07, 0xC1C6, 0xC185,
  0xC165, 0xC123, 0xB8E3, 0xB8E3, 0xB8C3, 0xB882, 0xB862, 0xB8A2, 0xB881, 0xB061, 0xB041, 0xB061,
  0xB041, 0xB020, 0xA820, 0xA861, 0xA821, 0xA021, 0xA020, 0xA061, 0x9860, 0x9840, 0x9021, 0x9041,
  0x8822, 0x8861, 0x8082, 0x78A2, 0x7102, 0x51E7, 0x4249, 0x4249, 0x4249, 0x4249, 0x4249, 0x4249,
  0x4249, 0x424A, 0x4249, 0x424A, 0x424A, 0x4249, 0x424A, 0x4249, 0x424A, 0x424A, 0x4249, 0x4249,
  0x4249, 0x4249, 0x4249, 0x4249, 0x4249, 0x4249, 0x4249, 0x4249, 0x4249, 0x4249, 0x4249, 0x424A,
  0x424A, 0x4249, 0x4249, 0x4249, 0x4249, 0x4249, 0x4249, 0x424A, 0x4249, 0x4249, 0x4249, 0x4249,
  0x424A, 0x4249, 0x4249, 0x4249, 0x424A, 0x4249, 0x4249, 0x4249, 0x4249, 0x4249, 0x424A, 0x4249,
  0x4249, 0x4249, 0x424A, 0x4249, 0x4249, 0x424A, 0x424A, 0x4249, 0x4249, 0x424A, 0x424A, 0x4249,
  0x4249, 0x424A, 0x4249, 0x4249, 0x4249, 0x424A, 0x4249, 0x4249, 0x4249, 0x424A, 0x4249, 0x4249,
  0x4249, 0x4249, 0x4249, 0x4249, 0x4249, 0x424A, 0x4249, 0x4249, 0x4249, 0x4249, 0x424A, 0x424A,
  0x4249, 0x424A, 0x424A, 0x424A, 0x4249, 0x4249, 0x424A, 0x4249, 0x4249, 0x4249, 0x4249, 0x4249,
  0x424A, 0x4249, 0x424A, 0x4249, 0x4249, 0x424A, 0x4249, 0x4249, 0x4249, 0x4249, 0x4249, 0x4249,
  0x4249, 0x424A, 0x4249, 0x4249, 0x4249, 0x4249, 0x4249, 0x4249, 0x4249, 0x4249, 0x424A, 0x4249,
  0x4249, 0x4249, 0x4249, 0x4249, 0x4249, 0x4249, 0x4249, 0x4249, 0x4249, 0x4249, 0x4249, 0x4249,
  0x424A, 0x4249, 0x4249, 0x4249, 0x424A, 0x4249, 0x4249, 0x4249, 0x4249, 0x4249, 0x424A, 0x4249,
  0x4249, 0x424A, 0x4249, 0x4249, 0x4249, 0x4249, 0x4249, 0x4249, 0x4249, 0x4249, 0x4249, 0x4249,
  0x4249, 0x424A, 0x4249, 0x424A, 0x424A, 0x4249, 0x4249, 0x4249, 0x4249, 0x4249, 0x4249, 0x4249,
  0x424A, 0x424A, 0x4249, 0x4249, 0x4249, 0x424A, 0x4249, 0x424A, 0x4249, 0x4249, 0x424A, 0x4249,
  0x4249, 0x4249, 0x4249, 0x4249, 0x4249, 0x4249, 0x4249, 0x4249, 0x4249, 0x4249, 0x4249, 0x424A,
  0x4249, 0x4249, 0x4249, 0x4249, 0x4249, 0x4249, 0x4249, 0x4249, 0x424A, 0x4249, 0x4249, 0x4249,
  0x424A, 0x4249, 0x4249, 0x4249, 0x424A, 0x4249, 0x4249, 0x424A, 0x4249, 0x424A, 0x4249, 0x4249,
  0x4249, 0x4249, 0x424A, 0x4249, 0x4249, 0x4249, 0x4249, 0x424A, 0x4249, 0x424A, 0x424A, 0x4249,
  0x4249, 0x424A, 0x424A, 0x4249, 0x4249, 0x424A, 0x4249, 0x424A, 0x4249, 0x4249, 0x4249, 0x4249,
  0x4249, 0x61E7, 0x7924, 0x80E3, 0x88A2, 0x8882, 0x9081, 0x9042, 0x9842, 0x9881, 0xA022, 0xA021,
  0xA062, 0xA841, 0xA841, 0xA861, 0xA882, 0xB041, 0xB082, 0xB041, 0xB061, 0xB082, 0xB8A1, 0xB882,
  0xB8A2, 0xB8A2, 0xB8C2, 0xB8E3, 0xB8E3, 0xC144, 0xC165, 0xC1C6, 0xCA48, 0xCACA, 0xD34B, 0xDBCD,
  0xDBCE, 0xDBAD, 0xD32B, 0xD2CA, 0xCA68, 0xCA07, 0xC1C6, 0xC185, 0xC145, 0xC104, 0xB903, 0xB8C3,
  0xB8A3, 0xB8A2, 0xB882, 0xB862, 0xB862, 0xB042, 0xB041, 0xB082, 0xB041, 0xB061, 0xA861, 0xA840,
  0xA841, 0xA841, 0xA020, 0xA041, 0x9841, 0x9821, 0x9861, 0x9061, 0x8862, 0x8881, 0x8062, 0x78C2,
  0x68E3, 0x51E7, 0x4249, 0x4249, 0x4249, 0x424A, 0x424A, 0x4249, 0x4249, 0x4249, 0x4249, 0x4249,
  0x4249, 0x4249, 0x4249, 0x4249, 0x4249, 0x4249, 0x4249, 0x4249, 0x4249, 0x424A, 0x4249, 0x4249,
  0x4249, 0x4249, 0x4249, 0x4249, 0x424A, 0x424A, 0x4249, 0x4249, 0x4249, 0x4249, 0x4249, 0x424A,
  0x4249, 0x4249, 0x4249, 0x4249, 0x424A, 0x4249, 0x424A, 0x4249, 0x424A, 0x4249, 0x4249, 0x4249,
  0x4249, 0x4249, 0x4249, 0x4249, 0x4249, 0x424A, 0x4249, 0x4249, 0x424A, 0x4249, 0x4249, 0x4249,
  0x4249, 0x4249, 0x4249, 0x4249, 0x4249, 0x4249, 0x4249, 0x4249, 0x4249, 0x4249, 0x4249, 0x4249,
  0x4249, 0x4249, 0x4249, 0x4249, 0x424A, 0x4249, 0x4249, 0x4249, 0x424A, 0x4249, 0x4249, 0x4249,
  0x4249, 0x4249, 0x424A, 0x4249, 0x4249, 0x424A, 0x4249, 0x4249, 0x4249, 0x4249, 0x4249, 0x4249,
  0x4249, 0x4249, 0x4249, 0x4249, 0x4249, 0x424A, 0x4249, 0x424A, 0x424A, 0x4249, 0x4249, 0x4249,
  0x4249, 0x4249, 0x4249, 0x4249, 0x424A, 0x424A, 0x4249, 0x4249, 0x4249, 0x424A, 0x4249, 0x424A,
  0x4249, 0x4249, 0x424A, 0x4249, 0x4249, 0x4249, 0x4249, 0x4249, 0x4249, 0x4249, 0x4249, 0x4249,
  0x4249, 0x4249, 0x424A, 0x4249, 0x424A, 0x4249, 0x4249, 0x424A, 0x4249, 0x4249, 0x4249, 0x424A,
  0x4249, 0x4249, 0x4249, 0x424A, 0x424A, 0x4249, 0x4249, 0x4249, 0x424A, 0x4249, 0x4249, 0x4249,
  0x4249, 0x4249, 0x4249, 0x4249, 0x4249, 0x424A, 0x4249, 0x4249, 0x4249, 0x4249, 0x4249, 0x4249,
  0x4249, 0x4249, 0x4249, 0x4249, 0x4249, 0x424A, 0x4249, 0x4249, 0x4249, 0x4249, 0x4249, 0x4249,
  0x4249, 0x4249, 0x4249, 0x4249, 0x4249, 0x4249, 0x4249, 0x424A, 0x4249, 0x4249, 0x4249, 0x4249,
  0x424A, 0x424A, 0x424A, 0x4249, 0x4249, 0x4249, 0x4249, 0x4249, 0x424A, 0x4249, 0x424A, 0x4249,
  0x4249, 0x424A, 0x424A, 0x4249, 0x4249, 0x4249, 0x424A, 0x4249, 0x4249, 0x4249, 0x424A, 0x4249,
  0x4249, 0x4249, 0x4249, 0x4249, 0x4249, 0x4249, 0x4249, 0x424A, 0x4249, 0x4249, 0x4249, 0x424A,
  0x4249, 0x4249, 0x4249, 0x4249, 0x4249, 0x4249, 0x4249, 0x4249, 0x4249, 0x4249, 0x4249, 0x4249,
  0x4249, 0x4249, 0x4249, 0x4249, 0x4249, 0x424A, 0x424A, 0x4249, 0x4249, 0x61C7, 0x7924, 0x80E3,
  0x88C3, 0x88A2, 0x9062, 0x9082, 0x9861, 0x9861, 0xA061, 0xA062, 0xA042, 0xA881, 0xA822, 0xA861,
  0xA842, 0xB062, 0xB081, 0xB042, 0xB041, 0xB062, 0xB862, 0xB862, 0xB862, 0xB8A2, 0xB8C2, 0xB8C3,
  0xC103, 0xC124, 0xC185, 0xC1C6, 0xCA28, 0xCACA, 0xD34C, 0xDBCD, 0xDBED, 0xDB8D, 0xD32B, 0xD2CA,
  0xCA48, 0xCA07, 0xC1C6, 0xC185, 0xC145, 0xC124, 0xB8E3, 0xB8E3, 0xB8A2, 0xB8A2, 0xB8A2, 0xB881,
  0xB842, 0xB081, 0xB081, 0xB061, 0xB061, 0xB021, 0xA841, 0xA820, 0xA841, 0xA061, 0xA040, 0xA001,
  0x9821, 0x9840, 0x9061, 0x9021, 0x8881, 0x8881, 0x80A2, 0x78C2, 0x6902, 0x51E7, 0x4249, 0x4249,
  0x4249, 0x4249, 0x4249, 0x4249, 0x424A, 0x4249, 0x4249, 0x4249, 0x4249, 0x4249, 0x4249, 0x4249,
  0x4249, 0x4249, 0x4249, 0x424A, 0x4249, 0x4249, 0x4249, 0x424A, 0x4249, 0x424A, 0x4249, 0x424A,
  0x4249, 0x4249, 0x4249, 0x4249, 0x424A, 0x4249, 0x4249, 0x4249, 0x4249, 0x4249, 0x424A, 0x424A,
  0x4249, 0x4249, 0x4249, 0x4249, 0x4249, 0x4249, 0x4249, 0x4249, 0x424A, 0x4249, 0x4249, 0x424A,
  0x4249, 0x4249, 0x424A, 0x4249, 0x4249, 0x4249, 0x4249, 0x424A, 0x4249, 0x4249, 0x4249, 0x424A,
  0x4249, 0x4249, 0x4249, 0x4249, 0x4249, 0x4249, 0x424A, 0x4249, 0x424A, 0x4249, 0x4249, 0x424A,
  0x4249, 0x4249, 0x4249, 0x424A, 0x4249, 0x4249, 0x4249, 0x424A, 0x424A, 0x4249, 0x4249, 0x4249,
  0x424A, 0x4249, 0x4249, 0x4249, 0x4249, 0x4249, 0x4249, 0x4249, 0x4249, 0x424A, 0x4249, 0x4249,
  0x4249, 0x4249, 0x4249, 0x4249, 0x4249, 0x4249, 0x4249, 0x4249, 0x4249, 0x424A, 0x4249, 0x4249,
  0x4249, 0x4249, 0x4249, 0x4249, 0x4249, 0x4249, 0x4249, 0x4249, 0x4249, 0x4249, 0x4249, 0x424A,
  0x4249, 0x4249, 0x4249, 0x4249, 0x424A, 0x424A, 0x424A, 0x4249, 0x424A, 0x4249, 0x424A, 0x4249,
  0x4249, 0x4249, 0x424A, 0x4249, 0x4249, 0x4249, 0x424A, 0x4249, 0x4249, 0x4249, 0x4249, 0x4249,
  0x4249, 0x4249, 0x4249, 0x4249, 0x424A, 0x4249, 0x4249, 0x4249, 0x424A, 0x424A, 0x424A, 0x4249,
  0x4249, 0x4249, 0x4249, 0x4249, 0x424A, 0x424A, 0x4249, 0x4249, 0x4249, 0x4249, 0x4249, 0x4249,
  0x4249, 0x424A, 0x4249, 0x4249, 0x4249, 0x4249, 0x4249, 0x424A, 0x424A, 0x4249, 0x4249, 0x4249,
  0x4249, 0x424A, 0x4249, 0x4249, 0x424A, 0x4249, 0x4249, 0x424A, 0x4249, 0x4249, 0x4249, 0x4249,
  0x4249, 0x424A, 0x4249, 0x4249, 0x4249, 0x4249, 0x4249, 0x4249, 0x4249, 0x4249, 0x4249, 0x4249,
  0x4249, 0x4249, 0x4249, 0x424A, 0x4249, 0x4249, 0x4249, 0x4249, 0x4249, 0x4249, 0x4249, 0x4249,
  0x4249, 0x424A, 0x4249, 0x4249, 0x4249, 0x424A, 0x4249, 0x4249, 0x424A, 0x424A, 0x4249, 0x4249,
  0x424A, 0x4249, 0x4249, 0x4249, 0x4249, 0x424A, 0x4249, 0x4249, 0x4249, 0x4249, 0x4249, 0x424A,
  0x424A, 0x4249, 0x4249, 0x4249, 0x4249, 0x61E7, 0x7924, 0x8104, 0x88C2, 0x8882, 0x9081, 0x9082,
  0x9882, 0x9841, 0xA042, 0xA081, 0xA041, 0xA861, 0xA861, 0xA821, 0xA842, 0xB042, 0xB061, 0xB082,
  0xB042, 0xB081, 0xB882, 0xB882, 0xB882, 0xB8A2, 0xB8C2, 0xB8C3, 0xB903, 0xC124, 0xC185, 0xC1C6,
  0xCA48, 0xCACA, 0xD34C, 0xDBAD, 0xDBCD, 0xDBAD, 0xD32B, 0xD2CA, 0xCA68, 0xCA07, 0xC1C6, 0xC185,
  0xC144, 0xC104, 0xB8E3, 0xB8C3, 0xB8C2, 0xB8C2, 0xB882, 0xB8A2, 0xB862, 0xB081, 0xB061, 0xB042,
  0xB081, 0xB042, 0xA861, 0xA821, 0xA860, 0xA061, 0xA001, 0xA020, 0x9861, 0x9800, 0x9021, 0x9040,
  0x8862, 0x8862, 0x8061, 0x78A2, 0x68E3, 0x51E7, 0x424A, 0x4249, 0x4249, 0x4249, 0x4249, 0x4249,
  0x4249, 0x4249, 0x424A, 0x4249, 0x4249, 0x424A, 0x424A, 0x424A, 0x4249, 0x4249, 0x4249, 0x4249,
  0x4249, 0x4249, 0x424A, 0x4249, 0x4249, 0x424A, 0x4249, 0x4249, 0x4249, 0x4249, 0x4249, 0x424A,
  0x4249, 0x4249, 0x4249, 0x4249, 0x4249, 0x424A, 0x4249, 0x4249, 0x4249, 0x4249, 0x4249, 0x4249,
  0x4249, 0x4249, 0x4249, 0x4249, 0x4249, 0x4249, 0x424A, 0x4249, 0x4249, 0x4249, 0x4249, 0x4249,
  0x4249, 0x424A, 0x4249, 0x4249, 0x424A, 0x424A, 0x4249, 0x4249, 0x424A, 0x4249, 0x424A, 0x4249,
  0x424A, 0x4249, 0x424A, 0x4249, 0x4249, 0x4249, 0x424A, 0x4249, 0x4249, 0x4249, 0x424A, 0x4249,
  0x4249, 0x4249, 0x4249, 0x4249, 0x4249, 0x4249, 0x4249, 0x4249, 0x424A, 0x4249, 0x4249, 0x4249,
  0x424A, 0x424A, 0x424A, 0x4249, 0x4249, 0x4249, 0x4249, 0x4249, 0x424A, 0x424A, 0x4249, 0x4249,
  0x4249, 0x4249, 0x4249, 0x4249, 0x4249, 0x424A, 0x4249, 0x4249, 0x4249, 0x4249, 0x4249, 0x424A,
  0x424A, 0x4249, 0x4249, 0x4249, 0x4249, 0x424A, 0x4249, 0x4249, 0x424A, 0x4249, 0x4249, 0x424A,
  0x4249, 0x4249, 0x4249, 0x4249, 0x4249, 0x4249, 0x4249, 0x4249, 0x4249, 0x4249, 0x4249, 0x4249,
  0x424A, 0x4249, 0x4249, 0x4249, 0x4249, 0x4249, 0x424A, 0x4249, 0x4249, 0x424A, 0x4249, 0x4249,
  0x4249, 0x4249, 0x424A, 0x4249, 0x4249, 0x4249, 0x4249, 0x4249, 0x424A, 0x4249, 0x4249, 0x4249,
  0x424A, 0x4249, 0x4249, 0x4249, 0x4249, 0x424A, 0x424A, 0x4249, 0x4249, 0x424A, 0x4249, 0x4249,
  0x424A, 0x4249, 0x4249, 0x4249, 0x4249, 0x424A, 0x4249, 0x424A, 0x4249, 0x4249, 0x4249, 0x4249,
  0x424A, 0x4249, 0x4249, 0x4249, 0x4249, 0x4249, 0x4249, 0x4249, 0x424A, 0x4249, 0x4249, 0x424A,
  0x4249, 0x4249, 0x4249, 0x424A, 0x4249, 0x4249, 0x424A, 0x4249, 0x4249, 0x424A, 0x4249, 0x4249,
  0x4249, 0x4249, 0x4249, 0x4249, 0x424A, 0x424A, 0x4249, 0x4249, 0x424A, 0x4249, 0x4249, 0x424A,
  0x4249, 0x424A, 0x4249, 0x4249, 0x4249, 0x4249, 0x4249, 0x4249, 0x4249, 0x4249, 0x424A, 0x424A,
  0x4249, 0x4249, 0x424A, 0x4249, 0x424A, 0x4249, 0x4249, 0x4249, 0x4249, 0x4249, 0x4249, 0x424A,
  0x424A, 0x61C7, 0x7924, 0x8103, 0x88A2, 0x8882, 0x9062, 0x9082, 0x9861, 0x9861, 0xA042, 0xA061,
  0xA041, 0xA842, 0xA862, 0xA842, 0xA881, 0xB021, 0xB042, 0xB061, 0xB061, 0xB042, 0xB861, 0xB882,
  0xB8A2, 0xB8C2, 0xB8A3, 0xB8E3, 0xB904, 0xC144, 0xC165, 0xC1C6, 0xCA28, 0xCACA, 0xD34B, 0xDBAD,
  0xDBCD, 0xDBAD, 0xD32B, 0xD2CA, 0xCA68, 0xCA07, 0xC1C6, 0xC185, 0xC145, 0xC123, 0xB903, 0xB8C3,
  0xB8C2, 0xB8A2, 0xB882, 0xB8A1, 0xB081, 0xB041, 0xB061, 0xB042, 0xB021, 0xB061, 0xA860, 0xA841,
  0xA821, 0xA021, 0xA040, 0xA041, 0x9821, 0x9861, 0x9860, 0x9041, 0x8861, 0x8841, 0x80A2, 0x78C1,
  0x70E3, 0x51E7, 0x4249, 0x424A, 0x424A, 0x4249, 0x424A, 0x4249, 0x4249, 0x4249, 0x4249, 0x4249,
  0x424A, 0x4249, 0x4249, 0x4249, 0x4249, 0x424A, 0x4249, 0x424A, 0x424A, 0x4249, 0x4249, 0x4249,
  0x4249, 0x4249, 0x4249, 0x424A, 0x4249, 0x4249, 0x4249, 0x4249, 0x4249, 0x4249, 0x4249, 0x424A,
  0x4249, 0x4249, 0x4249, 0x4249, 0x4249, 0x424A, 0x4249, 0x424A, 0x4249, 0x424A, 0x424A, 0x4249,
  0x4249, 0x424A, 0x4249, 0x4249, 0x424A, 0x4249, 0x4249, 0x424A, 0x4249, 0x4249, 0x4249, 0x4249,
  0x4249, 0x4249, 0x4249, 0x4249, 0x424A, 0x4249, 0x4249, 0x4249, 0x4249, 0x4249, 0x4249, 0x4249,
  0x4249, 0x4249, 0x4249, 0x4249, 0x424A, 0x4249, 0x4249, 0x4249, 0x4249, 0x4249, 0x424A, 0x4249,
  0x4249, 0x424A, 0x4249, 0x4249, 0x4249, 0x4249, 0x424A, 0x4249, 0x4249, 0x4249, 0x4249, 0x4249,
  0x424A, 0x4249, 0x4249, 0x4249, 0x424A, 0x4249, 0x4249, 0x4249, 0x4249, 0x424A, 0x424A, 0x4249,
  0x4249, 0x424A, 0x4249, 0x4249, 0x424A, 0x4249, 0x4249, 0x4249, 0x4249, 0x424A, 0x4249, 0x424A,
  0x4249, 0x4249, 0x4249, 0x4249, 0x424A, 0x4249, 0x4249, 0x4249, 0x4249, 0x4249, 0x4249, 0x4249,
  0x4249, 0x424A, 0x4249, 0x4249, 0x424A, 0x4249, 0x4249, 0x4249, 0x4249, 0x4249, 0x4249, 0x424A,
  0x424A, 0x4249, 0x4249, 0x424A, 0x4249, 0x4249, 0x4249, 0x4249, 0x4249, 0x4249, 0x4249, 0x4249,
  0x4249, 0x424A, 0x4249, 0x4249, 0x424A, 0x4249, 0x4249, 0x424A, 0x4249, 0x4249, 0x4249, 0x424A,
  0x4249, 0x4249, 0x4249, 0x4249, 0x4249, 0x4249, 0x4249, 0x4249, 0x4249, 0x424A, 0x4249, 0x4249,
  0x4249, 0x4249, 0x4249, 0x4249, 0x424A, 0x424A, 0x4249, 0x4249, 0x4249, 0x4249, 0x4249, 0x424A,
  0x4249, 0x424A, 0x4249, 0x4249, 0x4249, 0x4249, 0x4249, 0x4249, 0x4249, 0x424A, 0x4249, 0x4249,
  0x4249, 0x4249, 0x4249, 0x424A, 0x424A, 0x4249, 0x4249, 0x4249, 0x424A, 0x4249, 0x424A, 0x4249,
  0x4249, 0x4249, 0x424A, 0x4249, 0x4249, 0x4249, 0x4249, 0x4249, 0x4249, 0x4249, 0x4249, 0x4249,
  0x4249, 0x4249, 0x424A, 0x424A, 0x4249, 0x4249, 0x4249, 0x4249, 0x4249, 0x4249, 0x4249, 0x424A,
  0x4249, 0x4249, 0x424A, 0x4249, 0x4249, 0x4249, 0x4249, 0x4249, 0x4249, 0x61C7, 0x7924, 0x80E4,
  0x88C3, 0x88A2, 0x9082, 0x9041, 0x9841, 0x9882, 0xA062, 0xA082, 0xA061, 0xA822, 0xA881, 0xA861,
  0xA861, 0xB042, 0xB081, 0xB082, 0xB061, 0xB082, 0xB882, 0xB862, 0xB862, 0xB8A2, 0xB8A3, 0xB8E3,
  0xB904, 0xC124, 0xC185, 0xC1C6, 0xCA28, 0xCAC9, 0xD34B, 0xDBCD, 0xDBEE, 0xDBAD, 0xD32B, 0xD2CA,
  0xCA68, 0xCA07, 0xC1C6, 0xC185, 0xC144, 0xC104, 0xB8E3, 0xB8E2, 0xB8A2, 0xB8C2, 0xB8A2, 0xB882,
  0xB082, 0xB042, 0xB061, 0xB061, 0xB041, 0xB061, 0xA841, 0xA820, 0xA841, 0xA020, 0xA041, 0xA061,
  0x9800, 0x9841, 0x9841, 0x9061, 0x8822, 0x8861, 0x8081, 0x78A2, 0x6903, 0x51E7, 0x4249, 0x4249,
  0x4249, 0x4249, 0x4249, 0x4249, 0x4249, 0x4249, 0x424A, 0x4249, 0x4249, 0x4249, 0x4249, 0x4249,
  0x4249, 0x424A, 0x4249, 0x4249, 0x4249, 0x4249, 0x424A, 0x4249, 0x4249, 0x4249, 0x4249, 0x4249,
  0x4249, 0x424A, 0x424A, 0x4249, 0x4249, 0x424A, 0x4249, 0x4249, 0x4249, 0x424A, 0x4249, 0x4249,
  0x4249, 0x4249, 0x424A, 0x4249, 0x4249, 0x424A, 0x4249, 0x4249, 0x4249, 0x424A, 0x4249, 0x4249,
  0x4249, 0x424A, 0x4249, 0x424A, 0x4249, 0x4249, 0x4249, 0x4249, 0x4249, 0x424A, 0x4249, 0x4249,
  0x4249, 0x4249, 0x4249, 0x4249, 0x4249, 0x424A, 0x4249, 0x4249, 0x424A, 0x4249, 0x4249, 0x4249,
  0x4249, 0x4249, 0x4249, 0x424A, 0x424A, 0x4249, 0x4249, 0x424A, 0x4249, 0x4249, 0x4249, 0x4249,
  0x4249, 0x4249, 0x4249, 0x4249, 0x4249, 0x424A, 0x4249, 0x4249, 0x424A, 0x4249, 0x4249, 0x424A,
  0x4249, 0x4249, 0x4249, 0x424A, 0x4249, 0x4249, 0x4249, 0x4249, 0x4249, 0x4249, 0x4249, 0x4249,
  0x4249, 0x424A, 0x4249, 0x4249, 0x4249, 0x4249, 0x4249, 0x4249, 0x424A, 0x424A, 0x4249, 0x4249,
  0x4249, 0x4249, 0x4249, 0x424A, 0x4249, 0x424A, 0x4249, 0x4249, 0x4249, 0x4249, 0x4249, 0x424A,
  0x4249, 0x4249, 0x424A, 0x4249, 0x424A, 0x4249, 0x4249, 0x4249, 0x4249, 0x4249, 0x4249, 0x4249,
  0x4249, 0x4249, 0x4249, 0x424A, 0x424A, 0x4249, 0x4249, 0x4249, 0x4249, 0x4249, 0x4249, 0x4249,
  0x4249, 0x424A, 0x4249, 0x4249, 0x4249, 0x4249, 0x4249, 0x4249, 0x4249, 0x4249, 0x4249, 0x424A,
  0x4249, 0x4249, 0x4249, 0x4249, 0x4249, 0x424A, 0x424A, 0x4249, 0x4249, 0x424A, 0x4249, 0x4249,
  0x4249, 0x4249, 0x4249, 0x424A, 0x4249, 0x424A, 0x4249, 0x4249, 0x4249, 0x424A, 0x4249, 0x424A,
  0x4249, 0x4249, 0x424A, 0x4249, 0x4249, 0x4249, 0x424A, 0x4249, 0x4249, 0x424A, 0x4249, 0x4249,
  0x4249, 0x4249, 0x4249, 0x4249, 0x424A, 0x4249, 0x4249, 0x4249, 0x4249, 0x4249, 0x4249, 0x4249,
  0x4249, 0x4249, 0x4249, 0x424A, 0x4249, 0x4249, 0x424A, 0x4249, 0x4249, 0x424A, 0x4249, 0x4249,
  0x4249, 0x4249, 0x424A, 0x424A, 0x4249, 0x4249, 0x4249, 0x4249, 0x4249, 0x4249, 0x4249, 0x4249,
  0x424A, 0x4249, 0x4249, 0x4249, 0x4249, 0x61C7, 0x7944, 0x80E3, 0x88C3, 0x8882, 0x9082, 0x9062,
  0x9882, 0x9881, 0xA041, 0xA021, 0xA041, 0xA821, 0xA841, 0xA861, 0xA842, 0xB061, 0xB042, 0xB081,
  0xB062, 0xB062, 0xB881, 0xB882, 0xB882, 0xB8A3, 0xB8C3, 0xB8C3, 0xB903, 0xC144, 0xC165, 0xC1E6,
  0xCA28, 0xCACA, 0xD34B, 0xDBAD, 0xDBCE, 0xDB8D, 0xD32B, 0xD2CA, 0xCA68, 0xCA07, 0xC1C6, 0xC185,
  0xC145, 0xC124, 0xB903, 0xB8C3, 0xB8C3, 0xB8A2, 0xB882, 0xB8A2, 0xB882, 0xB061, 0xB082, 0xB021,
  0xB042, 0xB041, 0xA821, 0xA861, 0xA861, 0xA061, 0xA000, 0xA020, 0x9821, 0x9861, 0x9020, 0x9061,
  0x8860, 0x8882, 0x80A1, 0x78A1, 0x6903, 0x51C7, 0x4249, 0x4249, 0x424A, 0x4249, 0x4249, 0x424A,
  0x424A, 0x4249, 0x4249, 0x424A, 0x4249, 0x424A, 0x4249, 0x4249, 0x4249, 0x4249, 0x4249, 0x4249,
  0x4249, 0x4249, 0x4249, 0x424A, 0x424A, 0x4249, 0x4249, 0x4249, 0x424A, 0x4249, 0x4249, 0x424A,
  0x4249, 0x424A, 0x4249, 0x4249, 0x4249, 0x424A, 0x424A, 0x4249, 0x424A, 0x4249, 0x4249, 0x4249,
  0x4249, 0x4249, 0x4249, 0x4249, 0x4249, 0x4249, 0x4249, 0x4249, 0x4249, 0x4249, 0x4249, 0x4249,
  0x424A, 0x4249, 0x424A, 0x4249, 0x4249, 0x424A, 0x4249, 0x4249, 0x4249, 0x4249, 0x4249, 0x424A,
  0x4249, 0x4249, 0x4249, 0x424A, 0x4249, 0x4249, 0x424A, 0x4249, 0x424A, 0x4249, 0x4249, 0x4249,
  0x4249, 0x4249, 0x4249, 0x4249, 0x4249, 0x4249, 0x4249, 0x424A, 0x424A, 0x4249, 0x4249, 0x4249,
  0x4249, 0x4249, 0x4249, 0x4249, 0x4249, 0x424A, 0x4249, 0x4249, 0x4249, 0x4249, 0x4249, 0x4249,
  0x4249, 0x4249, 0x4249, 0x424A, 0x4249, 0x4249, 0x4249, 0x4249, 0x4249, 0x424A, 0x424A, 0x4249,
  0x4249, 0x424A, 0x4249, 0x4249, 0x4249, 0x4249, 0x4249, 0x424A, 0x4249, 0x424A, 0x4249, 0x4249,
  0x4249, 0x424A, 0x4249, 0x424A, 0x4249, 0x424A, 0x4249, 0x4249, 0x4249, 0x424A, 0x4249, 0x4249,
  0x4249, 0x4249, 0x424A, 0x4249, 0x4249, 0x4249, 0x424A, 0x4249, 0x4249, 0x424A, 0x4249, 0x4249,
  0x4249, 0x4249, 0x424A, 0x4249, 0x424A, 0x4249, 0x4249, 0x424A, 0x4249, 0x4249, 0x4249, 0x4249,
  0x424A, 0x424A, 0x4249, 0x4249, 0x4249, 0x4249, 0x424A, 0x4249, 0x4249, 0x424A, 0x4249, 0x4249,
  0x4249, 0x4249, 0x4249, 0x4249, 0x4249, 0x4249, 0x4249, 0x4249, 0x4249, 0x4249, 0x4249, 0x424A,
  0x4249, 0x4249, 0x4249, 0x4249, 0x424A, 0x4249, 0x4249, 0x424A, 0x4249, 0x4249, 0x4249, 0x424A,
  0x4249, 0x4249, 0x4249, 0x4249, 0x4249, 0x424A, 0x4249, 0x4249, 0x4249, 0x4249, 0x424A, 0x4249,
  0x4249, 0x4249, 0x424A, 0x4249, 0x4249, 0x424A, 0x4249, 0x4249, 0x424A, 0x4249, 0x4249, 0x424A,
  0x4249, 0x4249, 0x424A, 0x4249, 0x424A, 0x4249, 0x4249, 0x4249, 0x424A, 0x4249, 0x4249, 0x4249,
  0x4249, 0x424A, 0x4249, 0x4249, 0x4249, 0x424A, 0x4249, 0x4249, 0x4249, 0x424A, 0x424A, 0x4249,
  0x4249, 0x61C7, 0x7924, 0x80E3, 0x88C3, 0x8882, 0x9082, 0x9082, 0x9841, 0x9861, 0xA061, 0xA042,
  0xA061, 0xA862, 0xA881, 0xA862, 0xA822, 0xB081, 0xB061, 0xB062, 0xB041, 0xB082, 0xB861, 0xB862,
  0xB8A2, 0xB882, 0xB8A2, 0xB8C3, 0xC104, 0xC144, 0xC185, 0xC1C6, 0xCA48, 0xCACA, 0xD34C, 0xDBCD,
  0xDBCD, 0xDBAD, 0xD32B, 0xD2CA, 0xCA68, 0xCA07, 0xC1C6, 0xC185, 0xC145, 0xC124, 0xB8E3, 0xB8C3,
  0xB8C2, 0xB8A2, 0xB881, 0xB8A2, 0xB881, 0xB041, 0xB062, 0xB081, 0xB061, 0xB020, 0xA860, 0xA841,
  0xA821, 0xA020, 0xA041, 0xA061, 0x9840, 0x9821, 0x9061, 0x9041, 0x8821, 0x8861, 0x8082, 0x78C2,
  0x7102, 0x51E7, 0x4249, 0x4249, 0x4249, 0x4249, 0x4249, 0x4249, 0x4249, 0x4249, 0x4249, 0x4249,
  0x4249, 0x4249, 0x424A, 0x424A, 0x4249, 0x4249, 0x4249, 0x424A, 0x4249, 0x4249, 0x424A, 0x4249,
  0x4249, 0x4249, 0x424A, 0x4249, 0x424A, 0x4249, 0x4249, 0x4249, 0x4249, 0x4249, 0x4249, 0x4249,
  0x424A, 0x4249, 0x4249, 0x4249, 0x424A, 0x4249, 0x4249, 0x4249, 0x4249, 0x4249, 0x4249, 0x424A,
  0x424A, 0x4249, 0x4249, 0x424A, 0x4249, 0x4249, 0x4249, 0x4249, 0x4249, 0x4249, 0x424A, 0x4249,
  0x4249, 0x4249, 0x4249, 0x424A, 0x4249, 0x424A, 0x4249, 0x4249, 0x4249, 0x424A, 0x4249, 0x4249,
  0x4249, 0x424A, 0x4249, 0x4249, 0x4249, 0x4249, 0x424A, 0x4249, 0x4249, 0x4249, 0x424A, 0x4249,
  0x4249, 0x424A, 0x4249, 0x4249, 0x4249, 0x4249, 0x424A, 0x4249, 0x424A, 0x4249, 0x4249, 0x424A,
  0x4249, 0x4249, 0x4249, 0x4249, 0x424A, 0x424A, 0x4249, 0x4249, 0x4249, 0x4249, 0x424A, 0x4249,
  0x4249, 0x424A, 0x4249, 0x4249, 0x4249, 0x4249, 0x4249, 0x4249, 0x4249, 0x4249, 0x4249, 0x4249,
  0x4249, 0x4249, 0x4249, 0x424A, 0x4249, 0x4249, 0x4249, 0x4249, 0x424A, 0x4249, 0x4249, 0x424A,
  0x4249, 0x4249, 0x424A, 0x4249, 0x4249, 0x4249, 0x4249, 0x4249, 0x4249, 0x4249, 0x4249, 0x424A,
  0x4249, 0x4249, 0x4249, 0x4249, 0x4249, 0x4249, 0x4249, 0x4249, 0x4249, 0x4249, 0x4249, 0x4249,
  0x424A, 0x4249, 0x4249, 0x4249, 0x4249, 0x4249, 0x4249, 0x4249, 0x4249, 0x4249, 0x4249, 0x424A,
  0x424A, 0x4249, 0x424A, 0x4249, 0x4249, 0x4249, 0x424A, 0x4249, 0x424A, 0x4249, 0x4249, 0x4249,
  0x424A, 0x4249, 0x424A, 0x4249, 0x4249, 0x424A, 0x4249, 0x4249, 0x4249, 0x4249, 0x4249, 0x4249,
  0x4249, 0x4249, 0x4249, 0x4249, 0x424A, 0x4249, 0x4249, 0x4249, 0x424A, 0x4249, 0x4249, 0x4249,
  0x4249, 0x424A, 0x4249, 0x4249, 0x4249, 0x4249, 0x424A, 0x4249, 0x4249, 0x4249, 0x4249, 0x4249,
  0x424A, 0x4249, 0x4249, 0x4249, 0x4249, 0x4249, 0x424A, 0x4249, 0x4249, 0x4249, 0x4249, 0x4249,
  0x4249, 0x4249, 0x4249, 0x4249, 0x4249, 0x4249, 0x4249, 0x424A, 0x4249, 0x424A, 0x4249, 0x4249,
  0x424A, 0x4249, 0x424A, 0x4249, 0x4249, 0x4249, 0x4249, 0x4249, 0x4249, 0x61C7, 0x7924, 0x80E3,
  0x88A2, 0x88A3, 0x9062, 0x9061, 0x9862, 0x9841, 0xA082, 0xA041, 0xA082, 0xA862, 0xA841, 0xA842,
  0xA861, 0xB021, 0xB061, 0xB042, 0xB042, 0xB081, 0xB882, 0xB8A2, 0xB8A2, 0xB8A2, 0xB8C2, 0xB8E3,
  0xB903, 0xC124, 0xC165, 0xC1C6, 0xCA48, 0xCACA, 0xD34B, 0xDBAD, 0xDBCE, 0xDBAD, 0xD32B, 0xD2CA,
  0xCA68, 0xCA07, 0xC1C6, 0xC185, 0xC144, 0xC104, 0xB903, 0xB8C3, 0xB8C3, 0xB8A2, 0xB8A2, 0xB882,
  0xB862, 0xB081, 0xB041, 0xB041, 0xB022, 0xB061, 0xA840, 0xA821, 0xA861, 0xA041, 0xA041, 0xA041,
  0x9800, 0x9841, 0x9840, 0x9021, 0x8842, 0x8881, 0x80A2, 0x78A2, 0x70E3, 0x51E7, 0x4249, 0x424A,
  0x4249, 0x4249, 0x424A, 0x4249, 0x4249, 0x4249, 0x424A, 0x4249, 0x4249, 0x4249, 0x4249, 0x4249,
  0x4249, 0x424A, 0x4249, 0x4249, 0x4249, 0x4249, 0x4249, 0x4249, 0x4249, 0x4249, 0x4249, 0x4249,
  0x4249, 0x4249, 0x4249, 0x4249, 0x4249, 0x424A, 0x4249, 0x4249, 0x4249, 0x4249, 0x4249, 0x4249,
  0x4249, 0x4249, 0x4249, 0x424A, 0x4249, 0x4249, 0x424A, 0x4249, 0x4249, 0x4249, 0x4249, 0x4249,
  0x424A, 0x424A, 0x4249, 0x4249, 0x4249, 0x4249, 0x4249, 0x4249, 0x4249, 0x4249, 0x4249, 0x4249,
  0x4249, 0x424A, 0x4249, 0x4249, 0x4249, 0x4249, 0x424A, 0x4249, 0x4249, 0x4249, 0x4249, 0x4249,
  0x4249, 0x4249, 0x4249, 0x424A, 0x4249, 0x4249, 0x4249, 0x4249, 0x4249, 0x4249, 0x4249, 0x4249,
  0x4249, 0x4249, 0x4249, 0x4249, 0x424A, 0x4249, 0x4249, 0x4249, 0x4249, 0x4249, 0x4249, 0x4249,
  0x4249, 0x4249, 0x4249, 0x424A, 0x424A, 0x4249, 0x424A, 0x4249, 0x4249, 0x4249, 0x424A, 0x4249,
  0x424A, 0x4249, 0x4249, 0x4249, 0x424A, 0x4249, 0x424A, 0x4249, 0x4249, 0x424A, 0x4249, 0x4249,
  0x4249, 0x4249, 0x4249, 0x4249, 0x4249, 0x4249, 0x4249, 0x4249, 0x4249, 0x4249, 0x424A, 0x4249,
  0x4249, 0x4249, 0x424A, 0x4249, 0x4249, 0x424A, 0x4249, 0x4249, 0x424A, 0x4249, 0x4249, 0x424A,
  0x4249, 0x4249, 0x424A, 0x4249, 0x4249, 0x4249, 0x424A, 0x4249, 0x4249, 0x4249, 0x4249, 0x424A,
  0x4249, 0x4249, 0x424A, 0x4249, 0x424A, 0x4249, 0x424A, 0x4249, 0x4249, 0x4249, 0x4249, 0x4249,
  0x4249, 0x4249, 0x4249, 0x4249, 0x4249, 0x4249, 0x4249, 0x4249, 0x424A, 0x4249, 0x4249, 0x4249,
  0x424A, 0x4249, 0x4249, 0x4249, 0x4249, 0x424A, 0x4249, 0x424A, 0x4249, 0x4249, 0x4249, 0x4249,
  0x4249, 0x4249, 0x424A, 0x4249, 0x4249, 0x4249, 0x424A, 0x4249, 0x424A, 0x4249, 0x4249, 0x424A,
  0x4249, 0x4249, 0x424A, 0x4249, 0x4249, 0x4249, 0x424A, 0x4249, 0x4249, 0x4249, 0x4249, 0x424A,
  0x4249, 0x4249, 0x4249, 0x4249, 0x424A, 0x4249, 0x4249, 0x424A, 0x4249, 0x4249, 0x4249, 0x424A,
  0x424A, 0x4249, 0x4249, 0x4249, 0x4249, 0x424A, 0x4249, 0x4249, 0x4249, 0x4249, 0x424A, 0x4249,
  0x4249, 0x4249, 0x424A, 0x4249, 0x4249, 0x59C7, 0x7124, 0x78E4, 0x80A3, 0x8881, 0x8882, 0x9061,
  0x9041, 0x9881, 0x9821, 0x9841, 0xA041, 0xA021, 0xA041, 0xA062, 0xA841, 0xA842, 0xA841, 0xA841,
  0xB081, 0xB061, 0xB042, 0xB062, 0xB082, 0xB082, 0xB0C3, 0xB8C3, 0xB903, 0xB924, 0xB945, 0xB9A5,
  0xC207, 0xC289, 0xCB0A, 0xD36C, 0xD38C, 0xD34C, 0xCAEA, 0xC289, 0xC227, 0xC1E7, 0xB9A5, 0xB965,
  0xB924, 0xB903, 0xB8E3, 0xB0C3, 0xB0A2, 0xB082, 0xB061, 0xB062, 0xB061, 0xB082, 0xA840, 0xA841,
  0xA861, 0xA861, 0xA841, 0xA021, 0xA000, 0xA020, 0x9860, 0x9821, 0x9820, 0x9061, 0x9082, 0x8861,
  0x8881, 0x8082, 0x78A1, 0x70C2, 0x68E3, 0x51E7, 0x4249, 0x4249, 0x4249, 0x4249, 0x4249, 0x4249,
  0x4249, 0x424A, 0x4249, 0x4249, 0x424A, 0x424A, 0x4249, 0x4249, 0x4249, 0x4249, 0x4249, 0x424A,
  0x4249, 0x4249, 0x424A, 0x4249, 0x4249, 0x424A, 0x4249, 0x4249, 0x4249, 0x4249, 0x424A, 0x4249,
  0x424A, 0x4249, 0x4249, 0x424A, 0x4249, 0x4249, 0x4249, 0x424A, 0x4249, 0x424A, 0x4249, 0x4249,
  0x424A, 0x4249, 0x4249, 0x4249, 0x424A, 0x4249, 0x4249, 0x4249, 0x4249, 0x424A, 0x4249, 0x424A,
  0x4249, 0x424A, 0x4249, 0x4249, 0x424A, 0x4249, 0x424A, 0x4249, 0x4249, 0x4249, 0x424A, 0x4249,
  0x4249, 0x4249, 0x424A, 0x4249, 0x4249, 0x4249, 0x424A, 0x4249, 0x4249, 0x424A, 0x4249, 0x4249,
  0x424A, 0x4249, 0x4249, 0x424A, 0x4249, 0x4249, 0x424A, 0x4249, 0x4249, 0x4249, 0x424A, 0x4249,
  0x4249, 0x4249, 0x4249, 0x424A, 0x4249, 0x4249, 0x424A, 0x4249, 0x424A, 0x4249, 0x424A, 0x4249,
  0x4249, 0x4249, 0x4249, 0x4249, 0x4249, 0x4249, 0x4249, 0x4249, 0x4249, 0x4249, 0x4249, 0x4249,
  0x424A, 0x4249, 0x4249, 0x4249, 0x424A, 0x4249, 0x4249, 0x4249, 0x4249, 0x424A, 0x4249, 0x424A,
  0x4249, 0x4249, 0x4249, 0x4249, 0x4249, 0x424A, 0x4249, 0x4249, 0x424A, 0x4249, 0x4249, 0x424A,
  0x4249, 0x4249, 0x4249, 0x4249, 0x4249, 0x4249, 0x4249, 0x4249, 0x4249, 0x424A, 0x4249, 0x4249,
  0x424A, 0x4249, 0x4249, 0x424A, 0x4249, 0x424A, 0x4249, 0x424A, 0x4249, 0x4249, 0x424A, 0x4249,
  0x4249, 0x4249, 0x4249, 0x4249, 0x4249, 0x4249, 0x4249, 0x4249, 0x424A, 0x424A, 0x4249, 0x4249,
  0x4249, 0x424A, 0x4249, 0x424A, 0x4249, 0x4249, 0x4249, 0x4249, 0x424A, 0x4249, 0x4249, 0x4249,
  0x4249, 0x424A, 0x4249, 0x4249, 0x4249, 0x4249, 0x424A, 0x4249, 0x424A, 0x4249, 0x4249, 0x4249,
  0x4249, 0x4249, 0x424A, 0x4249, 0x4249, 0x4249, 0x4249, 0x4249, 0x424A, 0x4249, 0x4249, 0x4249,
  0x4249, 0x424A, 0x424A, 0x4249, 0x4249, 0x4249, 0x424A, 0x4249, 0x4249, 0x424A, 0x4249, 0x4249,
  0x424A, 0x4249, 0x4249, 0x4249, 0x4249, 0x424A, 0x4249, 0x4249, 0x4249, 0x4249, 0x424A, 0x4249,
  0x4249, 0x4249, 0x424A, 0x4249, 0x4249, 0x4249, 0x4249, 0x424A, 0x4249, 0x4249, 0x424A, 0x4249,
  0x4249, 0x4A29, 0x51E8, 0x59C7, 0x6945, 0x7104, 0x7904, 0x78E4, 0x80C3, 0x80A3, 0x80A3, 0x88A2,
  0x88A3, 0x8862, 0x9063, 0x9042, 0x9082, 0x9082, 0x9082, 0x9862, 0x9842, 0x9862, 0x9862, 0x9881,
  0x9821, 0x9862, 0x9882, 0x9842, 0x9882, 0x9882, 0x98A3, 0x98E3, 0xA103, 0xA124, 0xA165, 0xA1A6,
  0xA1C6, 0xA1A6, 0xA185, 0xA164, 0xA124, 0xA104, 0x98E3, 0x98C2, 0x9883, 0x98A2, 0x9882, 0x9842,
  0x9882, 0x9842, 0x9882, 0x9061, 0x9042, 0x9062, 0x9082, 0x9042, 0x9062, 0x8843, 0x8882, 0x8883,
  0x8863, 0x88A3, 0x80A3, 0x80A3, 0x80A4, 0x78C4, 0x78E4, 0x78E4, 0x7105, 0x7105, 0x6945, 0x5986,
  0x49E8, 0x4229, 0x4249, 0x4249, 0x4249, 0x424A, 0x4249, 0x424A, 0x4249, 0x4249, 0x4249, 0x4249,
  0x4249, 0x4249, 0x424A, 0x4249, 0x4249, 0x4249, 0x4249, 0x424A, 0x4249, 0x424A, 0x4249, 0x4249,
  0x4249, 0x424A, 0x4249, 0x424A, 0x4249, 0x4249, 0x424A, 0x4249, 0x4249, 0x4249, 0x4249, 0x4249,
  0x4249, 0x424A, 0x4249, 0x424A, 0x4249, 0x4249, 0x4249, 0x424A, 0x4249, 0x4249, 0x4249, 0x4249,
  0x4249, 0x4249, 0x4249, 0x424A, 0x4249, 0x4249, 0x4249, 0x4249, 0x4249, 0x4249, 0x4249, 0x4249,
  0x424A, 0x4249, 0x4249, 0x4249, 0x4249, 0x4249, 0x4249, 0x424A, 0x4249, 0x424A, 0x4249, 0x4249,
  0x424A, 0x4249, 0x4249, 0x424A, 0x4249, 0x4249, 0x4249, 0x4249, 0x4249, 0x4249, 0x4249, 0x4249,
  0x4249, 0x424A, 0x4249, 0x4249, 0x424A, 0x4249, 0x4249, 0x424A, 0x4249, 0x424A, 0x4249, 0x424A,
  0x4249, 0x4249, 0x424A, 0x4249, 0x4249, 0x4249, 0x4249, 0x4249, 0x4249, 0x4249, 0x4249, 0x4249,
  0x424A, 0x424A, 0x4249, 0x4249, 0x4249, 0x424A, 0x4249, 0x424A, 0x4249, 0x4249, 0x4249, 0x4249,
  0x424A, 0x4249, 0x4249, 0x4249, 0x4249, 0x424A, 0x4249, 0x4249, 0x4249, 0x4249, 0x424A, 0x4249,
  0x4249, 0x4249, 0x4249, 0x4249, 0x4249, 0x4249, 0x4249, 0x424A, 0x4249, 0x4249, 0x4249, 0x4249,
  0x424A, 0x4249, 0x424A, 0x4249, 0x4249, 0x4249, 0x4249, 0x4249, 0x424A, 0x4249, 0x4249, 0x4249,
  0x4249, 0x4249, 0x4249, 0x4249, 0x4249, 0x424A, 0x4249, 0x4249, 0x4249, 0x4249, 0x424A, 0x4249,
  0x4249, 0x424A, 0x424A, 0x4249, 0x4249, 0x4249, 0x424A, 0x4249, 0x4249, 0x4249, 0x4249, 0x4249,
  0x4249, 0x4249, 0x4249, 0x4249, 0x4249, 0x4249, 0x424A, 0x4249, 0x4249, 0x4249, 0x424A, 0x4249,
  0x4249, 0x424A, 0x4249, 0x4249, 0x4249, 0x424A, 0x4249, 0x4249, 0x424A, 0x4249, 0x4249, 0x4249,
  0x4249, 0x4249, 0x424A, 0x4249, 0x4249, 0x424A, 0x4249, 0x424A, 0x4249, 0x4249, 0x4249, 0x4249,
  0x424A, 0x4249, 0x424A, 0x4249, 0x4249, 0x4249, 0x4249, 0x4249, 0x4249, 0x4249, 0x424A, 0x4249,
  0x4249, 0x4249, 0x4249, 0x4249, 0x4249, 0x424A, 0x4249, 0x4249, 0x4249, 0x4249, 0x4249, 0x4249,
  0x4249, 0x4249, 0x4249, 0x4249, 0x4249, 0x4249, 0x424A, 0x4249, 0x4249, 0x424A, 0x4A29, 0x69A6,
  0x7945, 0x8104, 0x88E4, 0x88C4, 0x90C3, 0x90A3, 0x9883, 0x9883, 0x9882, 0xA0A2, 0xA082, 0xA082,
  0xA842, 0xA862, 0xA862, 0xA882, 0xA841, 0xB082, 0xB062, 0xB082, 0xB082, 0xB0A3, 0xB0A3, 0xB0C2,
  0xB8E3, 0xB8E4, 0xB944, 0xB985, 0xC1E7, 0xC268, 0xCB0A, 0xD36C, 0xD38C, 0xD36C, 0xCAEA, 0xCA89,
  0xC228, 0xC1E6, 0xC1A6, 0xB965, 0xB924, 0xB8E4, 0xB8C3, 0xB8A3, 0xB8A2, 0xB0A2, 0xB062, 0xB082,
  0xB041, 0xB062, 0xA881, 0xA841, 0xA841, 0xA841, 0xA022, 0xA061, 0xA041, 0x9862, 0x9861, 0x9061,
  0x9081, 0x9081, 0x8842, 0x8082, 0x80A2, 0x78C2, 0x70E2, 0x6185, 0x4229, 0x424A, 0x4249, 0x4249,
  0x424A, 0x4249, 0x4249, 0x424A, 0x4249, 0x4249, 0x424A, 0x4249, 0x4249, 0x424A, 0x4249, 0x4249,
  0x4249, 0x424A, 0x4249, 0x4249, 0x4249, 0x4249, 0x4249, 0x424A, 0x4249, 0x4249, 0x4249, 0x4249,
  0x4249, 0x4249, 0x4249, 0x4249, 0x4249, 0x4249, 0x424A, 0x4249, 0x4249, 0x4249, 0x4249, 0x4249,
  0x4249, 0x4249, 0x4249, 0x4249, 0x4249, 0x424A, 0x4249, 0x4249, 0x4249, 0x4249, 0x4249, 0x4249,
  0x4249, 0x4249, 0x4249, 0x4249, 0x424A, 0x4249, 0x4249, 0x424A, 0x4249, 0x4249, 0x4249, 0x4249,
  0x4249, 0x424A, 0x4249, 0x4249, 0x4249, 0x4249, 0x4249, 0x4249, 0x4249, 0x4249, 0x4249, 0x424A,
  0x4249, 0x4249, 0x4249, 0x4249, 0x424A, 0x4249, 0x424A, 0x4249, 0x4249, 0x4249, 0x4249, 0x4249,
  0x424A, 0x4249, 0x4249, 0x4249, 0x4249, 0x4249, 0x4249, 0x4249, 0x4249, 0x424A, 0x4249, 0x4249,
  0x4249, 0x4249, 0x424A, 0x4249, 0x4249, 0x424A, 0x424A, 0x4249, 0x4249, 0x4249, 0x424A, 0x4249,
  0x4249, 0x4249, 0x4249, 0x4249, 0x4249, 0x4249, 0x4249, 0x4249, 0x4249, 0x4249, 0x424A, 0x4249,
  0x4249, 0x4249, 0x424A, 0x4249, 0x4249, 0x424A, 0x4249, 0x4249, 0x4249, 0x4249, 0x4249, 0x4249,
  0x424A, 0x4249, 0x4249, 0x4249, 0x4249, 0x4249, 0x424A, 0x4249, 0x4249, 0x4249, 0x4249, 0x4249,
  0x4249, 0x424A, 0x4249, 0x4249, 0x4249, 0x4249, 0x424A, 0x4249, 0x4249, 0x4249, 0x4249, 0x4249,
  0x4249, 0x4249, 0x4249, 0x4249, 0x4249, 0x4249, 0x424A, 0x4249, 0x4249, 0x4249, 0x4249, 0x4249,
  0x4249, 0x4249, 0x4249, 0x424A, 0x424A, 0x4249, 0x424A, 0x4249, 0x424A, 0x4249, 0x424A, 0x4249,
  0x4249, 0x4249, 0x4249, 0x424A, 0x4249, 0x4249, 0x4249, 0x4249, 0x424A, 0x4249, 0x4249, 0x4249,
  0x424A, 0x4249, 0x4249, 0x4249, 0x4249, 0x4249, 0x4249, 0x4249, 0x4249, 0x4249, 0x4249, 0x4249,
  0x4249, 0x4249, 0x4249, 0x4249, 0x4249, 0x4249, 0x4249, 0x4249, 0x4249, 0x4249, 0x4249, 0x4249,
  0x4249, 0x4249, 0x4249, 0x424A, 0x4249, 0x4249, 0x4249, 0x4249, 0x424A, 0x4249, 0x4249, 0x4249,
  0x4249, 0x4249, 0x4249, 0x4249, 0x424A, 0x4249, 0x4249, 0x4249, 0x424A, 0x4249, 0x4249, 0x4249,
  0x424A, 0x4249, 0x4249, 0x4249, 0x4249, 0x4249, 0x4A29, 0x7165, 0x7904, 0x80E3, 0x8882, 0x9082,
  0x9081, 0x9842, 0x9881, 0xA042, 0xA062, 0xA041, 0xA861, 0xA841, 0xA862, 0xA822, 0xB041, 0xB061,
  0xB062, 0xB042, 0xB842, 0xB882, 0xB8A2, 0xB882, 0xB8C2, 0xB8C3, 0xB8E3, 0xC124, 0xC165, 0xC1A6,
  0xCA27, 0xCAA9, 0xD32B, 0xDBAD, 0xDBCE, 0xDBAD, 0xD32B, 0xCAC9, 0xCA48, 0xCA07, 0xC1A6, 0xC185,
  0xC144, 0xB904, 0xB8E3, 0xB8C2, 0xB8A2, 0xB8A2, 0xB882, 0xB882, 0xB062, 0xB042, 0xB061, 0xB062,
  0xB061, 0xA821, 0xA860, 0xA821, 0xA021, 0xA020, 0xA001, 0x9801, 0x9821, 0x9061, 0x9041, 0x8882,
  0x8062, 0x7881, 0x70E3, 0x6165, 0x4A49, 0x4249, 0x4249, 0x424A, 0x4249, 0x4249, 0x4249, 0x4249,
  0x424A, 0x4249, 0x4249, 0x4249, 0x4249, 0x4249, 0x4249, 0x4249, 0x424A, 0x4249, 0x4249, 0x4249,
  0x4249, 0x4249, 0x4249, 0x424A, 0x4249, 0x4249, 0x4249, 0x4249, 0x4249, 0x424A, 0x4249, 0x4249,
  0x4249, 0x4249, 0x424A, 0x4249, 0x4249, 0x4249, 0x4249, 0x424A, 0x4249, 0x4249, 0x4249, 0x424A,
  0x4249, 0x4249, 0x424A, 0x4249, 0x424A, 0x424A, 0x4249, 0x424A, 0x4249, 0x4249, 0x4249, 0x4249,
  0x424A, 0x4249, 0x4249, 0x4249, 0x4249, 0x4249, 0x4249, 0x4249, 0x424A, 0x4249, 0x4249, 0x4249,
  0x4249, 0x4249, 0x4249, 0x4249, 0x424A, 0x4249, 0x4249, 0x4249, 0x4249, 0x4249, 0x424A, 0x4249,
  0x4249, 0x4249, 0x4249, 0x4249, 0x4249, 0x424A, 0x4249, 0x4249, 0x4249, 0x4249, 0x424A, 0x4249,
  0x4249, 0x4249, 0x4249, 0x4249, 0x4249, 0x4249, 0x4249, 0x4249, 0x4249, 0x4249, 0x424A, 0x4249,
  0x4249, 0x4249, 0x4249, 0x4249, 0x4249, 0x4249, 0x4249, 0x424A, 0x424A, 0x4249, 0x424A, 0x4249,
  0x424A, 0x4249, 0x424A, 0x4249, 0x4249, 0x4249, 0x4249, 0x424A, 0x4249, 0x4249, 0x4249, 0x4249,
  0x424A, 0x4249, 0x4249, 0x4249, 0x4249, 0x424A, 0x4249, 0x4249, 0x424A, 0x4249, 0x4249, 0x4249,
  0x4249, 0x4249, 0x424A, 0x4249, 0x4249, 0x4249, 0x4249, 0x424A, 0x4249, 0x424A, 0x4249, 0x4249,
  0x4249, 0x424A, 0x4249, 0x4249, 0x4249, 0x424A, 0x424A, 0x4249, 0x4249, 0x424A, 0x4249, 0x4249,
  0x424A, 0x4249, 0x4249, 0x4249, 0x4249, 0x4249, 0x4249, 0x4249, 0x424A, 0x4249, 0x4249, 0x4249,
  0x4249, 0x4249, 0x4249, 0x4249, 0x4249, 0x4249, 0x4249, 0x424A, 0x4249, 0x4249, 0x4249, 0x424A,
  0x4249, 0x4249, 0x4249, 0x4249, 0x4249, 0x4249, 0x4249, 0x4249, 0x4249, 0x4249, 0x4249, 0x424A,
  0x4249, 0x424A, 0x4249, 0x424A, 0x424A, 0x4249, 0x424A, 0x4249, 0x424A, 0x4249, 0x4249, 0x4249,
  0x424A, 0x4249, 0x424A, 0x4249, 0x4249, 0x424A, 0x4249, 0x4249, 0x424A, 0x424A, 0x4249, 0x4249,
  0x424A, 0x4249, 0x4249, 0x424A, 0x4249, 0x4249, 0x424A, 0x4249, 0x424A, 0x4249, 0x424A, 0x4249,
  0x4249, 0x4249, 0x424A, 0x424A, 0x4249, 0x424A, 0x424A, 0x4249, 0x4249, 0x4249, 0x4249, 0x4249,
  0x4249, 0x424A, 0x4A49, 0x7165, 0x7924, 0x80C3, 0x88A3, 0x9062, 0x9082, 0x9861, 0x9881, 0xA041,
  0xA022, 0xA061, 0xA842, 0xA821, 0xA862, 0xB061, 0xB041, 0xB061, 0xB082, 0xB061, 0xB881, 0xB862,
  0xB8A2, 0xB883, 0xB8A2, 0xB8A3, 0xB903, 0xC124, 0xC165, 0xC1C6, 0xCA27, 0xCAA9, 0xD32B, 0xDBAD,
  0xDBED, 0xDBAD, 0xD32B, 0xCAA9, 0xCA48, 0xC9E7, 0xC1C6, 0xC185, 0xC144, 0xC124, 0xB8E3, 0xB8E2,
  0xB8A2, 0xB882, 0xB8A1, 0xB861, 0xB062, 0xB081, 0xB021, 0xB041, 0xB060, 0xA841, 0xA861, 0xA841,
  0xA000, 0xA040, 0xA061, 0x9841, 0x9820, 0x9040, 0x9021, 0x8841, 0x8082, 0x80A2, 0x70C2, 0x6165,
  0x4229, 0x4249, 0x4249, 0x4249, 0x4249, 0x424A, 0x4249, 0x4249, 0x4249, 0x4249, 0x4249, 0x424A,
  0x4249, 0x4249, 0x424A, 0x4249, 0x4249, 0x4249, 0x4249, 0x424A, 0x4249, 0x424A, 0x4249, 0x4249,
  0x4249, 0x4249, 0x424A, 0x4249, 0x4249, 0x424A, 0x4249, 0x424A, 0x4249, 0x4249, 0x4249, 0x4249,
  0x4249, 0x4249, 0x424A, 0x424A, 0x4249, 0x4249, 0x4249, 0x4249, 0x4249, 0x4249, 0x4249, 0x4249,
  0x4249, 0x4249, 0x424A, 0x4249, 0x4249, 0x424A, 0x424A, 0x4249, 0x4249, 0x4249, 0x4249, 0x4249,
  0x4249, 0x424A, 0x4249, 0x4249, 0x424A, 0x4249, 0x4249, 0x424A, 0x4249, 0x424A, 0x4249, 0x4249,
  0x424A, 0x4249, 0x4249, 0x4249, 0x4249, 0x4249, 0x424A, 0x4249, 0x4249, 0x4249, 0x4249, 0x424A,
  0x4249, 0x424A, 0x4249, 0x4249, 0x4249, 0x424A, 0x4249, 0x4249, 0x4249, 0x424A, 0x424A, 0x4249,
  0x4249, 0x424A, 0x4249, 0x4249, 0x424A, 0x4249, 0x4249, 0x4249, 0x4249, 0x4249, 0x4249, 0x4249,
  0x424A, 0x4249, 0x4249, 0x4249, 0x4249, 0x4249, 0x4249, 0x4249, 0x4249, 0x4249, 0x4249, 0x424A,
  0x4249, 0x4249, 0x4249, 0x424A, 0x4249, 0x4249, 0x4249, 0x4249, 0x4249, 0x4249, 0x4249, 0x4249,
  0x4249, 0x424A, 0x4249, 0x4249, 0x4249, 0x4249, 0x424A, 0x4249, 0x4249, 0x4249, 0x4249, 0x424A,
  0x4249, 0x4249, 0x4249, 0x424A, 0x4249, 0x4249, 0x4249, 0x4249, 0x4249, 0x424A, 0x4249, 0x4249,
  0x4249, 0x4249, 0x4249, 0x4249, 0x4249, 0x4249, 0x4249, 0x424A, 0x4249, 0x424A, 0x4249, 0x4249,
  0x424A, 0x4249, 0x424A, 0x4249, 0x4249, 0x424A, 0x4249, 0x4249, 0x4249, 0x4249, 0x4249, 0x424A,
  0x4249, 0x424A, 0x4249, 0x4249, 0x424A, 0x4249, 0x424A, 0x4249, 0x4249, 0x424A, 0x4249, 0x4249,
  0x4249, 0x4249, 0x424A, 0x4249, 0x4249, 0x424A, 0x424A, 0x4249, 0x4249, 0x4249, 0x424A, 0x4249,
  0x4249, 0x4249, 0x4249, 0x4249, 0x4249, 0x4249, 0x4249, 0x424A, 0x4249, 0x4249, 0x4249, 0x4249,
  0x4249, 0x4249, 0x4249, 0x4249, 0x4249, 0x4249, 0x4249, 0x4249, 0x424A, 0x4249, 0x4249, 0x4249,
  0x4249, 0x4249, 0x4249, 0x4249, 0x424A, 0x4249, 0x4249, 0x4249, 0x4249, 0x4249, 0x4249, 0x4249,
  0x4249, 0x4249, 0x4249, 0x424A, 0x4249, 0x424A, 0x424A, 0x4249, 0x4249, 0x4249, 0x4A29, 0x7165,
  0x7903, 0x80E3, 0x88C2, 0x9082, 0x9062, 0x9842, 0x9861, 0xA041, 0xA061, 0xA081, 0xA841, 0xA881,
  0xA862, 0xA841, 0xB082, 0xB042, 0xB062, 0xB041, 0xB082, 0xB882, 0xB881, 0xB8A2, 0xB8C2, 0xB8E3,
  0xB8E3, 0xC104, 0xC165, 0xC1C6, 0xCA27, 0xCAA9, 0xD34B, 0xDBAD, 0xDBCE, 0xDBAD, 0xD32B, 0xCACA,
  0xCA48, 0xC1E7, 0xC1C6, 0xC185, 0xC124, 0xC103, 0xB8E3, 0xB8E2, 0xB8A2, 0xB8A2, 0xB882, 0xB8A1,
  0xB082, 0xB081, 0xB081, 0xB041, 0xB020, 0xA841, 0xA820, 0xA841, 0xA040, 0xA061, 0xA061, 0x9820,
  0x9841, 0x9061, 0x9060, 0x8842, 0x80A1, 0x8082, 0x70E2, 0x6165, 0x4249, 0x4249, 0x424A, 0x424A,
  0x4249, 0x4249, 0x4249, 0x4249, 0x4249, 0x424A, 0x4249, 0x4249, 0x424A, 0x4249, 0x424A, 0x4249,
  0x4249, 0x424A, 0x4249, 0x4249, 0x4249, 0x4249, 0x4249, 0x4249, 0x4249, 0x4249, 0x424A, 0x4249,
  0x4249, 0x4249, 0x4249, 0x424A, 0x4249, 0x424A, 0x424A, 0x4249, 0x4249, 0x424A, 0x4249, 0x4249,
  0x4249, 0x424A, 0x424A, 0x424A, 0x4249, 0x4249, 0x4249, 0x424A, 0x4249, 0x4249, 0x4249, 0x4249,
  0x4249, 0x4249, 0x4249, 0x4249, 0x4249, 0x424A, 0x4249, 0x424A, 0x4249, 0x424A, 0x4249, 0x4249,
  0x424A, 0x4249, 0x4249, 0x4249, 0x4249, 0x424A, 0x4249, 0x4249, 0x4249, 0x4249, 0x424A, 0x4249,
  0x4249, 0x4249, 0x4249, 0x424A, 0x4249, 0x4249, 0x4249, 0x424A, 0x4249, 0x4249, 0x4249, 0x4249,
  0x4249, 0x424A, 0x4249, 0x4249, 0x4249, 0x4249, 0x4249, 0x4249, 0x4249, 0x4249, 0x4249, 0x424A,
  0x4249, 0x424A, 0x4249, 0x4249, 0x424A, 0x4249, 0x424A, 0x4249, 0x4249, 0x424A, 0x4249, 0x4249,
  0x4249, 0x4249, 0x4249, 0x424A, 0x4249, 0x424A, 0x4249, 0x4249, 0x424A, 0x4249, 0x424A, 0x4249,
  0x4249, 0x424A, 0x4249, 0x4249, 0x4249, 0x4249, 0x424A, 0x4249, 0x4249, 0x4249, 0x4249, 0x4249,
  0x4249, 0x4249, 0x424A, 0x4249, 0x424A, 0x4249, 0x4249, 0x4249, 0x4249, 0x424A, 0x4249, 0x4249,
  0x4249, 0x4249, 0x424A, 0x4249, 0x4249, 0x4249, 0x4249, 0x4249, 0x424A, 0x4249, 0x424A, 0x4249,
  0x424A, 0x4249, 0x424A, 0x4249, 0x4249, 0x4249, 0x4249, 0x4249, 0x4249, 0x4249, 0x4249, 0x4249,
  0x424A, 0x4249, 0x424A, 0x4249, 0x4249, 0x4249, 0x424A, 0x4249, 0x4249, 0x4249, 0x4249, 0x4249,
  0x4249, 0x4249, 0x4249, 0x4249, 0x4249, 0x4249, 0x4249, 0x424A, 0x4249, 0x4249, 0x424A, 0x4249,
  0x4249, 0x424A, 0x4249, 0x4249, 0x4249, 0x4249, 0x4249, 0x4249, 0x4249, 0x424A, 0x4249, 0x4249,
  0x424A, 0x424A, 0x4249, 0x4249, 0x4249, 0x4249, 0x4249, 0x4249, 0x4249, 0x424A, 0x4249, 0x424A,
  0x4249, 0x4249, 0x4249, 0x4249, 0x4249, 0x424A, 0x4249, 0x424A, 0x4249, 0x4249, 0x4249, 0x4249,
  0x4249, 0x4249, 0x424A, 0x424A, 0x4249, 0x4249, 0x4249, 0x4249, 0x4249, 0x4249, 0x4249, 0x4249,
  0x4249, 0x4249, 0x4249, 0x4249, 0x424A, 0x424A, 0x4A49, 0x7165, 0x7904, 0x80C3, 0x8882, 0x9062,
  0x9061, 0x9882, 0x9881, 0xA062, 0xA082, 0xA062, 0xA841, 0xA861, 0xA841, 0xA862, 0xB081, 0xB061,
  0xB041, 0xB061, 0xB082, 0xB882, 0xB862, 0xB882, 0xB8C3, 0xB8E3, 0xB8E3, 0xC124, 0xC165, 0xC1A6,
  0xCA27, 0xCAA9, 0xD34B, 0xDBAD, 0xDBCD, 0xDB8D, 0xD32B, 0xCACA, 0xCA48, 0xCA07, 0xC1A6, 0xC165,
  0xC144, 0xC103, 0xB903, 0xB8C3, 0xB8A2, 0xB8A2, 0xB882, 0xB862, 0xB062, 0xB042, 0xB041, 0xB061,
  0xB081, 0xA861, 0xA821, 0xA861, 0xA021, 0xA020, 0xA040, 0x9801, 0x9841, 0x9021, 0x9042, 0x8881,
  0x8082, 0x78A1, 0x70A2, 0x6165, 0x4249, 0x4249, 0x4249, 0x4249, 0x4249, 0x4249, 0x424A, 0x4249,
  0x424A, 0x4249, 0x4249, 0x4249, 0x4249, 0x4249, 0x4249, 0x4249, 0x4249, 0x424A, 0x4249, 0x424A,
  0x4249, 0x4249, 0x424A, 0x424A, 0x4249, 0x424A, 0x4249, 0x4249, 0x424A, 0x4249, 0x4249, 0x4249,
  0x4249, 0x4249, 0x4249, 0x4249, 0x4249, 0x4249, 0x4249, 0x4249, 0x4249, 0x4249, 0x4249, 0x4249,
  0x4249, 0x4249, 0x4249, 0x4249, 0x4249, 0x4249, 0x4249, 0x4249, 0x4249, 0x424A, 0x4249, 0x4249,
  0x4249, 0x424A, 0x4249, 0x4249, 0x4249, 0x4249, 0x4249, 0x4249, 0x4249, 0x424A, 0x4249, 0x424A,
  0x4249, 0x4249, 0x4249, 0x4249, 0x4249, 0x4249, 0x424A, 0x4249, 0x424A, 0x4249, 0x4249, 0x4249,
  0x4249, 0x424A, 0x4249, 0x4249, 0x4249, 0x4249, 0x424A, 0x4249, 0x4249, 0x4249, 0x4249, 0x4249,
  0x424A, 0x4249, 0x424A, 0x4249, 0x424A, 0x4249, 0x424A, 0x4249, 0x4249, 0x4249, 0x4249, 0x4249,
  0x4249, 0x4249, 0x4249, 0x4249, 0x424A, 0x4249, 0x424A, 0x4249, 0x4249, 0x4249, 0x424A, 0x4249,
  0x4249, 0x4249, 0x4249, 0x4249, 0x4249, 0x4249, 0x4249, 0x4249, 0x4249, 0x4249, 0x4249, 0x424A,
  0x4249, 0x4249, 0x424A, 0x4249, 0x4249, 0x4249, 0x424A, 0x4249, 0x4249, 0x424A, 0x4249, 0x4249,
  0x4249, 0x424A, 0x4249, 0x4249, 0x4249, 0x424A, 0x4249, 0x4249, 0x4249, 0x4249, 0x424A, 0x4249,
  0x424A, 0x4249, 0x4249, 0x424A, 0x4249, 0x424A, 0x4249, 0x4249, 0x4249, 0x4249, 0x4249, 0x4249,
  0x4249, 0x4249, 0x424A, 0x4249, 0x424A, 0x4249, 0x424A, 0x4249, 0x4249, 0x4249, 0x4249, 0x4249,
  0x424A, 0x4249, 0x4249, 0x4249, 0x4249, 0x424A, 0x4249, 0x4249, 0x4249, 0x4249, 0x424A, 0x4249,
  0x424A, 0x4249, 0x424A, 0x4249, 0x4249, 0x4249, 0x4249, 0x4249, 0x4249, 0x4249, 0x4249, 0x4249,
  0x4249, 0x424A, 0x4249, 0x4249, 0x4249, 0x4249, 0x4249, 0x4249, 0x4249, 0x4249, 0x4249, 0x4249,
  0x4249, 0x424A, 0x424A, 0x424A, 0x4249, 0x4249, 0x4249, 0x424A, 0x4249, 0x424A, 0x4249, 0x424A,
  0x4249, 0x4249, 0x4249, 0x4249, 0x424A, 0x4249, 0x4249, 0x4249, 0x424A, 0x4249, 0x4249, 0x424A,
  0x4249, 0x424A, 0x4249, 0x424A, 0x4249, 0x4249, 0x4249, 0x4249, 0x4249, 0x4249, 0x4249, 0x4249,
  0x424A, 0x4249, 0x4A29, 0x7165, 0x7904, 0x80A3, 0x88A2, 0x90A2, 0x9082, 0x9862, 0x9841, 0xA042,
  0xA041, 0xA061, 0xA882, 0xA822, 0xA861, 0xA841, 0xB041, 0xB082, 0xB062, 0xB081, 0xB082, 0xB8A2,
  0xB862, 0xB8A2, 0xB8A2, 0xB8C3, 0xB8E3, 0xC124, 0xC165, 0xC1A6, 0xCA27, 0xCAA9, 0xD32B, 0xDBAD,
  0xDBED, 0xDBAD, 0xD32B, 0xD2AA, 0xCA48, 0xCA07, 0xC1C6, 0xC185, 0xC144, 0xC104, 0xB8E3, 0xB8C3,
  0xB882, 0xB8C2, 0xB8A1, 0xB841, 0xB081, 0xB061, 0xB021, 0xB061, 0xB060, 0xA861, 0xA821, 0xA840,
  0xA060, 0xA041, 0xA021, 0x9800, 0x9841, 0x9061, 0x9021, 0x8882, 0x8081, 0x8081, 0x70E2, 0x6165,
  0x4229, 0x4249, 0x424A, 0x4249, 0x4249, 0x424A, 0x4249, 0x4249, 0x4249, 0x4249, 0x424A, 0x4249,
  0x4249, 0x4249, 0x424A, 0x4249, 0x4249, 0x424A, 0x4249, 0x4249, 0x4249, 0x4249, 0x4249, 0x4249,
  0x4249, 0x4249, 0x4249, 0x4249, 0x4249, 0x4249, 0x424A, 0x4249, 0x4249, 0x4249, 0x4249, 0x4249,
  0x424A, 0x424A, 0x4249, 0x4249, 0x4249, 0x4249, 0x4249, 0x4249, 0x424A, 0x4249, 0x4249, 0x424A,
  0x4249, 0x424A, 0x4249, 0x424A, 0x4249, 0x4249, 0x424A, 0x4249, 0x4249, 0x4249, 0x4249, 0x424A,
  0x4249, 0x4249, 0x4249, 0x4249, 0x4249, 0x4249, 0x4249, 0x4249, 0x4249, 0x4249, 0x424A, 0x4249,
  0x4249, 0x424A, 0x4249, 0x4249, 0x4249, 0x424A, 0x4249, 0x4249, 0x4249, 0x424A, 0x4249, 0x4249,
  0x4249, 0x4249, 0x424A, 0x4249, 0x424A, 0x4249, 0x4249, 0x424A, 0x4249, 0x424A, 0x4249, 0x4249,
  0x4249, 0x4249, 0x4249, 0x4249, 0x4249, 0x4249, 0x424A, 0x4249, 0x424A, 0x4249, 0x424A, 0x4249,
  0x4249, 0x4249, 0x4249, 0x4249, 0x424A, 0x4249, 0x4249, 0x4249, 0x4249, 0x424A, 0x4249, 0x4249,
  0x4249, 0x4249, 0x424A, 0x4249, 0x424A, 0x4249, 0x424A, 0x4249, 0x4249, 0x4249, 0x4249, 0x4249,
  0x424A, 0x4249, 0x4249, 0x4249, 0x424A, 0x4249, 0x4249, 0x4249, 0x4249, 0x4249, 0x4249, 0x4249,
  0x4249, 0x424A, 0x4249, 0x4249, 0x4249, 0x4249, 0x4249, 0x4249, 0x424A, 0x4249, 0x4249, 0x4249,
  0x4249, 0x4249, 0x4249, 0x4249, 0x4249, 0x4249, 0x4249, 0x4249, 0x424A, 0x4249, 0x4249, 0x424A,
  0x4249, 0x4249, 0x4249, 0x4249, 0x4249, 0x4249, 0x424A, 0x4249, 0x4249, 0x4249, 0x4249, 0x4249,
  0x4249, 0x4249, 0x4249, 0x424A, 0x4249, 0x4249, 0x4249, 0x424A, 0x4249, 0x4249, 0x4249, 0x424A,
  0x4249, 0x424A, 0x424A, 0x4249, 0x4249, 0x424A, 0x4249, 0x4249, 0x4249, 0x424A, 0x4249, 0x4249,
  0x424A, 0x4249, 0x4249, 0x4249, 0x4249, 0x4249, 0x4249, 0x424A, 0x4249, 0x4249, 0x4249, 0x4249,
  0x4249, 0x4249, 0x4249, 0x4249, 0x4249, 0x4249, 0x4249, 0x4249, 0x424A, 0x4249, 0x4249, 0x4249,
  0x4249, 0x424A, 0x4249, 0x4249, 0x4249, 0x4249, 0x4249, 0x4249, 0x4249, 0x4249, 0x4249, 0x4249,
  0x424A, 0x4249, 0x424A, 0x424A, 0x4249, 0x4249, 0x4249, 0x4249, 0x4249, 0x4249, 0x4A29, 0x7185,
  0x7924, 0x80C3, 0x8882, 0x9082, 0x9061, 0x9881, 0x9862, 0xA061, 0xA041, 0xA021, 0xA842, 0xA861,
  0xA821, 0xA861, 0xB082, 0xB061, 0xB042, 0xB062, 0xB861, 0xB861, 0xB8A2, 0xB8A3, 0xB8C3, 0xB8C3,
  0xB903, 0xC124, 0xC165, 0xC1C6, 0xCA27, 0xCAA9, 0xD32B, 0xDBAD, 0xDBCE, 0xDBAD, 0xD32B, 0xCAA9,
  0xCA68, 0xCA07, 0xC1C6, 0xC165, 0xC144, 0xC103, 0xB8E3, 0xB8E3, 0xB8C3, 0xB8A2, 0xB882, 0xB862,
  0xB081, 0xB062, 0xB041, 0xB022, 0xB041, 0xA860, 0xA842, 0xA801, 0xA021, 0xA060, 0xA041, 0x9821,
  0x9860, 0x9041, 0x9040, 0x8841, 0x8082, 0x7882, 0x70C2, 0x6165, 0x4249, 0x4249, 0x4249, 0x4249,
  0x4249, 0x424A, 0x4249, 0x4249, 0x4249, 0x4249, 0x4249, 0x4249, 0x4249, 0x4249, 0x424A, 0x4249,
  0x4249, 0x4249, 0x4249, 0x424A, 0x4249, 0x424A, 0x4249, 0x4249, 0x4249, 0x424A, 0x4249, 0x4249,
  0x4249, 0x424A, 0x4249, 0x4249, 0x424A, 0x424A, 0x4249, 0x4249, 0x4249, 0x4249, 0x4249, 0x424A,
  0x424A, 0x424A, 0x4249, 0x4249, 0x4249, 0x424A, 0x4249, 0x4249, 0x4249, 0x4249, 0x424A, 0x4249,
  0x4249, 0x4249, 0x424A, 0x4249, 0x4249, 0x4249, 0x424A, 0x4249, 0x424A, 0x4249, 0x424A, 0x424A,
  0x4249, 0x4249, 0x424A, 0x4249, 0x424A, 0x4249, 0x4249, 0x4249, 0x424A, 0x4249, 0x4249, 0x4249,
  0x4249, 0x4249, 0x4249, 0x4249, 0x4249, 0x424A, 0x4249, 0x4249, 0x4249, 0x4249, 0x4249, 0x4249,
  0x424A, 0x4249, 0x4249, 0x4249, 0x4249, 0x4249, 0x4249, 0x4249, 0x4249, 0x4249, 0x4249, 0x4249,
  0x424A, 0x4249, 0x4249, 0x424A, 0x4249, 0x4249, 0x4249, 0x4249, 0x4249, 0x4249, 0x424A, 0x4249,
  0x4249, 0x4249, 0x4249, 0x4249, 0x4249, 0x4249, 0x4249, 0x424A, 0x4249, 0x4249, 0x4249, 0x424A,
  0x4249, 0x4249, 0x4249, 0x424A, 0x4249, 0x424A, 0x424A, 0x4249, 0x4249, 0x4249, 0x424A, 0x4249,
  0x4249, 0x4249, 0x4249, 0x4249, 0x424A, 0x424A, 0x4249, 0x424A, 0x4249, 0x4249, 0x4249, 0x4249,
  0x424A, 0x4249, 0x4249, 0x4249, 0x4249, 0x4249, 0x4249, 0x424A, 0x4249, 0x4249, 0x4249, 0x424A,
  0x4249, 0x424A, 0x4249, 0x4249, 0x4249, 0x4249, 0x4249, 0x4249, 0x4249, 0x4249, 0x4249, 0x424A,
  0x4249, 0x4249, 0x4249, 0x4249, 0x424A, 0x424A, 0x424A, 0x4249, 0x4249, 0x4249, 0x4249, 0x424A,
  0x4249, 0x4249, 0x4249, 0x4249, 0x424A, 0x4249, 0x4249, 0x4249, 0x4249, 0x4249, 0x4249, 0x4249,
  0x4249, 0x4249, 0x4249, 0x4249, 0x424A, 0x4249, 0x4249, 0x4249, 0x4249, 0x424A, 0x4249, 0x4249,
  0x424A, 0x424A, 0x4249, 0x4249, 0x4249, 0x4249, 0x4249, 0x4249, 0x424A, 0x4249, 0x4249, 0x4249,
  0x4249, 0x424A, 0x4249, 0x4249, 0x4249, 0x4249, 0x424A, 0x4249, 0x4249, 0x4249, 0x4249, 0x424A,
  0x4249, 0x424A, 0x4249, 0x4249, 0x4249, 0x4249, 0x4249, 0x424A, 0x4249, 0x4249, 0x4249, 0x4249,
  0x4249, 0x424A, 0x4249, 0x424A, 0x4249, 0x4249, 0x4A29, 0x7165, 0x7904, 0x80E3, 0x88A2, 0x9062,
  0x9061, 0x9841, 0x9881, 0xA061, 0xA081, 0xA042, 0xA861, 0xA822, 0xA862, 0xA842, 0xB041, 0xB081,
  0xB042, 0xB042, 0xB082, 0xB882, 0xB8A2, 0xB882, 0xB8C3, 0xB8C3, 0xB903, 0xC104, 0xC165, 0xC1C6,
  0xCA27, 0xCAA9, 0xD32B, 0xDBAD, 0xDBCD, 0xDBAD, 0xD32B, 0xCACA, 0xCA48, 0xCA07, 0xC1C6, 0xC185,
  0xC144, 0xB903, 0xB903, 0xB8C2, 0xB8A2, 0xB8A2, 0xB8A1, 0xB861, 0xB082, 0xB062, 0xB081, 0xB061,
  0xB040, 0xA821, 0xA861, 0xA841, 0xA061, 0xA020, 0xA041, 0x9861, 0x9801, 0x9041, 0x9060, 0x8841,
  0x8082, 0x78A1, 0x70C2, 0x6165, 0x4249, 0x4249, 0x4249, 0x4249, 0x4249, 0x4249, 0x4249, 0x424A,
  0x4249, 0x424A, 0x4249, 0x424A, 0x4249, 0x4249, 0x4249, 0x4249, 0x424A, 0x4249, 0x4249, 0x4249,
  0x4249, 0x4249, 0x424A, 0x4249, 0x4249, 0x4249, 0x424A, 0x424A, 0x4249, 0x4249, 0x4249, 0x4249,
  0x4249, 0x4249, 0x4249, 0x4249, 0x424A, 0x4249, 0x4249, 0x4249, 0x4249, 0x4249, 0x4249, 0x4249,
  0x4249, 0x4249, 0x4249, 0x424A, 0x4249, 0x4249, 0x4249, 0x4249, 0x4249, 0x4249, 0x4249, 0x4249,
  0x424A, 0x4249, 0x4249, 0x4249, 0x4249, 0x4249, 0x4249, 0x4249, 0x4249, 0x4249, 0x4249, 0x4249,
  0x4249, 0x4249, 0x424A, 0x4249, 0x4249, 0x4249, 0x4249, 0x4249, 0x424A, 0x424A, 0x4249, 0x424A,
  0x4249, 0x4249, 0x4249, 0x4249, 0x424A, 0x4249, 0x4249, 0x4249, 0x4249, 0x4249, 0x4249, 0x424A,
  0x4249, 0x4249, 0x4249, 0x424A, 0x4249, 0x424A, 0x4249, 0x4249, 0x4249, 0x4249, 0x4249, 0x4249,
  0x4249, 0x4249, 0x4249, 0x424A, 0x4249, 0x4249, 0x4249, 0x4249, 0x424A, 0x424A, 0x424A, 0x4249,
  0x4249, 0x4249, 0x4249, 0x424A, 0x4249, 0x4249, 0x4249, 0x4249, 0x424A, 0x4249, 0x4249, 0x4249,
  0x4249, 0x4249, 0x4249, 0x4249, 0x4249, 0x4249, 0x4249, 0x424A, 0x4249, 0x424A, 0x4249, 0x4249,
  0x4249, 0x4249, 0x4249, 0x4249, 0x4249, 0x4249, 0x4249, 0x424A, 0x4249, 0x4249, 0x424A, 0x4249,
  0x424A, 0x4249, 0x4249, 0x4249, 0x424A, 0x4249, 0x4249, 0x4249, 0x4249, 0x424A, 0x4249, 0x4249,
  0x424A, 0x4249, 0x4249, 0x4249, 0x4249, 0x424A, 0x4249, 0x4249, 0x4249, 0x424A, 0x4249, 0x4249,
  0x4249, 0x4249, 0x4249, 0x4249, 0x424A, 0x4249, 0x4249, 0x4249, 0x4249, 0x424A, 0x4249, 0x4249,
  0x4249, 0x4249, 0x4249, 0x4249, 0x4249, 0x424A, 0x4249, 0x4249, 0x424A, 0x424A, 0x4249, 0x424A,
  0x4249, 0x4249, 0x4249, 0x4249, 0x4249, 0x424A, 0x4249, 0x4249, 0x4249, 0x4249, 0x4249, 0x4249,
  0x424A, 0x4249, 0x4249, 0x4249, 0x424A, 0x4249, 0x4249, 0x4249, 0x424A, 0x4249, 0x4249, 0x424A,
  0x4249, 0x4249, 0x4249, 0x4249, 0x4249, 0x424A, 0x4249, 0x4249, 0x4249, 0x424A, 0x4249, 0x4249,
  0x424A, 0x424A, 0x4249, 0x4249, 0x4249, 0x4249, 0x424A, 0x4249, 0x4249, 0x4249, 0x424A, 0x4249,
  0x4249, 0x424A, 0x4A29, 0x7185, 0x7904, 0x80C3, 0x88A2, 0x90A2, 0x9062, 0x9862, 0x9882, 0xA042,
  0xA042, 0xA021, 0xA861, 0xA861, 0xA882, 0xA862, 0xB021, 0xB061, 0xB081, 0xB082, 0xB081, 0xB862,
  0xB862, 0xB882, 0xB8A2, 0xB8C3, 0xB8E3, 0xC124, 0xC165, 0xC1A6, 0xCA27, 0xCAA9, 0xD34B, 0xDBAD,
  0xDBCD, 0xDBAD, 0xD32B, 0xCAAA, 0xCA48, 0xCA07, 0xC1C6, 0xC165, 0xC144, 0xC104, 0xB8E3, 0xB8C3,
  0xB8A3, 0xB8A2, 0xB8A2, 0xB862, 0xB061, 0xB081, 0xB041, 0xB041, 0xB041, 0xA861, 0xA820, 0xA840,
  0xA020, 0xA001, 0xA040, 0x9820, 0x9820, 0x9022, 0x9061, 0x8841, 0x8082, 0x78A1, 0x70C2, 0x6185,
  0x4249, 0x4249, 0x424A, 0x424A, 0x4249, 0x4249, 0x4249, 0x4249, 0x424A, 0x4249, 0x4249, 0x4249,
  0x424A, 0x4249, 0x4249, 0x4249, 0x4249, 0x4249, 0x424A, 0x4249, 0x4249, 0x4249, 0x424A, 0x4249,
  0x4249, 0x4249, 0x4249, 0x4249, 0x4249, 0x4249, 0x4249, 0x424A, 0x4249, 0x4249, 0x4249, 0x4249,
  0x4249, 0x4249, 0x4249, 0x4249, 0x424A, 0x4249, 0x424A, 0x4249, 0x4249, 0x424A, 0x4249, 0x4249,
  0x4249, 0x424A, 0x4249, 0x4249, 0x4249, 0x424A, 0x4249, 0x4249, 0x4249, 0x4249, 0x4249, 0x424A,
  0x4249, 0x4249, 0x4249, 0x424A, 0x4249, 0x4249, 0x424A, 0x4249, 0x4249, 0x4249, 0x4249, 0x424A,
  0x4249, 0x424A, 0x4249, 0x4249, 0x4249, 0x4249, 0x4249, 0x4249, 0x4249, 0x4249, 0x4249, 0x424A,
  0x4249, 0x4249, 0x424A, 0x4249, 0x424A, 0x4249, 0x4249, 0x4249, 0x424A, 0x4249, 0x4249, 0x4249,
  0x4249, 0x424A, 0x4249, 0x4249, 0x424A, 0x4249, 0x4249, 0x4249, 0x4249, 0x424A, 0x4249, 0x4249,
  0x4249, 0x424A, 0x4249, 0x4249, 0x4249, 0x4249, 0x4249, 0x4249, 0x424A, 0x4249, 0x4249, 0x4249,
  0x4249, 0x424A, 0x4249, 0x4249, 0x4249, 0x4249, 0x4249, 0x4249, 0x4249, 0x424A, 0x4249, 0x4249,
  0x4249, 0x4249, 0x4249, 0x4249, 0x4249, 0x4249, 0x4249, 0x4249, 0x424A, 0x4249, 0x4249, 0x4249,
  0x424A, 0x4249, 0x4249, 0x424A, 0x4249, 0x4249, 0x424A, 0x4249, 0x4249, 0x4249, 0x4249, 0x4249,
  0x4249, 0x424A, 0x4249, 0x4249, 0x424A, 0x4249, 0x4249, 0x4249, 0x4249, 0x4249, 0x424A, 0x4249,
  0x4249, 0x4249, 0x424A, 0x4249, 0x4249, 0x4249, 0x4249, 0x4249, 0x4249, 0x4249, 0x4249, 0x4249,
  0x4249, 0x4249, 0x424A, 0x4249, 0x4249, 0x4249, 0x4249, 0x424A, 0x4249, 0x4249, 0x424A, 0x4249,
  0x4249, 0x4249, 0x4249, 0x4249, 0x4249, 0x4249, 0x4249, 0x4249, 0x4249, 0x4249, 0x424A, 0x4249,
  0x4249, 0x424A, 0x4249, 0x424A, 0x4249, 0x4249, 0x424A, 0x4249, 0x4249, 0x4249, 0x4249, 0x4249,
  0x4249, 0x4249, 0x424A, 0x424A, 0x4249, 0x4249, 0x4249, 0x4249, 0x424A, 0x4249, 0x4249, 0x4249,
  0x424A, 0x4249, 0x4249, 0x424A, 0x4249, 0x4249, 0x4249, 0x4249, 0x4249, 0x4249, 0x4249, 0x4249,
  0x4249, 0x4249, 0x4249, 0x4249, 0x4249, 0x4249, 0x4249, 0x4249, 0x4249, 0x4249, 0x4A29, 0x7165,
  0x7904, 0x80E3, 0x88A3, 0x90A2, 0x9081, 0x9881, 0x9861, 0xA021, 0xA062, 0xA061, 0xA841, 0xA841,
  0xA881, 0xA861, 0xB041, 0xB062, 0xB042, 0xB061, 0xB082, 0xB861, 0xB881, 0xB8A2, 0xB8A3, 0xB8E3,
  0xB8E3, 0xC124, 0xC165, 0xC1A6, 0xCA27, 0xCAA9, 0xD32B, 0xDBAD, 0xDBCE, 0xDBAD, 0xD32B, 0xCAA9,
  0xCA48, 0xC207, 0xC1A6, 0xC165, 0xC124, 0xB903, 0xB8E3, 0xB8E2, 0xB8A3, 0xB8C2, 0xB8A2, 0xB861,
  0xB042, 0xB081, 0xB061, 0xB061, 0xB022, 0xA841, 0xA801, 0xA840, 0xA061, 0xA041, 0xA061, 0x9821,
  0x9841, 0x9061, 0x9041, 0x8842, 0x8042, 0x80A1, 0x70C2, 0x6165, 0x4249, 0x4249, 0x4249, 0x4249,
  0x4249, 0x4249, 0x4249, 0x4249, 0x4249, 0x4249, 0x4249, 0x4249, 0x4249, 0x424A, 0x4249, 0x424A,
  0x4249, 0x4249, 0x4249, 0x4249, 0x424A, 0x4249, 0x4249, 0x4249, 0x4249, 0x4249, 0x4249, 0x424A,
  0x4249, 0x4249, 0x4249, 0x4249, 0x4249, 0x4249, 0x424A, 0x424A, 0x4249, 0x424A, 0x4249, 0x4249,
  0x4249, 0x4249, 0x4249, 0x424A, 0x4249, 0x4249, 0x4249, 0x4249, 0x424A, 0x4249, 0x4249, 0x424A,
  0x4249, 0x4249, 0x4249, 0x424A, 0x4249, 0x424A, 0x4249, 0x424A, 0x4249, 0x4249, 0x4249, 0x424A,
  0x4249, 0x4249, 0x4249, 0x424A, 0x4249, 0x4249, 0x4249, 0x4249, 0x4249, 0x4249, 0x4249, 0x4249,
  0x424A, 0x4249, 0x4249, 0x4249, 0x424A, 0x4249, 0x4249, 0x424A, 0x4249, 0x4249, 0x424A, 0x4249,
  0x4249, 0x4249, 0x4249, 0x4249, 0x4249, 0x424A, 0x4249, 0x4249, 0x424A, 0x4249, 0x4249, 0x4249,
  0x4249, 0x4249, 0x424A, 0x4249, 0x4249, 0x4249, 0x424A, 0x4249, 0x4249, 0x4249, 0x4249, 0x4249,
  0x4249, 0x4249, 0x4249, 0x4249, 0x4249, 0x4249, 0x424A, 0x4249, 0x4249, 0x4249, 0x4249, 0x424A,
  0x4249, 0x4249, 0x424A, 0x4249, 0x4249, 0x4249, 0x4249, 0x4249, 0x424A, 0x4249, 0x4249, 0x424A,
  0x4249, 0x4249, 0x4249, 0x4249, 0x424A, 0x4249, 0x4249, 0x4249, 0x424A, 0x4249, 0x4249, 0x4249,
  0x4249, 0x4249, 0x4249, 0x4249, 0x4249, 0x4249, 0x4249, 0x424A, 0x4249, 0x4249, 0x4249, 0x4249,
  0x4249, 0x4249, 0x4249, 0x4249, 0x4249, 0x4249, 0x424A, 0x4249, 0x4249, 0x4249, 0x4249, 0x4249,
  0x4249, 0x4249, 0x424A, 0x4249, 0x424A, 0x424A, 0x4249, 0x4249, 0x4249, 0x424A, 0x4249, 0x424A,
  0x4249, 0x424A, 0x4249, 0x4249, 0x4249, 0x424A, 0x4249, 0x4249, 0x424A, 0x4249, 0x424A, 0x4249,
  0x4249, 0x4249, 0x4249, 0x4249, 0x424A, 0x4249, 0x4249, 0x424A, 0x4249, 0x4249, 0x4249, 0x4249,
  0x4249, 0x4249, 0x4249, 0x424A, 0x4249, 0x4249, 0x424A, 0x4249, 0x424A, 0x4249, 0x4249, 0x4249,
  0x4249, 0x4249, 0x4249, 0x4249, 0x4249, 0x4249, 0x4249, 0x4249, 0x4249, 0x4249, 0x4249, 0x4249,
  0x4249, 0x4249, 0x424A, 0x4249, 0x4249, 0x4249, 0x4249, 0x424A, 0x4249, 0x4249, 0x424A, 0x4249,
  0x424A, 0x4249, 0x4249, 0x4249, 0x424A, 0x4249, 0x4A29, 0x7165, 0x7904, 0x80E3, 0x8882, 0x9082,
  0x9082, 0x9862, 0x9842, 0xA081, 0xA061, 0xA062, 0xA882, 0xA842, 0xA861, 0xB041, 0xB081, 0xB062,
  0xB041, 0xB061, 0xB842, 0xB8A2, 0xB8A2, 0xB882, 0xB8A2, 0xB8E3, 0xB8E4, 0xC124, 0xC165, 0xC1C6,
  0xCA27, 0xCAA9, 0xD34B, 0xDBAD, 0xDBCD, 0xDBAD, 0xD32B, 0xCAC9, 0xCA48, 0xCA07, 0xC1C6, 0xC185,
  0xC144, 0xC104, 0xB8E3, 0xB8C2, 0xB8A2, 0xB882, 0xB882, 0xB881, 0xB062, 0xB081, 0xB040, 0xB041,
  0xB080, 0xA861, 0xA841, 0xA861, 0xA021, 0xA000, 0xA040, 0x9821, 0x9860, 0x9041, 0x9041, 0x8881,
  0x8061, 0x80A2, 0x70C2, 0x6185, 0x4249, 0x4249, 0x4249, 0x4249, 0x424A, 0x4249, 0x424A, 0x424A,
  0x4249, 0x4249, 0x424A, 0x4249, 0x4249, 0x424A, 0x4249, 0x4249, 0x4249, 0x4249, 0x424A, 0x4249,
  0x4249, 0x424A, 0x4249, 0x4249, 0x4249, 0x424A, 0x4249, 0x4249, 0x424A, 0x424A, 0x4249, 0x4249,
  0x424A, 0x424A, 0x4249, 0x4249, 0x4249, 0x4249, 0x4249, 0x4249, 0x4249, 0x424A, 0x4249, 0x4249,
  0x4249, 0x424A, 0x4249, 0x4249, 0x4249, 0x4249, 0x4249, 0x4249, 0x424A, 0x4249, 0x4249, 0x424A,
  0x4249, 0x4249, 0x4249, 0x4249, 0x4249, 0x4249, 0x424A, 0x4249, 0x4249, 0x4249, 0x4249, 0x4249,
  0x424A, 0x4249, 0x4249, 0x424A, 0x4249, 0x4249, 0x4249, 0x4249, 0x424A, 0x4249, 0x4249, 0x4249,
  0x424A, 0x4249, 0x4249, 0x4249, 0x4249, 0x4249, 0x4249, 0x4249, 0x4249, 0x4249, 0x4249, 0x424A,
  0x4249, 0x4249, 0x4249, 0x4249, 0x4249, 0x4249, 0x4249, 0x4249, 0x4249, 0x4249, 0x424A, 0x4249,
  0x4249, 0x4249, 0x4249, 0x4249, 0x4249, 0x4249, 0x424A, 0x4249, 0x424A, 0x424A, 0x4249, 0x4249,
  0x4249, 0x424A, 0x4249, 0x424A, 0x4249, 0x424A, 0x4249, 0x4249, 0x4249, 0x424A, 0x4249, 0x4249,
  0x424A, 0x4249, 0x424A, 0x4249, 0x4249, 0x4249, 0x4249, 0x424A, 0x4249, 0x424A, 0x4249, 0x4249,
  0x4249, 0x424A, 0x4249, 0x4249, 0x424A, 0x4249, 0x4249, 0x424A, 0x4249, 0x4249, 0x4249, 0x424A,
  0x424A, 0x4249, 0x424A, 0x4249, 0x4249, 0x4249, 0x424A, 0x4249, 0x424A, 0x4249, 0x424A, 0x4249,
  0x424A, 0x4249, 0x4249, 0x424A, 0x4249, 0x424A, 0x4249, 0x424A, 0x4249, 0x4249, 0x424A, 0x4249,
  0x4249, 0x4249, 0x4249, 0x4249, 0x4249, 0x424A, 0x4249, 0x4249, 0x4249, 0x4249, 0x4249, 0x4249,
  0x424A, 0x4249, 0x4249, 0x4249, 0x4249, 0x4249, 0x424A, 0x4249, 0x424A, 0x4249, 0x4249, 0x424A,
  0x4249, 0x4249, 0x4249, 0x4249, 0x4249, 0x424A, 0x4249, 0x4249, 0x424A, 0x4249, 0x424A, 0x4249,
  0x424A, 0x4249, 0x4249, 0x4249, 0x4249, 0x4249, 0x4249, 0x424A, 0x424A, 0x4249, 0x424A, 0x424A,
  0x4249, 0x4249, 0x424A, 0x424A, 0x4249, 0x4249, 0x4249, 0x4249, 0x4249, 0x424A, 0x4249, 0x4249,
  0x424A, 0x424A, 0x4249, 0x4249, 0x424A, 0x4249, 0x4249, 0x4249, 0x4249, 0x424A, 0x4249, 0x4249,
  0x4249, 0x424A, 0x4A49, 0x7165, 0x7904, 0x80E3, 0x88A3, 0x9062, 0x9081, 0x9841, 0x9882, 0xA061,
  0xA081, 0xA041, 0xA861, 0xA862, 0xA822, 0xA862, 0xB081, 0xB062, 0xB041, 0xB082, 0xB082, 0xB882,
  0xB882, 0xB8A3, 0xB8C3, 0xB8C3, 0xB903, 0xC124, 0xC165, 0xC1C6, 0xCA07, 0xCAA9, 0xD32B, 0xDBAD,
  0xDBCD, 0xDBAD, 0xD32B, 0xCAAA, 0xCA48, 0xC9E7, 0xC1C6, 0xC165, 0xC144, 0xC104, 0xB8C3, 0xB8C2,
  0xB8C3, 0xB8A3, 0xB862, 0xB882, 0xB082, 0xB061, 0xB022, 0xB061, 0xB061, 0xA861, 0xA822, 0xA840,
  0xA061, 0xA021, 0xA021, 0x9861, 0x9841, 0x9021, 0x9080, 0x8861, 0x8082, 0x80A2, 0x70C2, 0x6165,
  0x4249, 0x424A, 0x4249, 0x424A, 0x4249, 0x4249, 0x4249, 0x4249, 0x4249, 0x4249, 0x4249, 0x4249,
  0x4249, 0x4249, 0x4249, 0x4249, 0x4249, 0x4249, 0x424A, 0x4249, 0x4249, 0x4249, 0x424A, 0x4249,
  0x4249, 0x4249, 0x4249, 0x4249, 0x4249, 0x4249, 0x4249, 0x4249, 0x4249, 0x4249, 0x4249, 0x4249,
  0x4249, 0x4249, 0x424A, 0x4249, 0x424A, 0x4249, 0x4249, 0x424A, 0x4249, 0x4249, 0x4249, 0x424A,
  0x4249, 0x4249, 0x4249, 0x4249, 0x4249, 0x4249, 0x424A, 0x4249, 0x4249, 0x4249, 0x4249, 0x4249,
  0x424A, 0x4249, 0x4249, 0x4249, 0x424A, 0x4249, 0x424A, 0x4249, 0x4249, 0x4249, 0x4249, 0x424A,
  0x4249, 0x424A, 0x4249, 0x4249, 0x4249, 0x424A, 0x4249, 0x4249, 0x424A, 0x4249, 0x4249, 0x424A,
  0x4249, 0x4249, 0x4249, 0x424A, 0x424A, 0x4249, 0x424A, 0x4249, 0x4249, 0x4249, 0x424A, 0x4249,
  0x424A, 0x4249, 0x424A, 0x4249, 0x424A, 0x4249, 0x4249, 0x424A, 0x4249, 0x424A, 0x4249, 0x424A,
  0x4249, 0x4249, 0x424A, 0x4249, 0x4249, 0x4249, 0x4249, 0x4249, 0x4249, 0x424A, 0x4249, 0x4249,
  0x4249, 0x4249, 0x4249, 0x4249, 0x424A, 0x4249, 0x4249, 0x4249, 0x4249, 0x4249, 0x424A, 0x4249,
  0x4249, 0x424A, 0x4249, 0x4249, 0x4249, 0x4249, 0x4249, 0x4249, 0x4249, 0x4249, 0x4249, 0x4249,
  0x4249, 0x424A, 0x4249, 0x4249, 0x424A, 0x4249, 0x4249, 0x4249, 0x4249, 0x4249, 0x4249, 0x4249,
  0x4249, 0x4249, 0x4249, 0x424A, 0x4249, 0x4249, 0x4249, 0x424A, 0x4249, 0x4249, 0x4249, 0x4249,
  0x4249, 0x4249, 0x4249, 0x4249, 0x424A, 0x4249, 0x4249, 0x4249, 0x4249, 0x424A, 0x4249, 0x4249,
  0x4249, 0x4249, 0x4249, 0x4249, 0x4249, 0x424A, 0x4249, 0x424A, 0x4249, 0x4249, 0x4249, 0x4249,
  0x4249, 0x4249, 0x4249, 0x4249, 0x4249, 0x4249, 0x424A, 0x4249, 0x424A, 0x4249, 0x4249, 0x424A,
  0x4249, 0x4249, 0x4249, 0x4249, 0x4249, 0x4249, 0x4249, 0x4249, 0x4249, 0x4249, 0x4249, 0x424A,
  0x4249, 0x424A, 0x4249, 0x4249, 0x4249, 0x4249, 0x4249, 0x4249, 0x4249, 0x4249, 0x4249, 0x4249,
  0x4249, 0x4249, 0x424A, 0x4249, 0x4249, 0x4249, 0x4249, 0x4249, 0x4249, 0x4249, 0x4249, 0x4249,
  0x4249, 0x424A, 0x4249, 0x4249, 0x4249, 0x424A, 0x4249, 0x4249, 0x4249, 0x424A, 0x4A29, 0x7165,
  0x7904, 0x80C3, 0x88C2, 0x90A2, 0x9082, 0x9841, 0x9861, 0xA041, 0xA042, 0xA021, 0xA841, 0xA821,
  0xA841, 0xA861, 0xB042, 0xB041, 0xB062, 0xB061, 0xB042, 0xB862, 0xB882, 0xB8A2, 0xB8A2, 0xB8C2,
  0xB8E3, 0xC104, 0xC165, 0xC1C6, 0xCA27, 0xCAA9, 0xD32B, 0xDBAD, 0xDBED, 0xDB8D, 0xD32B, 0xCACA,
  0xCA48, 0xCA07, 0xC1A6, 0xC185, 0xC144, 0xB904, 0xB8E3, 0xB8A3, 0xB8A2, 0xB882, 0xB8A2, 0xB8A2,
  0xB061, 0xB041, 0xB041, 0xB080, 0xB021, 0xA841, 0xA821, 0xA821, 0xA040, 0xA040, 0xA000, 0x9801,
  0x9860, 0x9021, 0x9061, 0x8842, 0x8061, 0x8081, 0x70E3, 0x6165, 0x4249, 0x4249, 0x4249, 0x4249,
  0x4249, 0x4249, 0x4249, 0x4249, 0x424A, 0x424A, 0x4249, 0x424A, 0x4249, 0x4249, 0x424A, 0x4249,
  0x4249, 0x4249, 0x4249, 0x4249, 0x4249, 0x4249, 0x424A, 0x4249, 0x4249, 0x424A, 0x4249, 0x424A,
  0x4249, 0x4249, 0x4249, 0x424A, 0x4249, 0x4249, 0x4249, 0x424A, 0x4249, 0x424A, 0x4249, 0x4249,
  0x4249, 0x4249, 0x424A, 0x4249, 0x4249, 0x4249, 0x4249, 0x424A, 0x4249, 0x4249, 0x424A, 0x424A,
  0x4249, 0x4249, 0x4249, 0x4249, 0x4249, 0x4249, 0x424A, 0x4249, 0x4249, 0x4249, 0x4249, 0x4249,
  0x424A, 0x4249, 0x4249, 0x4249, 0x4249, 0x424A, 0x4249, 0x4249, 0x4249, 0x4249, 0x4249, 0x4249,
  0x4249, 0x4249, 0x4249, 0x4249, 0x4249, 0x424A, 0x4249, 0x4249, 0x424A, 0x4249, 0x4249, 0x4249,
  0x4249, 0x4249, 0x4249, 0x4249, 0x4249, 0x4249, 0x4249, 0x424A, 0x4249, 0x4249, 0x4249, 0x424A,
  0x4249, 0x4249, 0x4249, 0x4249, 0x4249, 0x4249, 0x4249, 0x4249, 0x424A, 0x4249, 0x4249, 0x4249,
  0x4249, 0x424A, 0x4249, 0x4249, 0x4249, 0x4249, 0x4249, 0x4249, 0x4249, 0x424A, 0x4249, 0x424A,
  0x4249, 0x4249, 0x4249, 0x4249, 0x4249, 0x4249, 0x4249, 0x4249, 0x4249, 0x4249, 0x4249, 0x4249,
  0x424A, 0x4249, 0x424A, 0x4249, 0x4249, 0x4249, 0x4249, 0x424A, 0x4249, 0x4249, 0x4249, 0x4249,
  0x424A, 0x4249, 0x424A, 0x4249, 0x4249, 0x424A, 0x4249, 0x424A, 0x424A, 0x4249, 0x4249, 0x4249,
  0x4249, 0x4249, 0x4249, 0x4249, 0x4249, 0x4249, 0x424A, 0x4249, 0x4249, 0x4249, 0x424A, 0x4249,
  0x4249, 0x4249, 0x4249, 0x4249, 0x4249, 0x4249, 0x4249, 0x4249, 0x424A, 0x424A, 0x4249, 0x4249,
  0x4249, 0x424A, 0x4249, 0x4249, 0x4249, 0x4249, 0x424A, 0x424A, 0x4249, 0x4249, 0x4249, 0x424A,
  0x4249, 0x4249, 0x4249, 0x4249, 0x4249, 0x424A, 0x4249, 0x4249, 0x4249, 0x4249, 0x4249, 0x424A,
  0x4249, 0x4249, 0x4249, 0x4249, 0x4249, 0x4249, 0x4249, 0x4249, 0x424A, 0x4249, 0x4249, 0x4249,
  0x4249, 0x4249, 0x4249, 0x4249, 0x424A, 0x4249, 0x4249, 0x424A, 0x4249, 0x4249, 0x424A, 0x4249,
  0x424A, 0x424A, 0x4249, 0x4249, 0x4249, 0x424A, 0x4249, 0x4249, 0x4249, 0x4249, 0x424A, 0x4249,
  0x4249, 0x424A, 0x4249, 0x4249, 0x4249, 0x4249, 0x4A29, 0x6965, 0x7924, 0x80C3, 0x88A2, 0x8863,
  0x9082, 0x9082, 0x9881, 0x9842, 0xA062, 0xA061, 0xA861, 0xA841, 0xA881, 0xA861, 0xB021, 0xB082,
  0xB062, 0xB081, 0xB082, 0xB881, 0xB862, 0xB882, 0xB8A2, 0xB8C3, 0xB8E3, 0xC124, 0xB965, 0xB9A6,
  0xC207, 0xC2A9, 0xCB2B, 0xD38D, 0xD3CD, 0xD38C, 0xCB2B, 0xCAA9, 0xC248, 0xC1E7, 0xB9A6, 0xB965,
  0xC144, 0xC104, 0xB8E3, 0xB8E2, 0xB8A2, 0xB8A2, 0xB861, 0xB862, 0xB081, 0xB081, 0xB042, 0xB081,
  0xB061, 0xA840, 0xA861, 0xA860, 0xA021, 0xA061, 0xA021, 0x9841, 0x9041, 0x9021, 0x8861, 0x88A2,
  0x8082, 0x7882, 0x70C2, 0x6165, 0x4229, 0x4249, 0x4249, 0x4249, 0x4249, 0x424A, 0x424A, 0x4249,
  0x4249, 0x4249, 0x4249, 0x4249, 0x4249, 0x4249, 0x4249, 0x424A, 0x4249, 0x424A, 0x4249, 0x424A,
  0x4249, 0x4249, 0x4249, 0x4249, 0x4249, 0x4249, 0x4249, 0x4249, 0x424A, 0x4249, 0x4249, 0x4249,
  0x4249, 0x424A, 0x4249, 0x4249, 0x4249, 0x4249, 0x4249, 0x4249, 0x4249, 0x4249, 0x424A, 0x4249,
  0x4249, 0x4249, 0x4249, 0x4249, 0x424A, 0x4249, 0x4249, 0x4249, 0x4249, 0x4249, 0x424A, 0x4249,
  0x424A, 0x4249, 0x4249, 0x424A, 0x4249, 0x4249, 0x424A, 0x4249, 0x4249, 0x4249, 0x4249, 0x4249,
  0x4249, 0x4249, 0x4249, 0x4249, 0x424A, 0x4249, 0x424A, 0x4249, 0x4249, 0x4249, 0x4249, 0x424A,
  0x4249, 0x4249, 0x4249, 0x4249, 0x424A, 0x4249, 0x424A, 0x4249, 0x4249, 0x424A, 0x4249, 0x424A,
  0x424A, 0x4249, 0x4249, 0x4249, 0x4249, 0x4249, 0x4249, 0x4249, 0x4249, 0x4249, 0x424A, 0x4249,
  0x4249, 0x4249, 0x424A, 0x4249, 0x4249, 0x4249, 0x4249, 0x4249, 0x4249, 0x4249, 0x4249, 0x4249,
  0x424A, 0x424A, 0x4249, 0x4249, 0x4249, 0x424A, 0x4249, 0x4249, 0x4249, 0x4249, 0x424A, 0x424A,
  0x4249, 0x4249, 0x4249, 0x424A, 0x4249, 0x424A, 0x4249, 0x4249, 0x4249, 0x4249, 0x4249, 0x4249,
  0x424A, 0x4249, 0x4249, 0x4249, 0x424A, 0x4249, 0x4249, 0x4249, 0x4249, 0x4249, 0x4249, 0x424A,
  0x4249, 0x4249, 0x4249, 0x4249, 0x4249, 0x4249, 0x4249, 0x4249, 0x424A, 0x4249, 0x424A, 0x424A,
  0x4249, 0x4249, 0x4249, 0x4249, 0x424A, 0x4249, 0x4249, 0x4249, 0x4249, 0x4249, 0x424A, 0x4249,
  0x424A, 0x4249, 0x4249, 0x4249, 0x4249, 0x4249, 0x4249, 0x4249, 0x424A, 0x4249, 0x4249, 0x4249,
  0x424A, 0x4249, 0x4249, 0x4249, 0x4249, 0x4249, 0x4249, 0x424A, 0x4249, 0x424A, 0x4249, 0x4249,
  0x4249, 0x4249, 0x4249, 0x424A, 0x424A, 0x4249, 0x4249, 0x424A, 0x4249, 0x4249, 0x4249, 0x424A,
  0x424A, 0x4249, 0x424A, 0x4249, 0x4249, 0x4249, 0x4249, 0x4249, 0x424A, 0x4249, 0x424A, 0x4249,
  0x4249, 0x4249, 0x4249, 0x424A, 0x4249, 0x4249, 0x4249, 0x4249, 0x4249, 0x4249, 0x4249, 0x424A,
  0x4249, 0x4249, 0x4249, 0x424A, 0x4249, 0x4249, 0x4249, 0x4249, 0x4249, 0x4249, 0x3A29, 0x3A08,
  0x31C7, 0x2987, 0x2946, 0x38E4, 0x38C4, 0x38E3, 0x40C3, 0x40A3, 0x40A3, 0x48C3, 0x4862, 0x8082,
  0xA021, 0xA081, 0xA842, 0xA862, 0xA842, 0xA842, 0xB062, 0xB061, 0xB041, 0xB062, 0xB042, 0xB882,
  0xB882, 0xB8A3, 0xB8C2, 0xB8E3, 0xB903, 0xA944, 0x6986, 0x61A8, 0x61C8, 0x69E8, 0x6A09, 0x6A49,
  0x7249, 0x6A29, 0x6A09, 0x69E8, 0x61C8, 0x61C8, 0x61A8, 0x6987, 0xA925, 0xB923, 0xB8E3, 0xB8C2,
  0xB8A3, 0xB882, 0xB8A2, 0xB8A2, 0xB062, 0xB082, 0xB041, 0xB061, 0xB041, 0xA821, 0xA861, 0xA841,
  0xA021, 0xA061, 0x8081, 0x4863, 0x48A3, 0x40C3, 0x40A3, 0x40C3, 0x40A4, 0x38C4, 0x38E3, 0x38E4,
  0x2986, 0x31C7, 0x3A08, 0x3A29, 0x4249, 0x4249, 0x4249, 0x4249, 0x4249, 0x4249, 0x4249, 0x424A,
  0x424A, 0x4249, 0x4249, 0x4249, 0x4249, 0x4249, 0x4249, 0x4249, 0x4249, 0x424A, 0x4249, 0x4249,
  0x424A, 0x4249, 0x424A, 0x4249, 0x4249, 0x4249, 0x424A, 0x424A, 0x4249, 0x4249, 0x4249, 0x424A,
  0x4249, 0x4249, 0x4249, 0x4249, 0x4249, 0x4249, 0x4249, 0x4249, 0x4249, 0x424A, 0x4249, 0x4249,
  0x4249, 0x4249, 0x424A, 0x4249, 0x4249, 0x4249, 0x4249, 0x4249, 0x4249, 0x424A, 0x4249, 0x4249,
  0x4249, 0x4249, 0x4249, 0x4249, 0x4249, 0x4249, 0x424A, 0x4249, 0x4249, 0x424A, 0x4249, 0x4249,
  0x4249, 0x4249, 0x4249, 0x4249, 0x424A, 0x4249, 0x4249, 0x4249, 0x424A, 0x4249, 0x4249, 0x4249,
  0x4249, 0x4249, 0x4249, 0x424A, 0x4249, 0x4249, 0x4249, 0x4249, 0x4249, 0x4249, 0x4249, 0x4249,
  0x424A, 0x4249, 0x424A, 0x424A, 0x4249, 0x4249, 0x4249, 0x4249, 0x424A, 0x4249, 0x4249, 0x4249,
  0x4249, 0x4249, 0x424A, 0x4249, 0x424A, 0x4249, 0x4249, 0x4249, 0x4249, 0x4249, 0x4249, 0x4249,
  0x424A, 0x4249, 0x4249, 0x4249, 0x424A, 0x4249, 0x4249, 0x4249, 0x4249, 0x4249, 0x4249, 0x424A,
  0x4249, 0x424A, 0x4249, 0x4249, 0x424A, 0x4249, 0x4249, 0x424A, 0x4249, 0x4249, 0x424A, 0x4249,
  0x4249, 0x4249, 0x424A, 0x424A, 0x4249, 0x4249, 0x4249, 0x4249, 0x4249, 0x424A, 0x4249, 0x4249,
  0x424A, 0x4249, 0x424A, 0x4249, 0x4249, 0x4249, 0x4249, 0x4249, 0x4249, 0x424A, 0x424A, 0x4249,
  0x4249, 0x4249, 0x424A, 0x424A, 0x4249, 0x4249, 0x4249, 0x4249, 0x4249, 0x4249, 0x424A, 0x424A,
  0x4249, 0x4249, 0x4249, 0x424A, 0x4249, 0x4249, 0x4249, 0x4249, 0x4249, 0x4249, 0x4249, 0x4249,
  0x4249, 0x424A, 0x4249, 0x4249, 0x4249, 0x4249, 0x4249, 0x4249, 0x424A, 0x4249, 0x4249, 0x4249,
  0x4249, 0x4249, 0x4249, 0x4249, 0x4249, 0x4249, 0x4249, 0x4249, 0x424A, 0x4249, 0x4249, 0x4249,
  0x4249, 0x424A, 0x4249, 0x424A, 0x4249, 0x4249, 0x4249, 0x424A, 0x4249, 0x4249, 0x4249, 0x4249,
  0x424A, 0x4249, 0x4249, 0x4249, 0x4249, 0x4249, 0x4249, 0x4249, 0x4249, 0x424A, 0x4249, 0x4249,
  0x4229, 0x3A09, 0x39E8, 0x31A7, 0x2966, 0x2125, 0x18E4, 0x18C4, 0x10A4, 0x1083, 0x10C3, 0x1083,
  0x10A3, 0x0882, 0x1082, 0x10A2, 0x10A2, 0x10A3, 0x1882, 0x6882, 0xA062, 0xA042, 0xA861, 0xA862,
  0xA881, 0xB041, 0xB041, 0xB062, 0xB082, 0xB082, 0xB842, 0xB881, 0xB8A2, 0xB882, 0xB8A2, 0xB8C3,
  0xB8E3, 0x9945, 0x31A7, 0x31C8, 0x31C9, 0x31C9, 0x31C8, 0x31C9, 0x31C9, 0x31C9, 0x31C9, 0x31C9,
  0x31C9, 0x31C9, 0x31C9, 0x2987, 0x8925, 0xB904, 0xB8E3, 0xB8C3, 0xB8C2, 0xB8A2, 0xB882, 0xB861,
  0xB041, 0xB041, 0xB061, 0xB082, 0xB021, 0xA820, 0xA861, 0xA820, 0xA040, 0xA041, 0x6882, 0x10C3,
  0x10A3, 0x10C3, 0x18C3, 0x10A3, 0x1083, 0x10A3, 0x1083, 0x10A3, 0x0883, 0x10C4, 0x18E4, 0x18E4,
  0x2125, 0x2966, 0x31A7, 0x39E8, 0x3A09, 0x4229, 0x4249, 0x4249, 0x424A, 0x4249, 0x4249, 0x424A,
  0x4249, 0x4249, 0x424A, 0x4249, 0x4249, 0x424A, 0x4249, 0x4249, 0x4249, 0x4249, 0x4249, 0x4249,
  0x4249, 0x4249, 0x4249, 0x4249, 0x4249, 0x4249, 0x4249, 0x4249, 0x424A, 0x424A, 0x4249, 0x424A,
  0x4249, 0x424A, 0x4249, 0x424A, 0x4249, 0x424A, 0x4249, 0x4249, 0x4249, 0x4249, 0x4249, 0x424A,
  0x4249, 0x424A, 0x424A, 0x4249, 0x4249, 0x4249, 0x4249, 0x4249, 0x424A, 0x424A, 0x4249, 0x424A,
  0x4249, 0x424A, 0x4249, 0x4249, 0x4249, 0x424A, 0x4249, 0x4249, 0x424A, 0x4249, 0x4249, 0x424A,
  0x4249, 0x4249, 0x424A, 0x4249, 0x4249, 0x4249, 0x424A, 0x424A, 0x4249, 0x4249, 0x4249, 0x4249,
  0x4249, 0x424A, 0x4249, 0x4249, 0x424A, 0x4249, 0x424A, 0x4249, 0x4249, 0x4249, 0x4249, 0x4249,
  0x4249, 0x424A, 0x424A, 0x4249, 0x4249, 0x4249, 0x424A, 0x424A, 0x4249, 0x4249, 0x4249, 0x4249,
  0x4249, 0x4249, 0x424A, 0x424A, 0x4249, 0x4249, 0x4249, 0x424A, 0x4249, 0x4249, 0x4249, 0x4249,
  0x4249, 0x4249, 0x4249, 0x4249, 0x4249, 0x424A, 0x4249, 0x4249, 0x4249, 0x424A, 0x4249, 0x4249,
  0x4249, 0x4249, 0x424A, 0x4249, 0x4249, 0x4249, 0x4249, 0x4249, 0x4249, 0x4249, 0x4249, 0x4249,
  0x4249, 0x4249, 0x424A, 0x4249, 0x4249, 0x4249, 0x4249, 0x424A, 0x4249, 0x4249, 0x4249, 0x424A,
  0x424A, 0x4249, 0x4249, 0x4249, 0x4249, 0x4249, 0x4249, 0x4249, 0x4249, 0x4249, 0x4249, 0x4249,
  0x4249, 0x4249, 0x424A, 0x4249, 0x4249, 0x424A, 0x4249, 0x4249, 0x4249, 0x4249, 0x4249, 0x4249,
  0x4249, 0x424A, 0x4249, 0x4249, 0x424A, 0x424A, 0x4249, 0x4249, 0x4249, 0x424A, 0x4249, 0x4249,
  0x4249, 0x4249, 0x4249, 0x4249, 0x424A, 0x4249, 0x4249, 0x424A, 0x4249, 0x4249, 0x4249, 0x424A,
  0x4249, 0x424A, 0x4249, 0x4249, 0x4249, 0x4249, 0x4249, 0x4249, 0x4249, 0x4249, 0x4249, 0x424A,
  0x4249, 0x4249, 0x4249, 0x4249, 0x4249, 0x424A, 0x4249, 0x4249, 0x4249, 0x4249, 0x4249, 0x424A,
  0x4249, 0x4249, 0x4229, 0x4229, 0x3A08, 0x31C7, 0x29A7, 0x2965, 0x1925, 0x18E4, 0x10C4, 0x10A3,
  0x08A3, 0x10C3, 0x1083, 0x08A3, 0x10A3, 0x0882, 0x10A3, 0x10A2, 0x10A2, 0x10A3, 0x10C2, 0x10A2,
  0x1082, 0x10A2, 0x10A2, 0x6882, 0xA081, 0xA061, 0xA841, 0xA821, 0xA842, 0xA862, 0xB061, 0xB081,
  0xB041, 0xB061, 0xB082, 0xB882, 0xB862, 0xB8A2, 0xB8A3, 0xB8C3, 0xB8E3, 0x9945, 0x3187, 0x31C8,
  0x31C9, 0x31C9, 0x31C8, 0x31C8, 0x31C9, 0x31C9, 0x31C8, 0x31C8, 0x31C8, 0x31C9, 0x31C9, 0x2987,
  0x8125, 0xB903, 0xB903, 0xB8C3, 0xB8C3, 0xB882, 0xB862, 0xB881, 0xB081, 0xB082, 0xB061, 0xB060,
  0xB020, 0xA861, 0xA841, 0xA800, 0xA021, 0xA001, 0x68A2, 0x10C3, 0x18E3, 0x18C3, 0x18E3, 0x10A3,
  0x10E3, 0x18A3, 0x18A3, 0x10C3, 0x18C3, 0x10C3, 0x1083, 0x1083, 0x10A3, 0x1083, 0x10C3, 0x10A3,
  0x18E4, 0x1925, 0x2945, 0x2987, 0x31C7, 0x3A08, 0x4229, 0x4249, 0x4249, 0x4249, 0x424A, 0x4249,
  0x4249, 0x4249, 0x4249, 0x424A, 0x4249, 0x4249, 0x4249, 0x4249, 0x4249, 0x424A, 0x4249, 0x4249,
  0x424A, 0x4249, 0x424A, 0x4249, 0x4249, 0x4249, 0x4249, 0x4249, 0x4249, 0x4249, 0x4249, 0x4249,
  0x4249, 0x4249, 0x4249, 0x424A, 0x424A, 0x4249, 0x4249, 0x4249, 0x4249, 0x4249, 0x4249, 0x4249,
  0x424A, 0x4249, 0x4249, 0x4249, 0x4249, 0x4249, 0x4249, 0x4249, 0x4249, 0x4249, 0x4249, 0x424A,
  0x4249, 0x424A, 0x4249, 0x4249, 0x4249, 0x4249, 0x424A, 0x4249, 0x4249, 0x4249, 0x4249, 0x4249,
  0x4249, 0x4249, 0x4249, 0x4249, 0x4249, 0x4249, 0x424A, 0x4249, 0x4249, 0x4249, 0x4249, 0x424A,
  0x4249, 0x4249, 0x4249, 0x424A, 0x424A, 0x4249, 0x4249, 0x4249, 0x4249, 0x4249, 0x4249, 0x4249,
  0x4249, 0x4249, 0x4249, 0x4249, 0x4249, 0x4249, 0x424A, 0x4249, 0x4249, 0x424A, 0x4249, 0x4249,
  0x4249, 0x4249, 0x4249, 0x4249, 0x4249, 0x424A, 0x4249, 0x4249, 0x424A, 0x424A, 0x4249, 0x4249,
  0x4249, 0x424A, 0x4249, 0x4249, 0x4249, 0x4249, 0x4249, 0x424A, 0x424A, 0x4249, 0x4249, 0x4249,
  0x4249, 0x424A, 0x4249, 0x4249, 0x4249, 0x4249, 0x424A, 0x4249, 0x424A, 0x4249, 0x4249, 0x424A,
  0x4249, 0x4249, 0x4249, 0x4249, 0x4249, 0x4249, 0x4249, 0x4249, 0x4249, 0x4249, 0x4249, 0x424A,
  0x4249, 0x4249, 0x4249, 0x4249, 0x4249, 0x4249, 0x4249, 0x4249, 0x424A, 0x4249, 0x4249, 0x424A,
  0x4249, 0x4249, 0x4249, 0x4249, 0x424A, 0x4249, 0x424A, 0x4249, 0x4249, 0x424A, 0x4249, 0x4249,
  0x4249, 0x4249, 0x4249, 0x4249, 0x4249, 0x4249, 0x4249, 0x424A, 0x4249, 0x424A, 0x424A, 0x4249,
  0x4249, 0x4249, 0x4249, 0x4249, 0x424A, 0x4249, 0x4249, 0x4249, 0x4249, 0x4249, 0x4249, 0x4249,
  0x4249, 0x4249, 0x424A, 0x424A, 0x4249, 0x4249, 0x4249, 0x4249, 0x4249, 0x4249, 0x424A, 0x424A,
  0x4249, 0x4249, 0x424A, 0x4249, 0x4229, 0x4229, 0x3A09, 0x39E8, 0x31A7, 0x2966, 0x2125, 0x1904,
  0x18C3, 0x10A3, 0x10A3, 0x1083, 0x1082, 0x10A3, 0x10C3, 0x1082, 0x10A2, 0x1082, 0x10A2, 0x1082,
  0x10A2, 0x10A2, 0x1082, 0x1082, 0x1082, 0x1882, 0x1082, 0x1082, 0x10A2, 0x1082, 0x10C2, 0x6861,
  0xA041, 0xA022, 0xA821, 0xA861, 0xA861, 0xA881, 0xB022, 0xB041, 0xB062, 0xB082, 0xB061, 0xB862,
  0xB8A2, 0xB8A2, 0xB882, 0xB8E3, 0xB8E3, 0x9925, 0x31A7, 0x31C8, 0x31C8, 0x31C8, 0x31C9, 0x31C9,
  0x31C8, 0x31C9, 0x31C8, 0x31C9, 0x31C8, 0x31C9, 0x31C9, 0x2987, 0x7925, 0xB104, 0xB8C3, 0xB8C3,
  0xB8C2, 0xB882, 0xB8A2, 0xB8A2, 0xB042, 0xB042, 0xB021, 0xB041, 0xB061, 0xA841, 0xA841, 0xA821,
  0xA060, 0xA061, 0x68A2, 0x18C3, 0x10C3, 0x18E3, 0x10C3, 0x18C3, 0x10C4, 0x18E3, 0x18E3, 0x10C3,
  0x18C3, 0x18A3, 0x18C3, 0x10C3, 0x18C3, 0x10A3, 0x10C3, 0x1083, 0x08A3, 0x10C3, 0x10A3, 0x10A3,
  0x18C3, 0x10C4, 0x18E4, 0x2125, 0x2986, 0x31A7, 0x39E8, 0x3A09, 0x4229, 0x4249, 0x4249, 0x4249,
  0x4249, 0x424A, 0x4249, 0x424A, 0x424A, 0x4249, 0x4249, 0x4249, 0x4249, 0x4249, 0x424A, 0x4249,
  0x4249, 0x4249, 0x424A, 0x424A, 0x4249, 0x4249, 0x4249, 0x4249, 0x424A, 0x4249, 0x4249, 0x4249,
  0x4249, 0x424A, 0x4249, 0x4249, 0x4249, 0x4249, 0x4249, 0x424A, 0x4249, 0x4249, 0x4249, 0x424A,
  0x424A, 0x4249, 0x4249, 0x4249, 0x424A, 0x4249, 0x4249, 0x4249, 0x4249, 0x4249, 0x4249, 0x424A,
  0x424A, 0x4249, 0x4249, 0x4249, 0x4249, 0x424A, 0x4249, 0x4249, 0x4249, 0x4249, 0x424A, 0x4249,
  0x424A, 0x4249, 0x4249, 0x424A, 0x4249, 0x4249, 0x4249, 0x4249, 0x4249, 0x4249, 0x4249, 0x4249,
  0x4249, 0x4249, 0x4249, 0x424A, 0x4249, 0x4249, 0x4249, 0x4249, 0x4249, 0x4249, 0x4249, 0x4249,
  0x424A, 0x4249, 0x4249, 0x424A, 0x4249, 0x4249, 0x4249, 0x4249, 0x424A, 0x4249, 0x424A, 0x4249,
  0x4249, 0x424A, 0x4249, 0x4249, 0x4249, 0x4249, 0x4249, 0x4249, 0x4249, 0x4249, 0x4249, 0x424A,
  0x424A, 0x4249, 0x4249, 0x4249, 0x4249, 0x4249, 0x4249, 0x4249, 0x424A, 0x4249, 0x424A, 0x4249,
  0x4249, 0x424A, 0x4249, 0x4249, 0x4249, 0x4249, 0x4249, 0x4249, 0x4249, 0x4249, 0x424A, 0x4249,
  0x424A, 0x4249, 0x4249, 0x4249, 0x424A, 0x4249, 0x4249, 0x424A, 0x4249, 0x4249, 0x4249, 0x424A,
  0x424A, 0x4249, 0x4249, 0x4249, 0x424A, 0x4249, 0x4249, 0x4249, 0x424A, 0x4249, 0x4249, 0x4249,
  0x4249, 0x4249, 0x4249, 0x4249, 0x424A, 0x4249, 0x4249, 0x4249, 0x4249, 0x424A, 0x424A, 0x4249,
  0x424A, 0x4249, 0x4249, 0x4249, 0x4249, 0x4249, 0x4249, 0x4249, 0x4249, 0x4249, 0x424A, 0x4249,
  0x4249, 0x4249, 0x4249, 0x424A, 0x424A, 0x4249, 0x424A, 0x4249, 0x4249, 0x424A, 0x4249, 0x4249,
  0x4249, 0x4249, 0x4249, 0x424A, 0x424A, 0x4249, 0x4249, 0x4229, 0x4229, 0x3A08, 0x39E8, 0x2987,
  0x2966, 0x2105, 0x18C4, 0x18C4, 0x10C3, 0x1083, 0x10A3, 0x10A3, 0x10C3, 0x10A2, 0x1083, 0x10A2,
  0x10A2, 0x1082, 0x18A2, 0x10A2, 0x1082, 0x10A2, 0x1082, 0x10A2, 0x10C2, 0x1082, 0x10A2, 0x10A2,
  0x10A2, 0x10A2, 0x10A2, 0x10A2, 0x1082, 0x10A2, 0x18A2, 0x6862, 0xA061, 0xA082, 0xA862, 0xA861,
  0xA842, 0xA861, 0xB062, 0xB042, 0xB081, 0xB061, 0xB842, 0xB882, 0xB882, 0xB8A2, 0xB8A2, 0xB8C3,
  0xB903, 0x9925, 0x3187, 0x31C9, 0x31C8, 0x31C9, 0x31C9, 0x31C9, 0x31C8, 0x31C8, 0x31C8, 0x31C9,
  0x31C9, 0x31C8, 0x31C8, 0x2987, 0x7925, 0xA903, 0xB8E3, 0xB8E3, 0xB8A2, 0xB8A2, 0xB862, 0xB881,
  0xB082, 0xB081, 0xB042, 0xB061, 0xB022, 0xA860, 0xA861, 0xA841, 0xA041, 0xA020, 0x6883, 0x18E4,
  0x10C3, 0x10C4, 0x18C3, 0x18C3, 0x18C3, 0x10C3, 0x10C3, 0x10C3, 0x18A4, 0x18C3, 0x10C3, 0x10C4,
  0x18A3, 0x10C3, 0x10C3, 0x10C3, 0x10C3, 0x18C3, 0x10C3, 0x10A3, 0x1083, 0x10A3, 0x08A3, 0x0883,
  0x1083, 0x10C3, 0x10A3, 0x18E4, 0x1905, 0x2965, 0x3187, 0x39E8, 0x3A08, 0x4229, 0x4229, 0x4249,
  0x4249, 0x4249, 0x4249, 0x4249, 0x4249, 0x4249, 0x4249, 0x4249, 0x4249, 0x4249, 0x4249, 0x4249,
  0x4249, 0x4249, 0x424A, 0x4249, 0x4249, 0x4249, 0x4249, 0x4249, 0x4249, 0x4249, 0x4249, 0x424A,
  0x4249, 0x4249, 0x424A, 0x4249, 0x4249, 0x4249, 0x4249, 0x4249, 0x4249, 0x4249, 0x424A, 0x4249,
  0x4249, 0x4249, 0x4249, 0x4249, 0x424A, 0x4249, 0x4249, 0x4249, 0x4249, 0x4249, 0x4249, 0x4249,
  0x424A, 0x4249, 0x424A, 0x4249, 0x4249, 0x424A, 0x4249, 0x4249, 0x4249, 0x4249, 0x4249, 0x4249,
  0x4249, 0x4249, 0x424A, 0x4249, 0x424A, 0x4249, 0x4249, 0x4249, 0x424A, 0x4249, 0x4249, 0x424A,
  0x4249, 0x4249, 0x4249, 0x424A, 0x424A, 0x4249, 0x4249, 0x4249, 0x424A, 0x4249, 0x4249, 0x4249,
  0x424A, 0x4249, 0x4249, 0x4249, 0x4249, 0x4249, 0x4249, 0x4249, 0x424A, 0x4249, 0x4249, 0x4249,
  0x4249, 0x424A, 0x424A, 0x4249, 0x424A, 0x4249, 0x4249, 0x4249, 0x4249, 0x4249, 0x4249, 0x4249,
  0x4249, 0x4249, 0x4249, 0x4249, 0x4249, 0x4249, 0x4249, 0x4249, 0x4249, 0x4249, 0x4249, 0x4249,
  0x424A, 0x4249, 0x4249, 0x424A, 0x4249, 0x4249, 0x4249, 0x4249, 0x4249, 0x4249, 0x424A, 0x4249,
  0x4249, 0x4249, 0x424A, 0x4249, 0x424A, 0x4249, 0x4249, 0x4249, 0x424A, 0x4249, 0x4249, 0x4249,
  0x4249, 0x4249, 0x4249, 0x4249, 0x4249, 0x4249, 0x4249, 0x4249, 0x424A, 0x4249, 0x4249, 0x4249,
  0x4249, 0x4249, 0x424A, 0x4249, 0x4249, 0x4249, 0x4249, 0x4249, 0x4249, 0x424A, 0x4249, 0x4249,
  0x424A, 0x4249, 0x4249, 0x4249, 0x4249, 0x4249, 0x424A, 0x4249, 0x4249, 0x424A, 0x4249, 0x4249,
  0x4249, 0x4249, 0x4249, 0x4249, 0x424A, 0x4249, 0x4249, 0x4249, 0x4249, 0x4249, 0x4249, 0x3A09,
  0x39E8, 0x31C7, 0x2966, 0x2145, 0x20E5, 0x10C4, 0x10C3, 0x08C3, 0x1083, 0x10A3, 0x10A3, 0x10A3,
  0x1083, 0x10A3, 0x10A2, 0x0883, 0x1082, 0x1082, 0x10A2, 0x10A2, 0x1082, 0x1082, 0x10A2, 0x1082,
  0x10A2, 0x10A2, 0x10A2, 0x1082, 0x1082, 0x10A2, 0x18A2, 0x10A2, 0x1082, 0x10A1, 0x10A2, 0x10A2,
  0x1082, 0x18A2, 0x1082, 0x68A2, 0xA041, 0xA061, 0xA841, 0xA861, 0xA841, 0xA842, 0xB081, 0xB062,
  0xB041, 0xB042, 0xB862, 0xB8A2, 0xB882, 0xB882, 0xB8C2, 0xB8C2, 0xB8E3, 0x9925, 0x3187, 0x31C9,
  0x31C9, 0x31C8, 0x31C8, 0x31C8, 0x31C9, 0x31C9, 0x31C8, 0x31C8, 0x31C8, 0x31C8, 0x31C9, 0x3188,
  0x7925, 0xA103, 0xB8E3, 0xB8A3, 0xB8A2, 0xB8C2, 0xB862, 0xB881, 0xB061, 0xB081, 0xB061, 0xB021,
  0xB041, 0xA840, 0xA821, 0xA840, 0xA021, 0xA061, 0x6882, 0x10E3, 0x18C3, 0x18E3, 0x10A3, 0x10E3,
  0x18E3, 0x18C4, 0x18E3, 0x10E3, 0x10C3, 0x18E3, 0x18E4, 0x18E3, 0x18C3, 0x10C3, 0x18C3, 0x10E3,
  0x18C3, 0x10A3, 0x10C4, 0x10E3, 0x18C3, 0x10C3, 0x18C3, 0x10A3, 0x18A3, 0x10A3, 0x10A3, 0x10C3,
  0x1083, 0x10A3, 0x10A3, 0x10C3, 0x18E4, 0x18E4, 0x2145, 0x2986, 0x31C7, 0x39E8, 0x3A29, 0x4229,
  0x4249, 0x4249, 0x424A, 0x424A, 0x424A, 0x4249, 0x424A, 0x4249, 0x4249, 0x424A, 0x4249, 0x4249,
  0x4249, 0x424A, 0x4249, 0x424A, 0x424A, 0x4249, 0x4249, 0x424A, 0x4249, 0x4249, 0x4249, 0x4249,
  0x4249, 0x4249, 0x424A, 0x4249, 0x4249, 0x4249, 0x424A, 0x4249, 0x4249, 0x424A, 0x4249, 0x424A,
  0x4249, 0x4249, 0x4249, 0x4249, 0x4249, 0x4249, 0x4249, 0x4249, 0x4249, 0x4249, 0x4249, 0x4249,
  0x4249, 0x4249, 0x4249, 0x4249, 0x424A, 0x4249, 0x4249, 0x424A, 0x4249, 0x4249, 0x4249, 0x4249,
  0x4249, 0x4249, 0x424A, 0x4249, 0x4249, 0x4249, 0x424A, 0x4249, 0x424A, 0x4249, 0x4249, 0x4249,
  0x424A, 0x4249, 0x4249, 0x4249, 0x4249, 0x4249, 0x4249, 0x4249, 0x4249, 0x4249, 0x4249, 0x4249,
  0x424A, 0x4249, 0x4249, 0x4249, 0x4249, 0x4249, 0x424A, 0x4249, 0x4249, 0x4249, 0x4249, 0x4249,
  0x4249, 0x424A, 0x4249, 0x4249, 0x4249, 0x4249, 0x424A, 0x424A, 0x4249, 0x424A, 0x4249, 0x4249,
  0x4249, 0x4249, 0x424A, 0x4249, 0x4249, 0x4249, 0x4249, 0x424A, 0x4249, 0x4249, 0x4249, 0x424A,
  0x4249, 0x424A, 0x4249, 0x4249, 0x4249, 0x424A, 0x4249, 0x4249, 0x4249, 0x4249, 0x4249, 0x4249,
  0x4249, 0x424A, 0x4249, 0x4249, 0x4249, 0x4249, 0x4249, 0x424A, 0x424A, 0x4249, 0x4249, 0x4249,
  0x424A, 0x4249, 0x4249, 0x424A, 0x4249, 0x4249, 0x4249, 0x424A, 0x4249, 0x4249, 0x4249, 0x424A,
  0x424A, 0x4249, 0x4249, 0x4249, 0x424A, 0x4249, 0x4249, 0x4249, 0x4249, 0x4249, 0x4249, 0x424A,
  0x4249, 0x4249, 0x4249, 0x4249, 0x4249, 0x4249, 0x4249, 0x424A, 0x4249, 0x4249, 0x4249, 0x4249,
  0x4249, 0x4249, 0x4249, 0x4249, 0x39C8, 0x2966, 0x2125, 0x18E4, 0x10E4, 0x18C4, 0x10A4, 0x0883,
  0x10A2, 0x0883, 0x10A3, 0x10A2, 0x1083, 0x10A3, 0x10A2, 0x1082, 0x10A2, 0x10A2, 0x1082, 0x1082,
  0x10A2, 0x10A2, 0x10A2, 0x1082, 0x10C2, 0x10A2, 0x1082, 0x10A2, 0x1082, 0x1082, 0x10A2, 0x10A2,
  0x10A2, 0x10A2, 0x1082, 0x1082, 0x1082, 0x10A2, 0x1082, 0x1082, 0x10A2, 0x10A2, 0x10A2, 0x6082,
  0x9022, 0x9841, 0x9883, 0xA104, 0xA0E4, 0xA104, 0xA0E4, 0xA0E4, 0xA904, 0xA904, 0xA904, 0xA904,
  0xA904, 0xA904, 0xB124, 0xB145, 0xB145, 0x8965, 0x2926, 0x2166, 0x2146, 0x2146, 0x2146, 0x2166,
  0x2146, 0x2146, 0x2946, 0x2146, 0x2166, 0x2146, 0x2146, 0x2126, 0x7145, 0x9145, 0xA945, 0xB125,
  0xA924, 0xA904, 0xA924, 0xA904, 0xA904, 0xA8E4, 0xA904, 0xA104, 0xA104, 0xA0E4, 0xA104, 0x98A2,
  0x9821, 0x9061, 0x60A2, 0x18C3, 0x18E3, 0x10C3, 0x18C3, 0x18C3, 0x10A3, 0x10C3, 0x18C3, 0x18C3,
  0x18C3, 0x18C3, 0x10C3, 0x10C3, 0x18E3, 0x18A3, 0x18C4, 0x10E4, 0x18E3, 0x18C3, 0x10C4, 0x10C3,
  0x10C3, 0x18C3, 0x18C3, 0x10C3, 0x10C3, 0x18E3, 0x10A3, 0x10C3, 0x10A3, 0x10C3, 0x10A3, 0x1083,
  0x08A3, 0x10A3, 0x10A3, 0x10A3, 0x10A3, 0x10A4, 0x18E4, 0x1904, 0x2146, 0x31C7, 0x4249, 0x4249,
  0x4249, 0x4249, 0x4249, 0x4249, 0x4249, 0x4249, 0x4249, 0x4249, 0x424A, 0x4249, 0x4249, 0x4249,
  0x4249, 0x4249, 0x4249, 0x424A, 0x4249, 0x4249, 0x424A, 0x4249, 0x4249, 0x4249, 0x424A, 0x4249,
  0x4249, 0x424A, 0x4249, 0x4249, 0x4249, 0x4249, 0x4249, 0x424A, 0x4249, 0x4249, 0x424A, 0x424A,
  0x4249, 0x424A, 0x4249, 0x4249, 0x4249, 0x4249, 0x424A, 0x4249, 0x4249, 0x4249, 0x4249, 0x424A,
  0x4249, 0x4249, 0x4249, 0x424A, 0x4249, 0x424A, 0x4249, 0x4249, 0x4249, 0x424A, 0x4249, 0x4249,
  0x4249, 0x4249, 0x4249, 0x4249, 0x4249, 0x424A, 0x4249, 0x4249, 0x4249, 0x4249, 0x4249, 0x424A,
  0x424A, 0x4249, 0x4249, 0x4249, 0x424A, 0x4249, 0x4249, 0x424A, 0x4249, 0x4249, 0x4249, 0x424A,
  0x4249, 0x4249, 0x4249, 0x424A, 0x424A, 0x4249, 0x4249, 0x4249, 0x424A, 0x4249, 0x4249, 0x4249,
  0x4249, 0x4249, 0x4249, 0x4249, 0x4249, 0x4249, 0x424A, 0x424A, 0x4249, 0x4249, 0x4249, 0x424A,
  0x4249, 0x4249, 0x424A, 0x4249, 0x4249, 0x4249, 0x4249, 0x4249, 0x4249, 0x424A, 0x4249, 0x4249,
  0x424A, 0x4249, 0x4249, 0x4249, 0x424A, 0x4249, 0x4249, 0x4249, 0x424A, 0x4249, 0x4249, 0x4249,
  0x4249, 0x424A, 0x424A, 0x4249, 0x4249, 0x4249, 0x4249, 0x4249, 0x4249, 0x424A, 0x4249, 0x4249,
  0x4249, 0x4249, 0x424A, 0x4249, 0x424A, 0x4249, 0x4249, 0x4249, 0x4249, 0x4249, 0x4249, 0x4249,
  0x4249, 0x4249, 0x424A, 0x4249, 0x424A, 0x4249, 0x4249, 0x424A, 0x4249, 0x4249, 0x4249, 0x424A,
  0x4249, 0x4249, 0x4249, 0x4249, 0x424A, 0x4249, 0x424A, 0x4249, 0x4249, 0x4249, 0x424A, 0x3A08,
  0x18E3, 0x1063, 0x10A2, 0x0883, 0x0882, 0x10A2, 0x18E3, 0x18C3, 0x10A2, 0x10C2, 0x1082, 0x1082,
  0x1082, 0x10A2, 0x10A2, 0x10C2, 0x1082, 0x10A2, 0x10A2, 0x10C2, 0x10A2, 0x1082, 0x10A2, 0x10A2,
  0x10A2, 0x10A2, 0x1082, 0x10A2, 0x18A2, 0x10A2, 0x1082, 0x1882, 0x1082, 0x10A2, 0x10C2, 0x1082,
  0x10A2, 0x10A2, 0x1082, 0x10A2, 0x1082, 0x10C2, 0x10A2, 0x2082, 0x30A2, 0x30A2, 0x4145, 0x5229,
  0x5249, 0x5229, 0x5229, 0x5229, 0x5229, 0x5229, 0x5229, 0x5229, 0x5229, 0x5229, 0x5229, 0x5229,
  0x5229, 0x41C7, 0x2965, 0x39C7, 0x39C7, 0x39C6, 0x39C7, 0x39C7, 0x39E6, 0x39C6, 0x39E6, 0x39C6,
  0x39E7, 0x39C6, 0x39C7, 0x2965, 0x41C7, 0x5229, 0x5229, 0x5229, 0x5249, 0x5229, 0x5229, 0x5249,
  0x5229, 0x5249, 0x5229, 0x5229, 0x5229, 0x5229, 0x5229, 0x4146, 0x38A3, 0x30C3, 0x28A3, 0x10E4,
  0x10C3, 0x18C3, 0x10C3, 0x18C4, 0x18E3, 0x18E3, 0x10C3, 0x10E3, 0x18A4, 0x10C3, 0x18A3, 0x18C3,
  0x10E3, 0x18C3, 0x18C3, 0x10C3, 0x18C3, 0x18E3, 0x18E3, 0x10E3, 0x18A3, 0x18E3, 0x10C3, 0x10E3,
  0x18E3, 0x10C3, 0x18C3, 0x10C3, 0x18E3, 0x18C3, 0x10E3, 0x10C3, 0x18A3, 0x18A3, 0x10C3, 0x10A3,
  0x1083, 0x08A3, 0x10A3, 0x1083, 0x1083, 0x18E4, 0x3A09, 0x4249, 0x4249, 0x4249, 0x4249, 0x424A,
  0x4249, 0x4249, 0x4249, 0x424A, 0x4249, 0x4249, 0x4249, 0x4249, 0x4249, 0x4249, 0x4249, 0x4249,
  0x424A, 0x4249, 0x4249, 0x4249, 0x424A, 0x4249, 0x4249, 0x4249, 0x4249, 0x4249, 0x4249, 0x4249,
  0x424A, 0x4249, 0x4249, 0x4249, 0x4249, 0x4249, 0x4249, 0x4249, 0x4249, 0x4249, 0x424A, 0x424A,
  0x4249, 0x4249, 0x4249, 0x424A, 0x4249, 0x4249, 0x424A, 0x4249, 0x4249, 0x4249, 0x4249, 0x4249,
  0x4249, 0x424A, 0x4249, 0x4249, 0x424A, 0x4249, 0x4249, 0x4249, 0x424A, 0x4249, 0x4249, 0x4249,
  0x424A, 0x4249, 0x4249, 0x4249, 0x4249, 0x424A, 0x424A, 0x4249, 0x4249, 0x4249, 0x4249, 0x4249,
  0x4249, 0x424A, 0x4249, 0x4249, 0x4249, 0x4249, 0x424A, 0x4249, 0x424A, 0x4249, 0x4249, 0x4249,
  0x4249, 0x4249, 0x4249, 0x4249, 0x4249, 0x4249, 0x424A, 0x4249, 0x4249, 0x4249, 0x4249, 0x424A,
  0x4249, 0x4249, 0x4249, 0x4249, 0x4249, 0x4249, 0x4249, 0x4249, 0x424A, 0x4249, 0x4249, 0x4249,
  0x424A, 0x4249, 0x4249, 0x4249, 0x4249, 0x4249, 0x424A, 0x4249, 0x4249, 0x424A, 0x4249, 0x4249,
  0x4249, 0x424A, 0x4249, 0x4249, 0x4249, 0x4249, 0x4249, 0x424A, 0x4249, 0x4249, 0x4249, 0x4249,
  0x4249, 0x4249, 0x424A, 0x4249, 0x424A, 0x4249, 0x4249, 0x424A, 0x4249, 0x4249, 0x4249, 0x4249,
  0x4249, 0x4249, 0x4249, 0x4249, 0x424A, 0x4249, 0x424A, 0x4249, 0x4249, 0x4249, 0x4249, 0x4249,
  0x4249, 0x424A, 0x4249, 0x4249, 0x4249, 0x424A, 0x4249, 0x4249, 0x4249, 0x424A, 0x4249, 0x4249,
  0x4249, 0x4249, 0x4249, 0x4249, 0x424A, 0x4249, 0x424A, 0x39E8, 0x1082, 0x08A2, 0x1081, 0x1082,
  0x1082, 0x1081, 0x18C3, 0x18C3, 0x10A3, 0x18A2, 0x10C3, 0x10C2, 0x18A2, 0x10A2, 0x18A2, 0x10C3,
  0x18A2, 0x10C3, 0x1883, 0x10A3, 0x18A3, 0x10C2, 0x18A2, 0x1882, 0x1082, 0x10A3, 0x18A2, 0x10C2,
  0x10A2, 0x1883, 0x10C2, 0x10A2, 0x10A3, 0x10A2, 0x10A2, 0x10C2, 0x10C2, 0x10C2, 0x10A2, 0x18C3,
  0x10A2, 0x18A2, 0x1082, 0x10A2, 0x10A2, 0x10C2, 0x2966, 0x4249, 0x4249, 0x4249, 0x4249, 0x4249,
  0x424A, 0x424A, 0x4249, 0x4249, 0x424A, 0x4249, 0x4249, 0x4249, 0x4249, 0x39C8, 0x39C6, 0x5289,
  0x5289, 0x5269, 0x5289, 0x5289, 0x5289, 0x5289, 0x5289, 0x5289, 0x5289, 0x5269, 0x5289, 0x39C7,
  0x31C7, 0x4249, 0x4249, 0x4249, 0x4249, 0x4249, 0x424A, 0x4249, 0x4249, 0x4249, 0x4249, 0x4249,
  0x4249, 0x4249, 0x4249, 0x2986, 0x18C4, 0x18E4, 0x18C4, 0x10C3, 0x18E3, 0x18C4, 0x18E3, 0x18E3,
  0x18E3, 0x18C3, 0x18E3, 0x18C4, 0x18E4, 0x18E3, 0x18E3, 0x18E4, 0x18C4, 0x18E3, 0x10E4, 0x18E4,
  0x10C3, 0x18E3, 0x18C3, 0x18C3, 0x18C4, 0x18E3, 0x18E4, 0x10C4, 0x18C4, 0x18C3, 0x18E3, 0x18C4,
  0x18E4, 0x18C3, 0x18E4, 0x18E3, 0x10E3, 0x18C3, 0x18E3, 0x18E3, 0x10A3, 0x10C3, 0x10C3, 0x18A3,
  0x10C3, 0x10C4, 0x3A08, 0x4249, 0x424A, 0x4249, 0x4249, 0x424A, 0x4249, 0x4249, 0x424A, 0x4249,
  0x4249, 0x4249, 0x424A, 0x4249, 0x424A, 0x4249, 0x4249, 0x4249, 0x4249, 0x4249, 0x4249, 0x424A,
  0x4249, 0x4249, 0x424A, 0x424A, 0x4249, 0x4249, 0x4249, 0x4249, 0x4249, 0x4249, 0x4249, 0x4249,
  0x4249, 0x4249, 0x4249, 0x424A, 0x4249, 0x4249, 0x4249, 0x4249, 0x4249, 0x4249, 0x4249, 0x4249,
  0x424A, 0x4249, 0x4249, 0x4249, 0x424A, 0x4249, 0x4249, 0x4249, 0x4249, 0x4249, 0x424A, 0x4249,
  0x4249, 0x424A, 0x4249, 0x4249, 0x4249, 0x424A, 0x4249, 0x4249, 0x4249, 0x4249, 0x4249, 0x424A,
  0x4249, 0x4249, 0x4249, 0x4249, 0x4249, 0x4249, 0x424A, 0x4249, 0x424A, 0x4249, 0x4249, 0x424A,
  0x4249, 0x4249, 0x4249, 0x4249, 0x4249, 0x4249, 0x4249, 0x4249, 0x424A, 0x4249, 0x424A, 0x4249,
  0x4249, 0x4249, 0x4249, 0x4249, 0x4249, 0x424A, 0x4249, 0x4249, 0x4249, 0x4249, 0x4249, 0x424A,
  0x4249, 0x4249, 0x424A, 0x4249, 0x4249, 0x4249, 0x424A, 0x4249, 0x4249, 0x4249, 0x4249, 0x424A,
  0x4249, 0x4249, 0x4249, 0x4249, 0x4249, 0x4249, 0x4249, 0x424A, 0x4249, 0x4249, 0x4249, 0x4249,
  0x424A, 0x4249, 0x4249, 0x424A, 0x4249, 0x4249, 0x4249, 0x4249, 0x424A, 0x4249, 0x4249, 0x424A,
  0x4249, 0x4249, 0x4249, 0x4249, 0x4249, 0x424A, 0x4249, 0x4249, 0x4249, 0x424A, 0x4249, 0x4249,
  0x4249, 0x424A, 0x4249, 0x4249, 0x424A, 0x4249, 0x424A, 0x4249, 0x4249, 0x4249, 0x4249, 0x4249,
  0x4249, 0x424A, 0x4249, 0x4249, 0x424A, 0x4249, 0x4249, 0x4249, 0x424A, 0x4249, 0x424A, 0x4249,
  0x424A, 0x4249, 0x4249, 0x4229, 0x39E7, 0x39C7, 0x31C8, 0x31C8, 0x31E7, 0x31C8, 0x39E8, 0x39E8,
  0x39E8, 0x31E7, 0x39C8, 0x31E7, 0x39E8, 0x39E7, 0x39C8, 0x31E8, 0x31C8, 0x39E7, 0x31E8, 0x31E7,
  0x39C8, 0x31E8, 0x39C8, 0x39E8, 0x39E8, 0x39E7, 0x31C8, 0x39E8, 0x31E8, 0x31C8, 0x39E8, 0x39E7,
  0x31C7, 0x39E8, 0x31C8, 0x39E8, 0x39C8, 0x39E8, 0x31E8, 0x39C8, 0x31E8, 0x39E8, 0x31C8, 0x31E8,
  0x39E8, 0x31C8, 0x3A08, 0x4249, 0x424A, 0x4249, 0x4249, 0x4249, 0x4249, 0x4249, 0x4249, 0x4249,
  0x424A, 0x4249, 0x4249, 0x424A, 0x4249, 0x3A29, 0x4228, 0x4A69, 0x4A49, 0x4A69, 0x4A69, 0x4A69,
  0x4A49, 0x4A69, 0x4A69, 0x4A69, 0x4A69, 0x4A49, 0x4A69, 0x4228, 0x3A29, 0x4249, 0x4249, 0x4249,
  0x424A, 0x4249, 0x424A, 0x424A, 0x4249, 0x4249, 0x424A, 0x4249, 0x4249, 0x424A, 0x4249, 0x3A08,
  0x39E8, 0x39E8, 0x39E8, 0x39E8, 0x31E8, 0x39E8, 0x39E8, 0x39E8, 0x31E8, 0x39E8, 0x39E8, 0x39E8,
  0x39E8, 0x39E8, 0x31E8, 0x39E8, 0x39E8, 0x39E8, 0x39E8, 0x39E8, 0x31E8, 0x39E8, 0x39E8, 0x39E8,
  0x31E8, 0x39E8, 0x39E8, 0x39E8, 0x31E8, 0x39E8, 0x39E8, 0x39E8, 0x39E8, 0x31E8, 0x39E8, 0x39E8,
  0x39E8, 0x39E8, 0x39E8, 0x39E8, 0x39C8, 0x39E8, 0x31E8, 0x31C8, 0x31E8, 0x39E8, 0x4229, 0x4249,
  0x424A, 0x4249, 0x4249, 0x4249, 0x4249, 0x4249, 0x4249, 0x4249, 0x424A, 0x4249, 0x4249, 0x4249,
  0x424A, 0x4249, 0x424A, 0x4249, 0x4249, 0x4249, 0x4249, 0x4249, 0x424A, 0x4249, 0x4249, 0x4249,
  0x424A, 0x4249, 0x424A, 0x424A, 0x4249, 0x424A, 0x424A, 0x424A, 0x4249, 0x424A, 0x4249, 0x4249,
  0x4249, 0x4249, 0x4249, 0x424A, 0x4249, 0x4249, 0x424A, 0x4249, 0x4249, 0x4249, 0x424A, 0x4249,
  0x4249, 0x4249, 0x4249, 0x424A, 0x4249, 0x4249, 0x4249, 0x4249, 0x4249, 0x4249, 0x4249, 0x424A,
  0x4249, 0x4249, 0x4249, 0x4249, 0x424A, 0x4249, 0x4249, 0x424A, 0x4249, 0x4249, 0x4249, 0x4249,
  0x424A, 0x4249, 0x4249, 0x424A, 0x4249, 0x4249, 0x4249, 0x4249, 0x4249, 0x424A, 0x4249, 0x4249,
  0x4249, 0x424A, 0x4249, 0x4249, 0x4249, 0x424A, 0x4249, 0x4249, 0x424A, 0x4249, 0x424A, 0x4249,
  0x4249, 0x4249, 0x4249, 0x4249, 0x424A, 0x4249, 0x4249, 0x4249, 0x424A, 0x4249, 0x4249, 0x424A,
  0x4249, 0x4249, 0x4249, 0x4249, 0x4249, 0x4249, 0x424A, 0x4249, 0x424A, 0x4249, 0x424A, 0x4249,
  0x4249, 0x4249, 0x4249, 0x424A, 0x4249, 0x4249, 0x4249, 0x424A, 0x4249, 0x4249, 0x4249, 0x4249,
  0x4249, 0x424A, 0x424A, 0x4249, 0x4249, 0x4249, 0x4249, 0x4249, 0x424A, 0x4249, 0x4249, 0x4249,
  0x4249, 0x4249, 0x4249, 0x424A, 0x4249, 0x4249, 0x4249, 0x4249, 0x4249, 0x4249, 0x4249, 0x424A,
  0x4249, 0x4249, 0x4249, 0x4249, 0x4249, 0x424A, 0x4249, 0x4249, 0x424A, 0x4249, 0x4249, 0x4249,
  0x4249, 0x4249, 0x424A, 0x4249, 0x4249, 0x4249, 0x4249, 0x4249, 0x4249, 0x4249, 0x4249, 0x4249,
  0x4249, 0x4249, 0x4249, 0x4249, 0x4249, 0x4249, 0x4249, 0x4249, 0x4249, 0x4249, 0x4249, 0x424A,
  0x4249, 0x4249, 0x4249, 0x424A, 0x4249, 0x424A, 0x4249, 0x424A, 0x4249, 0x4249, 0x4249, 0x4249,
  0x4249, 0x4249, 0x4249, 0x4249, 0x4249, 0x4249, 0x424A, 0x4249, 0x4249, 0x4249, 0x4249, 0x4249,
  0x4249, 0x4249, 0x4249, 0x4249, 0x4249, 0x4249, 0x424A, 0x4249, 0x424A, 0x4249, 0x4249, 0x4249,
  0x4249, 0x4249, 0x424A, 0x424A, 0x4249, 0x4249, 0x4249, 0x4249, 0x4249, 0x4249, 0x4249, 0x4249,
  0x4249, 0x4249, 0x4249, 0x4249, 0x4249, 0x424A, 0x4249, 0x4249, 0x4249, 0x424A, 0x4249, 0x4249,
  0x4249, 0x4249, 0x4249, 0x424A, 0x4249, 0x424A, 0x4249, 0x4249, 0x424A, 0x4249, 0x4249, 0x4249,
  0x4249, 0x4249, 0x4249, 0x4249, 0x4249, 0x424A, 0x4249, 0x4249, 0x424A, 0x4249, 0x4249, 0x4249,
  0x4249, 0x424A, 0x4249, 0x4249, 0x4249, 0x424A, 0x4249, 0x4249, 0x4249, 0x4249, 0x4249, 0x4249,
  0x4249, 0x4249, 0x424A, 0x4249, 0x4249, 0x4249, 0x4249, 0x4249, 0x4249, 0x424A, 0x4249, 0x4249,
  0x4249, 0x4249, 0x4249, 0x4249, 0x4249, 0x4249, 0x424A, 0x4249, 0x4249, 0x4249, 0x424A, 0x424A,
  0x4249, 0x4249, 0x4249, 0x4249, 0x4249, 0x424A, 0x4249, 0x4249, 0x4249, 0x4249, 0x4249, 0x4249,
  0x424A, 0x4249, 0x4249, 0x4249, 0x4249, 0x4249, 0x4249, 0x424A, 0x4249, 0x4249, 0x4249, 0x4249,
  0x424A, 0x424A, 0x4249, 0x4249, 0x4249, 0x4249, 0x4249, 0x4249, 0x4249, 0x4249, 0x4249, 0x4249,
  0x4249, 0x4249, 0x424A, 0x4249, 0x4249, 0x4249, 0x4249, 0x4249, 0x424A, 0x4249, 0x4249, 0x4249,
  0x424A, 0x4249, 0x4249, 0x424A, 0x4249, 0x4249, 0x4249, 0x4249, 0x4249, 0x4249, 0x424A, 0x4249,
  0x424A, 0x4249, 0x424A, 0x4249, 0x4249, 0x4249, 0x4249, 0x424A, 0x4249, 0x4249, 0x4249, 0x424A,
  0x4249, 0x4249, 0x4249, 0x4249, 0x4249, 0x424A, 0x424A, 0x4249, 0x4249, 0x4249, 0x4249, 0x4249,
  0x424A, 0x4249, 0x4249, 0x4249, 0x4249, 0x4249, 0x4249, 0x424A, 0x4249, 0x4249, 0x4249, 0x4249,
  0x4249, 0x4249, 0x4249, 0x424A, 0x4249, 0x4249, 0x4249, 0x4249, 0x4249, 0x424A, 0x4249, 0x4249,
  0x4249, 0x4249, 0x424A, 0x4249, 0x4249, 0x4249, 0x4249, 0x4249, 0x4249, 0x4249, 0x424A, 0x4249,
  0x4249, 0x424A, 0x4249, 0x4249, 0x4249, 0x4249, 0x4249, 0x424A, 0x4249, 0x4249, 0x424A, 0x4249,
  0x4249, 0x4249, 0x4249, 0x4249, 0x4249, 0x424A, 0x424A, 0x4249, 0x4249, 0x4249, 0x4249, 0x4249,
  0x424A, 0x4249, 0x4249, 0x4249, 0x4249, 0x4249, 0x4249, 0x424A, 0x424A, 0x4249, 0x4249, 0x4249,
  0x4249, 0x424A, 0x424A, 0x4249, 0x4249, 0x4249, 0x4249, 0x4249, 0x4249, 0x424A, 0x4249, 0x4249,
  0x424A, 0x4249, 0x4249, 0x4249, 0x4249, 0x4249, 0x424A, 0x4249, 0x424A, 0x4249, 0x4249, 0x4249,
  0x4249, 0x4249, 0x424A, 0x4249, 0x424A, 0x4249, 0x424A, 0x424A, 0x4249, 0x424A, 0x4249, 0x4249,
  0x4249, 0x4249, 0x4249, 0x424A, 0x4249, 0x424A, 0x4249, 0x4249, 0x4249, 0x424A, 0x4249, 0x4249,
  0x424A, 0x4249, 0x4249, 0x4249, 0x4249, 0x4249, 0x4249, 0x4249, 0x424A, 0x4249, 0x424A, 0x4249,
  0x4249, 0x4249, 0x4249, 0x424A, 0x4249, 0x4249, 0x424A, 0x4249, 0x424A, 0x4249, 0x4249, 0x4249,
  0x4249, 0x4249, 0x4249, 0x4249, 0x424A, 0x4249, 0x4249, 0x4249, 0x4249, 0x424A, 0x4249, 0x4249,
  0x4249, 0x424A, 0x424A, 0x4249, 0x4249, 0x424A, 0x4249, 0x4249, 0x424A, 0x4249, 0x424A, 0x424A,
  0x424A, 0x4249, 0x4249, 0x4249, 0x4249, 0x4249, 0x424A, 0x4249, 0x4249, 0x424A, 0x4249, 0x4249,
  0x4249, 0x4249, 0x424A, 0x4249, 0x4249, 0x4249, 0x4249, 0x4249, 0x424A, 0x424A, 0x4249, 0x4249,
  0x424A, 0x4249, 0x4249, 0x4249, 0x4249, 0x4249, 0x424A, 0x4249, 0x4249, 0x4249, 0x424A, 0x4249,
  0x4249, 0x4249, 0x4249, 0x4249, 0x424A, 0x424A, 0x4249, 0x4249, 0x4249, 0x4249, 0x4249, 0x4249,
  0x4249, 0x4249, 0x4249, 0x4249, 0x4249, 0x4249, 0x4249, 0x4249, 0x4249, 0x424A, 0x4249, 0x424A,
  0x4249, 0x4249, 0x4249, 0x4249, 0x4249, 0x4249, 0x4249, 0x4249, 0x4249, 0x4249, 0x424A, 0x4249,
  0x4249, 0x4249, 0x4249, 0x4249, 0x4249, 0x4249, 0x424A, 0x4249, 0x4249, 0x4249, 0x424A, 0x4249,
  0x424A, 0x4249, 0x4249, 0x4249, 0x4249, 0x4249, 0x424A, 0x4249, 0x4249, 0x4249, 0x4249, 0x4249,
  0x424A, 0x4249, 0x4249, 0x4249, 0x4249, 0x4249, 0x4249, 0x4249, 0x4249, 0x4249, 0x4249, 0x4249,
  0x4249, 0x424A, 0x4249, 0x4249, 0x4249, 0x4249, 0x424A, 0x4249, 0x4249, 0x4249, 0x4249, 0x4249,
  0x4249, 0x4249, 0x424A, 0x4249, 0x4249, 0x424A, 0x4249, 0x4249, 0x4249, 0x4249, 0x4249, 0x424A,
  0x4249, 0x4249, 0x424A, 0x4249, 0x4249, 0x4249, 0x4249, 0x4249, 0x4249, 0x424A, 0x424A, 0x4249,
  0x4249, 0x4249, 0x4249, 0x4249, 0x424A, 0x4249, 0x4249, 0x4249, 0x4249, 0x4249, 0x4249, 0x424A,
  0x424A, 0x4249, 0x4249, 0x4249, 0x4249, 0x424A, 0x424A, 0x4249, 0x4249, 0x4249, 0x4249, 0x4249,
  0x4249, 0x424A, 0x4249, 0x4249, 0x4249, 0x424A, 0x4249, 0x4249, 0x424A, 0x4249, 0x4249, 0x4249,
  0x4249, 0x424A, 0x4249, 0x4249, 0x424A, 0x4249, 0x424A, 0x424A, 0x4249, 0x4249, 0x4249, 0x4249,
  0x4249, 0x4249, 0x4249, 0x4249, 0x424A, 0x4249, 0x4249, 0x4249, 0x4249, 0x424A, 0x4249, 0x4249,
  0x4249, 0x4249, 0x4249, 0x4249, 0x424A, 0x4249, 0x4249, 0x4249, 0x424A, 0x4249, 0x4249, 0x424A,
  0x424A, 0x4249, 0x424A, 0x4249, 0x4249, 0x4249, 0x424A, 0x4249, 0x4249, 0x4249, 0x424A, 0x4249,
  0x4249, 0x424A, 0x424A, 0x4249, 0x4249, 0x4249, 0x424A, 0x4249, 0x4249, 0x424A, 0x4249, 0x424A,
  0x4249, 0x4249, 0x4249, 0x4249, 0x4249, 0x4249, 0x4249, 0x4249, 0x4249, 0x4249, 0x4249, 0x4249,
  0x4249, 0x4249, 0x4249, 0x4249, 0x4249, 0x4249, 0x4249, 0x424A, 0x424A, 0x4249, 0x4249, 0x424A,
  0x4249, 0x424A, 0x4249, 0x4249, 0x4249, 0x4249, 0x4249, 0x4249, 0x4249, 0x4249, 0x4249, 0x424A,
  0x4249, 0x424A, 0x4249, 0x4249, 0x424A, 0x4249, 0x4249, 0x4249, 0x424A, 0x4249, 0x4249, 0x4249,
  0x424A, 0x4249, 0x4249, 0x4249, 0x4249, 0x4249, 0x424A, 0x4249, 0x424A, 0x4249, 0x4249, 0x4249,
  0x424A, 0x4249, 0x4249, 0x424A, 0x4249, 0x4249, 0x4249, 0x4249, 0x4249, 0x4249, 0x4249, 0x4249,
  0x424A, 0x4249, 0x4249, 0x4249, 0x4249, 0x4249, 0x4249, 0x4249, 0x4249, 0x4249, 0x4249, 0x424A,
  0x4249, 0x4249, 0x424A, 0x4249, 0x4249, 0x4249, 0x4249, 0x4249, 0x4249, 0x4249, 0x4249, 0x4249,
  0x4249, 0x424A, 0x4249, 0x4249, 0x4249, 0x4249, 0x4249, 0x424A, 0x4249, 0x424A, 0x4249, 0x4249,
  0x4249, 0x4249, 0x4249, 0x424A, 0x4249, 0x4249, 0x4249, 0x424A, 0x4249, 0x4249, 0x4249, 0x4249,
  0x4249, 0x4249, 0x4249, 0x424A, 0x4249, 0x4249, 0x424A, 0x4249, 0x4249, 0x424A, 0x424A, 0x4249,
  0x4249, 0x4249, 0x4249, 0x4249, 0x424A, 0x4249, 0x4249, 0x424A, 0x4249, 0x4249, 0x4249, 0x424A,
  0x4249, 0x4249, 0x424A, 0x4249, 0x4249, 0x4249, 0x4249, 0x4249, 0x4249, 0x4249, 0x4249, 0x4249,
  0x424A, 0x4249, 0x424A, 0x4249, 0x4249, 0x4249, 0x424A, 0x4249, 0x4249, 0x4249, 0x424A, 0x4249,
  0x4249, 0x4249, 0x424A, 0x4249, 0x4249, 0x4249, 0x424A, 0x4249, 0x4249, 0x424A, 0x424A, 0x4249,
  0x424A, 0x424A, 0x4249, 0x4249, 0x4249, 0x424A, 0x4249, 0x4249, 0x4249, 0x424A, 0x4249, 0x4249,
  0x424A, 0x4249, 0x4249, 0x4249, 0x4249, 0x424A, 0x4249, 0x4249, 0x424A, 0x4249, 0x424A, 0x424A,
  0x4249, 0x4249, 0x4249, 0x4249, 0x4249, 0x4249, 0x4249, 0x4249, 0x424A, 0x4249, 0x4249, 0x4249,
  0x4249, 0x424A, 0x4249, 0x4249, 0x4249, 0x4249, 0x4249, 0x4249, 0x424A, 0x4249, 0x4249, 0x4249,
  0x424A, 0x4249, 0x4249, 0x424A, 0x424A, 0x4249, 0x424A, 0x4249, 0x4249, 0x4249, 0x424A, 0x4249,
  0x4249, 0x4249, 0x424A, 0x4249, 0x4249, 0x424A, 0x424A, 0x4249, 0x4249, 0x4249, 0x424A, 0x4249,
  0x424A, 0x4249, 0x4249, 0x4249, 0x4249, 0x4249, 0x4249, 0x4249, 0x4249, 0x424A, 0x4249, 0x4249,
  0x4249, 0x4249, 0x4249, 0x4249, 0x4249, 0x4249, 0x424A, 0x4249, 0x4249, 0x4249, 0x4249, 0x424A,
  0x4249, 0x4249, 0x4249, 0x4249, 0x4249, 0x424A, 0x424A, 0x4249, 0x4249, 0x4249, 0x424A, 0x4249,
  0x4249, 0x4249, 0x424A, 0x4249, 0x4249, 0x4249, 0x4249, 0x4249, 0x4249, 0x4249, 0x4249, 0x4249,
  0x4249, 0x4249, 0x4249, 0x4249, 0x4249, 0x4249, 0x4249, 0x4249, 0x4249, 0x4249, 0x4249, 0x4249,
  0x424A, 0x4249, 0x4249, 0x4249, 0x4249, 0x4249, 0x4249, 0x4249, 0x4249, 0x424A, 0x4249, 0x424A,
  0x4249, 0x4249, 0x424A, 0x424A, 0x4249, 0x424A, 0x4249, 0x4249, 0x424A, 0x4249, 0x4249, 0x4249,
  0x424A, 0x4249, 0x4249, 0x4249, 0x424A, 0x4249, 0x4249, 0x4249, 0x4249, 0x4249, 0x4249, 0x4249,
  0x4249, 0x424A, 0x4249, 0x4249, 0x4249, 0x4249, 0x4249, 0x4249, 0x424A, 0x4249, 0x4249, 0x4249,
  0x4249, 0x4249, 0x4249, 0x4249, 0x4249, 0x4249, 0x4249, 0x424A, 0x4249, 0x4249, 0x4249, 0x4249,
  0x424A, 0x4249, 0x4249, 0x4249, 0x424A, 0x4249, 0x4249, 0x4249, 0x4249, 0x4249, 0x424A, 0x4249,
  0x4249, 0x4249, 0x4249, 0x424A, 0x4249, 0x424A, 0x4249, 0x424A, 0x4249, 0x4249, 0x424A, 0x4249,
  0x4249, 0x4249, 0x4249, 0x4249, 0x4249, 0x4249, 0x424A, 0x4249, 0x4249, 0x4249, 0x4249, 0x4249,
  0x424A, 0x4249, 0x424A, 0x4249, 0x4249, 0x4249, 0x4249, 0x424A, 0x4249, 0x4249, 0x424A, 0x4249,
  0x4249, 0x4249, 0x4249, 0x4249, 0x4249, 0x4249, 0x4249, 0x4249, 0x4249, 0x424A, 0x4249, 0x4249,
  0x4249, 0x4249, 0x4249, 0x4249, 0x424A, 0x424A, 0x4249, 0x424A, 0x424A, 0x4249, 0x4249, 0x4249,
  0x4249, 0x424A, 0x4249, 0x4249, 0x4249, 0x4249, 0x4249, 0x4249, 0x424A, 0x424A, 0x424A, 0x4249,
  0x4249, 0x4249, 0x4249, 0x4249, 0x4249, 0x4249, 0x4249, 0x4249, 0x424A, 0x4249, 0x4249, 0x4249,
  0x4249, 0x424A, 0x4249, 0x424A, 0x424A, 0x4249, 0x4249, 0x424A, 0x4249, 0x4249, 0x4249, 0x424A,
  0x4249, 0x4249, 0x4249, 0x4249, 0x4249, 0x4249, 0x4249, 0x424A, 0x424A, 0x4249, 0x4249, 0x4249,
  0x4249, 0x4249, 0x4249, 0x4249, 0x4249, 0x4249, 0x4249, 0x4249, 0x4249, 0x4249, 0x4249, 0x424A,
  0x4249, 0x4249, 0x4249, 0x4249, 0x424A, 0x4249, 0x4249, 0x4249, 0x4249, 0x4249, 0x4249, 0x4249,
  0x4249, 0x424A, 0x4249, 0x4249, 0x4249, 0x4249, 0x4249, 0x4249, 0x4249, 0x4249, 0x424A, 0x4249,
  0x4249, 0x4249, 0x4249, 0x424A, 0x4249, 0x4249, 0x4249, 0x4249, 0x4249, 0x424A, 0x424A, 0x4249,
  0x4249, 0x4249, 0x424A, 0x4249, 0x4249, 0x4249, 0x424A, 0x4249, 0x4249, 0x4249, 0x4249, 0x4249,
  0x4249, 0x4249, 0x4249, 0x4249, 0x4249, 0x4249, 0x4249, 0x4249, 0x4249, 0x4249, 0x4249, 0x4249,
  0x4249, 0x4249, 0x4249, 0x4249, 0x424A, 0x4249, 0x4249, 0x4249, 0x4249, 0x4249, 0x4249, 0x424A,
  0x4249, 0x424A, 0x4249, 0x4249, 0x4249, 0x424A, 0x4249, 0x4249, 0x4249, 0x4249, 0x4249, 0x4249,
  0x4249, 0x424A, 0x4249, 0x424A, 0x4249, 0x4249, 0x424A, 0x4249, 0x4249, 0x4249, 0x424A, 0x4249,
  0x4249, 0x4249, 0x4249, 0x4249, 0x4249, 0x4249, 0x424A, 0x4249, 0x4249, 0x4249, 0x424A, 0x4249,
  0x4249, 0x424A, 0x4249, 0x4249, 0x4249, 0x4249, 0x4249, 0x424A, 0x4249, 0x4249, 0x424A, 0x4249,
  0x4249, 0x424A, 0x4249, 0x424A, 0x4249, 0x424A, 0x4249, 0x4249, 0x4249, 0x4249, 0x4249, 0x4249,
  0x4249, 0x4249, 0x4249, 0x4249, 0x4249, 0x424A, 0x4249, 0x4249, 0x424A, 0x4249, 0x4249, 0x4249,
  0x4249, 0x4249, 0x4249, 0x4249, 0x424A, 0x4249, 0x424A, 0x4249, 0x424A, 0x4249, 0x4249, 0x4249,
  0x4249, 0x4249, 0x4249, 0x424A, 0x4249, 0x4249, 0x4249, 0x424A, 0x4249, 0x4249, 0x4249, 0x4249,
  0x424A, 0x424A, 0x4249, 0x4249, 0x4249, 0x4249, 0x4249, 0x424A, 0x4249, 0x424A, 0x4249, 0x4249,
  0x424A, 0x4249, 0x4249, 0x4249, 0x4249, 0x4249, 0x4249, 0x4249, 0x424A, 0x4249, 0x4249, 0x4249,
  0x4249, 0x4249, 0x4249, 0x424A, 0x4249, 0x4249, 0x424A, 0x4249, 0x4249, 0x424A, 0x4249, 0x4249,
  0x4249, 0x4249, 0x4249, 0x4249, 0x4249, 0x4249, 0x4249, 0x424A, 0x424A, 0x4249, 0x4249, 0x424A,
  0x4249, 0x4249, 0x4249, 0x4249, 0x4249, 0x4249, 0x424A, 0x424A, 0x4249, 0x4249, 0x4249, 0x424A,
  0x4249, 0x4249, 0x424A, 0x4249, 0x4249, 0x4249, 0x424A, 0x4249, 0x4249, 0x4249, 0x424A, 0x4249,
  0x4249, 0x424A, 0x424A, 0x424A, 0x4249, 0x4249, 0x4249, 0x4249, 0x424A, 0x424A, 0x4249, 0x4249,
  0x4249, 0x4249, 0x4249, 0x4249, 0x4249, 0x4249, 0x4249, 0x424A, 0x4249, 0x4249, 0x424A, 0x4249,
  0x4249, 0x424A, 0x4249, 0x4249, 0x4249, 0x4249, 0x4249, 0x4249, 0x424A, 0x4249, 0x4249, 0x4249,
  0x424A, 0x424A, 0x4249, 0x4249, 0x4249, 0x4249, 0x4249, 0x424A, 0x424A, 0x4249, 0x4249, 0x424A,
  0x4249, 0x4249, 0x4249, 0x4249, 0x424A, 0x4249, 0x4249, 0x4249, 0x424A, 0x4249, 0x4249, 0x424A,
  0x4249, 0x4249, 0x4249, 0x4249, 0x4249, 0x4249, 0x4249, 0x4249, 0x424A, 0x4249, 0x424A, 0x4249,
  0x4249, 0x4249, 0x4249, 0x4249, 0x4249, 0x4249, 0x424A, 0x4249, 0x4249, 0x4249, 0x424A, 0x4249,
  0x4249, 0x4249, 0x4249, 0x424A, 0x4249, 0x424A, 0x4249, 0x4249, 0x4249, 0x424A, 0x4249, 0x4249,
  0x4249, 0x4249, 0x4249, 0x4249, 0x4249, 0x424A, 0x4249, 0x424A, 0x4249, 0x4249, 0x424A, 0x4249,
  0x4249, 0x4249, 0x424A, 0x4249, 0x4249, 0x4249, 0x4249, 0x4249, 0x4249, 0x4249, 0x424A, 0x4249,
  0x4249, 0x4249, 0x424A, 0x4249, 0x4249, 0x424A, 0x4249, 0x4249, 0x4249, 0x4249, 0x4249, 0x424A,
  0x4249, 0x4249, 0x424A, 0x4249, 0x4249, 0x424A, 0x4249, 0x424A, 0x4249, 0x424A, 0x4249, 0x4249,
  0x4249, 0x4249, 0x4249, 0x4249, 0x4249, 0x424A, 0x4249, 0x4249, 0x4249, 0x4249, 0x4249, 0x424A,
  0x4249, 0x4249, 0x4249, 0x4249, 0x424A, 0x4249, 0x424A, 0x4249, 0x424A, 0x4249, 0x4249, 0x4249,
  0x4249, 0x424A, 0x4249, 0x4249, 0x4249, 0x424A, 0x4249, 0x424A, 0x4249, 0x4249, 0x424A, 0x4249,
  0x4249, 0x424A, 0x4249, 0x4249, 0x4249, 0x4249, 0x4249, 0x4249, 0x424A, 0x4249, 0x4249, 0x424A,
  0x4249, 0x424A, 0x4249, 0x4249, 0x4249, 0x4249, 0x424A, 0x4249, 0x4249, 0x4249, 0x4249, 0x4249,
  0x4249, 0x4249, 0x4249, 0x4249, 0x424A, 0x4249, 0x4249, 0x424A, 0x424A, 0x4249, 0x424A, 0x4249,
  0x4249, 0x4249, 0x4249, 0x4249, 0x4249, 0x4249, 0x4249, 0x4249, 0x424A, 0x4249, 0x4249, 0x4249,
  0x4249, 0x4249, 0x4249, 0x4249, 0x4249, 0x424A, 0x424A, 0x4249, 0x424A, 0x4249, 0x4249, 0x4249,
  0x4249, 0x4249, 0x4249, 0x4249, 0x424A, 0x4249, 0x4249, 0x424A, 0x4249, 0x4249, 0x424A, 0x4249,
  0x424A, 0x4249, 0x4249, 0x4249, 0x424A, 0x4249, 0x4249, 0x4249, 0x4249, 0x4249, 0x4249, 0x4249,
  0x4249, 0x424A, 0x424A, 0x4249, 0x4249, 0x4249, 0x4249, 0x4249, 0x424A, 0x4249, 0x4249, 0x4249,
  0x4249, 0x4249, 0x4249, 0x4249, 0x4249, 0x4249, 0x424A, 0x4249, 0x4249, 0x4249, 0x424A, 0x424A,
  0x4249, 0x4249, 0x4249, 0x4249, 0x4249, 0x4249, 0x4249, 0x4249, 0x4249, 0x424A, 0x4249, 0x424A,
  0x4249, 0x4249, 0x4249, 0x4249, 0x4249, 0x4249, 0x4249, 0x4249, 0x424A, 0x4249, 0x424A, 0x4249,
  0x4249, 0x4249, 0x424A, 0x4249, 0x4249, 0x4249, 0x424A, 0x4249, 0x4249, 0x4249, 0x4249, 0x4249,
  0x4249, 0x4249, 0x424A, 0x4249, 0x4249, 0x4249, 0x4249, 0x4249, 0x4249, 0x4249, 0x4249, 0x4249,
  0x4249, 0x4249, 0x4249, 0x4249, 0x4249, 0x4249, 0x4249, 0x424A, 0x4249, 0x4249, 0x4249, 0x4249,
  0x4249, 0x4249, 0x4249, 0x4249, 0x424A, 0x4249, 0x4249, 0x4249, 0x424A, 0x4249, 0x4249, 0x4249,
  0x424A, 0x424A, 0x4249, 0x4249, 0x4249, 0x4249, 0x4249, 0x4249, 0x4249, 0x4249, 0x424A, 0x4249,
  0x4249, 0x4249, 0x4249, 0x4249, 0x4249, 0x4249, 0x4249, 0x4249, 0x4249, 0x424A, 0x4249, 0x4249,
  0x424A, 0x4249, 0x424A, 0x4249, 0x4249, 0x4249, 0x4249, 0x4249, 0x4249, 0x424A, 0x4249, 0x424A,
  0x4249, 0x4249, 0x4249, 0x4249, 0x4249, 0x424A, 0x4249, 0x4249, 0x4249, 0x424A, 0x4249, 0x4249,
  0x4249, 0x4249, 0x4249, 0x424A, 0x4249, 0x4249, 0x4249, 0x4249, 0x424A, 0x4249, 0x424A, 0x4249,
  0x424A, 0x4249, 0x4249, 0x4249, 0x4249, 0x424A, 0x4249, 0x4249, 0x4249, 0x424A, 0x4249, 0x424A,
  0x4249, 0x4249, 0x424A, 0x4249, 0x4249, 0x424A, 0x4249, 0x4249, 0x4249, 0x4249, 0x4249, 0x4249,
  0x424A, 0x4249, 0x4249, 0x424A, 0x4249, 0x424A, 0x4249, 0x4249, 0x4249, 0x4249, 0x424A, 0x4249,
  0x4249, 0x4249, 0x4249, 0x4249, 0x4249, 0x4249, 0x4249, 0x4249, 0x424A, 0x4249, 0x4249, 0x424A,
  0x4249, 0x4249, 0x4249, 0x4249, 0x4249, 0x424A, 0x4249, 0x4249, 0x4249, 0x4249, 0x4249, 0x424A,
  0x4249, 0x4249, 0x4249, 0x424A, 0x4249, 0x4249, 0x4249, 0x424A, 0x4249, 0x4249, 0x4249, 0x4249,
  0x424A, 0x4249, 0x4249, 0x4249, 0x4249, 0x4249, 0x4249, 0x4249, 0x4249, 0x4249, 0x4249, 0x4249,
  0x424A, 0x4249, 0x424A, 0x4249, 0x4249, 0x4249, 0x4249, 0x4249, 0x4249, 0x4249, 0x4249, 0x424A,
  0x4249, 0x4249, 0x4249, 0x4249, 0x4249, 0x424A, 0x4249, 0x4249, 0x424A, 0x4249, 0x4249, 0x4249,
  0x4249, 0x4249, 0x424A, 0x4249, 0x4249, 0x4249, 0x4249, 0x4249, 0x4249, 0x4249, 0x424A, 0x4249,
  0x4249, 0x4249, 0x4249, 0x424A, 0x4249, 0x4249, 0x4249, 0x4249, 0x4249, 0x4249, 0x424A, 0x4249,
  0x4249, 0x4249, 0x4249, 0x4249, 0x4249, 0x4249, 0x4249, 0x424A, 0x4249, 0x4249, 0x424A, 0x4249,
  0x424A, 0x4249, 0x4249, 0x4249, 0x4249, 0x4249, 0x4249, 0x4249, 0x4249, 0x4249, 0x4249, 0x4249,
  0x4249, 0x424A, 0x4249, 0x424A, 0x4249, 0x424A, 0x424A, 0x424A, 0x4249, 0x4249, 0x4249, 0x424A,
  0x4249, 0x4249, 0x424A, 0x424A, 0x4249, 0x4249, 0x4249, 0x424A, 0x4249, 0x4249, 0x4249, 0x424A,
  0x4249, 0x4249, 0x4249, 0x424A, 0x4249, 0x4249, 0x4249, 0x4249, 0x424A, 0x4249, 0x4249, 0x424A,
  0x4249, 0x424A, 0x424A, 0x4249, 0x424A, 0x4249, 0x4249, 0x4249, 0x424A, 0x4249, 0x4249, 0x4249,
  0x4249, 0x424A, 0x4249, 0x4249, 0x4249, 0x4249, 0x4249, 0x4249, 0x4249, 0x4249, 0x4249, 0x4249,
  0x424A, 0x4249, 0x4249, 0x4249, 0x4249, 0x4249, 0x4249, 0x4249, 0x4249, 0x4249, 0x4249, 0x4249,
  0x4249, 0x424A, 0x4249, 0x424A, 0x424A, 0x4249, 0x4249, 0x424A, 0x424A, 0x424A, 0x4249, 0x424A,
  0x4249, 0x4249, 0x4249, 0x4249, 0x4249, 0x424A, 0x4249, 0x4249, 0x424A, 0x4249, 0x424A, 0x424A,
  0x4249, 0x4249, 0x424A, 0x4249, 0x4249, 0x4249, 0x4249, 0x4249, 0x4249, 0x424A, 0x4249, 0x4249,
  0x4249, 0x4249, 0x4249, 0x424A, 0x4249, 0x4249, 0x4249, 0x4249, 0x4249, 0x4249, 0x424A, 0x4249,
  0x4249, 0x424A, 0x4249, 0x424A, 0x424A, 0x4249, 0x4249, 0x4249, 0x4249, 0x4249, 0x4249, 0x4249,
  0x424A, 0x4249, 0x4249, 0x424A, 0x4249, 0x4249, 0x4249, 0x4249, 0x4249, 0x424A, 0x4249, 0x4249,
  0x4249, 0x424A, 0x4249, 0x4249, 0x4249, 0x4249, 0x4249, 0x4249, 0x4249, 0x424A, 0x4249, 0x4249,
  0x4249, 0x4249, 0x4249, 0x424A, 0x4249, 0x4249, 0x4249, 0x424A, 0x4249, 0x4249, 0x4249, 0x424A,
  0x4249, 0x4249, 0x4249, 0x4249, 0x424A, 0x4249, 0x4249, 0x4249, 0x4249, 0x4249, 0x4249, 0x4249,
  0x4249, 0x4249, 0x4249, 0x4249, 0x424A, 0x4249, 0x424A, 0x4249, 0x4249, 0x4249, 0x4249, 0x4249,
  0x4249, 0x4249, 0x4249, 0x424A, 0x4249, 0x4249, 0x4249, 0x4249, 0x4249, 0x424A, 0x4249, 0x4249,
  0x424A, 0x4249, 0x4249, 0x4249, 0x4249, 0x4249, 0x424A, 0x4249, 0x4249, 0x424A, 0x4249, 0x424A,
  0x4249, 0x4249, 0x4249, 0x424A, 0x4249, 0x424A, 0x4249, 0x4249, 0x4249, 0x4249, 0x4249, 0x4249,
  0x4249, 0x4249, 0x424A, 0x4249, 0x4249, 0x424A, 0x4249, 0x4249, 0x4249, 0x4249, 0x4249, 0x4249,
  0x424A, 0x4249, 0x424A, 0x424A, 0x424A, 0x4249, 0x4249, 0x424A, 0x4249, 0x4249, 0x4249, 0x4249,
  0x4249, 0x4249, 0x424A, 0x4249, 0x4249, 0x424A, 0x4249, 0x4249, 0x4249, 0x4249, 0x424A, 0x4249,
  0x424A, 0x4249, 0x4249, 0x4249, 0x424A, 0x4249, 0x4249, 0x424A, 0x4249, 0x4249, 0x4249, 0x4249,
  0x424A, 0x4249, 0x424A, 0x4249, 0x4249, 0x4249, 0x4249, 0x4249, 0x424A, 0x424A, 0x4249, 0x4249,
  0x4249, 0x4249, 0x424A, 0x424A, 0x4249, 0x4249, 0x424A, 0x4249, 0x4249, 0x4249, 0x4249, 0x4249,
  0x424A, 0x4249, 0x4249, 0x424A, 0x4249, 0x4249, 0x4249, 0x4249, 0x4249, 0x4249, 0x424A, 0x424A,
  0x4249, 0x4249, 0x424A, 0x4249, 0x4249, 0x4249, 0x424A, 0x4249, 0x4249, 0x4249, 0x4249, 0x4249,
  0x4249, 0x4249, 0x4249, 0x4249, 0x4249, 0x4249, 0x4249, 0x4249, 0x4249, 0x4249, 0x4249, 0x4249,
  0x4249, 0x424A, 0x4249, 0x424A, 0x4249, 0x4249, 0x4249, 0x424A, 0x4249, 0x4249, 0x4249, 0x4249,
  0x424A, 0x4249, 0x4249, 0x4249, 0x4249, 0x4249, 0x4249, 0x4249, 0x4249, 0x4249, 0x4249, 0x4249,
  0x4249, 0x4249, 0x4249, 0x4249, 0x4249, 0x4249, 0x424A, 0x4249, 0x4249, 0x4249, 0x4249, 0x424A,
  0x4249, 0x4249, 0x4249, 0x424A, 0x424A, 0x4249, 0x4249, 0x4249, 0x424A, 0x4249, 0x4249, 0x4249,
  0x424A, 0x4249, 0x4249, 0x424A, 0x4249, 0x4249, 0x4249, 0x424A, 0x424A, 0x4249, 0x4249, 0x4249,
  0x4249, 0x4249, 0x424A, 0x4249, 0x4249, 0x4249, 0x4249, 0x4249, 0x4249, 0x4249, 0x4249, 0x424A,
  0x4249, 0x4249, 0x4249, 0x424A, 0x4249, 0x4249, 0x4249, 0x4249, 0x4249, 0x4249, 0x4249, 0x4249,
  0x4249, 0x4249, 0x424A, 0x4249, 0x4249, 0x4249, 0x4249, 0x4249, 0x424A, 0x4249, 0x424A, 0x4249,
  0x4249, 0x4249, 0x424A, 0x424A, 0x4249, 0x424A, 0x424A, 0x4249, 0x4249, 0x4249, 0x4249, 0x4249,
  0x4249, 0x4249, 0x424A, 0x4249, 0x4249, 0x424A, 0x4249, 0x4249, 0x4249, 0x4249, 0x424A, 0x4249,
  0x4249, 0x4249, 0x424A, 0x4249, 0x4249, 0x424A, 0x4249, 0x4249, 0x424A, 0x4249, 0x4249, 0x4249,
  0x4249, 0x424A, 0x4249, 0x424A, 0x4249, 0x4249, 0x4249, 0x424A, 0x4249, 0x424A, 0x4249, 0x4249,
  0x4249, 0x4249, 0x4249, 0x4249, 0x4249, 0x4249, 0x424A, 0x4249, 0x4249, 0x424A, 0x4249, 0x4249,
  0x4249, 0x4249, 0x4249, 0x4249, 0x424A, 0x4249, 0x424A, 0x424A, 0x424A, 0x4249, 0x4249, 0x424A,
  0x4249, 0x4249, 0x4249, 0x4249, 0x4249, 0x4249, 0x424A, 0x4249, 0x4249, 0x424A, 0x4249, 0x4249,
  0x4249, 0x4249, 0x424A, 0x4249, 0x424A, 0x4249, 0x4249, 0x4249, 0x424A, 0x4249, 0x4249, 0x424A,
  0x4249, 0x4249, 0x4249, 0x4249, 0x4249, 0x424A, 0x4249, 0x4249, 0x424A, 0x4249, 0x4249, 0x4249,
  0x4249, 0x4249, 0x4249, 0x424A, 0x4249, 0x424A, 0x4249, 0x424A, 0x4249, 0x4249, 0x4249, 0x4249,
  0x4249, 0x4249, 0x424A, 0x4249, 0x4249, 0x4249, 0x424A, 0x424A, 0x4249, 0x4249, 0x4249, 0x4249,
  0x4249, 0x4249, 0x4249, 0x4249, 0x4249, 0x4249, 0x424A, 0x424A, 0x4249, 0x4249, 0x4249, 0x4249,
  0x424A, 0x4249, 0x4249, 0x4249, 0x4249, 0x424A, 0x4249, 0x4249, 0x4249, 0x4249, 0x424A, 0x4249,
  0x4249, 0x424A, 0x4249, 0x4249, 0x4249, 0x4249, 0x4249, 0x4249, 0x424A, 0x4249, 0x4249, 0x4249,
  0x424A, 0x424A, 0x4249, 0x4249, 0x4249, 0x4249, 0x424A, 0x424A, 0x4249, 0x4249, 0x424A, 0x4249,
  0x4249, 0x4249, 0x424A, 0x4249, 0x4249, 0x4249, 0x4249, 0x4249, 0x4249, 0x424A, 0x4249, 0x4249,
  0x424A, 0x4249, 0x424A, 0x4249, 0x4249, 0x4249, 0x4249, 0x4249, 0x4249, 0x4249, 0x4249, 0x424A,
  0x4249, 0x4249, 0x424A, 0x4249, 0x4249, 0x4249, 0x4249, 0x4249, 0x424A, 0x4249, 0x4249, 0x4249,
  0x424A, 0x4249, 0x4249, 0x4249, 0x424A, 0x424A, 0x4249, 0x4249, 0x4249, 0x4249, 0x4249, 0x4249,
  0x4249, 0x424A, 0x4249, 0x4249, 0x4249, 0x4249, 0x4249, 0x4249, 0x424A, 0x4249, 0x424A, 0x4249,
  0x4249, 0x4249, 0x4249, 0x424A, 0x4249, 0x4249, 0x4249, 0x4249, 0x4249, 0x4249, 0x424A, 0x4249,
  0x4249, 0x4249, 0x424A, 0x4249, 0x4249, 0x424A, 0x4249, 0x4249, 0x424A, 0x4249, 0x4249, 0x4249,
  0x4249, 0x4249, 0x4249, 0x4249, 0x4249, 0x4249, 0x4249, 0x4249, 0x4249, 0x4249, 0x424A, 0x4249,
  0x424A, 0x424A, 0x4249, 0x4249, 0x4249, 0x4249, 0x4249, 0x4249, 0x424A, 0x4249, 0x4249, 0x4249,
  0x4249, 0x4249, 0x4249, 0x4249, 0x4249, 0x4249, 0x424A, 0x424A, 0x4249, 0x424A, 0x4249, 0x4249,
  0x4249, 0x4249, 0x4249, 0x4249, 0x4249, 0x4249, 0x424A, 0x4249, 0x4249, 0x424A, 0x4249, 0x4249,
  0x4249, 0x4249, 0x424A, 0x4249, 0x4249, 0x4249, 0x4249, 0x424A, 0x4249, 0x4249, 0x4249, 0x4249,
  0x4249, 0x4249, 0x4249, 0x4249, 0x4249, 0x424A, 0x4249, 0x4249, 0x4249, 0x4249, 0x4249, 0x4249,
  0x4249, 0x4249, 0x4249, 0x424A, 0x4249, 0x424A, 0x4249, 0x4249, 0x4249, 0x424A, 0x4249, 0x4249,
  0x4249, 0x4249, 0x4249, 0x4249, 0x4249, 0x4249, 0x4249, 0x4249, 0x4249, 0x424A, 0x4249, 0x4249,
  0x424A, 0x4249, 0x4249, 0x4249, 0x4249, 0x4249, 0x4249, 0x424A, 0x4249, 0x424A, 0x4249, 0x424A,
  0x4249, 0x4249, 0x4249, 0x4249, 0x4249, 0x4249, 0x424A, 0x4249, 0x4249, 0x4249, 0x424A, 0x424A,
  0x4249, 0x4249, 0x4249, 0x4249, 0x4249, 0x4249, 0x4249, 0x4249, 0x4249, 0x4249, 0x424A, 0x424A,
  0x4249, 0x4249, 0x4249, 0x4249, 0x424A, 0x4249, 0x4249, 0x4249, 0x4249, 0x424A, 0x4249, 0x4249,
  0x4249, 0x4249, 0x424A, 0x4249, 0x4249, 0x424A, 0x4249, 0x4249, 0x4249, 0x4249, 0x4249, 0x4249,
  0x4249, 0x4249, 0x4249, 0x4249, 0x4249, 0x4249, 0x4249, 0x4249, 0x424A, 0x424A, 0x4249, 0x4249,
  0x4249, 0x4249, 0x4249, 0x4249, 0x424A, 0x4249, 0x4249, 0x424A, 0x4249, 0x4249, 0x4249, 0x4249,
  0x4249, 0x4249, 0x4249, 0x4249, 0x4249, 0x4249, 0x4249, 0x4249, 0x4249, 0x4249, 0x424A, 0x4249,
  0x424A, 0x4249, 0x4249, 0x4249, 0x4249, 0x4249, 0x4249, 0x4249, 0x4249, 0x4249, 0x4249, 0x4249,
  0x424A, 0x4249, 0x4249, 0x4249, 0x4249, 0x424A, 0x4249, 0x4249, 0x4249, 0x424A, 0x4249, 0x424A,
  0x4249, 0x4249, 0x4249, 0x424A, 0x4249, 0x4249, 0x4249, 0x4249, 0x4249, 0x4249, 0x4249, 0x4249,
  0x4249, 0x4249, 0x4249, 0x4249, 0x4249, 0x4249, 0x4249, 0x4249, 0x4249, 0x4249, 0x4249, 0x424A,
  0x4249, 0x424A, 0x424A, 0x424A, 0x4249, 0x4249, 0x424A, 0x4249, 0x4249, 0x4249, 0x4249, 0x424A,
  0x424A, 0x4249, 0x4249, 0x4249, 0x424A, 0x4249, 0x4249, 0x4249, 0x4249, 0x4249, 0x4249, 0x4249,
  0x4249, 0x4249, 0x424A, 0x4249, 0x4249, 0x4249, 0x424A, 0x4249, 0x4249, 0x4249, 0x424A, 0x4249,
  0x4249, 0x4249, 0x4249, 0x4249, 0x424A, 0x4249, 0x424A, 0x4249, 0x4249, 0x4249, 0x4249, 0x4249,
  0x424A, 0x424A, 0x4249, 0x4249, 0x4249, 0x4249, 0x4249, 0x4249, 0x424A, 0x4249, 0x424A, 0x4249,
  0x4249, 0x4249, 0x424A, 0x4249, 0x4249, 0x4249, 0x4249, 0x4249, 0x4249, 0x4249, 0x4249, 0x424A,
  0x4249, 0x4249, 0x4249, 0x4249, 0x424A, 0x4249, 0x4249, 0x4249, 0x4249, 0x4249, 0x424A, 0x4249,
  0x4249, 0x4249, 0x4249, 0x4249, 0x424A, 0x4249, 0x4249, 0x4249, 0x4249, 0x4249, 0x4249, 0x4249,
  0x4249, 0x4249, 0x4249, 0x4249, 0x424A, 0x4249, 0x4249, 0x4249, 0x424A, 0x4249, 0x424A, 0x424A,
  0x424A, 0x4249, 0x4249, 0x4249, 0x4249, 0x4249, 0x4249, 0x4249, 0x4249, 0x424A, 0x424A, 0x4249,
  0x424A, 0x424A, 0x4249, 0x4249, 0x4249, 0x424A, 0x4249, 0x4249, 0x424A, 0x4249, 0x4249, 0x4249,
  0x424A, 0x4249, 0x4249, 0x4249, 0x4249, 0x4249, 0x4249, 0x4249, 0x4249, 0x4249, 0x424A, 0x4249,
  0x4249, 0x424A, 0x4249, 0x424A, 0x4249, 0x424A, 0x4249, 0x4249, 0x424A, 0x4249, 0x4249, 0x4249,
  0x4249, 0x4249, 0x424A, 0x4249, 0x424A, 0x4249, 0x4249, 0x4249, 0x4249, 0x424A, 0x4249, 0x4249,
  0x4249, 0x424A, 0x4249, 0x424A, 0x4249, 0x4249, 0x4249, 0x4249, 0x4249, 0x4249, 0x4249, 0x4249,
  0x424A, 0x424A, 0x4249, 0x4249, 0x4249, 0x4249, 0x4249, 0x4249, 0x424A, 0x4249, 0x4249, 0x424A,
  0x4249, 0x4249, 0x4249, 0x4249, 0x4249, 0x4249, 0x4249, 0x4249, 0x4249, 0x4249, 0x4249, 0x4249,
  0x4249, 0x4249, 0x424A, 0x4249, 0x424A, 0x4249, 0x4249, 0x4249, 0x4249, 0x4249, 0x4249, 0x4249,
  0x4249, 0x4249, 0x4249, 0x4249, 0x424A, 0x4249, 0x4249, 0x4249, 0x4249, 0x424A, 0x4249, 0x4249,
  0x4249, 0x424A, 0x4249, 0x424A, 0x4249, 0x4249, 0x4249, 0x424A, 0x4249, 0x4249, 0x4249, 0x4249,
  0x424A, 0x4249, 0x424A, 0x4249, 0x4249, 0x4249, 0x4249, 0x424A, 0x4249, 0x4249, 0x4249, 0x4249,
  0x4249, 0x4249, 0x424A, 0x4249, 0x4249, 0x424A, 0x424A, 0x4249, 0x4249, 0x4249, 0x424A, 0x4249,
  0x4249, 0x424A, 0x4249, 0x424A, 0x4249, 0x4249, 0x4249, 0x4249, 0x4249, 0x4249, 0x424A, 0x4249,
  0x4249, 0x424A, 0x4249, 0x4249, 0x4249, 0x424A, 0x4249, 0x4249, 0x424A, 0x4249, 0x4249, 0x4249,
  0x4249, 0x4249, 0x4249, 0x4249, 0x4249, 0x4249, 0x4249, 0x4249, 0x424A, 0x4249, 0x424A, 0x4249,
  0x4249, 0x4249, 0x424A, 0x4249, 0x4249, 0x424A, 0x4249, 0x4249, 0x424A, 0x4249, 0x4249, 0x4249,
  0x424A, 0x4249, 0x424A, 0x4249, 0x424A, 0x4249, 0x4249, 0x4249, 0x4249, 0x4249, 0x4249, 0x4249,
  0x4249, 0x4249, 0x4249, 0x4249, 0x4249, 0x4249, 0x4249, 0x4249, 0x4249, 0x4249, 0x4249, 0x424A,
  0x4249, 0x4249, 0x424A, 0x4249, 0x4249, 0x424A, 0x4249, 0x424A, 0x4249, 0x4249, 0x4249, 0x4249,
  0x4249, 0x4249, 0x4249, 0x424A, 0x4249, 0x4249, 0x4249, 0x4249, 0x4249, 0x4249, 0x424A, 0x4249,
  0x424A, 0x4249, 0x4249, 0x4249, 0x4249, 0x4249, 0x4249, 0x4249, 0x424A, 0x4249, 0x4249, 0x4249,
  0x4249, 0x4249, 0x424A, 0x4249, 0x4249, 0x424A, 0x4249, 0x4249, 0x4249, 0x4249, 0x424A, 0x4249,
  0x424A, 0x4249, 0x424A, 0x424A, 0x4249, 0x4249, 0x424A, 0x4249, 0x4249, 0x4249, 0x4249, 0x4249,
  0x4249, 0x424A, 0x424A, 0x424A, 0x4249, 0x4249, 0x424A, 0x4249, 0x4249, 0x424A, 0x424A, 0x4249,
  0x4249, 0x424A, 0x4249, 0x4249, 0x4249, 0x4249, 0x4249, 0x424A, 0x424A, 0x4249, 0x424A, 0x4249,
  0x4249, 0x4249, 0x424A, 0x424A, 0x4249, 0x4249, 0x4249, 0x4249, 0x4249, 0x4249, 0x4249, 0x4249,
  0x4249, 0x4249, 0x424A, 0x4249, 0x4249, 0x4249, 0x4249, 0x4249, 0x4249, 0x4249, 0x4249, 0x4249,
  0x4249, 0x4249, 0x4249, 0x4249, 0x4249, 0x4249, 0x424A, 0x4249, 0x4249, 0x4249, 0x4249, 0x4249,
  0x424A, 0x4249, 0x4249, 0x424A, 0x4249, 0x424A, 0x4249, 0x4249, 0x4249, 0x4249, 0x4249, 0x4249,
  0x4249, 0x4249, 0x4249, 0x4249, 0x4249, 0x424A, 0x4249, 0x4249, 0x4249, 0x4249, 0x4249, 0x4249,
  0x4249, 0x4249, 0x4249, 0x4249, 0x424A, 0x4249, 0x424A, 0x4249, 0x424A, 0x4249, 0x424A, 0x4249,
  0x4249, 0x4249, 0x4249, 0x4249, 0x424A, 0x4249, 0x424A, 0x4249, 0x4249, 0x4249, 0x4249, 0x424A,
  0x4249, 0x4249, 0x4249, 0x4249, 0x4249, 0x4249, 0x424A, 0x4249, 0x4249, 0x424A, 0x424A, 0x4249,
  0x4249, 0x4249, 0x424A, 0x4249, 0x4249, 0x424A, 0x4249, 0x424A, 0x4249, 0x4249, 0x4249, 0x4249,
  0x4249, 0x4249, 0x424A, 0x4249, 0x4249, 0x424A, 0x4249, 0x4249, 0x4249, 0x424A, 0x4249, 0x4249,
  0x424A, 0x4249, 0x4249, 0x4249, 0x4249, 0x4249, 0x4249, 0x4249, 0x4249, 0x4249, 0x4249, 0x4249,
  0x424A, 0x4249, 0x424A, 0x4249, 0x4249, 0x4249, 0x424A, 0x424A, 0x4249, 0x4249, 0x4249, 0x4249,
  0x4249, 0x4249, 0x4249, 0x4249, 0x4249, 0x424A, 0x4249, 0x424A, 0x4249, 0x4249, 0x424A, 0x4249,
  0x4249, 0x4249, 0x4249, 0x4249, 0x4249, 0x4249, 0x4249, 0x4249, 0x424A, 0x4249, 0x4249, 0x4249,
  0x424A, 0x4249, 0x4249, 0x4249, 0x4249, 0x4249, 0x4249, 0x4249, 0x4249, 0x4249, 0x424A, 0x4249,
  0x4249, 0x4249, 0x4249, 0x4249, 0x4249, 0x424A, 0x4249, 0x4249, 0x424A, 0x4249, 0x424A, 0x4249,
  0x4249, 0x4249, 0x4249, 0x4249, 0x4249, 0x4249, 0x4249, 0x4249, 0x4249, 0x424A, 0x4249, 0x4249,
  0x4249, 0x424A, 0x4249, 0x4249, 0x424A, 0x4249, 0x4249, 0x424A, 0x4249, 0x4249, 0x4249, 0x4249,
  0x4249, 0x4249, 0x4249, 0x4249, 0x4249, 0x4249, 0x4249, 0x4249, 0x4249, 0x4249, 0x424A, 0x424A,
  0x4249, 0x4249, 0x424A, 0x4249, 0x4249, 0x4249, 0x4249, 0x4249, 0x4249, 0x4249, 0x424A, 0x4249,
  0x424A, 0x4249, 0x4249, 0x4249, 0x4249, 0x424A, 0x4249, 0x424A, 0x424A, 0x4249, 0x4249, 0x4249,
  0x4249, 0x424A, 0x424A, 0x4249, 0x4249, 0x4249, 0x4249, 0x4249, 0x4249, 0x4249, 0x4249, 0x424A,
  0x424A, 0x4249, 0x4249, 0x4249, 0x4249, 0x4249, 0x4249, 0x4249, 0x424A, 0x4249, 0x4249, 0x4249,
  0x4249, 0x4249, 0x4249, 0x4249, 0x424A, 0x4249, 0x4249, 0x4249, 0x4249, 0x4249, 0x4249, 0x4249,
  0x4249, 0x424A, 0x4249, 0x4249, 0x4249, 0x424A, 0x424A, 0x4249, 0x4249, 0x4249, 0x4249, 0x4249,
  0x424A, 0x4249, 0x4249, 0x4249, 0x424A, 0x4249, 0x4249, 0x4249, 0x424A, 0x4249, 0x4249, 0x4249,
  0x424A, 0x4249, 0x424A, 0x4249, 0x4249, 0x4249, 0x4249, 0x4249, 0x4249, 0x4249, 0x4249, 0x4249,
  0x4249, 0x4249, 0x4249, 0x4249, 0x4249, 0x424A, 0x4249, 0x4249, 0x424A, 0x4249, 0x4249, 0x424A,
  0x4249, 0x4249, 0x4249, 0x4249, 0x4249, 0x4249, 0x4249, 0x424A, 0x424A, 0x424A, 0x4249, 0x424A,
  0x4249, 0x4249, 0x4249, 0x4249, 0x424A, 0x4249, 0x4249, 0x4249, 0x424A, 0x4249, 0x4249, 0x4249,
  0x4249, 0x4249, 0x4249, 0x4249, 0x4249, 0x424A, 0x4249, 0x4249, 0x4249, 0x424A, 0x424A, 0x4249,
  0x4249, 0x4249, 0x4249, 0x424A, 0x424A, 0x424A, 0x4249, 0x4249, 0x4249, 0x4249, 0x424A, 0x4249,
  0x4249, 0x4249, 0x4249, 0x4249, 0x4249, 0x4249, 0x4249, 0x4249, 0x4249, 0x4249, 0x424A, 0x424A,
  0x4249, 0x4249, 0x4249, 0x4249, 0x4249, 0x4249, 0x4249, 0x4249, 0x4249, 0x424A, 0x4249, 0x424A,
  0x4249, 0x4249, 0x424A, 0x4249, 0x4249, 0x4249, 0x4249, 0x4249, 0x4249, 0x4249, 0x4249, 0x4249,
  0x424A, 0x4249, 0x4249, 0x4249, 0x424A, 0x4249, 0x4249, 0x4249, 0x4249, 0x4249, 0x4249, 0x4249,
  0x4249, 0x4249, 0x424A, 0x4249, 0x4249, 0x4249, 0x4249, 0x4249, 0x4249, 0x424A, 0x4249, 0x4249,
  0x424A, 0x4249, 0x424A, 0x4249, 0x4249, 0x4249, 0x4249, 0x4249, 0x4249, 0x4249, 0x4249, 0x4249
};
